  0
SECTION
  2
HEADER
  9
$ANGBASE
  50
0.0
  9
$ANGDIR
  70
1
  9
$MEASUREMENT
  70
0
  0
ENDSEC
  0
SECTION
  2
TABLES
  0
TABLE
  2
LTYPE
  70
4
  0
LTYPE
  5
40F
  2
CONTINUOUS
  70
0
  3
Solid line
  72
65
  73
0
  40
0.0
  0
LTYPE
  5
410
  2
DASHDOT
 70
0
  3
Dash Dot ____ _ ____ _
 72
65
 73
4
 40
2.0
 49
1.25
 49
-0.25
 49
0.25
 49
-0.25
  0
LTYPE
  5
411
  2
DASHED
 70
0
  3
Dashed __ __ __ __ __
 72
65
 73
2
 40
0.75
 49
0.5
 49
-0.25
  0
LTYPE
  5
43B
  2
DOTTED
 70
0
  3
Dotted .  .  .  .
 72
65
 73
2
 40
0.2
 49
0.0
 49
-0.2
  0
ENDTAB
  0
TABLE
  2
STYLE
  70
4
  0
STYLE
  2
KICAD
  70
0
  40
0
  41
1
  42
1
  50
0
  71
0
  3
isocp.shx
  0
STYLE
  2
KICADB
  70
0
  40
0
  41
1
  42
1
  50
0
  71
0
  3
isocp.shx
  0
STYLE
  2
KICADI
  70
0
  40
0
  41
1
  42
1
  50
15
  71
0
  3
isocp.shx
  0
STYLE
  2
KICADBI
  70
0
  40
0
  41
1
  42
1
  50
15
  71
0
  3
isocp.shx
  0
ENDTAB
  0
TABLE
  2
LAYER
  70
1
  0
LAYER
  2
BLACK
  70
0
  62
7
  6
CONTINUOUS
  0
ENDTAB
  0
ENDSEC
  0
SECTION
  2
ENTITIES
0
LINE
8
BLACK
6
CONTINUOUS
10
-4.6842361023622043
20
5.7004166141732284
11
-4.6823202362204723
21
5.699136456692913
0
LINE
8
BLACK
6
CONTINUOUS
10
-4.6823202362204723
20
5.699136456692913
11
-4.6810400787401578
21
5.697220590551181
0
LINE
8
BLACK
6
CONTINUOUS
10
-4.6810400787401578
20
5.697220590551181
11
-4.6805905511811021
21
5.6949606299212601
0
LINE
8
BLACK
6
CONTINUOUS
10
-4.6805905511811021
20
5.6949606299212601
11
-4.6805905511811021
21
5.6546062992125981
0
LINE
8
BLACK
6
CONTINUOUS
10
-4.6805905511811021
20
5.6546062992125981
11
-4.6810400787401578
21
5.6523463385826771
0
LINE
8
BLACK
6
CONTINUOUS
10
-4.6810400787401578
20
5.6523463385826771
11
-4.6823202362204723
21
5.6504304724409451
0
LINE
8
BLACK
6
CONTINUOUS
10
-4.6823202362204723
20
5.6504304724409451
11
-4.6842361023622043
21
5.6491503149606297
0
LINE
8
BLACK
6
CONTINUOUS
10
-4.6842361023622043
20
5.6491503149606297
11
-4.6864960629921262
21
5.6487007874015749
0
LINE
8
BLACK
6
CONTINUOUS
10
-4.6864960629921262
20
5.6487007874015749
11
-4.6983070866141734
21
5.6487007874015749
0
LINE
8
BLACK
6
CONTINUOUS
10
-4.6983070866141734
20
5.6487007874015749
11
-4.7005670472440944
21
5.6491503149606297
0
LINE
8
BLACK
6
CONTINUOUS
10
-4.7005670472440944
20
5.6491503149606297
11
-4.7024829133858264
21
5.6504304724409451
0
LINE
8
BLACK
6
CONTINUOUS
10
-4.7024829133858264
20
5.6504304724409451
11
-4.7037630708661418
21
5.6523463385826771
0
LINE
8
BLACK
6
CONTINUOUS
10
-4.7037630708661418
20
5.6523463385826771
11
-4.7042125984251966
21
5.6546062992125981
0
LINE
8
BLACK
6
CONTINUOUS
10
-4.7042125984251966
20
5.6546062992125981
11
-4.7042125984251966
21
5.6949606299212601
0
LINE
8
BLACK
6
CONTINUOUS
10
-4.7042125984251966
20
5.6949606299212601
11
-4.7037630708661418
21
5.697220590551181
0
LINE
8
BLACK
6
CONTINUOUS
10
-4.7037630708661418
20
5.697220590551181
11
-4.7024829133858264
21
5.699136456692913
0
LINE
8
BLACK
6
CONTINUOUS
10
-4.7024829133858264
20
5.699136456692913
11
-4.7005670472440944
21
5.7004166141732284
0
LINE
8
BLACK
6
CONTINUOUS
10
-4.7005670472440944
20
5.7004166141732284
11
-4.6983070866141734
21
5.7008661417322832
0
LINE
8
BLACK
6
CONTINUOUS
10
-4.6983070866141734
20
5.7008661417322832
11
-4.6864960629921262
21
5.7008661417322832
0
LINE
8
BLACK
6
CONTINUOUS
10
-4.6864960629921262
20
5.7008661417322832
11
-4.6842361023622043
21
5.7004166141732284
0
LINE
8
BLACK
6
CONTINUOUS
10
-4.1851335826771656
20
5.8149772834645672
11
-4.1807435433070861
21
5.8127404330708661
0
LINE
8
BLACK
6
CONTINUOUS
10
-4.1807435433070861
20
5.8127404330708661
11
-4.1772595669291341
21
5.8092564566929132
0
LINE
8
BLACK
6
CONTINUOUS
10
-4.1772595669291341
20
5.8092564566929132
11
-4.175022716535433
21
5.8048664173228346
0
LINE
8
BLACK
6
CONTINUOUS
10
-4.175022716535433
20
5.8048664173228346
11
-4.1742519685039365
21
5.7999999999999998
0
LINE
8
BLACK
6
CONTINUOUS
10
-4.1742519685039365
20
5.7999999999999998
11
-4.175022716535433
21
5.7951335826771651
0
LINE
8
BLACK
6
CONTINUOUS
10
-4.175022716535433
20
5.7951335826771651
11
-4.1772595669291341
21
5.7907435433070864
0
LINE
8
BLACK
6
CONTINUOUS
10
-4.1772595669291341
20
5.7907435433070864
11
-4.1807435433070861
21
5.7872595669291336
0
LINE
8
BLACK
6
CONTINUOUS
10
-4.1807435433070861
20
5.7872595669291336
11
-4.1822222047244093
21
5.7865061417322829
0
LINE
8
BLACK
6
CONTINUOUS
10
-4.1822222047244093
20
5.7865061417322829
11
-4.1821649606299216
21
5.7709055118110237
0
LINE
8
BLACK
6
CONTINUOUS
10
-4.1821649606299216
20
5.7709055118110237
11
-4.1612598425196845
21
5.7709055118110237
0
LINE
8
BLACK
6
CONTINUOUS
10
-4.1612598425196845
20
5.7709055118110237
11
-4.1589998818897636
21
5.770455984251968
0
LINE
8
BLACK
6
CONTINUOUS
10
-4.1589998818897636
20
5.770455984251968
11
-4.1570840157480315
21
5.7691758267716535
0
LINE
8
BLACK
6
CONTINUOUS
10
-4.1570840157480315
20
5.7691758267716535
11
-4.1558038582677161
21
5.7672599606299215
0
LINE
8
BLACK
6
CONTINUOUS
10
-4.1558038582677161
20
5.7672599606299215
11
-4.1553543307086613
21
5.7649999999999997
0
LINE
8
BLACK
6
CONTINUOUS
10
-4.1553543307086613
20
5.7649999999999997
11
-4.1553543307086613
21
5.7531889763779525
0
LINE
8
BLACK
6
CONTINUOUS
10
-4.1553543307086613
20
5.7531889763779525
11
-4.1558038582677161
21
5.7509290157480315
0
LINE
8
BLACK
6
CONTINUOUS
10
-4.1558038582677161
20
5.7509290157480315
11
-4.1570840157480315
21
5.7490131496062995
0
LINE
8
BLACK
6
CONTINUOUS
10
-4.1570840157480315
20
5.7490131496062995
11
-4.1589998818897636
21
5.7477329921259841
0
LINE
8
BLACK
6
CONTINUOUS
10
-4.1589998818897636
20
5.7477329921259841
11
-4.1612598425196845
21
5.7472834645669293
0
LINE
8
BLACK
6
CONTINUOUS
10
-4.1612598425196845
20
5.7472834645669293
11
-4.2163779527559058
21
5.7472834645669293
0
LINE
8
BLACK
6
CONTINUOUS
10
-4.2163779527559058
20
5.7472834645669293
11
-4.2186379133858267
21
5.7477329921259841
0
LINE
8
BLACK
6
CONTINUOUS
10
-4.2186379133858267
20
5.7477329921259841
11
-4.2205537795275587
21
5.7490131496062995
0
LINE
8
BLACK
6
CONTINUOUS
10
-4.2205537795275587
20
5.7490131496062995
11
-4.2218339370078741
21
5.7509290157480315
0
LINE
8
BLACK
6
CONTINUOUS
10
-4.2218339370078741
20
5.7509290157480315
11
-4.2222834645669289
21
5.7531889763779525
0
LINE
8
BLACK
6
CONTINUOUS
10
-4.2222834645669289
20
5.7531889763779525
11
-4.2222834645669289
21
5.7649999999999997
0
LINE
8
BLACK
6
CONTINUOUS
10
-4.2222834645669289
20
5.7649999999999997
11
-4.2218339370078741
21
5.7672599606299215
0
LINE
8
BLACK
6
CONTINUOUS
10
-4.2218339370078741
20
5.7672599606299215
11
-4.2205537795275587
21
5.7691758267716535
0
LINE
8
BLACK
6
CONTINUOUS
10
-4.2205537795275587
20
5.7691758267716535
11
-4.2186379133858267
21
5.770455984251968
0
LINE
8
BLACK
6
CONTINUOUS
10
-4.2186379133858267
20
5.770455984251968
11
-4.2163779527559058
21
5.7709055118110237
0
LINE
8
BLACK
6
CONTINUOUS
10
-4.2163779527559058
20
5.7709055118110237
11
-4.1977673228346459
21
5.7709055118110237
0
LINE
8
BLACK
6
CONTINUOUS
10
-4.1977673228346459
20
5.7709055118110237
11
-4.1978246456692911
21
5.78653
0
LINE
8
BLACK
6
CONTINUOUS
10
-4.1978246456692911
20
5.78653
11
-4.1992564566929129
21
5.7872595669291336
0
LINE
8
BLACK
6
CONTINUOUS
10
-4.1992564566929129
20
5.7872595669291336
11
-4.2027404330708658
21
5.7907435433070864
0
LINE
8
BLACK
6
CONTINUOUS
10
-4.2027404330708658
20
5.7907435433070864
11
-4.2049772834645669
21
5.7951335826771651
0
LINE
8
BLACK
6
CONTINUOUS
10
-4.2049772834645669
20
5.7951335826771651
11
-4.2057480314960625
21
5.7999999999999998
0
LINE
8
BLACK
6
CONTINUOUS
10
-4.2057480314960625
20
5.7999999999999998
11
-4.2049772834645669
21
5.8048664173228346
0
LINE
8
BLACK
6
CONTINUOUS
10
-4.2049772834645669
20
5.8048664173228346
11
-4.2027404330708658
21
5.8092564566929132
0
LINE
8
BLACK
6
CONTINUOUS
10
-4.2027404330708658
20
5.8092564566929132
11
-4.1992564566929129
21
5.8127404330708661
0
LINE
8
BLACK
6
CONTINUOUS
10
-4.1992564566929129
20
5.8127404330708661
11
-4.1948664173228343
21
5.8149772834645672
0
LINE
8
BLACK
6
CONTINUOUS
10
-4.1948664173228343
20
5.8149772834645672
11
-4.1899999999999995
21
5.8157480314960628
0
LINE
8
BLACK
6
CONTINUOUS
10
-4.1899999999999995
20
5.8157480314960628
11
-4.1851335826771656
21
5.8149772834645672
0
LINE
8
BLACK
6
CONTINUOUS
10
-4.704013582677165
20
5.9599931496062988
11
-4.7031602755905508
21
5.957933070866142
0
LINE
8
BLACK
6
CONTINUOUS
10
-4.7031602755905508
20
5.957933070866142
11
-4.704013582677165
21
5.9558729921259843
0
LINE
8
BLACK
6
CONTINUOUS
10
-4.704013582677165
20
5.9558729921259843
11
-4.7044550787401578
21
5.9555106692913382
0
LINE
8
BLACK
6
CONTINUOUS
10
-4.7044550787401578
20
5.9555106692913382
11
-4.7069405118110232
21
5.9538499606299213
0
LINE
8
BLACK
6
CONTINUOUS
10
-4.7069405118110232
20
5.9538499606299213
11
-4.7085985826771655
21
5.9521918897637791
0
LINE
8
BLACK
6
CONTINUOUS
10
-4.7085985826771655
20
5.9521918897637791
11
-4.7106586614173231
21
5.951338582677165
0
LINE
8
BLACK
6
CONTINUOUS
10
-4.7106586614173231
20
5.951338582677165
11
-4.7162204724409449
21
5.951338582677165
0
LINE
8
BLACK
6
CONTINUOUS
10
-4.7162204724409449
20
5.951338582677165
11
-4.7162204724409449
21
5.9413985039370081
0
LINE
8
BLACK
6
CONTINUOUS
10
-4.7162204724409449
20
5.9413985039370081
11
-4.7164422440944884
21
5.9402836614173227
0
LINE
8
BLACK
6
CONTINUOUS
10
-4.7164422440944884
20
5.9402836614173227
11
-4.717155
21
5.9385628740157479
0
LINE
8
BLACK
6
CONTINUOUS
10
-4.717155
20
5.9385628740157479
11
-4.7171550787401575
21
5.9385626377952754
0
LINE
8
BLACK
6
CONTINUOUS
10
-4.7171550787401575
20
5.9385626377952754
11
-4.7179661023622046
21
5.9344852362204721
0
LINE
8
BLACK
6
CONTINUOUS
10
-4.7179661023622046
20
5.9344852362204721
11
-4.7181155118110238
21
5.9337339763779529
0
LINE
8
BLACK
6
CONTINUOUS
10
-4.7181155118110238
20
5.9337339763779529
11
-4.7183661417322833
21
5.9324740157480313
0
LINE
8
BLACK
6
CONTINUOUS
10
-4.7183661417322833
20
5.9324740157480313
11
-4.7183661417322833
21
5.9313385433070867
0
LINE
8
BLACK
6
CONTINUOUS
10
-4.7183661417322833
20
5.9313385433070867
11
-4.7081758661417323
21
5.9313385826771654
0
LINE
8
BLACK
6
CONTINUOUS
10
-4.7081758661417323
20
5.9313385826771654
11
-4.705664803149606
21
5.9308390944881886
0
LINE
8
BLACK
6
CONTINUOUS
10
-4.705664803149606
20
5.9308390944881886
11
-4.7035360629921259
21
5.929416692913386
0
LINE
8
BLACK
6
CONTINUOUS
10
-4.7035360629921259
20
5.929416692913386
11
-4.7021136614173225
21
5.927287952755905
0
LINE
8
BLACK
6
CONTINUOUS
10
-4.7021136614173225
20
5.927287952755905
11
-4.7016142125984253
21
5.9247768503937008
0
LINE
8
BLACK
6
CONTINUOUS
10
-4.7016142125984253
20
5.9247768503937008
11
-4.7016141732283465
21
5.8788451574803151
0
LINE
8
BLACK
6
CONTINUOUS
10
-4.7016141732283465
20
5.8788451574803151
11
-4.7021136614173225
21
5.8763340944881888
0
LINE
8
BLACK
6
CONTINUOUS
10
-4.7021136614173225
20
5.8763340944881888
11
-4.7035360629921259
21
5.8742053543307087
0
LINE
8
BLACK
6
CONTINUOUS
10
-4.7035360629921259
20
5.8742053543307087
11
-4.705664803149606
21
5.8727829527559052
0
LINE
8
BLACK
6
CONTINUOUS
10
-4.705664803149606
20
5.8727829527559052
11
-4.7081759055118111
21
5.872283503937008
0
LINE
8
BLACK
6
CONTINUOUS
10
-4.7081759055118111
20
5.872283503937008
11
-4.7183661417322833
21
5.8722834645669293
0
LINE
8
BLACK
6
CONTINUOUS
10
-4.7183661417322833
20
5.8722834645669293
11
-4.7183661417322833
21
5.8711479921259837
0
LINE
8
BLACK
6
CONTINUOUS
10
-4.7183661417322833
20
5.8711479921259837
11
-4.7171550787401575
21
5.8650593700787397
0
LINE
8
BLACK
6
CONTINUOUS
10
-4.7171550787401575
20
5.8650593700787397
11
-4.7171549606299212
21
5.865058976377953
0
LINE
8
BLACK
6
CONTINUOUS
10
-4.7171549606299212
20
5.865058976377953
11
-4.7164422440944884
21
5.8633383858267711
0
LINE
8
BLACK
6
CONTINUOUS
10
-4.7164422440944884
20
5.8633383858267711
11
-4.7162204724409449
21
5.8622235039370079
0
LINE
8
BLACK
6
CONTINUOUS
10
-4.7162204724409449
20
5.8622235039370079
11
-4.7162204724409449
21
5.8522834251968501
0
LINE
8
BLACK
6
CONTINUOUS
10
-4.7162204724409449
20
5.8522834251968501
11
-4.7155338188976375
21
5.8515967716535435
0
LINE
8
BLACK
6
CONTINUOUS
10
-4.7155338188976375
20
5.8515967716535435
11
-4.7146805511811021
21
5.8495366929133858
0
LINE
8
BLACK
6
CONTINUOUS
10
-4.7146805511811021
20
5.8495366929133858
11
-4.715533897637795
21
5.8474766141732282
0
LINE
8
BLACK
6
CONTINUOUS
10
-4.715533897637795
20
5.8474766141732282
11
-4.7172825984251965
21
5.8466400393700786
0
LINE
8
BLACK
6
CONTINUOUS
10
-4.7172825984251965
20
5.8466400393700786
11
-4.7180745275590548
21
5.846554921259842
0
LINE
8
BLACK
6
CONTINUOUS
10
-4.7180745275590548
20
5.846554921259842
11
-4.7180747637795273
21
5.8465548425196845
0
LINE
8
BLACK
6
CONTINUOUS
10
-4.7180747637795273
20
5.8465548425196845
11
-4.7234630314960633
21
5.8445451574803151
0
LINE
8
BLACK
6
CONTINUOUS
10
-4.7234630314960633
20
5.8445451574803151
11
-4.723463070866142
21
5.8445451181102364
0
LINE
8
BLACK
6
CONTINUOUS
10
-4.723463070866142
20
5.8445451181102364
11
-4.728067086614173
21
5.8410985433070861
0
LINE
8
BLACK
6
CONTINUOUS
10
-4.728067086614173
20
5.8410985433070861
11
-4.7298423228346458
21
5.8387271653543307
0
LINE
8
BLACK
6
CONTINUOUS
10
-4.7298423228346458
20
5.8387271653543307
11
-4.7292519685039371
21
5.835
0
LINE
8
BLACK
6
CONTINUOUS
10
-4.7292519685039371
20
5.835
11
-4.7300227165354327
21
5.8301335826771652
0
LINE
8
BLACK
6
CONTINUOUS
10
-4.7300227165354327
20
5.8301335826771652
11
-4.7322595669291339
21
5.8257435433070865
0
LINE
8
BLACK
6
CONTINUOUS
10
-4.7322595669291339
20
5.8257435433070865
11
-4.7330031102362202
21
5.8250000000000002
0
LINE
8
BLACK
6
CONTINUOUS
10
-4.7330031102362202
20
5.8250000000000002
11
-4.7137795275590548
21
5.8250000000000002
0
LINE
8
BLACK
6
CONTINUOUS
10
-4.7137795275590548
20
5.8250000000000002
11
-4.7137795275590548
21
5.8268110236220467
0
LINE
8
BLACK
6
CONTINUOUS
10
-4.7137795275590548
20
5.8268110236220467
11
-4.6862204724409446
21
5.8268110236220467
0
LINE
8
BLACK
6
CONTINUOUS
10
-4.6862204724409446
20
5.8268110236220467
11
-4.6862204724409446
21
5.8250000000000002
0
LINE
8
BLACK
6
CONTINUOUS
10
-4.6862204724409446
20
5.8250000000000002
11
-4.6651305118110233
21
5.8250000000000002
0
LINE
8
BLACK
6
CONTINUOUS
10
-4.6651305118110233
20
5.8250000000000002
11
-4.6649311023622042
21
5.8250825984251966
0
LINE
8
BLACK
6
CONTINUOUS
10
-4.6649311023622042
20
5.8250825984251966
11
-4.6644940551181104
21
5.8249015748031496
0
LINE
8
BLACK
6
CONTINUOUS
10
-4.6644940551181104
20
5.8249015748031496
11
-4.6435119685039368
21
5.8249015748031496
0
LINE
8
BLACK
6
CONTINUOUS
10
-4.6435119685039368
20
5.8249015748031496
11
-4.6427940944881891
21
5.8285106692913384
0
LINE
8
BLACK
6
CONTINUOUS
10
-4.6427940944881891
20
5.8285106692913384
11
-4.6406605118110233
21
5.8317038188976378
0
LINE
8
BLACK
6
CONTINUOUS
10
-4.6406605118110233
20
5.8317038188976378
11
-4.637467362204724
21
5.8338374015748027
0
LINE
8
BLACK
6
CONTINUOUS
10
-4.637467362204724
20
5.8338374015748027
11
-4.6337007874015743
21
5.8345866141732285
0
LINE
8
BLACK
6
CONTINUOUS
10
-4.6337007874015743
20
5.8345866141732285
11
-4.6064111023622045
21
5.8345866141732285
0
LINE
8
BLACK
6
CONTINUOUS
10
-4.6064111023622045
20
5.8345866141732285
11
-4.5877441732283462
21
5.8533474409448818
0
LINE
8
BLACK
6
CONTINUOUS
10
-4.5877441732283462
20
5.8533474409448818
11
-4.5902234645669289
21
5.8541690157480311
0
LINE
8
BLACK
6
CONTINUOUS
10
-4.5902234645669289
20
5.8541690157480311
11
-4.5939732283464565
21
5.8545520866141727
0
LINE
8
BLACK
6
CONTINUOUS
10
-4.5939732283464565
20
5.8545520866141727
11
-4.5959359448818899
21
5.8556103543307083
0
LINE
8
BLACK
6
CONTINUOUS
10
-4.5959359448818899
20
5.8556103543307083
11
-4.5965754724409447
21
5.8577464566929134
0
LINE
8
BLACK
6
CONTINUOUS
10
-4.5965754724409447
20
5.8577464566929134
11
-4.5960996850393698
21
5.8590688188976374
0
LINE
8
BLACK
6
CONTINUOUS
10
-4.5960996850393698
20
5.8590688188976374
11
-4.59592937007874
21
5.8593236614173225
0
LINE
8
BLACK
6
CONTINUOUS
10
-4.59592937007874
20
5.8593236614173225
11
-4.5945759055118112
21
5.8625912598425192
0
LINE
8
BLACK
6
CONTINUOUS
10
-4.5945759055118112
20
5.8625912598425192
11
-4.5929992125984249
21
5.8641679921259842
0
LINE
8
BLACK
6
CONTINUOUS
10
-4.5929992125984249
20
5.8641679921259842
11
-4.5918842913385829
21
5.8643897637795277
0
LINE
8
BLACK
6
CONTINUOUS
10
-4.5918842913385829
20
5.8643897637795277
11
-4.5650714960629921
21
5.8643897637795277
0
LINE
8
BLACK
6
CONTINUOUS
10
-4.5650714960629921
20
5.8643897637795277
11
-4.5622618503937007
21
5.8647991338582672
0
LINE
8
BLACK
6
CONTINUOUS
10
-4.5622618503937007
20
5.8647991338582672
11
-4.5579277952755906
21
5.8669179527559052
0
LINE
8
BLACK
6
CONTINUOUS
10
-4.5579277952755906
20
5.8669179527559052
11
-4.5545164173228345
21
5.8703293307086613
0
LINE
8
BLACK
6
CONTINUOUS
10
-4.5545164173228345
20
5.8703293307086613
11
-4.5534070866141727
21
5.8725984645669289
0
LINE
8
BLACK
6
CONTINUOUS
10
-4.5534070866141727
20
5.8725984645669289
11
-4.5517357086614174
21
5.8740744488188978
0
LINE
8
BLACK
6
CONTINUOUS
10
-4.5517357086614174
20
5.8740744488188978
11
-4.5507897244094488
21
5.8742322834645666
0
LINE
8
BLACK
6
CONTINUOUS
10
-4.5507897244094488
20
5.8742322834645666
11
-4.5463146850393699
21
5.8742322834645666
0
LINE
8
BLACK
6
CONTINUOUS
10
-4.5463146850393699
20
5.8742322834645666
11
-4.5442546062992122
21
5.8733789763779525
0
LINE
8
BLACK
6
CONTINUOUS
10
-4.5442546062992122
20
5.8733789763779525
11
-4.5437188582677166
21
5.8726415748031497
0
LINE
8
BLACK
6
CONTINUOUS
10
-4.5437188582677166
20
5.8726415748031497
11
-4.5422657086614171
21
5.8697896062992125
0
LINE
8
BLACK
6
CONTINUOUS
10
-4.5422657086614171
20
5.8697896062992125
11
-4.5387340157480311
21
5.8662579133858266
0
LINE
8
BLACK
6
CONTINUOUS
10
-4.5387340157480311
20
5.8662579133858266
11
-4.5342835433070867
21
5.8639902755905506
0
LINE
8
BLACK
6
CONTINUOUS
10
-4.5342835433070867
20
5.8639902755905506
11
-4.5305913385826768
21
5.8634055118110231
0
LINE
8
BLACK
6
CONTINUOUS
10
-4.5305913385826768
20
5.8634055118110231
11
-4.5305912992125981
21
5.8634055118110231
0
LINE
8
BLACK
6
CONTINUOUS
10
-4.5305912992125981
20
5.8634055118110231
11
-4.5123614173228344
21
5.8634055118110231
0
LINE
8
BLACK
6
CONTINUOUS
10
-4.5123614173228344
20
5.8634055118110231
11
-4.5123614173228344
21
5.8634055511811018
0
LINE
8
BLACK
6
CONTINUOUS
10
-4.5123614173228344
20
5.8634055511811018
11
-4.5086691338582678
21
5.8639902755905506
0
LINE
8
BLACK
6
CONTINUOUS
10
-4.5086691338582678
20
5.8639902755905506
11
-4.5086690551181103
21
5.8639903149606294
0
LINE
8
BLACK
6
CONTINUOUS
10
-4.5086690551181103
20
5.8639903149606294
11
-4.5042188188976375
21
5.8662578740157478
0
LINE
8
BLACK
6
CONTINUOUS
10
-4.5042188188976375
20
5.8662578740157478
11
-4.5007411811023621
21
5.8697355118110233
0
LINE
8
BLACK
6
CONTINUOUS
10
-4.5007411811023621
20
5.8697355118110233
11
-4.4986811023622044
21
5.8705888188976374
0
LINE
8
BLACK
6
CONTINUOUS
10
-4.4986811023622044
20
5.8705888188976374
11
-4.4966210236220467
21
5.8697355118110233
0
LINE
8
BLACK
6
CONTINUOUS
10
-4.4966210236220467
20
5.8697355118110233
11
-4.4957677165354326
21
5.8676754330708656
0
LINE
8
BLACK
6
CONTINUOUS
10
-4.4957677165354326
20
5.8676754330708656
11
-4.4957677165354326
21
5.8591374803149607
0
LINE
8
BLACK
6
CONTINUOUS
10
-4.4957677165354326
20
5.8591374803149607
11
-4.4966210236220467
21
5.8570774015748031
0
LINE
8
BLACK
6
CONTINUOUS
10
-4.4966210236220467
20
5.8570774015748031
11
-4.4968204330708659
21
5.8569025196850388
0
LINE
8
BLACK
6
CONTINUOUS
10
-4.4968204330708659
20
5.8569025196850388
11
-4.4968616535433066
21
5.8568613385826769
0
LINE
8
BLACK
6
CONTINUOUS
10
-4.4968616535433066
20
5.8568613385826769
11
-4.5006510236220469
21
5.8519228740157478
0
LINE
8
BLACK
6
CONTINUOUS
10
-4.5006510236220469
20
5.8519228740157478
11
-4.5030332677165354
21
5.8461716929133853
0
LINE
8
BLACK
6
CONTINUOUS
10
-4.5030332677165354
20
5.8461716929133853
11
-4.5030332677165354
21
5.8461716535433066
0
LINE
8
BLACK
6
CONTINUOUS
10
-4.5030332677165354
20
5.8461716535433066
11
-4.5038457480314964
21
5.8399999999999999
0
LINE
8
BLACK
6
CONTINUOUS
10
-4.5038457480314964
20
5.8399999999999999
11
-4.5030332677165354
21
5.8338283070866144
0
LINE
8
BLACK
6
CONTINUOUS
10
-4.5030332677165354
20
5.8338283070866144
11
-4.5030332677165354
21
5.8338282677165356
0
LINE
8
BLACK
6
CONTINUOUS
10
-4.5030332677165354
20
5.8338282677165356
11
-4.5006510236220469
21
5.8280770866141731
0
LINE
8
BLACK
6
CONTINUOUS
10
-4.5006510236220469
20
5.8280770866141731
11
-4.4968616141732278
21
5.8231385826771653
0
LINE
8
BLACK
6
CONTINUOUS
10
-4.4968616141732278
20
5.8231385826771653
11
-4.496861417322835
21
5.8231383858267716
0
LINE
8
BLACK
6
CONTINUOUS
10
-4.496861417322835
20
5.8231383858267716
11
-4.4919229133858263
21
5.8193489763779525
0
LINE
8
BLACK
6
CONTINUOUS
10
-4.4919229133858263
20
5.8193489763779525
11
-4.4861717322834647
21
5.8169667322834648
0
LINE
8
BLACK
6
CONTINUOUS
10
-4.4861717322834647
20
5.8169667322834648
11
-4.4799999999999995
21
5.8161542519685039
0
LINE
8
BLACK
6
CONTINUOUS
10
-4.4799999999999995
20
5.8161542519685039
11
-4.4738283464566928
21
5.8169667322834648
0
LINE
8
BLACK
6
CONTINUOUS
10
-4.4738283464566928
20
5.8169667322834648
11
-4.4738283070866141
21
5.8169667322834648
0
LINE
8
BLACK
6
CONTINUOUS
10
-4.4738283070866141
20
5.8169667322834648
11
-4.4680771259842516
21
5.8193489763779525
0
LINE
8
BLACK
6
CONTINUOUS
10
-4.4680771259842516
20
5.8193489763779525
11
-4.4631386220472438
21
5.8231383858267716
0
LINE
8
BLACK
6
CONTINUOUS
10
-4.4631386220472438
20
5.8231383858267716
11
-4.46313842519685
21
5.8231385826771653
0
LINE
8
BLACK
6
CONTINUOUS
10
-4.46313842519685
20
5.8231385826771653
11
-4.4593490157480318
21
5.8280770866141731
0
LINE
8
BLACK
6
CONTINUOUS
10
-4.4593490157480318
20
5.8280770866141731
11
-4.459348976377953
21
5.8280771259842519
0
LINE
8
BLACK
6
CONTINUOUS
10
-4.459348976377953
20
5.8280771259842519
11
-4.4569667716535433
21
5.8338282677165356
0
LINE
8
BLACK
6
CONTINUOUS
10
-4.4569667716535433
20
5.8338282677165356
11
-4.4561542519685036
21
5.8399999999999999
0
LINE
8
BLACK
6
CONTINUOUS
10
-4.4561542519685036
20
5.8399999999999999
11
-4.4569667716535433
21
5.8461717322834641
0
LINE
8
BLACK
6
CONTINUOUS
10
-4.4569667716535433
20
5.8461717322834641
11
-4.459348976377953
21
5.8519228740157478
0
LINE
8
BLACK
6
CONTINUOUS
10
-4.459348976377953
20
5.8519228740157478
11
-4.4631385039370075
21
5.8568614960629919
0
LINE
8
BLACK
6
CONTINUOUS
10
-4.4631385039370075
20
5.8568614960629919
11
-4.4631387007874013
21
5.8568616141732281
0
LINE
8
BLACK
6
CONTINUOUS
10
-4.4631387007874013
20
5.8568616141732281
11
-4.4632734251968502
21
5.8569963779527559
0
LINE
8
BLACK
6
CONTINUOUS
10
-4.4632734251968502
20
5.8569963779527559
11
-4.4632210236220473
21
5.8570488188976375
0
LINE
8
BLACK
6
CONTINUOUS
10
-4.4632210236220473
20
5.8570488188976375
11
-4.464207362204724
21
5.8587571259842521
0
LINE
8
BLACK
6
CONTINUOUS
10
-4.464207362204724
20
5.8587571259842521
11
-4.4642322834645665
21
5.8591374803149607
0
LINE
8
BLACK
6
CONTINUOUS
10
-4.4642322834645665
20
5.8591374803149607
11
-4.4642322834645665
21
5.8602541338582679
0
LINE
8
BLACK
6
CONTINUOUS
10
-4.4642322834645665
20
5.8602541338582679
11
-4.4633789763779523
21
5.8623142125984247
0
LINE
8
BLACK
6
CONTINUOUS
10
-4.4633789763779523
20
5.8623142125984247
11
-4.463140984251968
21
5.862552204724409
0
LINE
8
BLACK
6
CONTINUOUS
10
-4.463140984251968
20
5.862552204724409
11
-4.4610809055118112
21
5.8634055118110231
0
LINE
8
BLACK
6
CONTINUOUS
10
-4.4610809055118112
20
5.8634055118110231
11
-4.4474007874015751
21
5.8634055118110231
0
LINE
8
BLACK
6
CONTINUOUS
10
-4.4474007874015751
20
5.8634055118110231
11
-4.4474007874015751
21
5.8634055511811018
0
LINE
8
BLACK
6
CONTINUOUS
10
-4.4474007874015751
20
5.8634055511811018
11
-4.4437085039370077
21
5.8639902755905506
0
LINE
8
BLACK
6
CONTINUOUS
10
-4.4437085039370077
20
5.8639902755905506
11
-4.4437084251968502
21
5.8639903149606294
0
LINE
8
BLACK
6
CONTINUOUS
10
-4.4437084251968502
20
5.8639903149606294
11
-4.4392581889763782
21
5.8662578740157478
0
LINE
8
BLACK
6
CONTINUOUS
10
-4.4392581889763782
20
5.8662578740157478
11
-4.4357264566929135
21
5.8697896062992125
0
LINE
8
BLACK
6
CONTINUOUS
10
-4.4357264566929135
20
5.8697896062992125
11
-4.435726377952756
21
5.86978968503937
0
LINE
8
BLACK
6
CONTINUOUS
10
-4.435726377952756
20
5.86978968503937
11
-4.4334588188976376
21
5.8742399999999995
0
LINE
8
BLACK
6
CONTINUOUS
10
-4.4334588188976376
20
5.8742399999999995
11
-4.4328740157480313
21
5.8779323228346456
0
LINE
8
BLACK
6
CONTINUOUS
10
-4.4328740157480313
20
5.8779323228346456
11
-4.4328740551181101
21
5.9020676377952759
0
LINE
8
BLACK
6
CONTINUOUS
10
-4.4328740551181101
20
5.9020676377952759
11
-4.4334588188976376
21
5.9057599999999999
0
LINE
8
BLACK
6
CONTINUOUS
10
-4.4334588188976376
20
5.9057599999999999
11
-4.435726377952756
21
5.9102103149606302
0
LINE
8
BLACK
6
CONTINUOUS
10
-4.435726377952756
20
5.9102103149606302
11
-4.4392581889763782
21
5.9137421259842515
0
LINE
8
BLACK
6
CONTINUOUS
10
-4.4392581889763782
20
5.9137421259842515
11
-4.4437085039370077
21
5.91600968503937
0
LINE
8
BLACK
6
CONTINUOUS
10
-4.4437085039370077
20
5.91600968503937
11
-4.4474008267716538
21
5.9165944881889763
0
LINE
8
BLACK
6
CONTINUOUS
10
-4.4474008267716538
20
5.9165944881889763
11
-4.46563062992126
21
5.9165944488188975
0
LINE
8
BLACK
6
CONTINUOUS
10
-4.46563062992126
20
5.9165944488188975
11
-4.4656307086614175
21
5.9165944488188975
0
LINE
8
BLACK
6
CONTINUOUS
10
-4.4656307086614175
20
5.9165944488188975
11
-4.4693230314960628
21
5.91600968503937
0
LINE
8
BLACK
6
CONTINUOUS
10
-4.4693230314960628
20
5.91600968503937
11
-4.4693231102362203
21
5.9160096456692912
0
LINE
8
BLACK
6
CONTINUOUS
10
-4.4693231102362203
20
5.9160096456692912
11
-4.4716314566929132
21
5.9148334645669287
0
LINE
8
BLACK
6
CONTINUOUS
10
-4.4716314566929132
20
5.9148334645669287
11
-4.4737733070866144
21
5.9137421259842515
0
LINE
8
BLACK
6
CONTINUOUS
10
-4.4737733070866144
20
5.9137421259842515
11
-4.4773051181102357
21
5.9102103149606302
0
LINE
8
BLACK
6
CONTINUOUS
10
-4.4773051181102357
20
5.9102103149606302
11
-4.4795726771653541
21
5.9057599999999999
0
LINE
8
BLACK
6
CONTINUOUS
10
-4.4795726771653541
20
5.9057599999999999
11
-4.4795727165354329
21
5.9057599212598424
0
LINE
8
BLACK
6
CONTINUOUS
10
-4.4795727165354329
20
5.9057599212598424
11
-4.4795727165354329
21
5.9057598818897636
0
LINE
8
BLACK
6
CONTINUOUS
10
-4.4795727165354329
20
5.9057598818897636
11
-4.4801574803149604
21
5.9020676771653546
0
LINE
8
BLACK
6
CONTINUOUS
10
-4.4801574803149604
20
5.9020676771653546
11
-4.4801574803149604
21
5.8913403149606296
0
LINE
8
BLACK
6
CONTINUOUS
10
-4.4801574803149604
20
5.8913403149606296
11
-4.4810107874015745
21
5.8892802755905507
0
LINE
8
BLACK
6
CONTINUOUS
10
-4.4810107874015745
20
5.8892802755905507
11
-4.4926173228346453
21
5.8776737401574799
0
LINE
8
BLACK
6
CONTINUOUS
10
-4.4926173228346453
20
5.8776737401574799
11
-4.4926174015748028
21
5.8776736220472436
0
LINE
8
BLACK
6
CONTINUOUS
10
-4.4926174015748028
20
5.8776736220472436
11
-4.4927523228346455
21
5.8775387007874018
0
LINE
8
BLACK
6
CONTINUOUS
10
-4.4927523228346455
20
5.8775387007874018
11
-4.492791811023622
21
5.8775781496062987
0
LINE
8
BLACK
6
CONTINUOUS
10
-4.492791811023622
20
5.8775781496062987
11
-4.4945416929133861
21
5.8765683858267712
0
LINE
8
BLACK
6
CONTINUOUS
10
-4.4945416929133861
20
5.8765683858267712
11
-4.4966953937007874
21
5.8771459842519684
0
LINE
8
BLACK
6
CONTINUOUS
10
-4.4966953937007874
20
5.8771459842519684
11
-4.4978098425196853
21
5.8790773228346458
0
LINE
8
BLACK
6
CONTINUOUS
10
-4.4978098425196853
20
5.8790773228346458
11
-4.4978346850393702
21
5.8794563385826768
0
LINE
8
BLACK
6
CONTINUOUS
10
-4.4978346850393702
20
5.8794563385826768
11
-4.4978346850393702
21
5.9020676377952759
0
LINE
8
BLACK
6
CONTINUOUS
10
-4.4978346850393702
20
5.9020676377952759
11
-4.4984194488188978
21
5.9057599999999999
0
LINE
8
BLACK
6
CONTINUOUS
10
-4.4984194488188978
20
5.9057599999999999
11
-4.5006870078740153
21
5.9102103149606302
0
LINE
8
BLACK
6
CONTINUOUS
10
-4.5006870078740153
20
5.9102103149606302
11
-4.5042188188976375
21
5.9137421259842515
0
LINE
8
BLACK
6
CONTINUOUS
10
-4.5042188188976375
20
5.9137421259842515
11
-4.5086691338582678
21
5.91600968503937
0
LINE
8
BLACK
6
CONTINUOUS
10
-4.5086691338582678
20
5.91600968503937
11
-4.5123614566929131
21
5.9165944881889763
0
LINE
8
BLACK
6
CONTINUOUS
10
-4.5123614566929131
20
5.9165944881889763
11
-4.5305912598425193
21
5.9165944488188975
0
LINE
8
BLACK
6
CONTINUOUS
10
-4.5305912598425193
20
5.9165944488188975
11
-4.5305913385826768
21
5.9165944488188975
0
LINE
8
BLACK
6
CONTINUOUS
10
-4.5305913385826768
20
5.9165944488188975
11
-4.534283661417323
21
5.91600968503937
0
LINE
8
BLACK
6
CONTINUOUS
10
-4.534283661417323
20
5.91600968503937
11
-4.5342837401574805
21
5.9160096456692912
0
LINE
8
BLACK
6
CONTINUOUS
10
-4.5342837401574805
20
5.9160096456692912
11
-4.5365920866141733
21
5.9148334645669287
0
LINE
8
BLACK
6
CONTINUOUS
10
-4.5365920866141733
20
5.9148334645669287
11
-4.5387339370078736
21
5.9137421259842515
0
LINE
8
BLACK
6
CONTINUOUS
10
-4.5387339370078736
20
5.9137421259842515
11
-4.5387339763779524
21
5.9137420866141728
0
LINE
8
BLACK
6
CONTINUOUS
10
-4.5387339763779524
20
5.9137420866141728
11
-4.5422657086614171
21
5.910210354330709
0
LINE
8
BLACK
6
CONTINUOUS
10
-4.5422657086614171
20
5.910210354330709
11
-4.5437188582677166
21
5.9073584251968505
0
LINE
8
BLACK
6
CONTINUOUS
10
-4.5437188582677166
20
5.9073584251968505
11
-4.5454144094488189
21
5.9059103149606296
0
LINE
8
BLACK
6
CONTINUOUS
10
-4.5454144094488189
20
5.9059103149606296
11
-4.5463146850393699
21
5.9057677165354328
0
LINE
8
BLACK
6
CONTINUOUS
10
-4.5463146850393699
20
5.9057677165354328
11
-4.5490748031496064
21
5.9057677165354328
0
LINE
8
BLACK
6
CONTINUOUS
10
-4.5490748031496064
20
5.9057677165354328
11
-4.5511348818897641
21
5.9066210236220469
0
LINE
8
BLACK
6
CONTINUOUS
10
-4.5511348818897641
20
5.9066210236220469
11
-4.5519881889763782
21
5.9086811023622046
0
LINE
8
BLACK
6
CONTINUOUS
10
-4.5519881889763782
20
5.9086811023622046
11
-4.5519881889763782
21
5.9261485433070868
0
LINE
8
BLACK
6
CONTINUOUS
10
-4.5519881889763782
20
5.9261485433070868
11
-4.5519881889763782
21
5.9261488188976372
0
LINE
8
BLACK
6
CONTINUOUS
10
-4.5519881889763782
20
5.9261488188976372
11
-4.5523975590551178
21
5.9289585826771649
0
LINE
8
BLACK
6
CONTINUOUS
10
-4.5523975590551178
20
5.9289585826771649
11
-4.5545164173228345
21
5.9332927165354326
0
LINE
8
BLACK
6
CONTINUOUS
10
-4.5545164173228345
20
5.9332927165354326
11
-4.5579277559055118
21
5.9367040551181098
0
LINE
8
BLACK
6
CONTINUOUS
10
-4.5579277559055118
20
5.9367040551181098
11
-4.5622618897637794
21
5.9388229133858266
0
LINE
8
BLACK
6
CONTINUOUS
10
-4.5622618897637794
20
5.9388229133858266
11
-4.5650716535433071
21
5.939232283464567
0
LINE
8
BLACK
6
CONTINUOUS
10
-4.5650716535433071
20
5.939232283464567
11
-4.5650718897637796
21
5.939232283464567
0
LINE
8
BLACK
6
CONTINUOUS
10
-4.5650718897637796
20
5.939232283464567
11
-4.5918842913385829
21
5.939232283464567
0
LINE
8
BLACK
6
CONTINUOUS
10
-4.5918842913385829
20
5.939232283464567
11
-4.5939443700787397
21
5.9400855905511811
0
LINE
8
BLACK
6
CONTINUOUS
10
-4.5939443700787397
20
5.9400855905511811
11
-4.5945759055118112
21
5.9410307874015746
0
LINE
8
BLACK
6
CONTINUOUS
10
-4.5945759055118112
20
5.9410307874015746
11
-4.5959292913385825
21
5.9442981889763775
0
LINE
8
BLACK
6
CONTINUOUS
10
-4.5959292913385825
20
5.9442981889763775
11
-4.59592937007874
21
5.9442983858267713
0
LINE
8
BLACK
6
CONTINUOUS
10
-4.59592937007874
20
5.9442983858267713
11
-4.5993783858267712
21
5.949460196850394
0
LINE
8
BLACK
6
CONTINUOUS
10
-4.5993783858267712
20
5.949460196850394
11
-4.6037681496062994
21
5.9538499606299213
0
LINE
8
BLACK
6
CONTINUOUS
10
-4.6037681496062994
20
5.9538499606299213
11
-4.6062536220472436
21
5.9555106692913382
0
LINE
8
BLACK
6
CONTINUOUS
10
-4.6062536220472436
20
5.9555106692913382
11
-4.6074924015748033
21
5.9573646850393702
0
LINE
8
BLACK
6
CONTINUOUS
10
-4.6074924015748033
20
5.9573646850393702
11
-4.6070574015748029
21
5.9595516535433068
0
LINE
8
BLACK
6
CONTINUOUS
10
-4.6070574015748029
20
5.9595516535433068
11
-4.6052033858267718
21
5.9607904724409444
0
LINE
8
BLACK
6
CONTINUOUS
10
-4.6052033858267718
20
5.9607904724409444
11
-4.604635
21
5.9608464566929129
0
LINE
8
BLACK
6
CONTINUOUS
10
-4.604635
20
5.9608464566929129
11
-4.0283661417322838
21
5.9608464566929129
0
LINE
8
BLACK
6
CONTINUOUS
10
-4.0283661417322838
20
5.9608464566929129
11
-4.0263060629921261
21
5.9599931496062988
0
LINE
8
BLACK
6
CONTINUOUS
10
-4.0263060629921261
20
5.9599931496062988
11
-4.025452755905512
21
5.957933070866142
0
LINE
8
BLACK
6
CONTINUOUS
10
-4.025452755905512
20
5.957933070866142
11
-4.025452755905512
21
5.9057103937007875
0
LINE
8
BLACK
6
CONTINUOUS
10
-4.025452755905512
20
5.9057103937007875
11
-4.0250227165354326
21
5.9048664173228342
0
LINE
8
BLACK
6
CONTINUOUS
10
-4.0250227165354326
20
5.9048664173228342
11
-4.0242519685039371
21
5.8999999999999995
0
LINE
8
BLACK
6
CONTINUOUS
10
-4.0242519685039371
20
5.8999999999999995
11
-4.0250227165354326
21
5.8951335826771656
0
LINE
8
BLACK
6
CONTINUOUS
10
-4.0250227165354326
20
5.8951335826771656
11
-4.025452755905512
21
5.8942895669291335
0
LINE
8
BLACK
6
CONTINUOUS
10
-4.025452755905512
20
5.8942895669291335
11
-4.025452755905512
21
5.8745275590551183
0
LINE
8
BLACK
6
CONTINUOUS
10
-4.025452755905512
20
5.8745275590551183
11
-4.0263060629921261
21
5.8724674803149606
0
LINE
8
BLACK
6
CONTINUOUS
10
-4.0263060629921261
20
5.8724674803149606
11
-4.0283661417322838
21
5.8716141732283464
0
LINE
8
BLACK
6
CONTINUOUS
10
-4.0283661417322838
20
5.8716141732283464
11
-4.0528346456692912
21
5.8716141732283464
0
LINE
8
BLACK
6
CONTINUOUS
10
-4.0528346456692912
20
5.8716141732283464
11
-4.0528346456692912
21
5.851614173228346
0
LINE
8
BLACK
6
CONTINUOUS
10
-4.0528346456692912
20
5.851614173228346
11
-4.0195275590551178
21
5.851614173228346
0
LINE
8
BLACK
6
CONTINUOUS
10
-4.0195275590551178
20
5.851614173228346
11
-4.0157609842519681
21
5.850864960629921
0
LINE
8
BLACK
6
CONTINUOUS
10
-4.0157609842519681
20
5.850864960629921
11
-4.0125678346456688
21
5.8487313779527561
0
LINE
8
BLACK
6
CONTINUOUS
10
-4.0125678346456688
20
5.8487313779527561
11
-4.0104342519685039
21
5.8455382283464568
0
LINE
8
BLACK
6
CONTINUOUS
10
-4.0104342519685039
20
5.8455382283464568
11
-4.0096850393700789
21
5.8417716535433071
0
LINE
8
BLACK
6
CONTINUOUS
10
-4.0096850393700789
20
5.8417716535433071
11
-4.0096850393700789
21
5.8220866141732284
0
LINE
8
BLACK
6
CONTINUOUS
10
-4.0096850393700789
20
5.8220866141732284
11
-4.0104342519685039
21
5.8183200393700787
0
LINE
8
BLACK
6
CONTINUOUS
10
-4.0104342519685039
20
5.8183200393700787
11
-4.0125678346456688
21
5.8151268897637793
0
LINE
8
BLACK
6
CONTINUOUS
10
-4.0125678346456688
20
5.8151268897637793
11
-4.0157609842519681
21
5.8129933070866144
0
LINE
8
BLACK
6
CONTINUOUS
10
-4.0157609842519681
20
5.8129933070866144
11
-4.0195275590551178
21
5.8122440944881886
0
LINE
8
BLACK
6
CONTINUOUS
10
-4.0195275590551178
20
5.8122440944881886
11
-4.0528346456692912
21
5.8122440944881886
0
LINE
8
BLACK
6
CONTINUOUS
10
-4.0528346456692912
20
5.8122440944881886
11
-4.0528346456692912
21
5.792244094488189
0
LINE
8
BLACK
6
CONTINUOUS
10
-4.0528346456692912
20
5.792244094488189
11
-4.0283661417322838
21
5.792244094488189
0
LINE
8
BLACK
6
CONTINUOUS
10
-4.0283661417322838
20
5.792244094488189
11
-4.0263060629921261
21
5.7913907874015749
0
LINE
8
BLACK
6
CONTINUOUS
10
-4.0263060629921261
20
5.7913907874015749
11
-4.025452755905512
21
5.7893307086614172
0
LINE
8
BLACK
6
CONTINUOUS
10
-4.025452755905512
20
5.7893307086614172
11
-4.025452755905512
21
5.5812204724409451
0
LINE
8
BLACK
6
CONTINUOUS
10
-4.025452755905512
20
5.5812204724409451
11
-4.0263060629921261
21
5.5791603937007874
0
LINE
8
BLACK
6
CONTINUOUS
10
-4.0263060629921261
20
5.5791603937007874
11
-4.0283661417322838
21
5.5783070866141733
0
LINE
8
BLACK
6
CONTINUOUS
10
-4.0283661417322838
20
5.5783070866141733
11
-4.0528346456692912
21
5.5783070866141733
0
LINE
8
BLACK
6
CONTINUOUS
10
-4.0528346456692912
20
5.5783070866141733
11
-4.0528346456692912
21
5.5583070866141728
0
LINE
8
BLACK
6
CONTINUOUS
10
-4.0528346456692912
20
5.5583070866141728
11
-4.0195275590551178
21
5.5583070866141728
0
LINE
8
BLACK
6
CONTINUOUS
10
-4.0195275590551178
20
5.5583070866141728
11
-4.0157609842519681
21
5.5575578740157479
0
LINE
8
BLACK
6
CONTINUOUS
10
-4.0157609842519681
20
5.5575578740157479
11
-4.0125678346456688
21
5.555424291338583
0
LINE
8
BLACK
6
CONTINUOUS
10
-4.0125678346456688
20
5.555424291338583
11
-4.0104342519685039
21
5.5522311417322836
0
LINE
8
BLACK
6
CONTINUOUS
10
-4.0104342519685039
20
5.5522311417322836
11
-4.0096850393700789
21
5.5484645669291339
0
LINE
8
BLACK
6
CONTINUOUS
10
-4.0096850393700789
20
5.5484645669291339
11
-4.0096850393700789
21
5.5287795275590552
0
LINE
8
BLACK
6
CONTINUOUS
10
-4.0096850393700789
20
5.5287795275590552
11
-4.0104342519685039
21
5.5250129527559055
0
LINE
8
BLACK
6
CONTINUOUS
10
-4.0104342519685039
20
5.5250129527559055
11
-4.0125678346456688
21
5.5218198031496062
0
LINE
8
BLACK
6
CONTINUOUS
10
-4.0125678346456688
20
5.5218198031496062
11
-4.0157609842519681
21
5.5196862204724404
0
LINE
8
BLACK
6
CONTINUOUS
10
-4.0157609842519681
20
5.5196862204724404
11
-4.0195275590551178
21
5.5189370078740154
0
LINE
8
BLACK
6
CONTINUOUS
10
-4.0195275590551178
20
5.5189370078740154
11
-4.0528346456692912
21
5.5189370078740154
0
LINE
8
BLACK
6
CONTINUOUS
10
-4.0528346456692912
20
5.5189370078740154
11
-4.0528346456692912
21
5.4989370078740158
0
LINE
8
BLACK
6
CONTINUOUS
10
-4.0528346456692912
20
5.4989370078740158
11
-4.0283661417322838
21
5.4989370078740158
0
LINE
8
BLACK
6
CONTINUOUS
10
-4.0283661417322838
20
5.4989370078740158
11
-4.0263060629921261
21
5.4980837007874017
0
LINE
8
BLACK
6
CONTINUOUS
10
-4.0263060629921261
20
5.4980837007874017
11
-4.025452755905512
21
5.496023622047244
0
LINE
8
BLACK
6
CONTINUOUS
10
-4.025452755905512
20
5.496023622047244
11
-4.025452755905512
21
5.4757103937007869
0
LINE
8
BLACK
6
CONTINUOUS
10
-4.025452755905512
20
5.4757103937007869
11
-4.0250227165354326
21
5.4748664173228345
0
LINE
8
BLACK
6
CONTINUOUS
10
-4.0250227165354326
20
5.4748664173228345
11
-4.0242519685039371
21
5.4699999999999998
0
LINE
8
BLACK
6
CONTINUOUS
10
-4.0242519685039371
20
5.4699999999999998
11
-4.0250227165354326
21
5.465133582677165
0
LINE
8
BLACK
6
CONTINUOUS
10
-4.0250227165354326
20
5.465133582677165
11
-4.025452755905512
21
5.4642895669291338
0
LINE
8
BLACK
6
CONTINUOUS
10
-4.025452755905512
20
5.4642895669291338
11
-4.025452755905512
21
5.4126181102362203
0
LINE
8
BLACK
6
CONTINUOUS
10
-4.025452755905512
20
5.4126181102362203
11
-4.0263060629921261
21
5.4105580314960626
0
LINE
8
BLACK
6
CONTINUOUS
10
-4.0263060629921261
20
5.4105580314960626
11
-4.0283661417322838
21
5.4097047244094485
0
LINE
8
BLACK
6
CONTINUOUS
10
-4.0283661417322838
20
5.4097047244094485
11
-4.604635
21
5.4097047244094485
0
LINE
8
BLACK
6
CONTINUOUS
10
-4.604635
20
5.4097047244094485
11
-4.6066950787401577
21
5.4105580314960626
0
LINE
8
BLACK
6
CONTINUOUS
10
-4.6066950787401577
20
5.4105580314960626
11
-4.6075483858267718
21
5.4126181102362203
0
LINE
8
BLACK
6
CONTINUOUS
10
-4.6075483858267718
20
5.4126181102362203
11
-4.6066950787401577
21
5.414678188976378
0
LINE
8
BLACK
6
CONTINUOUS
10
-4.6066950787401577
20
5.414678188976378
11
-4.6062535826771649
21
5.4150405118110232
0
LINE
8
BLACK
6
CONTINUOUS
10
-4.6062535826771649
20
5.4150405118110232
11
-4.6037681889763782
21
5.4167011811023622
0
LINE
8
BLACK
6
CONTINUOUS
10
-4.6037681889763782
20
5.4167011811023622
11
-4.5993783858267712
21
5.4210909842519683
0
LINE
8
BLACK
6
CONTINUOUS
10
-4.5993783858267712
20
5.4210909842519683
11
-4.5991888188976375
21
5.4213746850393703
0
LINE
8
BLACK
6
CONTINUOUS
10
-4.5991888188976375
20
5.4213746850393703
11
-4.59592937007874
21
5.4262527952755901
0
LINE
8
BLACK
6
CONTINUOUS
10
-4.59592937007874
20
5.4262527952755901
11
-4.5945759055118112
21
5.4295203937007877
0
LINE
8
BLACK
6
CONTINUOUS
10
-4.5945759055118112
20
5.4295203937007877
11
-4.5929992125984249
21
5.4310971259842518
0
LINE
8
BLACK
6
CONTINUOUS
10
-4.5929992125984249
20
5.4310971259842518
11
-4.5918842913385829
21
5.4313188976377953
0
LINE
8
BLACK
6
CONTINUOUS
10
-4.5918842913385829
20
5.4313188976377953
11
-4.5650714960629921
21
5.4313188976377953
0
LINE
8
BLACK
6
CONTINUOUS
10
-4.5650714960629921
20
5.4313188976377953
11
-4.5622618503937007
21
5.4317282677165357
0
LINE
8
BLACK
6
CONTINUOUS
10
-4.5622618503937007
20
5.4317282677165357
11
-4.5579277952755906
21
5.4338470866141728
0
LINE
8
BLACK
6
CONTINUOUS
10
-4.5579277952755906
20
5.4338470866141728
11
-4.5545164173228345
21
5.4372584645669289
0
LINE
8
BLACK
6
CONTINUOUS
10
-4.5545164173228345
20
5.4372584645669289
11
-4.5523975984251965
21
5.441592519685039
0
LINE
8
BLACK
6
CONTINUOUS
10
-4.5523975984251965
20
5.441592519685039
11
-4.5523975590551178
21
5.4415925984251965
0
LINE
8
BLACK
6
CONTINUOUS
10
-4.5523975590551178
20
5.4415925984251965
11
-4.5519881889763782
21
5.4444023622047242
0
LINE
8
BLACK
6
CONTINUOUS
10
-4.5519881889763782
20
5.4444023622047242
11
-4.5519881889763782
21
5.466907677165354
0
LINE
8
BLACK
6
CONTINUOUS
10
-4.5519881889763782
20
5.466907677165354
11
-4.5511348818897641
21
5.4689677559055117
0
LINE
8
BLACK
6
CONTINUOUS
10
-4.5511348818897641
20
5.4689677559055117
11
-4.5484825196850389
21
5.471620118110236
0
LINE
8
BLACK
6
CONTINUOUS
10
-4.5484825196850389
20
5.471620118110236
11
-4.5464224409448821
21
5.4724734251968501
0
LINE
8
BLACK
6
CONTINUOUS
10
-4.5464224409448821
20
5.4724734251968501
11
-4.5443623622047244
21
5.471620118110236
0
LINE
8
BLACK
6
CONTINUOUS
10
-4.5443623622047244
20
5.471620118110236
11
-4.543826614173228
21
5.4708827165354332
0
LINE
8
BLACK
6
CONTINUOUS
10
-4.543826614173228
20
5.4708827165354332
11
-4.5432696850393697
21
5.4697896456692909
0
LINE
8
BLACK
6
CONTINUOUS
10
-4.5432696850393697
20
5.4697896456692909
11
-4.539737952755905
21
5.4662579133858262
0
LINE
8
BLACK
6
CONTINUOUS
10
-4.539737952755905
20
5.4662579133858262
11
-4.5352874803149605
21
5.4639902755905512
0
LINE
8
BLACK
6
CONTINUOUS
10
-4.5352874803149605
20
5.4639902755905512
11
-4.5315952755905506
21
5.4634055118110236
0
LINE
8
BLACK
6
CONTINUOUS
10
-4.5315952755905506
20
5.4634055118110236
11
-4.5315952362204728
21
5.4634055118110236
0
LINE
8
BLACK
6
CONTINUOUS
10
-4.5315952362204728
20
5.4634055118110236
11
-4.5133653543307082
21
5.4634055118110236
0
LINE
8
BLACK
6
CONTINUOUS
10
-4.5133653543307082
20
5.4634055118110236
11
-4.5133653543307082
21
5.4634055511811024
0
LINE
8
BLACK
6
CONTINUOUS
10
-4.5133653543307082
20
5.4634055511811024
11
-4.5096730708661417
21
5.4639902755905512
0
LINE
8
BLACK
6
CONTINUOUS
10
-4.5096730708661417
20
5.4639902755905512
11
-4.5096729921259842
21
5.4639903149606299
0
LINE
8
BLACK
6
CONTINUOUS
10
-4.5096729921259842
20
5.4639903149606299
11
-4.5052227559055114
21
5.4662578740157475
0
LINE
8
BLACK
6
CONTINUOUS
10
-4.5052227559055114
20
5.4662578740157475
11
-4.5016910236220475
21
5.4697896062992122
0
LINE
8
BLACK
6
CONTINUOUS
10
-4.5016910236220475
20
5.4697896062992122
11
-4.5016909842519688
21
5.4697896456692909
0
LINE
8
BLACK
6
CONTINUOUS
10
-4.5016909842519688
20
5.4697896456692909
11
-4.50169094488189
21
5.4697896850393697
0
LINE
8
BLACK
6
CONTINUOUS
10
-4.50169094488189
20
5.4697896850393697
11
-4.4994233858267716
21
5.47424
0
LINE
8
BLACK
6
CONTINUOUS
10
-4.4994233858267716
20
5.47424
11
-4.4988385826771653
21
5.4779323228346453
0
LINE
8
BLACK
6
CONTINUOUS
10
-4.4988385826771653
20
5.4779323228346453
11
-4.4988386220472441
21
5.4886596062992128
0
LINE
8
BLACK
6
CONTINUOUS
10
-4.4988386220472441
20
5.4886596062992128
11
-4.4979853149606299
21
5.4907196850393696
0
LINE
8
BLACK
6
CONTINUOUS
10
-4.4979853149606299
20
5.4907196850393696
11
-4.4957197244094491
21
5.4929852755905513
0
LINE
8
BLACK
6
CONTINUOUS
10
-4.4957197244094491
20
5.4929852755905513
11
-4.4923826771653541
21
5.4963223228346454
0
LINE
8
BLACK
6
CONTINUOUS
10
-4.4923826771653541
20
5.4963223228346454
11
-4.492169803149606
21
5.496690984251968
0
LINE
8
BLACK
6
CONTINUOUS
10
-4.492169803149606
20
5.496690984251968
11
-4.4903069291338582
21
5.4999175984251965
0
LINE
8
BLACK
6
CONTINUOUS
10
-4.4903069291338582
20
5.4999175984251965
11
-4.4903068503937007
21
5.4999177559055115
0
LINE
8
BLACK
6
CONTINUOUS
10
-4.4903068503937007
20
5.4999177559055115
11
-4.4903068110236219
21
5.4999177952755902
0
LINE
8
BLACK
6
CONTINUOUS
10
-4.4903068110236219
20
5.4999177952755902
11
-4.4892322834645668
21
5.5039280708661416
0
LINE
8
BLACK
6
CONTINUOUS
10
-4.4892322834645668
20
5.5039280708661416
11
-4.4892322834645668
21
5.5080798031496059
0
LINE
8
BLACK
6
CONTINUOUS
10
-4.4892322834645668
20
5.5080798031496059
11
-4.4892322834645668
21
5.5682050787401574
0
LINE
8
BLACK
6
CONTINUOUS
10
-4.4892322834645668
20
5.5682050787401574
11
-4.4892322834645668
21
5.6395120866141735
0
LINE
8
BLACK
6
CONTINUOUS
10
-4.4892322834645668
20
5.6395120866141735
11
-4.4883789763779527
21
5.6415721653543303
0
LINE
8
BLACK
6
CONTINUOUS
10
-4.4883789763779527
20
5.6415721653543303
11
-4.486318897637795
21
5.6424254724409444
0
LINE
8
BLACK
6
CONTINUOUS
10
-4.486318897637795
20
5.6424254724409444
11
-4.4845453543307086
21
5.6418234645669294
0
LINE
8
BLACK
6
CONTINUOUS
10
-4.4845453543307086
20
5.6418234645669294
11
-4.4837301181102358
21
5.6411979133858265
0
LINE
8
BLACK
6
CONTINUOUS
10
-4.4837301181102358
20
5.6411979133858265
11
-4.4818222047244092
21
5.6397339370078736
0
LINE
8
BLACK
6
CONTINUOUS
10
-4.4818222047244092
20
5.6397339370078736
11
-4.4818221653543304
21
5.6397338976377949
0
LINE
8
BLACK
6
CONTINUOUS
10
-4.4818221653543304
20
5.6397338976377949
11
-4.4818221259842517
21
5.6397338976377949
0
LINE
8
BLACK
6
CONTINUOUS
10
-4.4818221259842517
20
5.6397338976377949
11
-4.477571929133858
21
5.6379733858267711
0
LINE
8
BLACK
6
CONTINUOUS
10
-4.477571929133858
20
5.6379733858267711
11
-4.4759952362204727
21
5.636396653543307
0
LINE
8
BLACK
6
CONTINUOUS
10
-4.4759952362204727
20
5.636396653543307
11
-4.4759571259842517
21
5.6342636614173225
0
LINE
8
BLACK
6
CONTINUOUS
10
-4.4759571259842517
20
5.6342636614173225
11
-4.4769879921259843
21
5.6314996850393699
0
LINE
8
BLACK
6
CONTINUOUS
10
-4.4769879921259843
20
5.6314996850393699
11
-4.4772440944881886
21
5.6291177165354327
0
LINE
8
BLACK
6
CONTINUOUS
10
-4.4772440944881886
20
5.6291177165354327
11
-4.4772440944881886
21
5.60751968503937
0
LINE
8
BLACK
6
CONTINUOUS
10
-4.4772440944881886
20
5.60751968503937
11
-4.457244094488189
21
5.60751968503937
0
LINE
8
BLACK
6
CONTINUOUS
10
-4.457244094488189
20
5.60751968503937
11
-4.457244094488189
21
5.6272047244094487
0
LINE
8
BLACK
6
CONTINUOUS
10
-4.457244094488189
20
5.6272047244094487
11
-4.4395275590551178
21
5.6272047244094487
0
LINE
8
BLACK
6
CONTINUOUS
10
-4.4395275590551178
20
5.6272047244094487
11
-4.4395275590551178
21
5.5701181102362201
0
LINE
8
BLACK
6
CONTINUOUS
10
-4.4395275590551178
20
5.5701181102362201
11
-4.4395472440944879
21
5.5701181102362201
0
LINE
8
BLACK
6
CONTINUOUS
10
-4.4395472440944879
20
5.5701181102362201
11
-4.4395472440944879
21
5.569340393700787
0
LINE
8
BLACK
6
CONTINUOUS
10
-4.4395472440944879
20
5.569340393700787
11
-4.4395415748031493
21
5.5692827952755906
0
LINE
8
BLACK
6
CONTINUOUS
10
-4.4395415748031493
20
5.5692827952755906
11
-4.4395275590551178
21
5.5689974803149607
0
LINE
8
BLACK
6
CONTINUOUS
10
-4.4395275590551178
20
5.5689974803149607
11
-4.4395275590551178
21
5.5501181102362205
0
LINE
8
BLACK
6
CONTINUOUS
10
-4.4395275590551178
20
5.5501181102362205
11
-4.4394162992125983
21
5.550006850393701
0
LINE
8
BLACK
6
CONTINUOUS
10
-4.4394162992125983
20
5.550006850393701
11
-4.4385629921259842
21
5.5479467716535433
0
LINE
8
BLACK
6
CONTINUOUS
10
-4.4385629921259842
20
5.5479467716535433
11
-4.4385629921259842
21
5.5467233464566927
0
LINE
8
BLACK
6
CONTINUOUS
10
-4.4385629921259842
20
5.5467233464566927
11
-4.4382262598425193
21
5.5454666535433068
0
LINE
8
BLACK
6
CONTINUOUS
10
-4.4382262598425193
20
5.5454666535433068
11
-4.437488464566929
21
5.5427130314960626
0
LINE
8
BLACK
6
CONTINUOUS
10
-4.437488464566929
20
5.5427130314960626
11
-4.4374883858267715
21
5.5427128740157476
0
LINE
8
BLACK
6
CONTINUOUS
10
-4.4374883858267715
20
5.5427128740157476
11
-4.4354126771653544
21
5.5391176377952753
0
LINE
8
BLACK
6
CONTINUOUS
10
-4.4354126771653544
20
5.5391176377952753
11
-4.4174477952755904
21
5.5211527165354326
0
LINE
8
BLACK
6
CONTINUOUS
10
-4.4174477952755904
20
5.5211527165354326
11
-4.4165944881889763
21
5.5190926377952758
0
LINE
8
BLACK
6
CONTINUOUS
10
-4.4165944881889763
20
5.5190926377952758
11
-4.4165944881889763
21
5.5083654330708658
0
LINE
8
BLACK
6
CONTINUOUS
10
-4.4165944881889763
20
5.5083654330708658
11
-4.4165415354330708
21
5.5080312598425198
0
LINE
8
BLACK
6
CONTINUOUS
10
-4.4165415354330708
20
5.5080312598425198
11
-4.4170622047244095
21
5.5058631102362208
0
LINE
8
BLACK
6
CONTINUOUS
10
-4.4170622047244095
20
5.5058631102362208
11
-4.4189635039370074
21
5.5046981102362205
0
LINE
8
BLACK
6
CONTINUOUS
10
-4.4189635039370074
20
5.5046981102362205
11
-4.420172992125984
21
5.5047615354330706
0
LINE
8
BLACK
6
CONTINUOUS
10
-4.420172992125984
20
5.5047615354330706
11
-4.4230531496062993
21
5.505533267716535
0
LINE
8
BLACK
6
CONTINUOUS
10
-4.4230531496062993
20
5.505533267716535
11
-4.4239280314960627
21
5.5057677165354333
0
LINE
8
BLACK
6
CONTINUOUS
10
-4.4239280314960627
20
5.5057677165354333
11
-4.4239280708661415
21
5.5057677165354333
0
LINE
8
BLACK
6
CONTINUOUS
10
-4.4239280708661415
20
5.5057677165354333
11
-4.4326813779527559
21
5.5057677165354333
0
LINE
8
BLACK
6
CONTINUOUS
10
-4.4326813779527559
20
5.5057677165354333
11
-4.4347414566929135
21
5.5066210236220474
0
LINE
8
BLACK
6
CONTINUOUS
10
-4.4347414566929135
20
5.5066210236220474
11
-4.4352772047244091
21
5.5073584251968501
0
LINE
8
BLACK
6
CONTINUOUS
10
-4.4352772047244091
20
5.5073584251968501
11
-4.4367303149606299
21
5.5102103149606299
0
LINE
8
BLACK
6
CONTINUOUS
10
-4.4367303149606299
20
5.5102103149606299
11
-4.4402621259842521
21
5.5137421259842521
0
LINE
8
BLACK
6
CONTINUOUS
10
-4.4402621259842521
20
5.5137421259842521
11
-4.4447124409448815
21
5.5160096850393696
0
LINE
8
BLACK
6
CONTINUOUS
10
-4.4447124409448815
20
5.5160096850393696
11
-4.4484047637795276
21
5.5165944881889759
0
LINE
8
BLACK
6
CONTINUOUS
10
-4.4484047637795276
20
5.5165944881889759
11
-4.4666345669291339
21
5.5165944488188972
0
LINE
8
BLACK
6
CONTINUOUS
10
-4.4666345669291339
20
5.5165944488188972
11
-4.4666346456692914
21
5.5165944488188972
0
LINE
8
BLACK
6
CONTINUOUS
10
-4.4666346456692914
20
5.5165944488188972
11
-4.4703269685039366
21
5.5160096850393696
0
LINE
8
BLACK
6
CONTINUOUS
10
-4.4703269685039366
20
5.5160096850393696
11
-4.4703270472440941
21
5.5160096456692909
0
LINE
8
BLACK
6
CONTINUOUS
10
-4.4703270472440941
20
5.5160096456692909
11
-4.472635393700787
21
5.5148334645669292
0
LINE
8
BLACK
6
CONTINUOUS
10
-4.472635393700787
20
5.5148334645669292
11
-4.4747772440944882
21
5.5137421259842521
0
LINE
8
BLACK
6
CONTINUOUS
10
-4.4747772440944882
20
5.5137421259842521
11
-4.4783090551181104
21
5.5102103149606299
0
LINE
8
BLACK
6
CONTINUOUS
10
-4.4783090551181104
20
5.5102103149606299
11
-4.4805766141732279
21
5.5057599999999995
0
LINE
8
BLACK
6
CONTINUOUS
10
-4.4805766141732279
20
5.5057599999999995
11
-4.4805766535433067
21
5.505759921259842
0
LINE
8
BLACK
6
CONTINUOUS
10
-4.4805766535433067
20
5.505759921259842
11
-4.4805766535433067
21
5.5057598818897633
0
LINE
8
BLACK
6
CONTINUOUS
10
-4.4805766535433067
20
5.5057598818897633
11
-4.4811614173228342
21
5.5020676771653543
0
LINE
8
BLACK
6
CONTINUOUS
10
-4.4811614173228342
20
5.5020676771653543
11
-4.4811614173228342
21
5.4779322834645665
0
LINE
8
BLACK
6
CONTINUOUS
10
-4.4811614173228342
20
5.4779322834645665
11
-4.4805766535433067
21
5.4742399606299212
0
LINE
8
BLACK
6
CONTINUOUS
10
-4.4805766535433067
20
5.4742399606299212
11
-4.4805766141732279
21
5.4742398818897637
0
LINE
8
BLACK
6
CONTINUOUS
10
-4.4805766141732279
20
5.4742398818897637
11
-4.4783090551181104
21
5.4697896456692909
0
LINE
8
BLACK
6
CONTINUOUS
10
-4.4783090551181104
20
5.4697896456692909
11
-4.4747773228346457
21
5.4662579133858262
0
LINE
8
BLACK
6
CONTINUOUS
10
-4.4747773228346457
20
5.4662579133858262
11
-4.4703268503937004
21
5.4639902755905512
0
LINE
8
BLACK
6
CONTINUOUS
10
-4.4703268503937004
20
5.4639902755905512
11
-4.4666346456692914
21
5.4634055118110236
0
LINE
8
BLACK
6
CONTINUOUS
10
-4.4666346456692914
20
5.4634055118110236
11
-4.4666346062992126
21
5.4634055118110236
0
LINE
8
BLACK
6
CONTINUOUS
10
-4.4666346062992126
20
5.4634055118110236
11
-4.4484047244094489
21
5.4634055118110236
0
LINE
8
BLACK
6
CONTINUOUS
10
-4.4484047244094489
20
5.4634055118110236
11
-4.4484047244094489
21
5.4634055511811024
0
LINE
8
BLACK
6
CONTINUOUS
10
-4.4484047244094489
20
5.4634055511811024
11
-4.4447124409448815
21
5.4639902755905512
0
LINE
8
BLACK
6
CONTINUOUS
10
-4.4447124409448815
20
5.4639902755905512
11
-4.444712362204724
21
5.4639903149606299
0
LINE
8
BLACK
6
CONTINUOUS
10
-4.444712362204724
20
5.4639903149606299
11
-4.4402621259842521
21
5.4662578740157475
0
LINE
8
BLACK
6
CONTINUOUS
10
-4.4402621259842521
20
5.4662578740157475
11
-4.4367304330708661
21
5.4697895669291334
0
LINE
8
BLACK
6
CONTINUOUS
10
-4.4367304330708661
20
5.4697895669291334
11
-4.4367303937007874
21
5.4697896062992122
0
LINE
8
BLACK
6
CONTINUOUS
10
-4.4367303937007874
20
5.4697896062992122
11
-4.4367303149606299
21
5.4697896850393697
0
LINE
8
BLACK
6
CONTINUOUS
10
-4.4367303149606299
20
5.4697896850393697
11
-4.4356351968503933
21
5.4719390157480312
0
LINE
8
BLACK
6
CONTINUOUS
10
-4.4356351968503933
20
5.4719390157480312
11
-4.4339397244094485
21
5.4733870866141734
0
LINE
8
BLACK
6
CONTINUOUS
10
-4.4339397244094485
20
5.4733870866141734
11
-4.4317167716535435
21
5.4732121653543304
0
LINE
8
BLACK
6
CONTINUOUS
10
-4.4317167716535435
20
5.4732121653543304
11
-4.4309793307086611
21
5.4726763779527561
0
LINE
8
BLACK
6
CONTINUOUS
10
-4.4309793307086611
20
5.4726763779527561
11
-4.4174477952755904
21
5.4591448425196853
0
LINE
8
BLACK
6
CONTINUOUS
10
-4.4174477952755904
20
5.4591448425196853
11
-4.4165944881889763
21
5.4570847637795277
0
LINE
8
BLACK
6
CONTINUOUS
10
-4.4165944881889763
20
5.4570847637795277
11
-4.4165944881889763
21
5.443404724409449
0
LINE
8
BLACK
6
CONTINUOUS
10
-4.4165944881889763
20
5.443404724409449
11
-4.4160097244094487
21
5.4397124015748028
0
LINE
8
BLACK
6
CONTINUOUS
10
-4.4160097244094487
20
5.4397124015748028
11
-4.41600968503937
21
5.4397123228346453
0
LINE
8
BLACK
6
CONTINUOUS
10
-4.41600968503937
20
5.4397123228346453
11
-4.4137421259842515
21
5.4352620866141734
0
LINE
8
BLACK
6
CONTINUOUS
10
-4.4137421259842515
20
5.4352620866141734
11
-4.4102103937007877
21
5.4317303543307087
0
LINE
8
BLACK
6
CONTINUOUS
10
-4.4102103937007877
20
5.4317303543307087
11
-4.4057599212598424
21
5.4294627165354328
0
LINE
8
BLACK
6
CONTINUOUS
10
-4.4057599212598424
20
5.4294627165354328
11
-4.4020677165354334
21
5.4288779527559052
0
LINE
8
BLACK
6
CONTINUOUS
10
-4.4020677165354334
20
5.4288779527559052
11
-4.4020676771653546
21
5.4288779527559052
0
LINE
8
BLACK
6
CONTINUOUS
10
-4.4020676771653546
20
5.4288779527559052
11
-4.3779322834645669
21
5.4288779527559052
0
LINE
8
BLACK
6
CONTINUOUS
10
-4.3779322834645669
20
5.4288779527559052
11
-4.3779322834645669
21
5.428877992125984
0
LINE
8
BLACK
6
CONTINUOUS
10
-4.3779322834645669
20
5.428877992125984
11
-4.3742399999999995
21
5.4294627165354328
0
LINE
8
BLACK
6
CONTINUOUS
10
-4.3742399999999995
20
5.4294627165354328
11
-4.3742399212598428
21
5.4294627559055115
0
LINE
8
BLACK
6
CONTINUOUS
10
-4.3742399212598428
20
5.4294627559055115
11
-4.36978968503937
21
5.43173031496063
0
LINE
8
BLACK
6
CONTINUOUS
10
-4.36978968503937
20
5.43173031496063
11
-4.3662579133858266
21
5.4352620866141734
0
LINE
8
BLACK
6
CONTINUOUS
10
-4.3662579133858266
20
5.4352620866141734
11
-4.365557007874016
21
5.4366376377952754
0
LINE
8
BLACK
6
CONTINUOUS
10
-4.365557007874016
20
5.4366376377952754
11
-4.3638614566929137
21
5.4380857480314964
0
LINE
8
BLACK
6
CONTINUOUS
10
-4.3638614566929137
20
5.4380857480314964
11
-4.3629611811023619
21
5.4382283464566932
0
LINE
8
BLACK
6
CONTINUOUS
10
-4.3629611811023619
20
5.4382283464566932
11
-4.3370388188976374
21
5.4382283464566932
0
LINE
8
BLACK
6
CONTINUOUS
10
-4.3370388188976374
20
5.4382283464566932
11
-4.3349787401574806
21
5.437375039370079
0
LINE
8
BLACK
6
CONTINUOUS
10
-4.3349787401574806
20
5.437375039370079
11
-4.3344429921259842
21
5.4366376377952754
0
LINE
8
BLACK
6
CONTINUOUS
10
-4.3344429921259842
20
5.4366376377952754
11
-4.3337421259842515
21
5.4352620866141734
0
LINE
8
BLACK
6
CONTINUOUS
10
-4.3337421259842515
20
5.4352620866141734
11
-4.3302103937007876
21
5.4317303543307087
0
LINE
8
BLACK
6
CONTINUOUS
10
-4.3302103937007876
20
5.4317303543307087
11
-4.3257599212598423
21
5.4294627165354328
0
LINE
8
BLACK
6
CONTINUOUS
10
-4.3257599212598423
20
5.4294627165354328
11
-4.3220677165354333
21
5.4288779527559052
0
LINE
8
BLACK
6
CONTINUOUS
10
-4.3220677165354333
20
5.4288779527559052
11
-4.3220676771653546
21
5.4288779527559052
0
LINE
8
BLACK
6
CONTINUOUS
10
-4.3220676771653546
20
5.4288779527559052
11
-4.2979322834645668
21
5.4288779527559052
0
LINE
8
BLACK
6
CONTINUOUS
10
-4.2979322834645668
20
5.4288779527559052
11
-4.2979322834645668
21
5.428877992125984
0
LINE
8
BLACK
6
CONTINUOUS
10
-4.2979322834645668
20
5.428877992125984
11
-4.2942400000000003
21
5.4294627165354328
0
LINE
8
BLACK
6
CONTINUOUS
10
-4.2942400000000003
20
5.4294627165354328
11
-4.2942399212598428
21
5.4294627559055115
0
LINE
8
BLACK
6
CONTINUOUS
10
-4.2942399212598428
20
5.4294627559055115
11
-4.28978968503937
21
5.43173031496063
0
LINE
8
BLACK
6
CONTINUOUS
10
-4.28978968503937
20
5.43173031496063
11
-4.2862579527559053
21
5.4352620472440947
0
LINE
8
BLACK
6
CONTINUOUS
10
-4.2862579527559053
20
5.4352620472440947
11
-4.2862579133858265
21
5.4352620866141734
0
LINE
8
BLACK
6
CONTINUOUS
10
-4.2862579133858265
20
5.4352620866141734
11
-4.2862578740157478
21
5.4352621259842522
0
LINE
8
BLACK
6
CONTINUOUS
10
-4.2862578740157478
20
5.4352621259842522
11
-4.2839903149606302
21
5.4397124409448816
0
LINE
8
BLACK
6
CONTINUOUS
10
-4.2839903149606302
20
5.4397124409448816
11
-4.2834055118110239
21
5.4434047637795278
0
LINE
8
BLACK
6
CONTINUOUS
10
-4.2834055118110239
20
5.4434047637795278
11
-4.2834055511811027
21
5.4570848031496064
0
LINE
8
BLACK
6
CONTINUOUS
10
-4.2834055511811027
20
5.4570848031496064
11
-4.2825522440944876
21
5.4591448818897632
0
LINE
8
BLACK
6
CONTINUOUS
10
-4.2825522440944876
20
5.4591448818897632
11
-4.2735826771653542
21
5.4681144488188975
0
LINE
8
BLACK
6
CONTINUOUS
10
-4.2735826771653542
20
5.4681144488188975
11
-4.2629527559055118
21
5.4787443700787399
0
LINE
8
BLACK
6
CONTINUOUS
10
-4.2629527559055118
20
5.4787443700787399
11
-4.2608768897637797
21
5.4823398425196848
0
LINE
8
BLACK
6
CONTINUOUS
10
-4.2608768897637797
20
5.4823398425196848
11
-4.2598023622047245
21
5.4863501181102361
0
LINE
8
BLACK
6
CONTINUOUS
10
-4.2598023622047245
20
5.4863501181102361
11
-4.2598023622047245
21
5.4905018503937004
0
LINE
8
BLACK
6
CONTINUOUS
10
-4.2598023622047245
20
5.4905018503937004
11
-4.2598023622047245
21
5.526791141732283
0
LINE
8
BLACK
6
CONTINUOUS
10
-4.2598023622047245
20
5.526791141732283
11
-4.2598023622047245
21
5.5504529133858265
0
LINE
8
BLACK
6
CONTINUOUS
10
-4.2598023622047245
20
5.5504529133858265
11
-4.2598023622047245
21
5.5538270078740153
0
LINE
8
BLACK
6
CONTINUOUS
10
-4.2598023622047245
20
5.5538270078740153
11
-4.2598023228346458
21
5.5538277165354328
0
LINE
8
BLACK
6
CONTINUOUS
10
-4.2598023228346458
20
5.5538277165354328
11
-4.2598023228346458
21
5.5581578346456695
0
LINE
8
BLACK
6
CONTINUOUS
10
-4.2598023228346458
20
5.5581578346456695
11
-4.2608768503937009
21
5.5621678346456696
0
LINE
8
BLACK
6
CONTINUOUS
10
-4.2608768503937009
20
5.5621678346456696
11
-4.2608768897637797
21
5.5621679921259846
0
LINE
8
BLACK
6
CONTINUOUS
10
-4.2608768897637797
20
5.5621679921259846
11
-4.2622619291338584
21
5.564566929133858
0
LINE
8
BLACK
6
CONTINUOUS
10
-4.2622619291338584
20
5.564566929133858
11
-4.2629527559055118
21
5.5657635039370081
0
LINE
8
BLACK
6
CONTINUOUS
10
-4.2629527559055118
20
5.5657635039370081
11
-4.2658884645669293
21
5.5686992125984247
0
LINE
8
BLACK
6
CONTINUOUS
10
-4.2658884645669293
20
5.5686992125984247
11
-4.2658885826771655
21
5.5686992519685035
0
LINE
8
BLACK
6
CONTINUOUS
10
-4.2658885826771655
20
5.5686992519685035
11
-4.2783790157480315
21
5.5811896850393703
0
LINE
8
BLACK
6
CONTINUOUS
10
-4.2783790157480315
20
5.5811896850393703
11
-4.2792322834645669
21
5.5832497244094483
0
LINE
8
BLACK
6
CONTINUOUS
10
-4.2792322834645669
20
5.5832497244094483
11
-4.2792322834645669
21
5.601456692913386
0
LINE
8
BLACK
6
CONTINUOUS
10
-4.2792322834645669
20
5.601456692913386
11
-4.2792322834645669
21
5.6439587795275585
0
LINE
8
BLACK
6
CONTINUOUS
10
-4.2792322834645669
20
5.6439587795275585
11
-4.2783789763779527
21
5.6460188582677162
0
LINE
8
BLACK
6
CONTINUOUS
10
-4.2783789763779527
20
5.6460188582677162
11
-4.276318897637795
21
5.6468721653543303
0
LINE
8
BLACK
6
CONTINUOUS
10
-4.276318897637795
20
5.6468721653543303
11
-4.2742588188976374
21
5.6460188582677162
0
LINE
8
BLACK
6
CONTINUOUS
10
-4.2742588188976374
20
5.6460188582677162
11
-4.2740075590551179
21
5.6457323228346459
0
LINE
8
BLACK
6
CONTINUOUS
10
-4.2740075590551179
20
5.6457323228346459
11
-4.272530905511811
21
5.6438078740157476
0
LINE
8
BLACK
6
CONTINUOUS
10
-4.272530905511811
20
5.6438078740157476
11
-4.2725307086614173
21
5.6438076771653538
0
LINE
8
BLACK
6
CONTINUOUS
10
-4.2725307086614173
20
5.6438076771653538
11
-4.2675922047244095
21
5.6400182677165356
0
LINE
8
BLACK
6
CONTINUOUS
10
-4.2675922047244095
20
5.6400182677165356
11
-4.261841023622047
21
5.6376360236220471
0
LINE
8
BLACK
6
CONTINUOUS
10
-4.261841023622047
20
5.6376360236220471
11
-4.2556692913385827
21
5.6368235433070861
0
LINE
8
BLACK
6
CONTINUOUS
10
-4.2556692913385827
20
5.6368235433070861
11
-4.2494976377952751
21
5.6376360236220471
0
LINE
8
BLACK
6
CONTINUOUS
10
-4.2494976377952751
20
5.6376360236220471
11
-4.2494975984251964
21
5.6376360236220471
0
LINE
8
BLACK
6
CONTINUOUS
10
-4.2494975984251964
20
5.6376360236220471
11
-4.2437464173228348
21
5.6400182677165356
0
LINE
8
BLACK
6
CONTINUOUS
10
-4.2437464173228348
20
5.6400182677165356
11
-4.238807913385827
21
5.6438076771653538
0
LINE
8
BLACK
6
CONTINUOUS
10
-4.238807913385827
20
5.6438076771653538
11
-4.2388077165354332
21
5.6438078740157476
0
LINE
8
BLACK
6
CONTINUOUS
10
-4.2388077165354332
20
5.6438078740157476
11
-4.2350183070866141
21
5.6487463385826766
0
LINE
8
BLACK
6
CONTINUOUS
10
-4.2350183070866141
20
5.6487463385826766
11
-4.2350182677165353
21
5.6487464173228341
0
LINE
8
BLACK
6
CONTINUOUS
10
-4.2350182677165353
20
5.6487464173228341
11
-4.2346363779527554
21
5.6496684251968503
0
LINE
8
BLACK
6
CONTINUOUS
10
-4.2346363779527554
20
5.6496684251968503
11
-4.2330597637795275
21
5.6512451181102357
0
LINE
8
BLACK
6
CONTINUOUS
10
-4.2330597637795275
20
5.6512451181102357
11
-4.2308299212598426
21
5.6512451968503932
0
LINE
8
BLACK
6
CONTINUOUS
10
-4.2308299212598426
20
5.6512451968503932
11
-4.2293274015748032
21
5.6498331102362203
0
LINE
8
BLACK
6
CONTINUOUS
10
-4.2293274015748032
20
5.6498331102362203
11
-4.2277637007874018
21
5.6466344881889761
0
LINE
8
BLACK
6
CONTINUOUS
10
-4.2277637007874018
20
5.6466344881889761
11
-4.2267063385826766
21
5.6455771259842518
0
LINE
8
BLACK
6
CONTINUOUS
10
-4.2267063385826766
20
5.6455771259842518
11
-4.2258530708661413
21
5.6435170472440941
0
LINE
8
BLACK
6
CONTINUOUS
10
-4.2258530708661413
20
5.6435170472440941
11
-4.2267064173228341
21
5.6414569685039373
0
LINE
8
BLACK
6
CONTINUOUS
10
-4.2267064173228341
20
5.6414569685039373
11
-4.2272834251968501
21
5.6410094094488183
0
LINE
8
BLACK
6
CONTINUOUS
10
-4.2272834251968501
20
5.6410094094488183
11
-4.2323818503937005
21
5.6379942519685038
0
LINE
8
BLACK
6
CONTINUOUS
10
-4.2323818503937005
20
5.6379942519685038
11
-4.2370100393700785
21
5.6333660629921258
0
LINE
8
BLACK
6
CONTINUOUS
10
-4.2370100393700785
20
5.6333660629921258
11
-4.2403418110236215
21
5.6277323228346452
0
LINE
8
BLACK
6
CONTINUOUS
10
-4.2403418110236215
20
5.6277323228346452
11
-4.2421650787401575
21
5.6214566929133856
0
LINE
8
BLACK
6
CONTINUOUS
10
-4.2421650787401575
20
5.6214566929133856
11
-4.2206081102362205
21
5.6214566929133856
0
LINE
8
BLACK
6
CONTINUOUS
10
-4.2206081102362205
20
5.6214566929133856
11
-4.2205537795275587
21
5.6215380314960628
0
LINE
8
BLACK
6
CONTINUOUS
10
-4.2205537795275587
20
5.6215380314960628
11
-4.2186379133858267
21
5.6228181889763782
0
LINE
8
BLACK
6
CONTINUOUS
10
-4.2186379133858267
20
5.6228181889763782
11
-4.2163779527559058
21
5.623267716535433
0
LINE
8
BLACK
6
CONTINUOUS
10
-4.2163779527559058
20
5.623267716535433
11
-4.1612598425196845
21
5.623267716535433
0
LINE
8
BLACK
6
CONTINUOUS
10
-4.1612598425196845
20
5.623267716535433
11
-4.1589998818897636
21
5.6228181889763782
0
LINE
8
BLACK
6
CONTINUOUS
10
-4.1589998818897636
20
5.6228181889763782
11
-4.1570840157480315
21
5.6215380314960628
0
LINE
8
BLACK
6
CONTINUOUS
10
-4.1570840157480315
20
5.6215380314960628
11
-4.1570296850393698
21
5.6214566929133856
0
LINE
8
BLACK
6
CONTINUOUS
10
-4.1570296850393698
20
5.6214566929133856
11
-4.1354727165354328
21
5.6214566929133856
0
LINE
8
BLACK
6
CONTINUOUS
10
-4.1354727165354328
20
5.6214566929133856
11
-4.1372960236220475
21
5.6277323228346452
0
LINE
8
BLACK
6
CONTINUOUS
10
-4.1372960236220475
20
5.6277323228346452
11
-4.1406278346456693
21
5.6333661023622046
0
LINE
8
BLACK
6
CONTINUOUS
10
-4.1406278346456693
20
5.6333661023622046
11
-4.1406279133858268
21
5.6333661811023621
0
LINE
8
BLACK
6
CONTINUOUS
10
-4.1406279133858268
20
5.6333661811023621
11
-4.1424832677165355
21
5.6352215748031496
0
LINE
8
BLACK
6
CONTINUOUS
10
-4.1424832677165355
20
5.6352215748031496
11
-4.1433366141732284
21
5.6372816141732285
0
LINE
8
BLACK
6
CONTINUOUS
10
-4.1433366141732284
20
5.6372816141732285
11
-4.1424833070866143
21
5.6393416929133853
0
LINE
8
BLACK
6
CONTINUOUS
10
-4.1424833070866143
20
5.6393416929133853
11
-4.1404232677165353
21
5.640195039370079
0
LINE
8
BLACK
6
CONTINUOUS
10
-4.1404232677165353
20
5.640195039370079
11
-4.1393083464566924
21
5.6399732677165355
0
LINE
8
BLACK
6
CONTINUOUS
10
-4.1393083464566924
20
5.6399732677165355
11
-4.1379238188976375
21
5.6393997637795277
0
LINE
8
BLACK
6
CONTINUOUS
10
-4.1379238188976375
20
5.6393997637795277
11
-4.1379236614173225
21
5.6393997244094489
0
LINE
8
BLACK
6
CONTINUOUS
10
-4.1379236614173225
20
5.6393997244094489
11
-4.131751968503937
21
5.638587244094488
0
LINE
8
BLACK
6
CONTINUOUS
10
-4.131751968503937
20
5.638587244094488
11
-4.1255803149606303
21
5.6393997244094489
0
LINE
8
BLACK
6
CONTINUOUS
10
-4.1255803149606303
20
5.6393997244094489
11
-4.1255802755905515
21
5.6393997244094489
0
LINE
8
BLACK
6
CONTINUOUS
10
-4.1255802755905515
20
5.6393997244094489
11
-4.119829094488189
21
5.6417819685039365
0
LINE
8
BLACK
6
CONTINUOUS
10
-4.119829094488189
20
5.6417819685039365
11
-4.1148905905511812
21
5.6455713779527557
0
LINE
8
BLACK
6
CONTINUOUS
10
-4.1148905905511812
20
5.6455713779527557
11
-4.1148903937007875
21
5.6455715748031494
0
LINE
8
BLACK
6
CONTINUOUS
10
-4.1148903937007875
20
5.6455715748031494
11
-4.1123641338582679
21
5.6488638976377947
0
LINE
8
BLACK
6
CONTINUOUS
10
-4.1123641338582679
20
5.6488638976377947
11
-4.1111009448818896
21
5.650510118110236
0
LINE
8
BLACK
6
CONTINUOUS
10
-4.1111009448818896
20
5.650510118110236
11
-4.1087187401574798
21
5.6562612598425197
0
LINE
8
BLACK
6
CONTINUOUS
10
-4.1087187401574798
20
5.6562612598425197
11
-4.107906220472441
21
5.6624329921259839
0
LINE
8
BLACK
6
CONTINUOUS
10
-4.107906220472441
20
5.6624329921259839
11
-4.1087187401574798
21
5.6686047244094491
0
LINE
8
BLACK
6
CONTINUOUS
10
-4.1087187401574798
20
5.6686047244094491
11
-4.1111009448818896
21
5.6743558661417319
0
LINE
8
BLACK
6
CONTINUOUS
10
-4.1111009448818896
20
5.6743558661417319
11
-4.114890472440945
21
5.679294488188976
0
LINE
8
BLACK
6
CONTINUOUS
10
-4.114890472440945
20
5.679294488188976
11
-4.119829094488189
21
5.6830840157480313
0
LINE
8
BLACK
6
CONTINUOUS
10
-4.119829094488189
20
5.6830840157480313
11
-4.1255802362204728
21
5.6854662204724411
0
LINE
8
BLACK
6
CONTINUOUS
10
-4.1255802362204728
20
5.6854662204724411
11
-4.131751968503937
21
5.6862787401574799
0
LINE
8
BLACK
6
CONTINUOUS
10
-4.131751968503937
20
5.6862787401574799
11
-4.1379237007874012
21
5.6854662204724411
0
LINE
8
BLACK
6
CONTINUOUS
10
-4.1379237007874012
20
5.6854662204724411
11
-4.143674842519685
21
5.6830840157480313
0
LINE
8
BLACK
6
CONTINUOUS
10
-4.143674842519685
20
5.6830840157480313
11
-4.1436748818897637
21
5.6830839763779526
0
LINE
8
BLACK
6
CONTINUOUS
10
-4.1436748818897637
20
5.6830839763779526
11
-4.1486133858267715
21
5.6792945669291335
0
LINE
8
BLACK
6
CONTINUOUS
10
-4.1486133858267715
20
5.6792945669291335
11
-4.1486135433070865
21
5.6792944094488185
0
LINE
8
BLACK
6
CONTINUOUS
10
-4.1486135433070865
20
5.6792944094488185
11
-4.1491600393700789
21
5.6785821653543307
0
LINE
8
BLACK
6
CONTINUOUS
10
-4.1491600393700789
20
5.6785821653543307
11
-4.151091102362205
21
5.677467204724409
0
LINE
8
BLACK
6
CONTINUOUS
10
-4.151091102362205
20
5.677467204724409
11
-4.1528842519685041
21
5.6779147637795271
0
LINE
8
BLACK
6
CONTINUOUS
10
-4.1528842519685041
20
5.6779147637795271
11
-4.1529137007874013
21
5.6778545275590551
0
LINE
8
BLACK
6
CONTINUOUS
10
-4.1529137007874013
20
5.6778545275590551
11
-4.1555380708661414
21
5.6791374803149601
0
LINE
8
BLACK
6
CONTINUOUS
10
-4.1555380708661414
20
5.6791374803149601
11
-4.1572679921259841
21
5.6799831889763777
0
LINE
8
BLACK
6
CONTINUOUS
10
-4.1572679921259841
20
5.6799831889763777
11
-4.1599503937007869
21
5.6803740157480318
0
LINE
8
BLACK
6
CONTINUOUS
10
-4.1599503937007869
20
5.6803740157480318
11
-4.2176874015748034
21
5.6803740157480318
0
LINE
8
BLACK
6
CONTINUOUS
10
-4.2176874015748034
20
5.6803740157480318
11
-4.2203698031496062
21
5.6799831889763777
0
LINE
8
BLACK
6
CONTINUOUS
10
-4.2203698031496062
20
5.6799831889763777
11
-4.2203698818897637
21
5.6799831496062989
0
LINE
8
BLACK
6
CONTINUOUS
10
-4.2203698818897637
20
5.6799831496062989
11
-4.224507204724409
21
5.6779605511811022
0
LINE
8
BLACK
6
CONTINUOUS
10
-4.224507204724409
20
5.6779605511811022
11
-4.2277637007874018
21
5.6747040551181103
0
LINE
8
BLACK
6
CONTINUOUS
10
-4.2277637007874018
20
5.6747040551181103
11
-4.2293274015748032
21
5.6715054330708661
0
LINE
8
BLACK
6
CONTINUOUS
10
-4.2293274015748032
20
5.6715054330708661
11
-4.2309987795275585
21
5.6700294881889759
0
LINE
8
BLACK
6
CONTINUOUS
10
-4.2309987795275585
20
5.6700294881889759
11
-4.2332243307086612
21
5.6701676377952754
0
LINE
8
BLACK
6
CONTINUOUS
10
-4.2332243307086612
20
5.6701676377952754
11
-4.2346363779527554
21
5.6716700787401573
0
LINE
8
BLACK
6
CONTINUOUS
10
-4.2346363779527554
20
5.6716700787401573
11
-4.2350182677165353
21
5.672592165354331
0
LINE
8
BLACK
6
CONTINUOUS
10
-4.2350182677165353
20
5.672592165354331
11
-4.2373996062992125
21
5.6756955511811018
0
LINE
8
BLACK
6
CONTINUOUS
10
-4.2373996062992125
20
5.6756955511811018
11
-4.237976692913386
21
5.6778493307086615
0
LINE
8
BLACK
6
CONTINUOUS
10
-4.237976692913386
20
5.6778493307086615
11
-4.2371483070866143
21
5.6795291338582672
0
LINE
8
BLACK
6
CONTINUOUS
10
-4.2371483070866143
20
5.6795291338582672
11
-4.2256957480314963
21
5.6909816929133861
0
LINE
8
BLACK
6
CONTINUOUS
10
-4.2256957480314963
20
5.6909816929133861
11
-4.2236356692913386
21
5.6918350000000002
0
LINE
8
BLACK
6
CONTINUOUS
10
-4.2236356692913386
20
5.6918350000000002
11
-4.222356181102362
21
5.691539015748031
0
LINE
8
BLACK
6
CONTINUOUS
10
-4.222356181102362
20
5.691539015748031
11
-4.2203698031496062
21
5.6905679921259837
0
LINE
8
BLACK
6
CONTINUOUS
10
-4.2203698031496062
20
5.6905679921259837
11
-4.2203698425196849
21
5.6905679921259837
0
LINE
8
BLACK
6
CONTINUOUS
10
-4.2203698425196849
20
5.6905679921259837
11
-4.2176875984251971
21
5.6901771653543305
0
LINE
8
BLACK
6
CONTINUOUS
10
-4.2176875984251971
20
5.6901771653543305
11
-4.2176874015748034
21
5.6901771653543305
0
LINE
8
BLACK
6
CONTINUOUS
10
-4.2176874015748034
20
5.6901771653543305
11
-4.1599502362204728
21
5.6901771653543305
0
LINE
8
BLACK
6
CONTINUOUS
10
-4.1599502362204728
20
5.6901771653543305
11
-4.1572679921259841
21
5.6905679921259837
0
LINE
8
BLACK
6
CONTINUOUS
10
-4.1572679921259841
20
5.6905679921259837
11
-4.1572679527559053
21
5.6905679921259837
0
LINE
8
BLACK
6
CONTINUOUS
10
-4.1572679527559053
20
5.6905679921259837
11
-4.15313062992126
21
5.6925905905511813
0
LINE
8
BLACK
6
CONTINUOUS
10
-4.15313062992126
20
5.6925905905511813
11
-4.1498740944881884
21
5.695847125984252
0
LINE
8
BLACK
6
CONTINUOUS
10
-4.1498740944881884
20
5.695847125984252
11
-4.1478514960629917
21
5.6999844488188973
0
LINE
8
BLACK
6
CONTINUOUS
10
-4.1478514960629917
20
5.6999844488188973
11
-4.147851456692913
21
5.6999845669291336
0
LINE
8
BLACK
6
CONTINUOUS
10
-4.147851456692913
20
5.6999845669291336
11
-4.1474606299212597
21
5.7026669291338585
0
LINE
8
BLACK
6
CONTINUOUS
10
-4.1474606299212597
20
5.7026669291338585
11
-4.1474606299212597
21
5.717096850393701
0
LINE
8
BLACK
6
CONTINUOUS
10
-4.1474606299212597
20
5.717096850393701
11
-4.147851456692913
21
5.7197792519685038
0
LINE
8
BLACK
6
CONTINUOUS
10
-4.147851456692913
20
5.7197792519685038
11
-4.1498740944881884
21
5.7239166535433066
0
LINE
8
BLACK
6
CONTINUOUS
10
-4.1498740944881884
20
5.7239166535433066
11
-4.1531305905511813
21
5.7271731496062994
0
LINE
8
BLACK
6
CONTINUOUS
10
-4.1531305905511813
20
5.7271731496062994
11
-4.1572679921259841
21
5.7291957874015749
0
LINE
8
BLACK
6
CONTINUOUS
10
-4.1572679921259841
20
5.7291957874015749
11
-4.1599503937007869
21
5.7295866141732281
0
LINE
8
BLACK
6
CONTINUOUS
10
-4.1599503937007869
20
5.7295866141732281
11
-4.2176874015748034
21
5.7295866141732281
0
LINE
8
BLACK
6
CONTINUOUS
10
-4.2176874015748034
20
5.7295866141732281
11
-4.2203698031496062
21
5.7291957874015749
0
LINE
8
BLACK
6
CONTINUOUS
10
-4.2203698031496062
20
5.7291957874015749
11
-4.2203698818897637
21
5.7291957480314961
0
LINE
8
BLACK
6
CONTINUOUS
10
-4.2203698818897637
20
5.7291957480314961
11
-4.224507204724409
21
5.7271731496062994
0
LINE
8
BLACK
6
CONTINUOUS
10
-4.224507204724409
20
5.7271731496062994
11
-4.2251774409448819
21
5.7265029133858265
0
LINE
8
BLACK
6
CONTINUOUS
10
-4.2251774409448819
20
5.7265029133858265
11
-4.2272375196850396
21
5.7256496062992124
0
LINE
8
BLACK
6
CONTINUOUS
10
-4.2272375196850396
20
5.7256496062992124
11
-4.2311703543307084
21
5.7256496062992124
0
LINE
8
BLACK
6
CONTINUOUS
10
-4.2311703543307084
20
5.7256496062992124
11
-4.2351806299212598
21
5.7245750787401573
0
LINE
8
BLACK
6
CONTINUOUS
10
-4.2351806299212598
20
5.7245750787401573
11
-4.2351808267716535
21
5.724574960629921
0
LINE
8
BLACK
6
CONTINUOUS
10
-4.2351808267716535
20
5.724574960629921
11
-4.2369305118110239
21
5.7235647637795273
0
LINE
8
BLACK
6
CONTINUOUS
10
-4.2369305118110239
20
5.7235647637795273
11
-4.2387761023622046
21
5.7224992125984251
0
LINE
8
BLACK
6
CONTINUOUS
10
-4.2387761023622046
20
5.7224992125984251
11
-4.2682866141732285
21
5.6929887007874012
0
LINE
8
BLACK
6
CONTINUOUS
10
-4.2682866141732285
20
5.6929887007874012
11
-4.268286692913386
21
5.6929885826771649
0
LINE
8
BLACK
6
CONTINUOUS
10
-4.268286692913386
20
5.6929885826771649
11
-4.2682867322834648
21
5.6929885433070861
0
LINE
8
BLACK
6
CONTINUOUS
10
-4.2682867322834648
20
5.6929885433070861
11
-4.2703624015748032
21
5.6893933858267713
0
LINE
8
BLACK
6
CONTINUOUS
10
-4.2703624015748032
20
5.6893933858267713
11
-4.2703624803149607
21
5.6893932677165351
0
LINE
8
BLACK
6
CONTINUOUS
10
-4.2703624803149607
20
5.6893932677165351
11
-4.2704949606299207
21
5.6888988188976377
0
LINE
8
BLACK
6
CONTINUOUS
10
-4.2704949606299207
20
5.6888988188976377
11
-4.2711138582677162
21
5.6865888188976372
0
LINE
8
BLACK
6
CONTINUOUS
10
-4.2711138582677162
20
5.6865888188976372
11
-4.2711969291338585
21
5.6862788188976374
0
LINE
8
BLACK
6
CONTINUOUS
10
-4.2711969291338585
20
5.6862788188976374
11
-4.2711969685039373
21
5.6862787401574799
0
LINE
8
BLACK
6
CONTINUOUS
10
-4.2711969685039373
20
5.6862787401574799
11
-4.2714370078740158
21
5.685382952755905
0
LINE
8
BLACK
6
CONTINUOUS
10
-4.2714370078740158
20
5.685382952755905
11
-4.2714370078740158
21
5.679806771653543
0
LINE
8
BLACK
6
CONTINUOUS
10
-4.2714370078740158
20
5.679806771653543
11
-4.2722903149606299
21
5.6777466929133853
0
LINE
8
BLACK
6
CONTINUOUS
10
-4.2722903149606299
20
5.6777466929133853
11
-4.2724897244094491
21
5.677571811023622
0
LINE
8
BLACK
6
CONTINUOUS
10
-4.2724897244094491
20
5.677571811023622
11
-4.2725309448818898
21
5.67753062992126
0
LINE
8
BLACK
6
CONTINUOUS
10
-4.2725309448818898
20
5.67753062992126
11
-4.2740075590551179
21
5.6756062204724405
0
LINE
8
BLACK
6
CONTINUOUS
10
-4.2740075590551179
20
5.6756062204724405
11
-4.275938622047244
21
5.6744912992125984
0
LINE
8
BLACK
6
CONTINUOUS
10
-4.275938622047244
20
5.6744912992125984
11
-4.2780924409448815
21
5.6750684251968506
0
LINE
8
BLACK
6
CONTINUOUS
10
-4.2780924409448815
20
5.6750684251968506
11
-4.2792073622047244
21
5.6769994881889758
0
LINE
8
BLACK
6
CONTINUOUS
10
-4.2792073622047244
20
5.6769994881889758
11
-4.2792322834645669
21
5.6773797637795278
0
LINE
8
BLACK
6
CONTINUOUS
10
-4.2792322834645669
20
5.6773797637795278
11
-4.2792322834645669
21
5.7026813385826767
0
LINE
8
BLACK
6
CONTINUOUS
10
-4.2792322834645669
20
5.7026813385826767
11
-4.2783789763779527
21
5.7047414173228344
0
LINE
8
BLACK
6
CONTINUOUS
10
-4.2783789763779527
20
5.7047414173228344
11
-4.2776415748031491
21
5.7052771653543308
0
LINE
8
BLACK
6
CONTINUOUS
10
-4.2776415748031491
20
5.7052771653543308
11
-4.2747896850393703
21
5.7067303149606294
0
LINE
8
BLACK
6
CONTINUOUS
10
-4.2747896850393703
20
5.7067303149606294
11
-4.2712579527559056
21
5.7102620472440941
0
LINE
8
BLACK
6
CONTINUOUS
10
-4.2712579527559056
20
5.7102620472440941
11
-4.2712579133858268
21
5.7102620866141729
0
LINE
8
BLACK
6
CONTINUOUS
10
-4.2712579133858268
20
5.7102620866141729
11
-4.2712578740157481
21
5.7102621259842516
0
LINE
8
BLACK
6
CONTINUOUS
10
-4.2712578740157481
20
5.7102621259842516
11
-4.2689903149606296
21
5.714712440944882
0
LINE
8
BLACK
6
CONTINUOUS
10
-4.2689903149606296
20
5.714712440944882
11
-4.2684055118110233
21
5.7184047637795272
0
LINE
8
BLACK
6
CONTINUOUS
10
-4.2684055118110233
20
5.7184047637795272
11
-4.2684055511811021
21
5.7320848031496059
0
LINE
8
BLACK
6
CONTINUOUS
10
-4.2684055511811021
20
5.7320848031496059
11
-4.267552244094488
21
5.7341448818897636
0
LINE
8
BLACK
6
CONTINUOUS
10
-4.267552244094488
20
5.7341448818897636
11
-4.2582780708661421
21
5.7434190551181104
0
LINE
8
BLACK
6
CONTINUOUS
10
-4.2582780708661421
20
5.7434190551181104
11
-4.2479527559055121
21
5.7537443700787403
0
LINE
8
BLACK
6
CONTINUOUS
10
-4.2479527559055121
20
5.7537443700787403
11
-4.2479042913385827
21
5.7538282677165355
0
LINE
8
BLACK
6
CONTINUOUS
10
-4.2479042913385827
20
5.7538282677165355
11
-4.246493622047244
21
5.7562716929133861
0
LINE
8
BLACK
6
CONTINUOUS
10
-4.246493622047244
20
5.7562716929133861
11
-4.2458768897637791
21
5.7573398425196851
0
LINE
8
BLACK
6
CONTINUOUS
10
-4.2458768897637791
20
5.7573398425196851
11
-4.244802362204724
21
5.7613501181102365
0
LINE
8
BLACK
6
CONTINUOUS
10
-4.244802362204724
20
5.7613501181102365
11
-4.244802362204724
21
5.7655018503937008
0
LINE
8
BLACK
6
CONTINUOUS
10
-4.244802362204724
20
5.7655018503937008
11
-4.244802362204724
21
5.7663096062992123
0
LINE
8
BLACK
6
CONTINUOUS
10
-4.244802362204724
20
5.7663096062992123
11
-4.244802362204724
21
5.8437599999999996
0
LINE
8
BLACK
6
CONTINUOUS
10
-4.244802362204724
20
5.8437599999999996
11
-4.244802362204724
21
5.8676459448818896
0
LINE
8
BLACK
6
CONTINUOUS
10
-4.244802362204724
20
5.8676459448818896
11
-4.244802362204724
21
5.8676460236220471
0
LINE
8
BLACK
6
CONTINUOUS
10
-4.244802362204724
20
5.8676460236220471
11
-4.2457407086614172
21
5.871147952755905
0
LINE
8
BLACK
6
CONTINUOUS
10
-4.2457407086614172
20
5.871147952755905
11
-4.2458768897637791
21
5.8716561811023622
0
LINE
8
BLACK
6
CONTINUOUS
10
-4.2458768897637791
20
5.8716561811023622
11
-4.2479527559055121
21
5.8752516929133858
0
LINE
8
BLACK
6
CONTINUOUS
10
-4.2479527559055121
20
5.8752516929133858
11
-4.2508884645669287
21
5.8781874015748032
0
LINE
8
BLACK
6
CONTINUOUS
10
-4.2508884645669287
20
5.8781874015748032
11
-4.2825522834645664
21
5.9098511417322834
0
LINE
8
BLACK
6
CONTINUOUS
10
-4.2825522834645664
20
5.9098511417322834
11
-4.2834055511811027
21
5.9119112204724411
0
LINE
8
BLACK
6
CONTINUOUS
10
-4.2834055511811027
20
5.9119112204724411
11
-4.2834055511811027
21
5.9255912992125985
0
LINE
8
BLACK
6
CONTINUOUS
10
-4.2834055511811027
20
5.9255912992125985
11
-4.2839903149606302
21
5.9292836220472438
0
LINE
8
BLACK
6
CONTINUOUS
10
-4.2839903149606302
20
5.9292836220472438
11
-4.283990354330709
21
5.9292837007874013
0
LINE
8
BLACK
6
CONTINUOUS
10
-4.283990354330709
20
5.9292837007874013
11
-4.2840327559055114
21
5.929366889763779
0
LINE
8
BLACK
6
CONTINUOUS
10
-4.2840327559055114
20
5.929366889763779
11
-4.2862578740157478
21
5.9337339370078741
0
LINE
8
BLACK
6
CONTINUOUS
10
-4.2862578740157478
20
5.9337339370078741
11
-4.28978968503937
21
5.9372657480314963
0
LINE
8
BLACK
6
CONTINUOUS
10
-4.28978968503937
20
5.9372657480314963
11
-4.2942400000000003
21
5.9395333070866139
0
LINE
8
BLACK
6
CONTINUOUS
10
-4.2942400000000003
20
5.9395333070866139
11
-4.2979323228346455
21
5.9401181102362202
0
LINE
8
BLACK
6
CONTINUOUS
10
-4.2979323228346455
20
5.9401181102362202
11
-4.3220676377952758
21
5.9401180708661414
0
LINE
8
BLACK
6
CONTINUOUS
10
-4.3220676377952758
20
5.9401180708661414
11
-4.3220677165354333
21
5.9401180708661414
0
LINE
8
BLACK
6
CONTINUOUS
10
-4.3220677165354333
20
5.9401180708661414
11
-4.3257600393700786
21
5.9395333070866139
0
LINE
8
BLACK
6
CONTINUOUS
10
-4.3257600393700786
20
5.9395333070866139
11
-4.3257601181102361
21
5.9395332677165351
0
LINE
8
BLACK
6
CONTINUOUS
10
-4.3257601181102361
20
5.9395332677165351
11
-4.3276645669291334
21
5.9385628740157479
0
LINE
8
BLACK
6
CONTINUOUS
10
-4.3276645669291334
20
5.9385628740157479
11
-4.3302103149606301
21
5.9372657480314963
0
LINE
8
BLACK
6
CONTINUOUS
10
-4.3302103149606301
20
5.9372657480314963
11
-4.3302103543307089
21
5.9372657086614176
0
LINE
8
BLACK
6
CONTINUOUS
10
-4.3302103543307089
20
5.9372657086614176
11
-4.3337421259842515
21
5.9337339370078741
0
LINE
8
BLACK
6
CONTINUOUS
10
-4.3337421259842515
20
5.9337339370078741
11
-4.3344429921259842
21
5.93235842519685
0
LINE
8
BLACK
6
CONTINUOUS
10
-4.3344429921259842
20
5.93235842519685
11
-4.3361385433070865
21
5.9309103149606299
0
LINE
8
BLACK
6
CONTINUOUS
10
-4.3361385433070865
20
5.9309103149606299
11
-4.3370388188976374
21
5.9307677165354331
0
LINE
8
BLACK
6
CONTINUOUS
10
-4.3370388188976374
20
5.9307677165354331
11
-4.3629611811023619
21
5.9307677165354331
0
LINE
8
BLACK
6
CONTINUOUS
10
-4.3629611811023619
20
5.9307677165354331
11
-4.3650212598425195
21
5.9316210236220472
0
LINE
8
BLACK
6
CONTINUOUS
10
-4.3650212598425195
20
5.9316210236220472
11
-4.365557007874016
21
5.93235842519685
0
LINE
8
BLACK
6
CONTINUOUS
10
-4.365557007874016
20
5.93235842519685
11
-4.3656159448818901
21
5.9324740944881889
0
LINE
8
BLACK
6
CONTINUOUS
10
-4.3656159448818901
20
5.9324740944881889
11
-4.3662578740157478
21
5.9337339370078741
0
LINE
8
BLACK
6
CONTINUOUS
10
-4.3662578740157478
20
5.9337339370078741
11
-4.36978968503937
21
5.9372657480314963
0
LINE
8
BLACK
6
CONTINUOUS
10
-4.36978968503937
20
5.9372657480314963
11
-4.3742399999999995
21
5.9395333070866139
0
LINE
8
BLACK
6
CONTINUOUS
10
-4.3742399999999995
20
5.9395333070866139
11
-4.3779323228346456
21
5.9401181102362202
0
LINE
8
BLACK
6
CONTINUOUS
10
-4.3779323228346456
20
5.9401181102362202
11
-4.4020676377952759
21
5.9401180708661414
0
LINE
8
BLACK
6
CONTINUOUS
10
-4.4020676377952759
20
5.9401180708661414
11
-4.4020677165354334
21
5.9401180708661414
0
LINE
8
BLACK
6
CONTINUOUS
10
-4.4020677165354334
20
5.9401180708661414
11
-4.4057600393700787
21
5.9395333070866139
0
LINE
8
BLACK
6
CONTINUOUS
10
-4.4057600393700787
20
5.9395333070866139
11
-4.4057601181102362
21
5.9395332677165351
0
LINE
8
BLACK
6
CONTINUOUS
10
-4.4057601181102362
20
5.9395332677165351
11
-4.4076645669291334
21
5.9385628740157479
0
LINE
8
BLACK
6
CONTINUOUS
10
-4.4076645669291334
20
5.9385628740157479
11
-4.4102103149606302
21
5.9372657480314963
0
LINE
8
BLACK
6
CONTINUOUS
10
-4.4102103149606302
20
5.9372657480314963
11
-4.4137421259842515
21
5.9337339370078741
0
LINE
8
BLACK
6
CONTINUOUS
10
-4.4137421259842515
20
5.9337339370078741
11
-4.41600968503937
21
5.9292836220472438
0
LINE
8
BLACK
6
CONTINUOUS
10
-4.41600968503937
20
5.9292836220472438
11
-4.4160097244094487
21
5.9292835433070863
0
LINE
8
BLACK
6
CONTINUOUS
10
-4.4160097244094487
20
5.9292835433070863
11
-4.4160097244094487
21
5.9292835039370075
0
LINE
8
BLACK
6
CONTINUOUS
10
-4.4160097244094487
20
5.9292835039370075
11
-4.4165944881889763
21
5.9255912992125985
0
LINE
8
BLACK
6
CONTINUOUS
10
-4.4165944881889763
20
5.9255912992125985
11
-4.4165944881889763
21
5.9073614173228348
0
LINE
8
BLACK
6
CONTINUOUS
10
-4.4165944881889763
20
5.9073614173228348
11
-4.4160097244094487
21
5.9036690944881887
0
LINE
8
BLACK
6
CONTINUOUS
10
-4.4160097244094487
20
5.9036690944881887
11
-4.41600968503937
21
5.9036690157480312
0
LINE
8
BLACK
6
CONTINUOUS
10
-4.41600968503937
20
5.9036690157480312
11
-4.4137421259842515
21
5.8992187795275592
0
LINE
8
BLACK
6
CONTINUOUS
10
-4.4137421259842515
20
5.8992187795275592
11
-4.4102103937007877
21
5.8956870472440945
0
LINE
8
BLACK
6
CONTINUOUS
10
-4.4102103937007877
20
5.8956870472440945
11
-4.4057599212598424
21
5.8934194094488186
0
LINE
8
BLACK
6
CONTINUOUS
10
-4.4057599212598424
20
5.8934194094488186
11
-4.4020677165354334
21
5.892834645669291
0
LINE
8
BLACK
6
CONTINUOUS
10
-4.4020677165354334
20
5.892834645669291
11
-4.4020676771653546
21
5.892834645669291
0
LINE
8
BLACK
6
CONTINUOUS
10
-4.4020676771653546
20
5.892834645669291
11
-4.3779322834645669
21
5.892834645669291
0
LINE
8
BLACK
6
CONTINUOUS
10
-4.3779322834645669
20
5.892834645669291
11
-4.3779322834645669
21
5.8928346850393698
0
LINE
8
BLACK
6
CONTINUOUS
10
-4.3779322834645669
20
5.8928346850393698
11
-4.3742399999999995
21
5.8934194094488186
0
LINE
8
BLACK
6
CONTINUOUS
10
-4.3742399999999995
20
5.8934194094488186
11
-4.3742399212598428
21
5.8934194488188973
0
LINE
8
BLACK
6
CONTINUOUS
10
-4.3742399212598428
20
5.8934194488188973
11
-4.36978968503937
21
5.8956870078740158
0
LINE
8
BLACK
6
CONTINUOUS
10
-4.36978968503937
20
5.8956870078740158
11
-4.367097716535433
21
5.8983789763779528
0
LINE
8
BLACK
6
CONTINUOUS
10
-4.367097716535433
20
5.8983789763779528
11
-4.3650376377952753
21
5.899232283464567
0
LINE
8
BLACK
6
CONTINUOUS
10
-4.3650376377952753
20
5.899232283464567
11
-4.3570758661417326
21
5.899232283464567
0
LINE
8
BLACK
6
CONTINUOUS
10
-4.3570758661417326
20
5.899232283464567
11
-4.334962362204724
21
5.899232283464567
0
LINE
8
BLACK
6
CONTINUOUS
10
-4.334962362204724
20
5.899232283464567
11
-4.3329022834645672
21
5.8983789763779528
0
LINE
8
BLACK
6
CONTINUOUS
10
-4.3329022834645672
20
5.8983789763779528
11
-4.3302103937007876
21
5.8956870472440945
0
LINE
8
BLACK
6
CONTINUOUS
10
-4.3302103937007876
20
5.8956870472440945
11
-4.3257599212598423
21
5.8934194094488186
0
LINE
8
BLACK
6
CONTINUOUS
10
-4.3257599212598423
20
5.8934194094488186
11
-4.3220677165354333
21
5.892834645669291
0
LINE
8
BLACK
6
CONTINUOUS
10
-4.3220677165354333
20
5.892834645669291
11
-4.3220676771653546
21
5.892834645669291
0
LINE
8
BLACK
6
CONTINUOUS
10
-4.3220676771653546
20
5.892834645669291
11
-4.311340393700787
21
5.892834645669291
0
LINE
8
BLACK
6
CONTINUOUS
10
-4.311340393700787
20
5.892834645669291
11
-4.3092803149606302
21
5.8919813385826769
0
LINE
8
BLACK
6
CONTINUOUS
10
-4.3092803149606302
20
5.8919813385826769
11
-4.2974299212598428
21
5.8801309055118107
0
LINE
8
BLACK
6
CONTINUOUS
10
-4.2974299212598428
20
5.8801309055118107
11
-4.2965766141732287
21
5.878070826771653
0
LINE
8
BLACK
6
CONTINUOUS
10
-4.2965766141732287
20
5.878070826771653
11
-4.2974299212598428
21
5.8760107480314963
0
LINE
8
BLACK
6
CONTINUOUS
10
-4.2974299212598428
20
5.8760107480314963
11
-4.2994899212598421
21
5.8751574409448821
0
LINE
8
BLACK
6
CONTINUOUS
10
-4.2994899212598421
20
5.8751574409448821
11
-4.3220676377952758
21
5.8751574409448821
0
LINE
8
BLACK
6
CONTINUOUS
10
-4.3220676377952758
20
5.8751574409448821
11
-4.3220677165354333
21
5.8751574409448821
0
LINE
8
BLACK
6
CONTINUOUS
10
-4.3220677165354333
20
5.8751574409448821
11
-4.3257600393700786
21
5.8745726771653546
0
LINE
8
BLACK
6
CONTINUOUS
10
-4.3257600393700786
20
5.8745726771653546
11
-4.3257601181102361
21
5.8745726377952758
0
LINE
8
BLACK
6
CONTINUOUS
10
-4.3257601181102361
20
5.8745726377952758
11
-4.3268409055118111
21
5.8740219291338578
0
LINE
8
BLACK
6
CONTINUOUS
10
-4.3268409055118111
20
5.8740219291338578
11
-4.3302103149606301
21
5.8723051181102361
0
LINE
8
BLACK
6
CONTINUOUS
10
-4.3302103149606301
20
5.8723051181102361
11
-4.3302103543307089
21
5.8723050787401574
0
LINE
8
BLACK
6
CONTINUOUS
10
-4.3302103543307089
20
5.8723050787401574
11
-4.3329022834645672
21
5.8696131496062991
0
LINE
8
BLACK
6
CONTINUOUS
10
-4.3329022834645672
20
5.8696131496062991
11
-4.334962362204724
21
5.868759842519685
0
LINE
8
BLACK
6
CONTINUOUS
10
-4.334962362204724
20
5.868759842519685
11
-4.3386728740157476
21
5.868759842519685
0
LINE
8
BLACK
6
CONTINUOUS
10
-4.3386728740157476
20
5.868759842519685
11
-4.342683149606299
21
5.8676853149606298
0
LINE
8
BLACK
6
CONTINUOUS
10
-4.342683149606299
20
5.8676853149606298
11
-4.3427513385826773
21
5.8676459448818896
0
LINE
8
BLACK
6
CONTINUOUS
10
-4.3427513385826773
20
5.8676459448818896
11
-4.3451555118110239
21
5.8662578740157478
0
LINE
8
BLACK
6
CONTINUOUS
10
-4.3451555118110239
20
5.8662578740157478
11
-4.3462786220472438
21
5.8656094488188977
0
LINE
8
BLACK
6
CONTINUOUS
10
-4.3462786220472438
20
5.8656094488188977
11
-4.3584321653543308
21
5.8534559055118107
0
LINE
8
BLACK
6
CONTINUOUS
10
-4.3584321653543308
20
5.8534559055118107
11
-4.3604921653543309
21
5.8526026377952753
0
LINE
8
BLACK
6
CONTINUOUS
10
-4.3604921653543309
20
5.8526026377952753
11
-4.3625522440944877
21
5.8534559448818895
0
LINE
8
BLACK
6
CONTINUOUS
10
-4.3625522440944877
20
5.8534559448818895
11
-4.3634055511811018
21
5.8555160236220472
0
LINE
8
BLACK
6
CONTINUOUS
10
-4.3634055511811018
20
5.8555160236220472
11
-4.3634055511811018
21
5.8606306692913384
0
LINE
8
BLACK
6
CONTINUOUS
10
-4.3634055511811018
20
5.8606306692913384
11
-4.3639903149606294
21
5.8643229921259845
0
LINE
8
BLACK
6
CONTINUOUS
10
-4.3639903149606294
20
5.8643229921259845
11
-4.3639903543307081
21
5.864323070866142
0
LINE
8
BLACK
6
CONTINUOUS
10
-4.3639903543307081
20
5.864323070866142
11
-4.3645084645669288
21
5.8653399212598423
0
LINE
8
BLACK
6
CONTINUOUS
10
-4.3645084645669288
20
5.8653399212598423
11
-4.3662578740157478
21
5.8687733070866139
0
LINE
8
BLACK
6
CONTINUOUS
10
-4.3662578740157478
20
5.8687733070866139
11
-4.36978968503937
21
5.8723051181102361
0
LINE
8
BLACK
6
CONTINUOUS
10
-4.36978968503937
20
5.8723051181102361
11
-4.3742399999999995
21
5.8745726771653546
0
LINE
8
BLACK
6
CONTINUOUS
10
-4.3742399999999995
20
5.8745726771653546
11
-4.3779323228346456
21
5.8751574803149609
0
LINE
8
BLACK
6
CONTINUOUS
10
-4.3779323228346456
20
5.8751574803149609
11
-4.4020676377952759
21
5.8751574409448821
0
LINE
8
BLACK
6
CONTINUOUS
10
-4.4020676377952759
20
5.8751574409448821
11
-4.4020677165354334
21
5.8751574409448821
0
LINE
8
BLACK
6
CONTINUOUS
10
-4.4020677165354334
20
5.8751574409448821
11
-4.4057600393700787
21
5.8745726771653546
0
LINE
8
BLACK
6
CONTINUOUS
10
-4.4057600393700787
20
5.8745726771653546
11
-4.4057601181102362
21
5.8745726377952758
0
LINE
8
BLACK
6
CONTINUOUS
10
-4.4057601181102362
20
5.8745726377952758
11
-4.4068409055118112
21
5.8740219291338578
0
LINE
8
BLACK
6
CONTINUOUS
10
-4.4068409055118112
20
5.8740219291338578
11
-4.4102103149606302
21
5.8723051181102361
0
LINE
8
BLACK
6
CONTINUOUS
10
-4.4102103149606302
20
5.8723051181102361
11
-4.4137421259842515
21
5.8687733070866139
0
LINE
8
BLACK
6
CONTINUOUS
10
-4.4137421259842515
20
5.8687733070866139
11
-4.41600968503937
21
5.8643229921259845
0
LINE
8
BLACK
6
CONTINUOUS
10
-4.41600968503937
20
5.8643229921259845
11
-4.4160097244094487
21
5.864322913385827
0
LINE
8
BLACK
6
CONTINUOUS
10
-4.4160097244094487
20
5.864322913385827
11
-4.4160097244094487
21
5.8643228740157483
0
LINE
8
BLACK
6
CONTINUOUS
10
-4.4160097244094487
20
5.8643228740157483
11
-4.4165944881889763
21
5.8606306692913384
0
LINE
8
BLACK
6
CONTINUOUS
10
-4.4165944881889763
20
5.8606306692913384
11
-4.4165944881889763
21
5.8499033070866142
0
LINE
8
BLACK
6
CONTINUOUS
10
-4.4165944881889763
20
5.8499033070866142
11
-4.4174477952755904
21
5.8478432677165353
0
LINE
8
BLACK
6
CONTINUOUS
10
-4.4174477952755904
20
5.8478432677165353
11
-4.4354125984251969
21
5.8298784645669288
0
LINE
8
BLACK
6
CONTINUOUS
10
-4.4354125984251969
20
5.8298784645669288
11
-4.4354126771653544
21
5.8298783464566926
0
LINE
8
BLACK
6
CONTINUOUS
10
-4.4354126771653544
20
5.8298783464566926
11
-4.4354127165354331
21
5.8298783070866138
0
LINE
8
BLACK
6
CONTINUOUS
10
-4.4354127165354331
20
5.8298783070866138
11
-4.437488464566929
21
5.8262830314960627
0
LINE
8
BLACK
6
CONTINUOUS
10
-4.437488464566929
20
5.8262830314960627
11
-4.4374885433070865
21
5.826282834645669
0
LINE
8
BLACK
6
CONTINUOUS
10
-4.4374885433070865
20
5.826282834645669
11
-4.4380379921259845
21
5.8242323228346455
0
LINE
8
BLACK
6
CONTINUOUS
10
-4.4380379921259845
20
5.8242323228346455
11
-4.4380379527559057
21
5.8242323228346455
0
LINE
8
BLACK
6
CONTINUOUS
10
-4.4380379527559057
20
5.8242323228346455
11
-4.4385629921259842
21
5.8222727165354327
0
LINE
8
BLACK
6
CONTINUOUS
10
-4.4385629921259842
20
5.8222727165354327
11
-4.4385629921259842
21
5.8112401574803147
0
LINE
8
BLACK
6
CONTINUOUS
10
-4.4385629921259842
20
5.8112401574803147
11
-4.4394162992125983
21
5.8091800787401571
0
LINE
8
BLACK
6
CONTINUOUS
10
-4.4394162992125983
20
5.8091800787401571
11
-4.441476377952756
21
5.8083267716535429
0
LINE
8
BLACK
6
CONTINUOUS
10
-4.441476377952756
20
5.8083267716535429
11
-4.4580215748031495
21
5.8083267716535429
0
LINE
8
BLACK
6
CONTINUOUS
10
-4.4580215748031495
20
5.8083267716535429
11
-4.46032405511811
21
5.807868779527559
0
LINE
8
BLACK
6
CONTINUOUS
10
-4.46032405511811
20
5.807868779527559
11
-4.4603241338582675
21
5.8078687401574802
0
LINE
8
BLACK
6
CONTINUOUS
10
-4.4603241338582675
20
5.8078687401574802
11
-4.4611984251968506
21
5.8072845275590552
0
LINE
8
BLACK
6
CONTINUOUS
10
-4.4611984251968506
20
5.8072845275590552
11
-4.4629351181102361
21
5.8061240944881884
0
LINE
8
BLACK
6
CONTINUOUS
10
-4.4629351181102361
20
5.8061240944881884
11
-4.4629351574803149
21
5.8061240157480309
0
LINE
8
BLACK
6
CONTINUOUS
10
-4.4629351574803149
20
5.8061240157480309
11
-4.4646798031496058
21
5.803513070866142
0
LINE
8
BLACK
6
CONTINUOUS
10
-4.4646798031496058
20
5.803513070866142
11
-4.4646798031496058
21
5.8035130314960632
0
LINE
8
BLACK
6
CONTINUOUS
10
-4.4646798031496058
20
5.8035130314960632
11
-4.4651247637795271
21
5.8012759448818896
0
LINE
8
BLACK
6
CONTINUOUS
10
-4.4651247637795271
20
5.8012759448818896
11
-4.4651377952755906
21
5.8012104724409443
0
LINE
8
BLACK
6
CONTINUOUS
10
-4.4651377952755906
20
5.8012104724409443
11
-4.4651377952755906
21
5.75895842519685
0
LINE
8
BLACK
6
CONTINUOUS
10
-4.4651377952755906
20
5.75895842519685
11
-4.4659911023622048
21
5.7568983858267719
0
LINE
8
BLACK
6
CONTINUOUS
10
-4.4659911023622048
20
5.7568983858267719
11
-4.5176173228346457
21
5.705272165354331
0
LINE
8
BLACK
6
CONTINUOUS
10
-4.5176173228346457
20
5.705272165354331
11
-4.5176174015748032
21
5.7052720472440948
0
LINE
8
BLACK
6
CONTINUOUS
10
-4.5176174015748032
20
5.7052720472440948
11
-4.5176174409448819
21
5.705272007874016
0
LINE
8
BLACK
6
CONTINUOUS
10
-4.5176174409448819
20
5.705272007874016
11
-4.5196931889763778
21
5.7016767322834641
0
LINE
8
BLACK
6
CONTINUOUS
10
-4.5196931889763778
20
5.7016767322834641
11
-4.5196932677165353
21
5.7016765354330712
0
LINE
8
BLACK
6
CONTINUOUS
10
-4.5196932677165353
20
5.7016765354330712
11
-4.520088818897638
21
5.7002003149606297
0
LINE
8
BLACK
6
CONTINUOUS
10
-4.520088818897638
20
5.7002003149606297
11
-4.5200887795275593
21
5.7002003149606297
0
LINE
8
BLACK
6
CONTINUOUS
10
-4.5200887795275593
20
5.7002003149606297
11
-4.520767716535433
21
5.6976664173228349
0
LINE
8
BLACK
6
CONTINUOUS
10
-4.520767716535433
20
5.6976664173228349
11
-4.520767716535433
21
5.6976663385826773
0
LINE
8
BLACK
6
CONTINUOUS
10
-4.520767716535433
20
5.6976663385826773
11
-4.520767716535433
21
5.6679687007874016
0
LINE
8
BLACK
6
CONTINUOUS
10
-4.520767716535433
20
5.6679687007874016
11
-4.5216210236220471
21
5.6659086220472439
0
LINE
8
BLACK
6
CONTINUOUS
10
-4.5216210236220471
20
5.6659086220472439
11
-4.5236811023622048
21
5.6650553149606298
0
LINE
8
BLACK
6
CONTINUOUS
10
-4.5236811023622048
20
5.6650553149606298
11
-4.5251883070866139
21
5.6654754724409448
0
LINE
8
BLACK
6
CONTINUOUS
10
-4.5251883070866139
20
5.6654754724409448
11
-4.5276496062992129
21
5.6669633464566926
0
LINE
8
BLACK
6
CONTINUOUS
10
-4.5276496062992129
20
5.6669633464566926
11
-4.5341117322834643
21
5.668977007874016
0
LINE
8
BLACK
6
CONTINUOUS
10
-4.5341117322834643
20
5.668977007874016
11
-4.5341121259842518
21
5.6689770866141727
0
LINE
8
BLACK
6
CONTINUOUS
10
-4.5341121259842518
20
5.6689770866141727
11
-4.5369201968503932
21
5.6692322440944878
0
LINE
8
BLACK
6
CONTINUOUS
10
-4.5369201968503932
20
5.6692322440944878
11
-4.54
21
5.6692322440944878
0
LINE
8
BLACK
6
CONTINUOUS
10
-4.54
20
5.6692322440944878
11
-4.54
21
5.649232283464567
0
LINE
8
BLACK
6
CONTINUOUS
10
-4.54
20
5.649232283464567
11
-4.5391732283464563
21
5.649232283464567
0
LINE
8
BLACK
6
CONTINUOUS
10
-4.5391732283464563
20
5.649232283464567
11
-4.536159960629921
21
5.6486329133858266
0
LINE
8
BLACK
6
CONTINUOUS
10
-4.536159960629921
20
5.6486329133858266
11
-4.5336054724409447
21
5.6469260236220471
0
LINE
8
BLACK
6
CONTINUOUS
10
-4.5336054724409447
20
5.6469260236220471
11
-4.5318985826771652
21
5.6443715354330708
0
LINE
8
BLACK
6
CONTINUOUS
10
-4.5318985826771652
20
5.6443715354330708
11
-4.5312992125984248
21
5.6413582677165355
0
LINE
8
BLACK
6
CONTINUOUS
10
-4.5312992125984248
20
5.6413582677165355
11
-4.5312992125984248
21
5.6256102362204725
0
LINE
8
BLACK
6
CONTINUOUS
10
-4.5312992125984248
20
5.6256102362204725
11
-4.5318985826771652
21
5.6225969685039372
0
LINE
8
BLACK
6
CONTINUOUS
10
-4.5318985826771652
20
5.6225969685039372
11
-4.5336054724409447
21
5.6200424803149609
0
LINE
8
BLACK
6
CONTINUOUS
10
-4.5336054724409447
20
5.6200424803149609
11
-4.536159960629921
21
5.6183355905511814
0
LINE
8
BLACK
6
CONTINUOUS
10
-4.536159960629921
20
5.6183355905511814
11
-4.5391732283464563
21
5.617736220472441
0
LINE
8
BLACK
6
CONTINUOUS
10
-4.5391732283464563
20
5.617736220472441
11
-4.5608267716535433
21
5.617736220472441
0
LINE
8
BLACK
6
CONTINUOUS
10
-4.5608267716535433
20
5.617736220472441
11
-4.5638400393700786
21
5.6183355905511814
0
LINE
8
BLACK
6
CONTINUOUS
10
-4.5638400393700786
20
5.6183355905511814
11
-4.5663945275590549
21
5.6200424803149609
0
LINE
8
BLACK
6
CONTINUOUS
10
-4.5663945275590549
20
5.6200424803149609
11
-4.5681014173228345
21
5.6225969685039372
0
LINE
8
BLACK
6
CONTINUOUS
10
-4.5681014173228345
20
5.6225969685039372
11
-4.5682779133858267
21
5.6234842519685042
0
LINE
8
BLACK
6
CONTINUOUS
10
-4.5682779133858267
20
5.6234842519685042
11
-4.5887007480314956
21
5.6234842519685042
0
LINE
8
BLACK
6
CONTINUOUS
10
-4.5887007480314956
20
5.6234842519685042
11
-4.5887007480314956
21
5.6233569685039368
0
LINE
8
BLACK
6
CONTINUOUS
10
-4.5887007480314956
20
5.6233569685039368
11
-4.5884456299212601
21
5.620548976377953
0
LINE
8
BLACK
6
CONTINUOUS
10
-4.5884456299212601
20
5.620548976377953
11
-4.5884455905511814
21
5.620548818897638
0
LINE
8
BLACK
6
CONTINUOUS
10
-4.5884455905511814
20
5.620548818897638
11
-4.5864318897637792
21
5.6140865748031494
0
LINE
8
BLACK
6
CONTINUOUS
10
-4.5864318897637792
20
5.6140865748031494
11
-4.5829298818897639
21
5.6082935039370074
0
LINE
8
BLACK
6
CONTINUOUS
10
-4.5829298818897639
20
5.6082935039370074
11
-4.5805940551181106
21
5.6059577165354328
0
LINE
8
BLACK
6
CONTINUOUS
10
-4.5805940551181106
20
5.6059577165354328
11
-4.5797407480314956
21
5.6038976377952752
0
LINE
8
BLACK
6
CONTINUOUS
10
-4.5797407480314956
20
5.6038976377952752
11
-4.5805940551181106
21
5.6018375590551184
0
LINE
8
BLACK
6
CONTINUOUS
10
-4.5805940551181106
20
5.6018375590551184
11
-4.5826541338582674
21
5.6009842519685042
0
LINE
8
BLACK
6
CONTINUOUS
10
-4.5826541338582674
20
5.6009842519685042
11
-4.5949803149606296
21
5.6009842519685042
0
LINE
8
BLACK
6
CONTINUOUS
10
-4.5949803149606296
20
5.6009842519685042
11
-4.5970403937007873
21
5.6018375590551184
0
LINE
8
BLACK
6
CONTINUOUS
10
-4.5970403937007873
20
5.6018375590551184
11
-4.5978937007874014
21
5.6038976377952752
0
LINE
8
BLACK
6
CONTINUOUS
10
-4.5978937007874014
20
5.6038976377952752
11
-4.5978937007874014
21
5.6067028740157481
0
LINE
8
BLACK
6
CONTINUOUS
10
-4.5978937007874014
20
5.6067028740157481
11
-4.5978937007874014
21
5.6067031496062993
0
LINE
8
BLACK
6
CONTINUOUS
10
-4.5978937007874014
20
5.6067031496062993
11
-4.5982845275590547
21
5.6093855511811022
0
LINE
8
BLACK
6
CONTINUOUS
10
-4.5982845275590547
20
5.6093855511811022
11
-4.600307165354331
21
5.613522952755905
0
LINE
8
BLACK
6
CONTINUOUS
10
-4.600307165354331
20
5.613522952755905
11
-4.603563661417323
21
5.6167794488188978
0
LINE
8
BLACK
6
CONTINUOUS
10
-4.603563661417323
20
5.6167794488188978
11
-4.6077010629921258
21
5.6188020866141732
0
LINE
8
BLACK
6
CONTINUOUS
10
-4.6077010629921258
20
5.6188020866141732
11
-4.6103834645669286
21
5.6191929133858265
0
LINE
8
BLACK
6
CONTINUOUS
10
-4.6103834645669286
20
5.6191929133858265
11
-4.6248133858267719
21
5.6191929133858265
0
LINE
8
BLACK
6
CONTINUOUS
10
-4.6248133858267719
20
5.6191929133858265
11
-4.6250392125984252
21
5.6191599999999999
0
LINE
8
BLACK
6
CONTINUOUS
10
-4.6250392125984252
20
5.6191599999999999
11
-4.6272007480314956
21
5.619707204724409
0
LINE
8
BLACK
6
CONTINUOUS
10
-4.6272007480314956
20
5.619707204724409
11
-4.6279671653543302
21
5.620560039370079
0
LINE
8
BLACK
6
CONTINUOUS
10
-4.6279671653543302
20
5.620560039370079
11
-4.6284624409448814
21
5.6213975590551177
0
LINE
8
BLACK
6
CONTINUOUS
10
-4.6284624409448814
20
5.6213975590551177
11
-4.6330906299212593
21
5.6260257480314957
0
LINE
8
BLACK
6
CONTINUOUS
10
-4.6330906299212593
20
5.6260257480314957
11
-4.6387244881889762
21
5.6293575590551184
0
LINE
8
BLACK
6
CONTINUOUS
10
-4.6387244881889762
20
5.6293575590551184
11
-4.6387244488188975
21
5.6293575590551184
0
LINE
8
BLACK
6
CONTINUOUS
10
-4.6387244488188975
20
5.6293575590551184
11
-4.6393047637795277
21
5.6295261417322831
0
LINE
8
BLACK
6
CONTINUOUS
10
-4.6393047637795277
20
5.6295261417322831
11
-4.6392519685039373
21
5.6291929133858263
0
LINE
8
BLACK
6
CONTINUOUS
10
-4.6392519685039373
20
5.6291929133858263
11
-4.6400227165354329
21
5.6243264960629924
0
LINE
8
BLACK
6
CONTINUOUS
10
-4.6400227165354329
20
5.6243264960629924
11
-4.642259566929134
21
5.6199364566929129
0
LINE
8
BLACK
6
CONTINUOUS
10
-4.642259566929134
20
5.6199364566929129
11
-4.6449999999999996
21
5.6171960236220473
0
LINE
8
BLACK
6
CONTINUOUS
10
-4.6449999999999996
20
5.6171960236220473
11
-4.6449999999999996
21
5.6096238582677165
0
LINE
8
BLACK
6
CONTINUOUS
10
-4.6449999999999996
20
5.6096238582677165
11
-4.6449186614173223
21
5.6095695275590547
0
LINE
8
BLACK
6
CONTINUOUS
10
-4.6449186614173223
20
5.6095695275590547
11
-4.6436385039370078
21
5.6076536614173227
0
LINE
8
BLACK
6
CONTINUOUS
10
-4.6436385039370078
20
5.6076536614173227
11
-4.643188976377953
21
5.6053937007874017
0
LINE
8
BLACK
6
CONTINUOUS
10
-4.643188976377953
20
5.6053937007874017
11
-4.643188976377953
21
5.5650393700787397
0
LINE
8
BLACK
6
CONTINUOUS
10
-4.643188976377953
20
5.5650393700787397
11
-4.6436385039370078
21
5.5627794094488188
0
LINE
8
BLACK
6
CONTINUOUS
10
-4.6436385039370078
20
5.5627794094488188
11
-4.6449186614173223
21
5.5608635433070868
0
LINE
8
BLACK
6
CONTINUOUS
10
-4.6449186614173223
20
5.5608635433070868
11
-4.6468345275590552
21
5.5595833858267714
0
LINE
8
BLACK
6
CONTINUOUS
10
-4.6468345275590552
20
5.5595833858267714
11
-4.6490944881889762
21
5.5591338582677166
0
LINE
8
BLACK
6
CONTINUOUS
10
-4.6490944881889762
20
5.5591338582677166
11
-4.6609055118110234
21
5.5591338582677166
0
LINE
8
BLACK
6
CONTINUOUS
10
-4.6609055118110234
20
5.5591338582677166
11
-4.6631654724409444
21
5.5595833858267714
0
LINE
8
BLACK
6
CONTINUOUS
10
-4.6631654724409444
20
5.5595833858267714
11
-4.6650813385826773
21
5.5608635433070868
0
LINE
8
BLACK
6
CONTINUOUS
10
-4.6650813385826773
20
5.5608635433070868
11
-4.6663614960629918
21
5.5627794094488188
0
LINE
8
BLACK
6
CONTINUOUS
10
-4.6663614960629918
20
5.5627794094488188
11
-4.6668110236220475
21
5.5650393700787397
0
LINE
8
BLACK
6
CONTINUOUS
10
-4.6668110236220475
20
5.5650393700787397
11
-4.6668110236220475
21
5.6053937007874017
0
LINE
8
BLACK
6
CONTINUOUS
10
-4.6668110236220475
20
5.6053937007874017
11
-4.6663614960629918
21
5.6076536614173227
0
LINE
8
BLACK
6
CONTINUOUS
10
-4.6663614960629918
20
5.6076536614173227
11
-4.6650813385826773
21
5.6095695275590547
0
LINE
8
BLACK
6
CONTINUOUS
10
-4.6650813385826773
20
5.6095695275590547
11
-4.665
21
5.6096238582677165
0
LINE
8
BLACK
6
CONTINUOUS
10
-4.665
20
5.6096238582677165
11
-4.665
21
5.6171960236220473
0
LINE
8
BLACK
6
CONTINUOUS
10
-4.665
20
5.6171960236220473
11
-4.6677404330708656
21
5.6199364566929129
0
LINE
8
BLACK
6
CONTINUOUS
10
-4.6677404330708656
20
5.6199364566929129
11
-4.6699772834645668
21
5.6243264960629924
0
LINE
8
BLACK
6
CONTINUOUS
10
-4.6699772834645668
20
5.6243264960629924
11
-4.6707480314960632
21
5.6291929133858263
0
LINE
8
BLACK
6
CONTINUOUS
10
-4.6707480314960632
20
5.6291929133858263
11
-4.6706952755905506
21
5.6295261417322831
0
LINE
8
BLACK
6
CONTINUOUS
10
-4.6706952755905506
20
5.6295261417322831
11
-4.6712755905511809
21
5.6293575590551184
0
LINE
8
BLACK
6
CONTINUOUS
10
-4.6712755905511809
20
5.6293575590551184
11
-4.6769094094488191
21
5.6260257480314957
0
LINE
8
BLACK
6
CONTINUOUS
10
-4.6769094094488191
20
5.6260257480314957
11
-4.681537598425197
21
5.6213975590551177
0
LINE
8
BLACK
6
CONTINUOUS
10
-4.681537598425197
20
5.6213975590551177
11
-4.6820329921259844
21
5.620559881889764
0
LINE
8
BLACK
6
CONTINUOUS
10
-4.6820329921259844
20
5.620559881889764
11
-4.683816141732283
21
5.6192210629921258
0
LINE
8
BLACK
6
CONTINUOUS
10
-4.683816141732283
20
5.6192210629921258
11
-4.6849608267716532
21
5.6191599999999999
0
LINE
8
BLACK
6
CONTINUOUS
10
-4.6849608267716532
20
5.6191599999999999
11
-4.6851866141732286
21
5.6191929133858265
0
LINE
8
BLACK
6
CONTINUOUS
10
-4.6851866141732286
20
5.6191929133858265
11
-4.699616535433071
21
5.6191929133858265
0
LINE
8
BLACK
6
CONTINUOUS
10
-4.699616535433071
20
5.6191929133858265
11
-4.7020651181102364
21
5.6188361417322836
0
LINE
8
BLACK
6
CONTINUOUS
10
-4.7020651181102364
20
5.6188361417322836
11
-4.7042266535433068
21
5.6193835039370077
0
LINE
8
BLACK
6
CONTINUOUS
10
-4.7042266535433068
20
5.6193835039370077
11
-4.7045448425196845
21
5.6196587007874017
0
LINE
8
BLACK
6
CONTINUOUS
10
-4.7045448425196845
20
5.6196587007874017
11
-4.7089601181102365
21
5.6240740157480316
0
LINE
8
BLACK
6
CONTINUOUS
10
-4.7089601181102365
20
5.6240740157480316
11
-4.7125555905511813
21
5.6261498818897637
0
LINE
8
BLACK
6
CONTINUOUS
10
-4.7125555905511813
20
5.6261498818897637
11
-4.7165658661417318
21
5.6272244094488189
0
LINE
8
BLACK
6
CONTINUOUS
10
-4.7165658661417318
20
5.6272244094488189
11
-4.7165659055118105
21
5.6272244094488189
0
LINE
8
BLACK
6
CONTINUOUS
10
-4.7165659055118105
20
5.6272244094488189
11
-4.7685105118110238
21
5.6272244094488189
0
LINE
8
BLACK
6
CONTINUOUS
10
-4.7685105118110238
20
5.6272244094488189
11
-4.7705705905511806
21
5.628077716535433
0
LINE
8
BLACK
6
CONTINUOUS
10
-4.7705705905511806
20
5.628077716535433
11
-4.7712408267716535
21
5.628747952755905
0
LINE
8
BLACK
6
CONTINUOUS
10
-4.7712408267716535
20
5.628747952755905
11
-4.7753782283464563
21
5.6307705905511813
0
LINE
8
BLACK
6
CONTINUOUS
10
-4.7753782283464563
20
5.6307705905511813
11
-4.77806062992126
21
5.6311614173228346
0
LINE
8
BLACK
6
CONTINUOUS
10
-4.77806062992126
20
5.6311614173228346
11
-4.8357976377952756
21
5.6311614173228346
0
LINE
8
BLACK
6
CONTINUOUS
10
-4.8357976377952756
20
5.6311614173228346
11
-4.8384800393700784
21
5.6307705905511813
0
LINE
8
BLACK
6
CONTINUOUS
10
-4.8384800393700784
20
5.6307705905511813
11
-4.8384801181102359
21
5.6307705511811026
0
LINE
8
BLACK
6
CONTINUOUS
10
-4.8384801181102359
20
5.6307705511811026
11
-4.8427546062992128
21
5.6286809055118106
0
LINE
8
BLACK
6
CONTINUOUS
10
-4.8427546062992128
20
5.6286809055118106
11
-4.8449801181102359
21
5.6285427559055119
0
LINE
8
BLACK
6
CONTINUOUS
10
-4.8449801181102359
20
5.6285427559055119
11
-4.8463454330708657
21
5.6295246850393701
0
LINE
8
BLACK
6
CONTINUOUS
10
-4.8463454330708657
20
5.6295246850393701
11
-4.8481385039370082
21
5.6318614960629922
0
LINE
8
BLACK
6
CONTINUOUS
10
-4.8481385039370082
20
5.6318614960629922
11
-4.8530771259842522
21
5.6356510236220467
0
LINE
8
BLACK
6
CONTINUOUS
10
-4.8530771259842522
20
5.6356510236220467
11
-4.8580391732283461
21
5.6377063385826771
0
LINE
8
BLACK
6
CONTINUOUS
10
-4.8580391732283461
20
5.6377063385826771
11
-4.8596158661417324
21
5.6392830314960625
0
LINE
8
BLACK
6
CONTINUOUS
10
-4.8596158661417324
20
5.6392830314960625
11
-4.8596158661417324
21
5.6415128346456695
0
LINE
8
BLACK
6
CONTINUOUS
10
-4.8596158661417324
20
5.6415128346456695
11
-4.858697874015748
21
5.6427092519685038
0
LINE
8
BLACK
6
CONTINUOUS
10
-4.858697874015748
20
5.6427092519685038
11
-4.8581385826771655
21
5.6431384251968506
0
LINE
8
BLACK
6
CONTINUOUS
10
-4.8581385826771655
20
5.6431384251968506
11
-4.8581384251968505
21
5.6431385826771656
0
LINE
8
BLACK
6
CONTINUOUS
10
-4.8581384251968505
20
5.6431385826771656
11
-4.8543489763779526
21
5.6480771259842522
0
LINE
8
BLACK
6
CONTINUOUS
10
-4.8543489763779526
20
5.6480771259842522
11
-4.8532572047244091
21
5.6507128740157482
0
LINE
8
BLACK
6
CONTINUOUS
10
-4.8532572047244091
20
5.6507128740157482
11
-4.8516805118110238
21
5.6522896062992123
0
LINE
8
BLACK
6
CONTINUOUS
10
-4.8516805118110238
20
5.6522896062992123
11
-4.8494507086614176
21
5.6522896062992123
0
LINE
8
BLACK
6
CONTINUOUS
10
-4.8494507086614176
20
5.6522896062992123
11
-4.847948228346457
21
5.6508775590551181
0
LINE
8
BLACK
6
CONTINUOUS
10
-4.847948228346457
20
5.6508775590551181
11
-4.8458739370078741
21
5.6466344881889761
0
LINE
8
BLACK
6
CONTINUOUS
10
-4.8458739370078741
20
5.6466344881889761
11
-4.8426174409448821
21
5.6433779921259841
0
LINE
8
BLACK
6
CONTINUOUS
10
-4.8426174409448821
20
5.6433779921259841
11
-4.8384801181102359
21
5.6413553937007874
0
LINE
8
BLACK
6
CONTINUOUS
10
-4.8384801181102359
20
5.6413553937007874
11
-4.8357978346456694
21
5.6409645669291342
0
LINE
8
BLACK
6
CONTINUOUS
10
-4.8357978346456694
20
5.6409645669291342
11
-4.8357976377952756
21
5.6409645669291342
0
LINE
8
BLACK
6
CONTINUOUS
10
-4.8357976377952756
20
5.6409645669291342
11
-4.778060472440945
21
5.6409645669291342
0
LINE
8
BLACK
6
CONTINUOUS
10
-4.778060472440945
20
5.6409645669291342
11
-4.7753782283464563
21
5.6413553937007874
0
LINE
8
BLACK
6
CONTINUOUS
10
-4.7753782283464563
20
5.6413553937007874
11
-4.7753781889763776
21
5.6413553937007874
0
LINE
8
BLACK
6
CONTINUOUS
10
-4.7753781889763776
20
5.6413553937007874
11
-4.7712408661417323
21
5.6433779921259841
0
LINE
8
BLACK
6
CONTINUOUS
10
-4.7712408661417323
20
5.6433779921259841
11
-4.7705705905511806
21
5.6440482677165349
0
LINE
8
BLACK
6
CONTINUOUS
10
-4.7705705905511806
20
5.6440482677165349
11
-4.7685105118110238
21
5.6449015748031499
0
LINE
8
BLACK
6
CONTINUOUS
10
-4.7685105118110238
20
5.6449015748031499
11
-4.7472548818897637
21
5.6449015748031499
0
LINE
8
BLACK
6
CONTINUOUS
10
-4.7472548818897637
20
5.6449015748031499
11
-4.747254842519685
21
5.6449015748031499
0
LINE
8
BLACK
6
CONTINUOUS
10
-4.747254842519685
20
5.6449015748031499
11
-4.7432445669291337
21
5.6459761023622042
0
LINE
8
BLACK
6
CONTINUOUS
10
-4.7432445669291337
20
5.6459761023622042
11
-4.7432444094488186
21
5.6459761811023617
0
LINE
8
BLACK
6
CONTINUOUS
10
-4.7432444094488186
20
5.6459761811023617
11
-4.7396492519685038
21
5.6480518503937009
0
LINE
8
BLACK
6
CONTINUOUS
10
-4.7396492519685038
20
5.6480518503937009
11
-4.7396492125984251
21
5.6480518897637797
0
LINE
8
BLACK
6
CONTINUOUS
10
-4.7396492125984251
20
5.6480518897637797
11
-4.7396490944881888
21
5.6480519685039372
0
LINE
8
BLACK
6
CONTINUOUS
10
-4.7396490944881888
20
5.6480519685039372
11
-4.7272645669291338
21
5.6604364960629923
0
LINE
8
BLACK
6
CONTINUOUS
10
-4.7272645669291338
20
5.6604364960629923
11
-4.7251887007874016
21
5.6640319685039371
0
LINE
8
BLACK
6
CONTINUOUS
10
-4.7251887007874016
20
5.6640319685039371
11
-4.7241141732283465
21
5.6680422440944884
0
LINE
8
BLACK
6
CONTINUOUS
10
-4.7241141732283465
20
5.6680422440944884
11
-4.7241141732283465
21
5.6721939763779528
0
LINE
8
BLACK
6
CONTINUOUS
10
-4.7241141732283465
20
5.6721939763779528
11
-4.7241141732283465
21
5.6907443700787397
0
LINE
8
BLACK
6
CONTINUOUS
10
-4.7241141732283465
20
5.6907443700787397
11
-4.7232608661417324
21
5.6928044488188974
0
LINE
8
BLACK
6
CONTINUOUS
10
-4.7232608661417324
20
5.6928044488188974
11
-4.7230613779527557
21
5.6929794488188978
0
LINE
8
BLACK
6
CONTINUOUS
10
-4.7230613779527557
20
5.6929794488188978
11
-4.7230202362204725
21
5.6930205511811023
0
LINE
8
BLACK
6
CONTINUOUS
10
-4.7230202362204725
20
5.6930205511811023
11
-4.7205267322834645
21
5.6962702362204727
0
LINE
8
BLACK
6
CONTINUOUS
10
-4.7205267322834645
20
5.6962702362204727
11
-4.7199085433070866
21
5.6970758661417324
0
LINE
8
BLACK
6
CONTINUOUS
10
-4.7199085433070866
20
5.6970758661417324
11
-4.7192308661417322
21
5.6979590157480313
0
LINE
8
BLACK
6
CONTINUOUS
10
-4.7192308661417322
20
5.6979590157480313
11
-4.7168486614173224
21
5.7037101574803151
0
LINE
8
BLACK
6
CONTINUOUS
10
-4.7168486614173224
20
5.7037101574803151
11
-4.7160361417322836
21
5.7098818897637793
0
LINE
8
BLACK
6
CONTINUOUS
10
-4.7160361417322836
20
5.7098818897637793
11
-4.7168486614173224
21
5.7160536220472435
0
LINE
8
BLACK
6
CONTINUOUS
10
-4.7168486614173224
20
5.7160536220472435
11
-4.7192308661417322
21
5.7218047637795273
0
LINE
8
BLACK
6
CONTINUOUS
10
-4.7192308661417322
20
5.7218047637795273
11
-4.7230203937007875
21
5.7267433858267713
0
LINE
8
BLACK
6
CONTINUOUS
10
-4.7230203937007875
20
5.7267433858267713
11
-4.7279590157480316
21
5.7305329133858267
0
LINE
8
BLACK
6
CONTINUOUS
10
-4.7279590157480316
20
5.7305329133858267
11
-4.7299099212598428
21
5.7313409842519683
0
LINE
8
BLACK
6
CONTINUOUS
10
-4.7299099212598428
20
5.7313409842519683
11
-4.7314866141732281
21
5.7329176771653545
0
LINE
8
BLACK
6
CONTINUOUS
10
-4.7314866141732281
20
5.7329176771653545
11
-4.7314866141732281
21
5.7351474803149607
0
LINE
8
BLACK
6
CONTINUOUS
10
-4.7314866141732281
20
5.7351474803149607
11
-4.7299099212598428
21
5.7367242125984248
0
LINE
8
BLACK
6
CONTINUOUS
10
-4.7299099212598428
20
5.7367242125984248
11
-4.7291753937007872
21
5.7369210629921259
0
LINE
8
BLACK
6
CONTINUOUS
10
-4.7291753937007872
20
5.7369210629921259
11
-4.7288282677165352
21
5.7369667716535435
0
LINE
8
BLACK
6
CONTINUOUS
10
-4.7288282677165352
20
5.7369667716535435
11
-4.7230771259842514
21
5.7393489763779524
0
LINE
8
BLACK
6
CONTINUOUS
10
-4.7230771259842514
20
5.7393489763779524
11
-4.7209433464566928
21
5.7409862598425194
0
LINE
8
BLACK
6
CONTINUOUS
10
-4.7209433464566928
20
5.7409862598425194
11
-4.7187895275590552
21
5.7415633858267716
0
LINE
8
BLACK
6
CONTINUOUS
10
-4.7187895275590552
20
5.7415633858267716
11
-4.7175512992125981
21
5.7410973622047239
0
LINE
8
BLACK
6
CONTINUOUS
10
-4.7175512992125981
20
5.7410973622047239
11
-4.7168595275590546
21
5.7406351574803152
0
LINE
8
BLACK
6
CONTINUOUS
10
-4.7168595275590546
20
5.7406351574803152
11
-4.7168595669291333
21
5.7406351574803152
0
LINE
8
BLACK
6
CONTINUOUS
10
-4.7168595669291333
20
5.7406351574803152
11
-4.7157082677165354
21
5.7404061417322829
0
LINE
8
BLACK
6
CONTINUOUS
10
-4.7157082677165354
20
5.7404061417322829
11
-4.7145570078740153
21
5.7401771653543303
0
LINE
8
BLACK
6
CONTINUOUS
10
-4.7145570078740153
20
5.7401771653543303
11
-4.7145569291338578
21
5.7401771653543303
0
LINE
8
BLACK
6
CONTINUOUS
10
-4.7145569291338578
20
5.7401771653543303
11
-4.6854430708661416
21
5.7401771653543303
0
LINE
8
BLACK
6
CONTINUOUS
10
-4.6854430708661416
20
5.7401771653543303
11
-4.6854429921259841
21
5.7401771653543303
0
LINE
8
BLACK
6
CONTINUOUS
10
-4.6854429921259841
20
5.7401771653543303
11
-4.6839080314960633
21
5.7404824803149603
0
LINE
8
BLACK
6
CONTINUOUS
10
-4.6839080314960633
20
5.7404824803149603
11
-4.6831404724409449
21
5.7406351574803152
0
LINE
8
BLACK
6
CONTINUOUS
10
-4.6831404724409449
20
5.7406351574803152
11
-4.6807129921259838
21
5.7422572047244094
0
LINE
8
BLACK
6
CONTINUOUS
10
-4.6807129921259838
20
5.7422572047244094
11
-4.6805294488188975
21
5.7423798425196848
0
LINE
8
BLACK
6
CONTINUOUS
10
-4.6805294488188975
20
5.7423798425196848
11
-4.680235748031496
21
5.7428194094488187
0
LINE
8
BLACK
6
CONTINUOUS
10
-4.680235748031496
20
5.7428194094488187
11
-4.6783817322834649
21
5.7440581889763775
0
LINE
8
BLACK
6
CONTINUOUS
10
-4.6783817322834649
20
5.7440581889763775
11
-4.6778133858267719
21
5.7441141732283461
0
LINE
8
BLACK
6
CONTINUOUS
10
-4.6778133858267719
20
5.7441141732283461
11
-4.6543503937007875
21
5.7441141732283461
0
LINE
8
BLACK
6
CONTINUOUS
10
-4.6543503937007875
20
5.7441141732283461
11
-4.6522903149606298
21
5.7432608661417319
0
LINE
8
BLACK
6
CONTINUOUS
10
-4.6522903149606298
20
5.7432608661417319
11
-4.6514370078740157
21
5.7412007874015742
0
LINE
8
BLACK
6
CONTINUOUS
10
-4.6514370078740157
20
5.7412007874015742
11
-4.6514370078740157
21
5.7304784251968499
0
LINE
8
BLACK
6
CONTINUOUS
10
-4.6514370078740157
20
5.7304784251968499
11
-4.6511251574803145
21
5.7298664173228344
0
LINE
8
BLACK
6
CONTINUOUS
10
-4.6511251574803145
20
5.7298664173228344
11
-4.6503544094488189
21
5.7249999999999996
0
LINE
8
BLACK
6
CONTINUOUS
10
-4.6503544094488189
20
5.7249999999999996
11
-4.6504472834645671
21
5.7244137401574804
0
LINE
8
BLACK
6
CONTINUOUS
10
-4.6504472834645671
20
5.7244137401574804
11
-4.6495588188976376
21
5.7218747244094486
0
LINE
8
BLACK
6
CONTINUOUS
10
-4.6495588188976376
20
5.7218747244094486
11
-4.6495587795275588
21
5.721874645669291
0
LINE
8
BLACK
6
CONTINUOUS
10
-4.6495587795275588
20
5.721874645669291
11
-4.6463840157480316
21
5.7175729527559058
0
LINE
8
BLACK
6
CONTINUOUS
10
-4.6463840157480316
20
5.7175729527559058
11
-4.6463837401574803
21
5.7175726771653546
0
LINE
8
BLACK
6
CONTINUOUS
10
-4.6463837401574803
20
5.7175726771653546
11
-4.6420820472440942
21
5.7143979133858265
0
LINE
8
BLACK
6
CONTINUOUS
10
-4.6420820472440942
20
5.7143979133858265
11
-4.6420819685039367
21
5.7143978740157477
0
LINE
8
BLACK
6
CONTINUOUS
10
-4.6420819685039367
20
5.7143978740157477
11
-4.6370356299212601
21
5.7126320866141729
0
LINE
8
BLACK
6
CONTINUOUS
10
-4.6370356299212601
20
5.7126320866141729
11
-4.6370356692913388
21
5.7126320866141729
0
LINE
8
BLACK
6
CONTINUOUS
10
-4.6370356692913388
20
5.7126320866141729
11
-4.637035472440945
21
5.7126320472440941
0
LINE
8
BLACK
6
CONTINUOUS
10
-4.637035472440945
20
5.7126320472440941
11
-4.6370353937007875
21
5.7126320472440941
0
LINE
8
BLACK
6
CONTINUOUS
10
-4.6370353937007875
20
5.7126320472440941
11
-4.6358372440944882
21
5.7125196850393696
0
LINE
8
BLACK
6
CONTINUOUS
10
-4.6358372440944882
20
5.7125196850393696
11
-4.6358370078740156
21
5.7125196850393696
0
LINE
8
BLACK
6
CONTINUOUS
10
-4.6358370078740156
20
5.7125196850393696
11
-4.631598346456693
21
5.7125196850393696
0
LINE
8
BLACK
6
CONTINUOUS
10
-4.631598346456693
20
5.7125196850393696
11
-4.6295382677165353
21
5.7116663779527554
0
LINE
8
BLACK
6
CONTINUOUS
10
-4.6295382677165353
20
5.7116663779527554
11
-4.6286849606299212
21
5.7096062992125987
0
LINE
8
BLACK
6
CONTINUOUS
10
-4.6286849606299212
20
5.7096062992125987
11
-4.6295382677165353
21
5.707546220472441
0
LINE
8
BLACK
6
CONTINUOUS
10
-4.6295382677165353
20
5.707546220472441
11
-4.6303188188976376
21
5.7069889370078739
0
LINE
8
BLACK
6
CONTINUOUS
10
-4.6303188188976376
20
5.7069889370078739
11
-4.6316331889763775
21
5.7063463779527561
0
LINE
8
BLACK
6
CONTINUOUS
10
-4.6316331889763775
20
5.7063463779527561
11
-4.6348897244094491
21
5.7030898425196845
0
LINE
8
BLACK
6
CONTINUOUS
10
-4.6348897244094491
20
5.7030898425196845
11
-4.6369123228346458
21
5.6989525196850392
0
LINE
8
BLACK
6
CONTINUOUS
10
-4.6369123228346458
20
5.6989525196850392
11
-4.6369123228346458
21
5.6989524803149605
0
LINE
8
BLACK
6
CONTINUOUS
10
-4.6369123228346458
20
5.6989524803149605
11
-4.6373031496062991
21
5.6962702362204727
0
LINE
8
BLACK
6
CONTINUOUS
10
-4.6373031496062991
20
5.6962702362204727
11
-4.6373031496062991
21
5.6532966535433067
0
LINE
8
BLACK
6
CONTINUOUS
10
-4.6373031496062991
20
5.6532966535433067
11
-4.6369123228346458
21
5.6506144094488189
0
LINE
8
BLACK
6
CONTINUOUS
10
-4.6369123228346458
20
5.6506144094488189
11
-4.6369123228346458
21
5.6506143700787401
0
LINE
8
BLACK
6
CONTINUOUS
10
-4.6369123228346458
20
5.6506143700787401
11
-4.6348897244094491
21
5.6464770472440939
0
LINE
8
BLACK
6
CONTINUOUS
10
-4.6348897244094491
20
5.6464770472440939
11
-4.6316331889763775
21
5.6432205118110232
0
LINE
8
BLACK
6
CONTINUOUS
10
-4.6316331889763775
20
5.6432205118110232
11
-4.6274958661417323
21
5.6411979133858265
0
LINE
8
BLACK
6
CONTINUOUS
10
-4.6274958661417323
20
5.6411979133858265
11
-4.6248135826771657
21
5.6408070866141733
0
LINE
8
BLACK
6
CONTINUOUS
10
-4.6248135826771657
20
5.6408070866141733
11
-4.6248133858267719
21
5.6408070866141733
0
LINE
8
BLACK
6
CONTINUOUS
10
-4.6248133858267719
20
5.6408070866141733
11
-4.6103833070866145
21
5.6408070866141733
0
LINE
8
BLACK
6
CONTINUOUS
10
-4.6103833070866145
20
5.6408070866141733
11
-4.6077010629921258
21
5.6411979133858265
0
LINE
8
BLACK
6
CONTINUOUS
10
-4.6077010629921258
20
5.6411979133858265
11
-4.607701023622047
21
5.6411979133858265
0
LINE
8
BLACK
6
CONTINUOUS
10
-4.607701023622047
20
5.6411979133858265
11
-4.6035637007874017
21
5.6432205118110232
0
LINE
8
BLACK
6
CONTINUOUS
10
-4.6035637007874017
20
5.6432205118110232
11
-4.6031727165354326
21
5.6436114960629924
0
LINE
8
BLACK
6
CONTINUOUS
10
-4.6031727165354326
20
5.6436114960629924
11
-4.600307165354331
21
5.6464770472440939
0
LINE
8
BLACK
6
CONTINUOUS
10
-4.600307165354331
20
5.6464770472440939
11
-4.5983355511811022
21
5.6505100787401572
0
LINE
8
BLACK
6
CONTINUOUS
10
-4.5983355511811022
20
5.6505100787401572
11
-4.5982845275590547
21
5.6506144488188976
0
LINE
8
BLACK
6
CONTINUOUS
10
-4.5982845275590547
20
5.6506144488188976
11
-4.5978937007874014
21
5.6532968503937004
0
LINE
8
BLACK
6
CONTINUOUS
10
-4.5978937007874014
20
5.6532968503937004
11
-4.5978937007874014
21
5.6732480314960627
0
LINE
8
BLACK
6
CONTINUOUS
10
-4.5978937007874014
20
5.6732480314960627
11
-4.5970403937007873
21
5.6753081102362204
0
LINE
8
BLACK
6
CONTINUOUS
10
-4.5970403937007873
20
5.6753081102362204
11
-4.5949803149606296
21
5.6761614173228345
0
LINE
8
BLACK
6
CONTINUOUS
10
-4.5949803149606296
20
5.6761614173228345
11
-4.5776485826771651
21
5.6761614173228345
0
LINE
8
BLACK
6
CONTINUOUS
10
-4.5776485826771651
20
5.6761614173228345
11
-4.5776485433070864
21
5.6761614173228345
0
LINE
8
BLACK
6
CONTINUOUS
10
-4.5776485433070864
20
5.6761614173228345
11
-4.573638267716535
21
5.6772359448818897
0
LINE
8
BLACK
6
CONTINUOUS
10
-4.573638267716535
20
5.6772359448818897
11
-4.57363811023622
21
5.6772360236220472
0
LINE
8
BLACK
6
CONTINUOUS
10
-4.57363811023622
20
5.6772360236220472
11
-4.5700429527559052
21
5.6793116929133856
0
LINE
8
BLACK
6
CONTINUOUS
10
-4.5700429527559052
20
5.6793116929133856
11
-4.5700429133858265
21
5.6793117322834643
0
LINE
8
BLACK
6
CONTINUOUS
10
-4.5700429133858265
20
5.6793117322834643
11
-4.5700427952755902
21
5.6793118110236218
0
LINE
8
BLACK
6
CONTINUOUS
10
-4.5700427952755902
20
5.6793118110236218
11
-4.5423338976377954
21
5.7070207086614175
0
LINE
8
BLACK
6
CONTINUOUS
10
-4.5423338976377954
20
5.7070207086614175
11
-4.5402738188976377
21
5.7078740157480317
0
LINE
8
BLACK
6
CONTINUOUS
10
-4.5402738188976377
20
5.7078740157480317
11
-4.5329322834645671
21
5.7078740157480317
0
LINE
8
BLACK
6
CONTINUOUS
10
-4.5329322834645671
20
5.7078740157480317
11
-4.5329322834645671
21
5.7078740551181104
0
LINE
8
BLACK
6
CONTINUOUS
10
-4.5329322834645671
20
5.7078740551181104
11
-4.5292399999999997
21
5.7084587795275592
0
LINE
8
BLACK
6
CONTINUOUS
10
-4.5292399999999997
20
5.7084587795275592
11
-4.5292399212598422
21
5.708458818897638
0
LINE
8
BLACK
6
CONTINUOUS
10
-4.5292399212598422
20
5.708458818897638
11
-4.5247896850393703
21
5.7107263779527555
0
LINE
8
BLACK
6
CONTINUOUS
10
-4.5247896850393703
20
5.7107263779527555
11
-4.5212579527559056
21
5.7142581102362202
0
LINE
8
BLACK
6
CONTINUOUS
10
-4.5212579527559056
20
5.7142581102362202
11
-4.5212578740157481
21
5.7142581889763777
0
LINE
8
BLACK
6
CONTINUOUS
10
-4.5212578740157481
20
5.7142581889763777
11
-4.5189903149606296
21
5.718708503937008
0
LINE
8
BLACK
6
CONTINUOUS
10
-4.5189903149606296
20
5.718708503937008
11
-4.5184055118110233
21
5.7224008267716533
0
LINE
8
BLACK
6
CONTINUOUS
10
-4.5184055118110233
20
5.7224008267716533
11
-4.5184055511811021
21
5.736080866141732
0
LINE
8
BLACK
6
CONTINUOUS
10
-4.5184055511811021
20
5.736080866141732
11
-4.517552244094488
21
5.7381409448818896
0
LINE
8
BLACK
6
CONTINUOUS
10
-4.517552244094488
20
5.7381409448818896
11
-4.5087036220472436
21
5.746989566929134
0
LINE
8
BLACK
6
CONTINUOUS
10
-4.5087036220472436
20
5.746989566929134
11
-4.5066435433070868
21
5.7478428740157481
0
LINE
8
BLACK
6
CONTINUOUS
10
-4.5066435433070868
20
5.7478428740157481
11
-4.5062635039370074
21
5.7478179921259844
0
LINE
8
BLACK
6
CONTINUOUS
10
-4.5062635039370074
20
5.7478179921259844
11
-4.5061860629921258
21
5.7478077952755902
0
LINE
8
BLACK
6
CONTINUOUS
10
-4.5061860629921258
20
5.7478077952755902
11
-4.506186023622047
21
5.7478077952755902
0
LINE
8
BLACK
6
CONTINUOUS
10
-4.506186023622047
20
5.7478077952755902
11
-4.5052503937007877
21
5.7479309448818894
0
LINE
8
BLACK
6
CONTINUOUS
10
-4.5052503937007877
20
5.7479309448818894
11
-4.5000143700787403
21
5.7486202755905511
0
LINE
8
BLACK
6
CONTINUOUS
10
-4.5000143700787403
20
5.7486202755905511
11
-4.5000143307086615
21
5.7486202755905511
0
LINE
8
BLACK
6
CONTINUOUS
10
-4.5000143307086615
20
5.7486202755905511
11
-4.494263149606299
21
5.7510025196850396
0
LINE
8
BLACK
6
CONTINUOUS
10
-4.494263149606299
20
5.7510025196850396
11
-4.4893246456692912
21
5.7547919291338578
0
LINE
8
BLACK
6
CONTINUOUS
10
-4.4893246456692912
20
5.7547919291338578
11
-4.4893244488188975
21
5.7547921259842516
0
LINE
8
BLACK
6
CONTINUOUS
10
-4.4893244488188975
20
5.7547921259842516
11
-4.4855350393700784
21
5.7597306299212594
0
LINE
8
BLACK
6
CONTINUOUS
10
-4.4855350393700784
20
5.7597306299212594
11
-4.4855349999999996
21
5.7597306692913381
0
LINE
8
BLACK
6
CONTINUOUS
10
-4.4855349999999996
20
5.7597306692913381
11
-4.4831527952755907
21
5.7654818110236219
0
LINE
8
BLACK
6
CONTINUOUS
10
-4.4831527952755907
20
5.7654818110236219
11
-4.482340275590551
21
5.7716535433070861
0
LINE
8
BLACK
6
CONTINUOUS
10
-4.482340275590551
20
5.7716535433070861
11
-4.4831527952755907
21
5.7778252755905513
0
LINE
8
BLACK
6
CONTINUOUS
10
-4.4831527952755907
20
5.7778252755905513
11
-4.4855349999999996
21
5.7835764173228341
0
LINE
8
BLACK
6
CONTINUOUS
10
-4.4855349999999996
20
5.7835764173228341
11
-4.489324527559055
21
5.7885150393700791
0
LINE
8
BLACK
6
CONTINUOUS
10
-4.489324527559055
20
5.7885150393700791
11
-4.494263149606299
21
5.7923045669291335
0
LINE
8
BLACK
6
CONTINUOUS
10
-4.494263149606299
20
5.7923045669291335
11
-4.5000142913385828
21
5.7946867716535433
0
LINE
8
BLACK
6
CONTINUOUS
10
-4.5000142913385828
20
5.7946867716535433
11
-4.506186023622047
21
5.7954992913385821
0
LINE
8
BLACK
6
CONTINUOUS
10
-4.506186023622047
20
5.7954992913385821
11
-4.5123577559055121
21
5.7946867716535433
0
LINE
8
BLACK
6
CONTINUOUS
10
-4.5123577559055121
20
5.7946867716535433
11
-4.518108897637795
21
5.7923045669291335
0
LINE
8
BLACK
6
CONTINUOUS
10
-4.518108897637795
20
5.7923045669291335
11
-4.5190966535433068
21
5.7915466535433069
0
LINE
8
BLACK
6
CONTINUOUS
10
-4.5190966535433068
20
5.7915466535433069
11
-4.523047362204724
21
5.7885151968503932
0
LINE
8
BLACK
6
CONTINUOUS
10
-4.523047362204724
20
5.7885151968503932
11
-4.5230474409448815
21
5.7885151181102357
0
LINE
8
BLACK
6
CONTINUOUS
10
-4.5230474409448815
20
5.7885151181102357
11
-4.5230474803149603
21
5.7885150393700791
0
LINE
8
BLACK
6
CONTINUOUS
10
-4.5230474803149603
20
5.7885150393700791
11
-4.523047519685039
21
5.7885150393700791
0
LINE
8
BLACK
6
CONTINUOUS
10
-4.523047519685039
20
5.7885150393700791
11
-4.523737283464567
21
5.7876161417322836
0
LINE
8
BLACK
6
CONTINUOUS
10
-4.523737283464567
20
5.7876161417322836
11
-4.5256682677165356
21
5.7865012992125981
0
LINE
8
BLACK
6
CONTINUOUS
10
-4.5256682677165356
20
5.7865012992125981
11
-4.5260485433070867
21
5.7864763779527557
0
LINE
8
BLACK
6
CONTINUOUS
10
-4.5260485433070867
20
5.7864763779527557
11
-4.5267220866141731
21
5.7864763779527557
0
LINE
8
BLACK
6
CONTINUOUS
10
-4.5267220866141731
20
5.7864763779527557
11
-4.5268985826771653
21
5.7855890944881887
0
LINE
8
BLACK
6
CONTINUOUS
10
-4.5268985826771653
20
5.7855890944881887
11
-4.5286054724409448
21
5.7830346062992124
0
LINE
8
BLACK
6
CONTINUOUS
10
-4.5286054724409448
20
5.7830346062992124
11
-4.5311599606299211
21
5.7813277165354329
0
LINE
8
BLACK
6
CONTINUOUS
10
-4.5311599606299211
20
5.7813277165354329
11
-4.5341732283464564
21
5.7807283464566925
0
LINE
8
BLACK
6
CONTINUOUS
10
-4.5341732283464564
20
5.7807283464566925
11
-4.5558267716535434
21
5.7807283464566925
0
LINE
8
BLACK
6
CONTINUOUS
10
-4.5558267716535434
20
5.7807283464566925
11
-4.5588400393700788
21
5.7813277165354329
0
LINE
8
BLACK
6
CONTINUOUS
10
-4.5588400393700788
20
5.7813277165354329
11
-4.5613945275590551
21
5.7830346062992124
0
LINE
8
BLACK
6
CONTINUOUS
10
-4.5613945275590551
20
5.7830346062992124
11
-4.5631014173228346
21
5.7855890944881887
0
LINE
8
BLACK
6
CONTINUOUS
10
-4.5631014173228346
20
5.7855890944881887
11
-4.5637007874015749
21
5.788602362204724
0
LINE
8
BLACK
6
CONTINUOUS
10
-4.5637007874015749
20
5.788602362204724
11
-4.5637007874015749
21
5.804350393700787
0
LINE
8
BLACK
6
CONTINUOUS
10
-4.5637007874015749
20
5.804350393700787
11
-4.5631014173228346
21
5.8073636614173223
0
LINE
8
BLACK
6
CONTINUOUS
10
-4.5631014173228346
20
5.8073636614173223
11
-4.5613945275590551
21
5.8099181496062995
0
LINE
8
BLACK
6
CONTINUOUS
10
-4.5613945275590551
20
5.8099181496062995
11
-4.5588400393700788
21
5.811625039370079
0
LINE
8
BLACK
6
CONTINUOUS
10
-4.5588400393700788
20
5.811625039370079
11
-4.5558267716535434
21
5.8122244094488185
0
LINE
8
BLACK
6
CONTINUOUS
10
-4.5558267716535434
20
5.8122244094488185
11
-4.5549999999999997
21
5.8122244094488185
0
LINE
8
BLACK
6
CONTINUOUS
10
-4.5549999999999997
20
5.8122244094488185
11
-4.5549999999999997
21
5.8322243700787402
0
LINE
8
BLACK
6
CONTINUOUS
10
-4.5549999999999997
20
5.8322243700787402
11
-4.5580795669291341
21
5.8322243700787402
0
LINE
8
BLACK
6
CONTINUOUS
10
-4.5580795669291341
20
5.8322243700787402
11
-4.558080078740157
21
5.8322243307086614
0
LINE
8
BLACK
6
CONTINUOUS
10
-4.558080078740157
20
5.8322243307086614
11
-4.5608879133858267
21
5.831969212598425
0
LINE
8
BLACK
6
CONTINUOUS
10
-4.5608879133858267
20
5.831969212598425
11
-4.5608881889763779
21
5.8319691732283463
0
LINE
8
BLACK
6
CONTINUOUS
10
-4.5608881889763779
20
5.8319691732283463
11
-4.5639270866141732
21
5.8310222047244089
0
LINE
8
BLACK
6
CONTINUOUS
10
-4.5639270866141732
20
5.8310222047244089
11
-4.5661477559055115
21
5.8312239763779523
0
LINE
8
BLACK
6
CONTINUOUS
10
-4.5661477559055115
20
5.8312239763779523
11
-4.5675593700787402
21
5.8328872834645669
0
LINE
8
BLACK
6
CONTINUOUS
10
-4.5675593700787402
20
5.8328872834645669
11
-4.5690685826771649
21
5.8374418503937004
0
LINE
8
BLACK
6
CONTINUOUS
10
-4.5690685826771649
20
5.8374418503937004
11
-4.57273094488189
21
5.8433794488188973
0
LINE
8
BLACK
6
CONTINUOUS
10
-4.57273094488189
20
5.8433794488188973
11
-4.5727310236220475
21
5.8433796062992123
0
LINE
8
BLACK
6
CONTINUOUS
10
-4.5727310236220475
20
5.8433796062992123
11
-4.5741965748031497
21
5.8448451181102357
0
LINE
8
BLACK
6
CONTINUOUS
10
-4.5741965748031497
20
5.8448451181102357
11
-4.588508937007874
21
5.8304607874015746
0
LINE
8
BLACK
6
CONTINUOUS
10
-4.588508937007874
20
5.8304607874015746
11
-4.5872059055118113
21
5.8285106692913384
0
LINE
8
BLACK
6
CONTINUOUS
10
-4.5872059055118113
20
5.8285106692913384
11
-4.5864566929133854
21
5.8247440944881888
0
LINE
8
BLACK
6
CONTINUOUS
10
-4.5864566929133854
20
5.8247440944881888
11
-4.5864566929133854
21
5.80505905511811
0
LINE
8
BLACK
6
CONTINUOUS
10
-4.5864566929133854
20
5.80505905511811
11
-4.5872059055118113
21
5.8012924803149604
0
LINE
8
BLACK
6
CONTINUOUS
10
-4.5872059055118113
20
5.8012924803149604
11
-4.5893394881889762
21
5.798099330708661
0
LINE
8
BLACK
6
CONTINUOUS
10
-4.5893394881889762
20
5.798099330708661
11
-4.5925326377952755
21
5.7959657480314961
0
LINE
8
BLACK
6
CONTINUOUS
10
-4.5925326377952755
20
5.7959657480314961
11
-4.5962992125984252
21
5.7952165354330711
0
LINE
8
BLACK
6
CONTINUOUS
10
-4.5962992125984252
20
5.7952165354330711
11
-4.6049999999999995
21
5.7952165354330711
0
LINE
8
BLACK
6
CONTINUOUS
10
-4.6049999999999995
20
5.7952165354330711
11
-4.6049999999999995
21
5.7752165354330707
0
LINE
8
BLACK
6
CONTINUOUS
10
-4.6049999999999995
20
5.7752165354330707
11
-4.5943108661417318
21
5.7752165354330707
0
LINE
8
BLACK
6
CONTINUOUS
10
-4.5943108661417318
20
5.7752165354330707
11
-4.5902234251968501
21
5.775634094488189
0
LINE
8
BLACK
6
CONTINUOUS
10
-4.5902234251968501
20
5.775634094488189
11
-4.584378464566929
21
5.7775709448818899
0
LINE
8
BLACK
6
CONTINUOUS
10
-4.584378464566929
20
5.7775709448818899
11
-4.5821545275590552
21
5.7774089370078743
0
LINE
8
BLACK
6
CONTINUOUS
10
-4.5821545275590552
20
5.7774089370078743
11
-4.5809688188976381
21
5.7763126377952752
0
LINE
8
BLACK
6
CONTINUOUS
10
-4.5809688188976381
20
5.7763126377952752
11
-4.577929881889764
21
5.7712856299212598
0
LINE
8
BLACK
6
CONTINUOUS
10
-4.577929881889764
20
5.7712856299212598
11
-4.5731435039370076
21
5.7664992519685034
0
LINE
8
BLACK
6
CONTINUOUS
10
-4.5731435039370076
20
5.7664992519685034
11
-4.5673504330708656
21
5.7629972440944881
0
LINE
8
BLACK
6
CONTINUOUS
10
-4.5673504330708656
20
5.7629972440944881
11
-4.5608883070866142
21
5.7609835826771656
0
LINE
8
BLACK
6
CONTINUOUS
10
-4.5608883070866142
20
5.7609835826771656
11
-4.5608879133858267
21
5.7609835039370081
0
LINE
8
BLACK
6
CONTINUOUS
10
-4.5608879133858267
20
5.7609835039370081
11
-4.5583933858267711
21
5.7607568110236222
0
LINE
8
BLACK
6
CONTINUOUS
10
-4.5583933858267711
20
5.7607568110236222
11
-4.5564190157480313
21
5.7597205511811023
0
LINE
8
BLACK
6
CONTINUOUS
10
-4.5564190157480313
20
5.7597205511811023
11
-4.5557556692913384
21
5.7575916929133859
0
LINE
8
BLACK
6
CONTINUOUS
10
-4.5557556692913384
20
5.7575916929133859
11
-4.5567919291338583
21
5.7556173228346452
0
LINE
8
BLACK
6
CONTINUOUS
10
-4.5567919291338583
20
5.7556173228346452
11
-4.558201338582677
21
5.754977874015748
0
LINE
8
BLACK
6
CONTINUOUS
10
-4.558201338582677
20
5.754977874015748
11
-4.5607600000000001
21
5.7545726771653545
0
LINE
8
BLACK
6
CONTINUOUS
10
-4.5607600000000001
20
5.7545726771653545
11
-4.5607600787401577
21
5.7545726377952757
0
LINE
8
BLACK
6
CONTINUOUS
10
-4.5607600787401577
20
5.7545726377952757
11
-4.5607601181102364
21
5.7545726377952757
0
LINE
8
BLACK
6
CONTINUOUS
10
-4.5607601181102364
20
5.7545726377952757
11
-4.56238562992126
21
5.7537443700787403
0
LINE
8
BLACK
6
CONTINUOUS
10
-4.56238562992126
20
5.7537443700787403
11
-4.5652103149606296
21
5.752305118110236
0
LINE
8
BLACK
6
CONTINUOUS
10
-4.5652103149606296
20
5.752305118110236
11
-4.5687421259842518
21
5.7487733070866138
0
LINE
8
BLACK
6
CONTINUOUS
10
-4.5687421259842518
20
5.7487733070866138
11
-4.5710096850393702
21
5.7443229921259844
0
LINE
8
BLACK
6
CONTINUOUS
10
-4.5710096850393702
20
5.7443229921259844
11
-4.571009724409449
21
5.7443229133858269
0
LINE
8
BLACK
6
CONTINUOUS
10
-4.571009724409449
20
5.7443229133858269
11
-4.571009724409449
21
5.7443228740157481
0
LINE
8
BLACK
6
CONTINUOUS
10
-4.571009724409449
20
5.7443228740157481
11
-4.5715944881889765
21
5.7406306692913383
0
LINE
8
BLACK
6
CONTINUOUS
10
-4.5715944881889765
20
5.7406306692913383
11
-4.5715944881889765
21
5.7235647637795273
0
LINE
8
BLACK
6
CONTINUOUS
10
-4.5715944881889765
20
5.7235647637795273
11
-4.5724477952755906
21
5.7215046850393696
0
LINE
8
BLACK
6
CONTINUOUS
10
-4.5724477952755906
20
5.7215046850393696
11
-4.576513661417323
21
5.7174388188976373
0
LINE
8
BLACK
6
CONTINUOUS
10
-4.576513661417323
20
5.7174388188976373
11
-4.5785737401574806
21
5.7165855118110231
0
LINE
8
BLACK
6
CONTINUOUS
10
-4.5785737401574806
20
5.7165855118110231
11
-4.5806338188976374
21
5.7174388188976373
0
LINE
8
BLACK
6
CONTINUOUS
10
-4.5806338188976374
20
5.7174388188976373
11
-4.5814871259842516
21
5.719498897637795
0
LINE
8
BLACK
6
CONTINUOUS
10
-4.5814871259842516
20
5.719498897637795
11
-4.5809178346456694
21
5.7212289370078739
0
LINE
8
BLACK
6
CONTINUOUS
10
-4.5809178346456694
20
5.7212289370078739
11
-4.5807143307086617
21
5.7215046850393696
0
LINE
8
BLACK
6
CONTINUOUS
10
-4.5807143307086617
20
5.7215046850393696
11
-4.5804412204724407
21
5.7218747244094486
0
LINE
8
BLACK
6
CONTINUOUS
10
-4.5804412204724407
20
5.7218747244094486
11
-4.5788537795275586
21
5.7264113385826771
0
LINE
8
BLACK
6
CONTINUOUS
10
-4.5788537795275586
20
5.7264113385826771
11
-4.5786754330708659
21
5.7269210629921261
0
LINE
8
BLACK
6
CONTINUOUS
10
-4.5786754330708659
20
5.7269210629921261
11
-4.5786753543307084
21
5.7269212992125986
0
LINE
8
BLACK
6
CONTINUOUS
10
-4.5786753543307084
20
5.7269212992125986
11
-4.5785629921259838
21
5.7281194488188971
0
LINE
8
BLACK
6
CONTINUOUS
10
-4.5785629921259838
20
5.7281194488188971
11
-4.5785629921259838
21
5.7520774015748026
0
LINE
8
BLACK
6
CONTINUOUS
10
-4.5785629921259838
20
5.7520774015748026
11
-4.5786753543307084
21
5.753275551181102
0
LINE
8
BLACK
6
CONTINUOUS
10
-4.5786753543307084
20
5.753275551181102
11
-4.5804412204724407
21
5.7583221259842521
0
LINE
8
BLACK
6
CONTINUOUS
10
-4.5804412204724407
20
5.7583221259842521
11
-4.5836161417322829
21
5.7626240157480311
0
LINE
8
BLACK
6
CONTINUOUS
10
-4.5836161417322829
20
5.7626240157480311
11
-4.5879180314960628
21
5.7657989370078742
0
LINE
8
BLACK
6
CONTINUOUS
10
-4.5879180314960628
20
5.7657989370078742
11
-4.5929646062992129
21
5.7675648031496065
0
LINE
8
BLACK
6
CONTINUOUS
10
-4.5929646062992129
20
5.7675648031496065
11
-4.5941627559055114
21
5.7676771653543302
0
LINE
8
BLACK
6
CONTINUOUS
10
-4.5941627559055114
20
5.7676771653543302
11
-4.5941629921259839
21
5.7676771653543302
0
LINE
8
BLACK
6
CONTINUOUS
10
-4.5941629921259839
20
5.7676771653543302
11
-4.6191714566929134
21
5.7676771653543302
0
LINE
8
BLACK
6
CONTINUOUS
10
-4.6191714566929134
20
5.7676771653543302
11
-4.6212315354330711
21
5.7685304724409452
0
LINE
8
BLACK
6
CONTINUOUS
10
-4.6212315354330711
20
5.7685304724409452
11
-4.6226582677165355
21
5.7699572047244096
0
LINE
8
BLACK
6
CONTINUOUS
10
-4.6226582677165355
20
5.7699572047244096
11
-4.6243987795275592
21
5.7716976771653545
0
LINE
8
BLACK
6
CONTINUOUS
10
-4.6243987795275592
20
5.7716976771653545
11
-4.6252520472440946
21
5.7737577165354326
0
LINE
8
BLACK
6
CONTINUOUS
10
-4.6252520472440946
20
5.7737577165354326
11
-4.625
21
5.7743661811023621
0
LINE
8
BLACK
6
CONTINUOUS
10
-4.625
20
5.7743661811023621
11
-4.625
21
5.7952165354330711
0
LINE
8
BLACK
6
CONTINUOUS
10
-4.625
20
5.7952165354330711
11
-4.6337007874015743
21
5.7952165354330711
0
LINE
8
BLACK
6
CONTINUOUS
10
-4.6337007874015743
20
5.7952165354330711
11
-4.637467362204724
21
5.7959657480314961
0
LINE
8
BLACK
6
CONTINUOUS
10
-4.637467362204724
20
5.7959657480314961
11
-4.6406605118110233
21
5.798099330708661
0
LINE
8
BLACK
6
CONTINUOUS
10
-4.6406605118110233
20
5.798099330708661
11
-4.6427940944881891
21
5.8012924803149604
0
LINE
8
BLACK
6
CONTINUOUS
10
-4.6427940944881891
20
5.8012924803149604
11
-4.6435119685039368
21
5.8049015748031492
0
LINE
8
BLACK
6
CONTINUOUS
10
-4.6435119685039368
20
5.8049015748031492
11
-4.6646332677165354
21
5.8049015748031492
0
LINE
8
BLACK
6
CONTINUOUS
10
-4.6646332677165354
20
5.8049015748031492
11
-4.6648326771653545
21
5.8048189763779527
0
LINE
8
BLACK
6
CONTINUOUS
10
-4.6648326771653545
20
5.8048189763779527
11
-4.6652697244094483
21
5.8049999999999997
0
LINE
8
BLACK
6
CONTINUOUS
10
-4.6652697244094483
20
5.8049999999999997
11
-4.6862204724409446
21
5.8049999999999997
0
LINE
8
BLACK
6
CONTINUOUS
10
-4.6862204724409446
20
5.8049999999999997
11
-4.6862204724409446
21
5.8031889763779523
0
LINE
8
BLACK
6
CONTINUOUS
10
-4.6862204724409446
20
5.8031889763779523
11
-4.7137795275590548
21
5.8031889763779523
0
LINE
8
BLACK
6
CONTINUOUS
10
-4.7137795275590548
20
5.8031889763779523
11
-4.7137795275590548
21
5.8049999999999997
0
LINE
8
BLACK
6
CONTINUOUS
10
-4.7137795275590548
20
5.8049999999999997
11
-4.7337795275590553
21
5.8049999999999997
0
LINE
8
BLACK
6
CONTINUOUS
10
-4.7337795275590553
20
5.8049999999999997
11
-4.7337795275590553
21
5.8012759448818896
0
LINE
8
BLACK
6
CONTINUOUS
10
-4.7337795275590553
20
5.8012759448818896
11
-4.7335234251968501
21
5.7988939370078736
0
LINE
8
BLACK
6
CONTINUOUS
10
-4.7335234251968501
20
5.7988939370078736
11
-4.7335233858267713
21
5.7988937401574798
0
LINE
8
BLACK
6
CONTINUOUS
10
-4.7335233858267713
20
5.7988937401574798
11
-4.7315137007874011
21
5.7935054724409447
0
LINE
8
BLACK
6
CONTINUOUS
10
-4.7315137007874011
20
5.7935054724409447
11
-4.7315136614173223
21
5.793505433070866
0
LINE
8
BLACK
6
CONTINUOUS
10
-4.7315136614173223
20
5.793505433070866
11
-4.728067086614173
21
5.7889013779527554
0
LINE
8
BLACK
6
CONTINUOUS
10
-4.728067086614173
20
5.7889013779527554
11
-4.7280670078740155
21
5.7889012992125979
0
LINE
8
BLACK
6
CONTINUOUS
10
-4.7280670078740155
20
5.7889012992125979
11
-4.727308897637795
21
5.7883337795275587
0
LINE
8
BLACK
6
CONTINUOUS
10
-4.727308897637795
20
5.7883337795275587
11
-4.7261711811023623
21
5.7864161023622049
0
LINE
8
BLACK
6
CONTINUOUS
10
-4.7261711811023623
20
5.7864161023622049
11
-4.7267227165354333
21
5.7842555511811025
0
LINE
8
BLACK
6
CONTINUOUS
10
-4.7267227165354333
20
5.7842555511811025
11
-4.728640393700787
21
5.7831178346456689
0
LINE
8
BLACK
6
CONTINUOUS
10
-4.728640393700787
20
5.7831178346456689
11
-4.7294350787401571
21
5.7831131102362203
0
LINE
8
BLACK
6
CONTINUOUS
10
-4.7294350787401571
20
5.7831131102362203
11
-4.7350000000000003
21
5.7838457480314958
0
LINE
8
BLACK
6
CONTINUOUS
10
-4.7350000000000003
20
5.7838457480314958
11
-4.7411717322834646
21
5.7830332283464569
0
LINE
8
BLACK
6
CONTINUOUS
10
-4.7411717322834646
20
5.7830332283464569
11
-4.7469228740157483
21
5.7806510236220472
0
LINE
8
BLACK
6
CONTINUOUS
10
-4.7469228740157483
20
5.7806510236220472
11
-4.7469229133858271
21
5.7806509842519684
0
LINE
8
BLACK
6
CONTINUOUS
10
-4.7469229133858271
20
5.7806509842519684
11
-4.7518614173228348
21
5.7768615748031493
0
LINE
8
BLACK
6
CONTINUOUS
10
-4.7518614173228348
20
5.7768615748031493
11
-4.7519873622047246
21
5.7767356299212596
0
LINE
8
BLACK
6
CONTINUOUS
10
-4.7519873622047246
20
5.7767356299212596
11
-4.7540474409448814
21
5.7758823228346454
0
LINE
8
BLACK
6
CONTINUOUS
10
-4.7540474409448814
20
5.7758823228346454
11
-4.7561075196850391
21
5.7767356299212596
0
LINE
8
BLACK
6
CONTINUOUS
10
-4.7561075196850391
20
5.7767356299212596
11
-4.7565551181102359
21
5.777312716535433
0
LINE
8
BLACK
6
CONTINUOUS
10
-4.7565551181102359
20
5.777312716535433
11
-4.758737992125984
21
5.7810037795275591
0
LINE
8
BLACK
6
CONTINUOUS
10
-4.758737992125984
20
5.7810037795275591
11
-4.758737992125984
21
5.7810038188976378
0
LINE
8
BLACK
6
CONTINUOUS
10
-4.758737992125984
20
5.7810038188976378
11
-4.7633662204724407
21
5.7856320472440945
0
LINE
8
BLACK
6
CONTINUOUS
10
-4.7633662204724407
20
5.7856320472440945
11
-4.7689999606299214
21
5.7889638188976376
0
LINE
8
BLACK
6
CONTINUOUS
10
-4.7689999606299214
20
5.7889638188976376
11
-4.7752852755905515
21
5.7907899212598428
0
LINE
8
BLACK
6
CONTINUOUS
10
-4.7752852755905515
20
5.7907899212598428
11
-4.7767537007874017
21
5.7909054724409446
0
LINE
8
BLACK
6
CONTINUOUS
10
-4.7767537007874017
20
5.7909054724409446
11
-4.796929133858268
21
5.7909054724409446
0
LINE
8
BLACK
6
CONTINUOUS
10
-4.796929133858268
20
5.7909054724409446
11
-4.796929133858268
21
5.7709055118110237
0
LINE
8
BLACK
6
CONTINUOUS
10
-4.796929133858268
20
5.7709055118110237
11
-4.7793700787401576
21
5.7709055118110237
0
LINE
8
BLACK
6
CONTINUOUS
10
-4.7793700787401576
20
5.7709055118110237
11
-4.7771101181102358
21
5.770455984251968
0
LINE
8
BLACK
6
CONTINUOUS
10
-4.7771101181102358
20
5.770455984251968
11
-4.7751942519685038
21
5.7691758267716535
0
LINE
8
BLACK
6
CONTINUOUS
10
-4.7751942519685038
20
5.7691758267716535
11
-4.7739140944881893
21
5.7672599606299215
0
LINE
8
BLACK
6
CONTINUOUS
10
-4.7739140944881893
20
5.7672599606299215
11
-4.7734645669291336
21
5.7649999999999997
0
LINE
8
BLACK
6
CONTINUOUS
10
-4.7734645669291336
20
5.7649999999999997
11
-4.7734645669291336
21
5.7531889763779525
0
LINE
8
BLACK
6
CONTINUOUS
10
-4.7734645669291336
20
5.7531889763779525
11
-4.7739140944881893
21
5.7509290157480315
0
LINE
8
BLACK
6
CONTINUOUS
10
-4.7739140944881893
20
5.7509290157480315
11
-4.7751942519685038
21
5.7490131496062995
0
LINE
8
BLACK
6
CONTINUOUS
10
-4.7751942519685038
20
5.7490131496062995
11
-4.7771101181102358
21
5.7477329921259841
0
LINE
8
BLACK
6
CONTINUOUS
10
-4.7771101181102358
20
5.7477329921259841
11
-4.7793700787401576
21
5.7472834645669293
0
LINE
8
BLACK
6
CONTINUOUS
10
-4.7793700787401576
20
5.7472834645669293
11
-4.834488188976378
21
5.7472834645669293
0
LINE
8
BLACK
6
CONTINUOUS
10
-4.834488188976378
20
5.7472834645669293
11
-4.836748149606299
21
5.7477329921259841
0
LINE
8
BLACK
6
CONTINUOUS
10
-4.836748149606299
20
5.7477329921259841
11
-4.838664015748031
21
5.7490131496062995
0
LINE
8
BLACK
6
CONTINUOUS
10
-4.838664015748031
20
5.7490131496062995
11
-4.8387183464566927
21
5.7490944881889758
0
LINE
8
BLACK
6
CONTINUOUS
10
-4.8387183464566927
20
5.7490944881889758
11
-4.8602753149606297
21
5.7490944881889758
0
LINE
8
BLACK
6
CONTINUOUS
10
-4.8602753149606297
20
5.7490944881889758
11
-4.8584520472440946
21
5.7428188188976375
0
LINE
8
BLACK
6
CONTINUOUS
10
-4.8584520472440946
20
5.7428188188976375
11
-4.8551202755905507
21
5.7371850787401577
0
LINE
8
BLACK
6
CONTINUOUS
10
-4.8551202755905507
20
5.7371850787401577
11
-4.8504920866141727
21
5.7325568897637798
0
LINE
8
BLACK
6
CONTINUOUS
10
-4.8504920866141727
20
5.7325568897637798
11
-4.8479789370078743
21
5.7310706692913387
0
LINE
8
BLACK
6
CONTINUOUS
10
-4.8479789370078743
20
5.7310706692913387
11
-4.8466401181102361
21
5.7292875196850392
0
LINE
8
BLACK
6
CONTINUOUS
10
-4.8466401181102361
20
5.7292875196850392
11
-4.8469542913385828
21
5.7270799606299212
0
LINE
8
BLACK
6
CONTINUOUS
10
-4.8469542913385828
20
5.7270799606299212
11
-4.8487374409448813
21
5.725741141732283
0
LINE
8
BLACK
6
CONTINUOUS
10
-4.8487374409448813
20
5.725741141732283
11
-4.8494619685039373
21
5.7256496062992124
0
LINE
8
BLACK
6
CONTINUOUS
10
-4.8494619685039373
20
5.7256496062992124
11
-4.8578632677165352
21
5.7256496062992124
0
LINE
8
BLACK
6
CONTINUOUS
10
-4.8578632677165352
20
5.7256496062992124
11
-4.8578638976377952
21
5.7256496456692911
0
LINE
8
BLACK
6
CONTINUOUS
10
-4.8578638976377952
20
5.7256496456692911
11
-4.8580422440944879
21
5.7256496456692911
0
LINE
8
BLACK
6
CONTINUOUS
10
-4.8580422440944879
20
5.7256496456692911
11
-4.8621939763779523
21
5.7256496456692911
0
LINE
8
BLACK
6
CONTINUOUS
10
-4.8621939763779523
20
5.7256496456692911
11
-4.8621940551181098
21
5.7256496456692911
0
LINE
8
BLACK
6
CONTINUOUS
10
-4.8621940551181098
20
5.7256496456692911
11
-4.866194251968504
21
5.7245777559055115
0
LINE
8
BLACK
6
CONTINUOUS
10
-4.866194251968504
20
5.7245777559055115
11
-4.8661945275590552
21
5.724577677165354
0
LINE
8
BLACK
6
CONTINUOUS
10
-4.8661945275590552
20
5.724577677165354
11
-4.8662042125984248
21
5.7245750787401573
0
LINE
8
BLACK
6
CONTINUOUS
10
-4.8662042125984248
20
5.7245750787401573
11
-4.8697997244094484
21
5.7224992125984251
0
LINE
8
BLACK
6
CONTINUOUS
10
-4.8697997244094484
20
5.7224992125984251
11
-4.8727354330708659
21
5.7195635039370076
0
LINE
8
BLACK
6
CONTINUOUS
10
-4.8727354330708659
20
5.7195635039370076
11
-4.8727355118110234
21
5.7195634251968501
0
LINE
8
BLACK
6
CONTINUOUS
10
-4.8727355118110234
20
5.7195634251968501
11
-4.8876173228346458
21
5.7046816141732286
0
LINE
8
BLACK
6
CONTINUOUS
10
-4.8876173228346458
20
5.7046816141732286
11
-4.8876174015748033
21
5.7046814960629924
0
LINE
8
BLACK
6
CONTINUOUS
10
-4.8876174015748033
20
5.7046814960629924
11
-4.887617440944882
21
5.7046814566929136
0
LINE
8
BLACK
6
CONTINUOUS
10
-4.887617440944882
20
5.7046814566929136
11
-4.8896931102362204
21
5.7010862992125979
0
LINE
8
BLACK
6
CONTINUOUS
10
-4.8896931102362204
20
5.7010862992125979
11
-4.8896932677165355
21
5.70108594488189
0
LINE
8
BLACK
6
CONTINUOUS
10
-4.8896932677165355
20
5.70108594488189
11
-4.8899883858267712
21
5.6999845669291336
0
LINE
8
BLACK
6
CONTINUOUS
10
-4.8899883858267712
20
5.6999845669291336
11
-4.8899883464566924
21
5.6999845669291336
0
LINE
8
BLACK
6
CONTINUOUS
10
-4.8899883464566924
20
5.6999845669291336
11
-4.890264881889764
21
5.6989525196850392
0
LINE
8
BLACK
6
CONTINUOUS
10
-4.890264881889764
20
5.6989525196850392
11
-4.8906200393700789
21
5.6976269291338584
0
LINE
8
BLACK
6
CONTINUOUS
10
-4.8906200393700789
20
5.6976269291338584
11
-4.8907677165354331
21
5.6970758267716537
0
LINE
8
BLACK
6
CONTINUOUS
10
-4.8907677165354331
20
5.6970758267716537
11
-4.8907677165354331
21
5.6791374803149601
0
LINE
8
BLACK
6
CONTINUOUS
10
-4.8907677165354331
20
5.6791374803149601
11
-4.8916210236220472
21
5.6770774015748033
0
LINE
8
BLACK
6
CONTINUOUS
10
-4.8916210236220472
20
5.6770774015748033
11
-4.8918204330708663
21
5.6769025196850391
0
LINE
8
BLACK
6
CONTINUOUS
10
-4.8918204330708663
20
5.6769025196850391
11
-4.891861653543307
21
5.6768613385826772
0
LINE
8
BLACK
6
CONTINUOUS
10
-4.891861653543307
20
5.6768613385826772
11
-4.8956510236220474
21
5.6719228740157481
0
LINE
8
BLACK
6
CONTINUOUS
10
-4.8956510236220474
20
5.6719228740157481
11
-4.898033267716535
21
5.6661716929133856
0
LINE
8
BLACK
6
CONTINUOUS
10
-4.898033267716535
20
5.6661716929133856
11
-4.898033267716535
21
5.6661716535433069
0
LINE
8
BLACK
6
CONTINUOUS
10
-4.898033267716535
20
5.6661716535433069
11
-4.898845748031496
21
5.6600000000000001
0
LINE
8
BLACK
6
CONTINUOUS
10
-4.898845748031496
20
5.6600000000000001
11
-4.898033267716535
21
5.6538283070866138
0
LINE
8
BLACK
6
CONTINUOUS
10
-4.898033267716535
20
5.6538283070866138
11
-4.898033267716535
21
5.653828267716535
0
LINE
8
BLACK
6
CONTINUOUS
10
-4.898033267716535
20
5.653828267716535
11
-4.8956510236220474
21
5.6480770866141734
0
LINE
8
BLACK
6
CONTINUOUS
10
-4.8956510236220474
20
5.6480770866141734
11
-4.8918616141732283
21
5.6431385826771656
0
LINE
8
BLACK
6
CONTINUOUS
10
-4.8918616141732283
20
5.6431385826771656
11
-4.8918614173228345
21
5.6431383858267719
0
LINE
8
BLACK
6
CONTINUOUS
10
-4.8918614173228345
20
5.6431383858267719
11
-4.8869229133858267
21
5.6393489763779527
0
LINE
8
BLACK
6
CONTINUOUS
10
-4.8869229133858267
20
5.6393489763779527
11
-4.881960866141732
21
5.6372936220472436
0
LINE
8
BLACK
6
CONTINUOUS
10
-4.881960866141732
20
5.6372936220472436
11
-4.8803841732283466
21
5.6357168897637795
0
LINE
8
BLACK
6
CONTINUOUS
10
-4.8803841732283466
20
5.6357168897637795
11
-4.8803841732283466
21
5.6334870866141733
0
LINE
8
BLACK
6
CONTINUOUS
10
-4.8803841732283466
20
5.6334870866141733
11
-4.8813022047244097
21
5.6322907086614169
0
LINE
8
BLACK
6
CONTINUOUS
10
-4.8813022047244097
20
5.6322907086614169
11
-4.8818613385826772
21
5.6318616535433073
0
LINE
8
BLACK
6
CONTINUOUS
10
-4.8818613385826772
20
5.6318616535433073
11
-4.8818616141732285
21
5.631861377952756
0
LINE
8
BLACK
6
CONTINUOUS
10
-4.8818616141732285
20
5.631861377952756
11
-4.8856510236220467
21
5.6269228740157482
0
LINE
8
BLACK
6
CONTINUOUS
10
-4.8856510236220467
20
5.6269228740157482
11
-4.8880332677165352
21
5.6211716929133857
0
LINE
8
BLACK
6
CONTINUOUS
10
-4.8880332677165352
20
5.6211716929133857
11
-4.8880332677165352
21
5.6211716535433069
0
LINE
8
BLACK
6
CONTINUOUS
10
-4.8880332677165352
20
5.6211716535433069
11
-4.8888457480314962
21
5.6150000000000002
0
LINE
8
BLACK
6
CONTINUOUS
10
-4.8888457480314962
20
5.6150000000000002
11
-4.8880332677165352
21
5.6088283070866138
0
LINE
8
BLACK
6
CONTINUOUS
10
-4.8880332677165352
20
5.6088283070866138
11
-4.8880332677165352
21
5.6088282677165351
0
LINE
8
BLACK
6
CONTINUOUS
10
-4.8880332677165352
20
5.6088282677165351
11
-4.8856510236220467
21
5.6030770866141735
0
LINE
8
BLACK
6
CONTINUOUS
10
-4.8856510236220467
20
5.6030770866141735
11
-4.8818616141732285
21
5.5981385826771648
0
LINE
8
BLACK
6
CONTINUOUS
10
-4.8818616141732285
20
5.5981385826771648
11
-4.8818614173228347
21
5.5981383858267719
0
LINE
8
BLACK
6
CONTINUOUS
10
-4.8818614173228347
20
5.5981383858267719
11
-4.876922913385827
21
5.5943489763779528
0
LINE
8
BLACK
6
CONTINUOUS
10
-4.876922913385827
20
5.5943489763779528
11
-4.8711717322834645
21
5.5919667322834643
0
LINE
8
BLACK
6
CONTINUOUS
10
-4.8711717322834645
20
5.5919667322834643
11
-4.8650000000000002
21
5.5911542519685042
0
LINE
8
BLACK
6
CONTINUOUS
10
-4.8650000000000002
20
5.5911542519685042
11
-4.8588283464566926
21
5.5919667322834643
0
LINE
8
BLACK
6
CONTINUOUS
10
-4.8588283464566926
20
5.5919667322834643
11
-4.8588283070866138
21
5.5919667322834643
0
LINE
8
BLACK
6
CONTINUOUS
10
-4.8588283070866138
20
5.5919667322834643
11
-4.8530771259842522
21
5.5943489763779528
0
LINE
8
BLACK
6
CONTINUOUS
10
-4.8530771259842522
20
5.5943489763779528
11
-4.852115393700787
21
5.5950869291338581
0
LINE
8
BLACK
6
CONTINUOUS
10
-4.852115393700787
20
5.5950869291338581
11
-4.8503418503937006
21
5.5956889763779527
0
LINE
8
BLACK
6
CONTINUOUS
10
-4.8503418503937006
20
5.5956889763779527
11
-4.8453477559055118
21
5.5956889763779527
0
LINE
8
BLACK
6
CONTINUOUS
10
-4.8453477559055118
20
5.5956889763779527
11
-4.8432876771653541
21
5.5948356692913386
0
LINE
8
BLACK
6
CONTINUOUS
10
-4.8432876771653541
20
5.5948356692913386
11
-4.8426174409448821
21
5.5941653937007869
0
LINE
8
BLACK
6
CONTINUOUS
10
-4.8426174409448821
20
5.5941653937007869
11
-4.8384801181102359
21
5.5921427952755902
0
LINE
8
BLACK
6
CONTINUOUS
10
-4.8384801181102359
20
5.5921427952755902
11
-4.8357978346456694
21
5.591751968503937
0
LINE
8
BLACK
6
CONTINUOUS
10
-4.8357978346456694
20
5.591751968503937
11
-4.8357976377952756
21
5.591751968503937
0
LINE
8
BLACK
6
CONTINUOUS
10
-4.8357976377952756
20
5.591751968503937
11
-4.778060472440945
21
5.591751968503937
0
LINE
8
BLACK
6
CONTINUOUS
10
-4.778060472440945
20
5.591751968503937
11
-4.7753782283464563
21
5.5921427952755902
0
LINE
8
BLACK
6
CONTINUOUS
10
-4.7753782283464563
20
5.5921427952755902
11
-4.7753781889763776
21
5.5921427952755902
0
LINE
8
BLACK
6
CONTINUOUS
10
-4.7753781889763776
20
5.5921427952755902
11
-4.7712408661417323
21
5.5941653937007869
0
LINE
8
BLACK
6
CONTINUOUS
10
-4.7712408661417323
20
5.5941653937007869
11
-4.7705705905511806
21
5.5948356692913386
0
LINE
8
BLACK
6
CONTINUOUS
10
-4.7705705905511806
20
5.5948356692913386
11
-4.7685105118110238
21
5.5956889763779527
0
LINE
8
BLACK
6
CONTINUOUS
10
-4.7685105118110238
20
5.5956889763779527
11
-4.7263797244094485
21
5.5956889763779527
0
LINE
8
BLACK
6
CONTINUOUS
10
-4.7263797244094485
20
5.5956889763779527
11
-4.7243196456692909
21
5.5948356692913386
0
LINE
8
BLACK
6
CONTINUOUS
10
-4.7243196456692909
20
5.5948356692913386
11
-4.7129596062992123
21
5.58347562992126
0
LINE
8
BLACK
6
CONTINUOUS
10
-4.7129596062992123
20
5.58347562992126
11
-4.7121062992125982
21
5.5814155511811023
0
LINE
8
BLACK
6
CONTINUOUS
10
-4.7121062992125982
20
5.5814155511811023
11
-4.7121062992125982
21
5.5637297244094484
0
LINE
8
BLACK
6
CONTINUOUS
10
-4.7121062992125982
20
5.5637297244094484
11
-4.7117154724409449
21
5.5610474803149605
0
LINE
8
BLACK
6
CONTINUOUS
10
-4.7117154724409449
20
5.5610474803149605
11
-4.7117154724409449
21
5.5610474409448818
0
LINE
8
BLACK
6
CONTINUOUS
10
-4.7117154724409449
20
5.5610474409448818
11
-4.7096928740157482
21
5.5569101181102365
0
LINE
8
BLACK
6
CONTINUOUS
10
-4.7096928740157482
20
5.5569101181102365
11
-4.709692755905512
21
5.5569099606299215
0
LINE
8
BLACK
6
CONTINUOUS
10
-4.709692755905512
20
5.5569099606299215
11
-4.7081095669291342
21
5.5553267716535428
0
LINE
8
BLACK
6
CONTINUOUS
10
-4.7081095669291342
20
5.5553267716535428
11
-4.7073555511811023
21
5.5540208661417321
0
LINE
8
BLACK
6
CONTINUOUS
10
-4.7073555511811023
20
5.5540208661417321
11
-4.707094803149606
21
5.5530477165354331
0
LINE
8
BLACK
6
CONTINUOUS
10
-4.707094803149606
20
5.5530477165354331
11
-4.7070947637795273
21
5.5530476377952755
0
LINE
8
BLACK
6
CONTINUOUS
10
-4.7070947637795273
20
5.5530476377952755
11
-4.7050189763779526
21
5.549452283464567
0
LINE
8
BLACK
6
CONTINUOUS
10
-4.7050189763779526
20
5.549452283464567
11
-4.6883262598425199
21
5.5327595669291334
0
LINE
8
BLACK
6
CONTINUOUS
10
-4.6883262598425199
20
5.5327595669291334
11
-4.6874729527559058
21
5.5306994881889766
0
LINE
8
BLACK
6
CONTINUOUS
10
-4.6874729527559058
20
5.5306994881889766
11
-4.6883262598425199
21
5.5286394094488189
0
LINE
8
BLACK
6
CONTINUOUS
10
-4.6883262598425199
20
5.5286394094488189
11
-4.689817952755905
21
5.5278420866141733
0
LINE
8
BLACK
6
CONTINUOUS
10
-4.689817952755905
20
5.5278420866141733
11
-4.6899543307086615
21
5.5278149606299207
0
LINE
8
BLACK
6
CONTINUOUS
10
-4.6899543307086615
20
5.5278149606299207
11
-4.689954409448819
21
5.5278149606299207
0
LINE
8
BLACK
6
CONTINUOUS
10
-4.689954409448819
20
5.5278149606299207
11
-4.6960431889763781
21
5.5266038188976374
0
LINE
8
BLACK
6
CONTINUOUS
10
-4.6960431889763781
20
5.5266038188976374
11
-4.6960433858267718
21
5.5266037401574799
0
LINE
8
BLACK
6
CONTINUOUS
10
-4.6960433858267718
20
5.5266037401574799
11
-4.7017785433070864
21
5.5242281889763776
0
LINE
8
BLACK
6
CONTINUOUS
10
-4.7017785433070864
20
5.5242281889763776
11
-4.7017786220472439
21
5.5242281496062988
0
LINE
8
BLACK
6
CONTINUOUS
10
-4.7017786220472439
20
5.5242281496062988
11
-4.7017787007874015
21
5.5242281102362201
0
LINE
8
BLACK
6
CONTINUOUS
10
-4.7017787007874015
20
5.5242281102362201
11
-4.7063813385826769
21
5.5211527165354326
0
LINE
8
BLACK
6
CONTINUOUS
10
-4.7063813385826769
20
5.5211527165354326
11
-4.7069405118110232
21
5.5207790944881889
0
LINE
8
BLACK
6
CONTINUOUS
10
-4.7069405118110232
20
5.5207790944881889
11
-4.7085985826771655
21
5.5191210236220467
0
LINE
8
BLACK
6
CONTINUOUS
10
-4.7085985826771655
20
5.5191210236220467
11
-4.7106586614173231
21
5.5182677165354326
0
LINE
8
BLACK
6
CONTINUOUS
10
-4.7106586614173231
20
5.5182677165354326
11
-4.7162204724409449
21
5.5182677165354326
0
LINE
8
BLACK
6
CONTINUOUS
10
-4.7162204724409449
20
5.5182677165354326
11
-4.7162204724409449
21
5.5083276377952757
0
LINE
8
BLACK
6
CONTINUOUS
10
-4.7162204724409449
20
5.5083276377952757
11
-4.7164422440944884
21
5.5072127952755903
0
LINE
8
BLACK
6
CONTINUOUS
10
-4.7164422440944884
20
5.5072127952755903
11
-4.717155
21
5.5054920078740155
0
LINE
8
BLACK
6
CONTINUOUS
10
-4.717155
20
5.5054920078740155
11
-4.7171550787401575
21
5.505491771653543
0
LINE
8
BLACK
6
CONTINUOUS
10
-4.7171550787401575
20
5.505491771653543
11
-4.7177268110236223
21
5.5026173228346451
0
LINE
8
BLACK
6
CONTINUOUS
10
-4.7177268110236223
20
5.5026173228346451
11
-4.7182031102362201
21
5.5002227165354327
0
LINE
8
BLACK
6
CONTINUOUS
10
-4.7182031102362201
20
5.5002227165354327
11
-4.7183661417322833
21
5.4994031496062989
0
LINE
8
BLACK
6
CONTINUOUS
10
-4.7183661417322833
20
5.4994031496062989
11
-4.7183661417322833
21
5.4982676771653543
0
LINE
8
BLACK
6
CONTINUOUS
10
-4.7183661417322833
20
5.4982676771653543
11
-4.7081758661417323
21
5.498267716535433
0
LINE
8
BLACK
6
CONTINUOUS
10
-4.7081758661417323
20
5.498267716535433
11
-4.705664803149606
21
5.4977682283464562
0
LINE
8
BLACK
6
CONTINUOUS
10
-4.705664803149606
20
5.4977682283464562
11
-4.7035360629921259
21
5.4963458267716536
0
LINE
8
BLACK
6
CONTINUOUS
10
-4.7035360629921259
20
5.4963458267716536
11
-4.7021136614173225
21
5.4942170866141735
0
LINE
8
BLACK
6
CONTINUOUS
10
-4.7021136614173225
20
5.4942170866141735
11
-4.7016142125984253
21
5.4917059842519684
0
LINE
8
BLACK
6
CONTINUOUS
10
-4.7016142125984253
20
5.4917059842519684
11
-4.7016141732283465
21
5.4457742913385827
0
LINE
8
BLACK
6
CONTINUOUS
10
-4.7016141732283465
20
5.4457742913385827
11
-4.7021136614173225
21
5.4432632283464564
0
LINE
8
BLACK
6
CONTINUOUS
10
-4.7021136614173225
20
5.4432632283464564
11
-4.7035360629921259
21
5.4411344881889763
0
LINE
8
BLACK
6
CONTINUOUS
10
-4.7035360629921259
20
5.4411344881889763
11
-4.705664803149606
21
5.4397120866141728
0
LINE
8
BLACK
6
CONTINUOUS
10
-4.705664803149606
20
5.4397120866141728
11
-4.7081759055118111
21
5.4392126377952756
0
LINE
8
BLACK
6
CONTINUOUS
10
-4.7081759055118111
20
5.4392126377952756
11
-4.7183661417322833
21
5.4392125984251969
0
LINE
8
BLACK
6
CONTINUOUS
10
-4.7183661417322833
20
5.4392125984251969
11
-4.7183661417322833
21
5.4380771259842522
0
LINE
8
BLACK
6
CONTINUOUS
10
-4.7183661417322833
20
5.4380771259842522
11
-4.7171550787401575
21
5.4319885039370082
0
LINE
8
BLACK
6
CONTINUOUS
10
-4.7171550787401575
20
5.4319885039370082
11
-4.7171549606299212
21
5.4319881102362206
0
LINE
8
BLACK
6
CONTINUOUS
10
-4.7171549606299212
20
5.4319881102362206
11
-4.7164422440944884
21
5.4302675196850396
0
LINE
8
BLACK
6
CONTINUOUS
10
-4.7164422440944884
20
5.4302675196850396
11
-4.7162204724409449
21
5.4291526377952755
0
LINE
8
BLACK
6
CONTINUOUS
10
-4.7162204724409449
20
5.4291526377952755
11
-4.7162204724409449
21
5.4192125984251964
0
LINE
8
BLACK
6
CONTINUOUS
10
-4.7162204724409449
20
5.4192125984251964
11
-4.7106586614173231
21
5.4192125984251964
0
LINE
8
BLACK
6
CONTINUOUS
10
-4.7106586614173231
20
5.4192125984251964
11
-4.7085985826771655
21
5.4183592913385823
0
LINE
8
BLACK
6
CONTINUOUS
10
-4.7085985826771655
20
5.4183592913385823
11
-4.706940551181102
21
5.4167012598425197
0
LINE
8
BLACK
6
CONTINUOUS
10
-4.706940551181102
20
5.4167012598425197
11
-4.7069405118110232
21
5.4167011811023622
0
LINE
8
BLACK
6
CONTINUOUS
10
-4.7069405118110232
20
5.4167011811023622
11
-4.7044550787401578
21
5.4150405118110232
0
LINE
8
BLACK
6
CONTINUOUS
10
-4.7044550787401578
20
5.4150405118110232
11
-4.7032162598425193
21
5.4131864960629921
0
LINE
8
BLACK
6
CONTINUOUS
10
-4.7032162598425193
20
5.4131864960629921
11
-4.7036512598425197
21
5.4109995275590546
0
LINE
8
BLACK
6
CONTINUOUS
10
-4.7036512598425197
20
5.4109995275590546
11
-4.7055052755905509
21
5.409760708661417
0
LINE
8
BLACK
6
CONTINUOUS
10
-4.7055052755905509
20
5.409760708661417
11
-4.7060736614173226
21
5.4097047244094485
0
LINE
8
BLACK
6
CONTINUOUS
10
-4.7060736614173226
20
5.4097047244094485
11
-4.9673818897637796
21
5.4097047244094485
0
LINE
8
BLACK
6
CONTINUOUS
10
-4.9673818897637796
20
5.4097047244094485
11
-4.9694419685039373
21
5.4105580314960626
0
LINE
8
BLACK
6
CONTINUOUS
10
-4.9694419685039373
20
5.4105580314960626
11
-4.9702952755905514
21
5.4126181102362203
0
LINE
8
BLACK
6
CONTINUOUS
10
-4.9702952755905514
20
5.4126181102362203
11
-4.9702952755905514
21
5.4436271653543304
0
LINE
8
BLACK
6
CONTINUOUS
10
-4.9702952755905514
20
5.4436271653543304
11
-4.9702952755905514
21
5.4938531102362207
0
LINE
8
BLACK
6
CONTINUOUS
10
-4.9702952755905514
20
5.4938531102362207
11
-4.9702952755905514
21
5.496023622047244
0
LINE
8
BLACK
6
CONTINUOUS
10
-4.9702952755905514
20
5.496023622047244
11
-4.9694419685039373
21
5.4980837007874017
0
LINE
8
BLACK
6
CONTINUOUS
10
-4.9694419685039373
20
5.4980837007874017
11
-4.9673818897637796
21
5.4989370078740158
0
LINE
8
BLACK
6
CONTINUOUS
10
-4.9673818897637796
20
5.4989370078740158
11
-4.9429133858267713
21
5.4989370078740158
0
LINE
8
BLACK
6
CONTINUOUS
10
-4.9429133858267713
20
5.4989370078740158
11
-4.9429133858267713
21
5.5189370078740154
0
LINE
8
BLACK
6
CONTINUOUS
10
-4.9429133858267713
20
5.5189370078740154
11
-4.9762204724409447
21
5.5189370078740154
0
LINE
8
BLACK
6
CONTINUOUS
10
-4.9762204724409447
20
5.5189370078740154
11
-4.9799870472440944
21
5.5196862204724404
0
LINE
8
BLACK
6
CONTINUOUS
10
-4.9799870472440944
20
5.5196862204724404
11
-4.9831801968503937
21
5.5218198031496062
0
LINE
8
BLACK
6
CONTINUOUS
10
-4.9831801968503937
20
5.5218198031496062
11
-4.9853137795275586
21
5.5250129527559055
0
LINE
8
BLACK
6
CONTINUOUS
10
-4.9853137795275586
20
5.5250129527559055
11
-4.9860629921259845
21
5.5287795275590552
0
LINE
8
BLACK
6
CONTINUOUS
10
-4.9860629921259845
20
5.5287795275590552
11
-4.9860629921259845
21
5.5484645669291339
0
LINE
8
BLACK
6
CONTINUOUS
10
-4.9860629921259845
20
5.5484645669291339
11
-4.9853137795275586
21
5.5522311417322836
0
LINE
8
BLACK
6
CONTINUOUS
10
-4.9853137795275586
20
5.5522311417322836
11
-4.9831801968503937
21
5.555424291338583
0
LINE
8
BLACK
6
CONTINUOUS
10
-4.9831801968503937
20
5.555424291338583
11
-4.9799870472440944
21
5.5575578740157479
0
LINE
8
BLACK
6
CONTINUOUS
10
-4.9799870472440944
20
5.5575578740157479
11
-4.9762204724409447
21
5.5583070866141728
0
LINE
8
BLACK
6
CONTINUOUS
10
-4.9762204724409447
20
5.5583070866141728
11
-4.9429133858267713
21
5.5583070866141728
0
LINE
8
BLACK
6
CONTINUOUS
10
-4.9429133858267713
20
5.5583070866141728
11
-4.9429133858267713
21
5.5783070866141733
0
LINE
8
BLACK
6
CONTINUOUS
10
-4.9429133858267713
20
5.5783070866141733
11
-4.9673818897637796
21
5.5783070866141733
0
LINE
8
BLACK
6
CONTINUOUS
10
-4.9673818897637796
20
5.5783070866141733
11
-4.9694419685039373
21
5.5791603937007874
0
LINE
8
BLACK
6
CONTINUOUS
10
-4.9694419685039373
20
5.5791603937007874
11
-4.9702952755905514
21
5.5812204724409451
0
LINE
8
BLACK
6
CONTINUOUS
10
-4.9702952755905514
20
5.5812204724409451
11
-4.9702952755905514
21
5.7690944881889763
0
LINE
8
BLACK
6
CONTINUOUS
10
-4.9702952755905514
20
5.7690944881889763
11
-4.9702952755905514
21
5.7893307086614172
0
LINE
8
BLACK
6
CONTINUOUS
10
-4.9702952755905514
20
5.7893307086614172
11
-4.9694419685039373
21
5.7913907874015749
0
LINE
8
BLACK
6
CONTINUOUS
10
-4.9694419685039373
20
5.7913907874015749
11
-4.9673818897637796
21
5.792244094488189
0
LINE
8
BLACK
6
CONTINUOUS
10
-4.9673818897637796
20
5.792244094488189
11
-4.9429133858267713
21
5.792244094488189
0
LINE
8
BLACK
6
CONTINUOUS
10
-4.9429133858267713
20
5.792244094488189
11
-4.9429133858267713
21
5.8122440944881886
0
LINE
8
BLACK
6
CONTINUOUS
10
-4.9429133858267713
20
5.8122440944881886
11
-4.9762204724409447
21
5.8122440944881886
0
LINE
8
BLACK
6
CONTINUOUS
10
-4.9762204724409447
20
5.8122440944881886
11
-4.9799870472440944
21
5.8129933070866144
0
LINE
8
BLACK
6
CONTINUOUS
10
-4.9799870472440944
20
5.8129933070866144
11
-4.9831801968503937
21
5.8151268897637793
0
LINE
8
BLACK
6
CONTINUOUS
10
-4.9831801968503937
20
5.8151268897637793
11
-4.9853137795275586
21
5.8183200393700787
0
LINE
8
BLACK
6
CONTINUOUS
10
-4.9853137795275586
20
5.8183200393700787
11
-4.9860629921259845
21
5.8220866141732284
0
LINE
8
BLACK
6
CONTINUOUS
10
-4.9860629921259845
20
5.8220866141732284
11
-4.9860629921259845
21
5.8417716535433071
0
LINE
8
BLACK
6
CONTINUOUS
10
-4.9860629921259845
20
5.8417716535433071
11
-4.9853137795275586
21
5.8455382283464568
0
LINE
8
BLACK
6
CONTINUOUS
10
-4.9853137795275586
20
5.8455382283464568
11
-4.9831801968503937
21
5.8487313779527561
0
LINE
8
BLACK
6
CONTINUOUS
10
-4.9831801968503937
20
5.8487313779527561
11
-4.9799870472440944
21
5.850864960629921
0
LINE
8
BLACK
6
CONTINUOUS
10
-4.9799870472440944
20
5.850864960629921
11
-4.9762204724409447
21
5.851614173228346
0
LINE
8
BLACK
6
CONTINUOUS
10
-4.9762204724409447
20
5.851614173228346
11
-4.9429133858267713
21
5.851614173228346
0
LINE
8
BLACK
6
CONTINUOUS
10
-4.9429133858267713
20
5.851614173228346
11
-4.9429133858267713
21
5.8716141732283464
0
LINE
8
BLACK
6
CONTINUOUS
10
-4.9429133858267713
20
5.8716141732283464
11
-4.9673818897637796
21
5.8716141732283464
0
LINE
8
BLACK
6
CONTINUOUS
10
-4.9673818897637796
20
5.8716141732283464
11
-4.9694419685039373
21
5.8724674803149606
0
LINE
8
BLACK
6
CONTINUOUS
10
-4.9694419685039373
20
5.8724674803149606
11
-4.9702952755905514
21
5.8745275590551183
0
LINE
8
BLACK
6
CONTINUOUS
10
-4.9702952755905514
20
5.8745275590551183
11
-4.9702952755905514
21
5.8766980314960628
0
LINE
8
BLACK
6
CONTINUOUS
10
-4.9702952755905514
20
5.8766980314960628
11
-4.9702952755905514
21
5.9269239763779522
0
LINE
8
BLACK
6
CONTINUOUS
10
-4.9702952755905514
20
5.9269239763779522
11
-4.9702952755905514
21
5.957933070866142
0
LINE
8
BLACK
6
CONTINUOUS
10
-4.9702952755905514
20
5.957933070866142
11
-4.9694419685039373
21
5.9599931496062988
0
LINE
8
BLACK
6
CONTINUOUS
10
-4.9694419685039373
20
5.9599931496062988
11
-4.9673818897637796
21
5.9608464566929129
0
LINE
8
BLACK
6
CONTINUOUS
10
-4.9673818897637796
20
5.9608464566929129
11
-4.7060736614173226
21
5.9608464566929129
0
LINE
8
BLACK
6
CONTINUOUS
10
-4.7060736614173226
20
5.9608464566929129
11
-4.704013582677165
21
5.9599931496062988
0
LINE
8
BLACK
6
CONTINUOUS
10
-4.9229133858267717
20
5.5583070866141728
11
-4.8896062992125984
21
5.5583070866141728
0
LINE
8
BLACK
6
CONTINUOUS
10
-4.8896062992125984
20
5.5583070866141728
11
-4.8858397244094487
21
5.5575578740157479
0
LINE
8
BLACK
6
CONTINUOUS
10
-4.8858397244094487
20
5.5575578740157479
11
-4.8826465748031493
21
5.555424291338583
0
LINE
8
BLACK
6
CONTINUOUS
10
-4.8826465748031493
20
5.555424291338583
11
-4.8805129921259844
21
5.5522311417322836
0
LINE
8
BLACK
6
CONTINUOUS
10
-4.8805129921259844
20
5.5522311417322836
11
-4.8797951181102359
21
5.5486220472440948
0
LINE
8
BLACK
6
CONTINUOUS
10
-4.8797951181102359
20
5.5486220472440948
11
-4.859763779527559
21
5.5486220472440948
0
LINE
8
BLACK
6
CONTINUOUS
10
-4.859763779527559
20
5.5486220472440948
11
-4.859763779527559
21
5.550452834645669
0
LINE
8
BLACK
6
CONTINUOUS
10
-4.859763779527559
20
5.550452834645669
11
-4.8597638188976378
21
5.5504529133858265
0
LINE
8
BLACK
6
CONTINUOUS
10
-4.8597638188976378
20
5.5504529133858265
11
-4.8601813779527561
21
5.5545403543307081
0
LINE
8
BLACK
6
CONTINUOUS
10
-4.8601813779527561
20
5.5545403543307081
11
-4.8623757086614168
21
5.5611623622047244
0
LINE
8
BLACK
6
CONTINUOUS
10
-4.8623757086614168
20
5.5611623622047244
11
-4.8660380314960632
21
5.5670999212598424
0
LINE
8
BLACK
6
CONTINUOUS
10
-4.8660380314960632
20
5.5670999212598424
11
-4.8660381102362207
21
5.5671000787401574
0
LINE
8
BLACK
6
CONTINUOUS
10
-4.8660381102362207
20
5.5671000787401574
11
-4.8709707874015749
21
5.5720327559055116
0
LINE
8
BLACK
6
CONTINUOUS
10
-4.8709707874015749
20
5.5720327559055116
11
-4.8709709448818899
21
5.5720328346456691
0
LINE
8
BLACK
6
CONTINUOUS
10
-4.8709709448818899
20
5.5720328346456691
11
-4.8769085039370079
21
5.5756951574803146
0
LINE
8
BLACK
6
CONTINUOUS
10
-4.8769085039370079
20
5.5756951574803146
11
-4.8835305118110233
21
5.5778894881889762
0
LINE
8
BLACK
6
CONTINUOUS
10
-4.8835305118110233
20
5.5778894881889762
11
-4.8876179527559058
21
5.5783070472440945
0
LINE
8
BLACK
6
CONTINUOUS
10
-4.8876179527559058
20
5.5783070472440945
11
-4.8876180314960624
21
5.5783070866141733
0
LINE
8
BLACK
6
CONTINUOUS
10
-4.8876180314960624
20
5.5783070866141733
11
-4.9229133858267717
21
5.5783070866141733
0
LINE
8
BLACK
6
CONTINUOUS
10
-4.9229133858267717
20
5.5783070866141733
11
-4.9229133858267717
21
5.5583070866141728
0
LINE
8
BLACK
6
CONTINUOUS
10
-4.1081301181102363
20
5.5783070472440945
11
-4.112217559055118
21
5.5778894881889762
0
LINE
8
BLACK
6
CONTINUOUS
10
-4.112217559055118
20
5.5778894881889762
11
-4.1188395669291333
21
5.5756951574803146
0
LINE
8
BLACK
6
CONTINUOUS
10
-4.1188395669291333
20
5.5756951574803146
11
-4.1247771259842523
21
5.5720328346456691
0
LINE
8
BLACK
6
CONTINUOUS
10
-4.1247771259842523
20
5.5720328346456691
11
-4.1247772440944885
21
5.5720327559055116
0
LINE
8
BLACK
6
CONTINUOUS
10
-4.1247772440944885
20
5.5720327559055116
11
-4.1297099212598427
21
5.5671000787401574
0
LINE
8
BLACK
6
CONTINUOUS
10
-4.1297099212598427
20
5.5671000787401574
11
-4.129710039370079
21
5.5670999212598424
0
LINE
8
BLACK
6
CONTINUOUS
10
-4.129710039370079
20
5.5670999212598424
11
-4.1333723622047245
21
5.5611623622047244
0
LINE
8
BLACK
6
CONTINUOUS
10
-4.1333723622047245
20
5.5611623622047244
11
-4.1355666929133861
21
5.5545403543307081
0
LINE
8
BLACK
6
CONTINUOUS
10
-4.1355666929133861
20
5.5545403543307081
11
-4.1359842519685035
21
5.5504529133858265
0
LINE
8
BLACK
6
CONTINUOUS
10
-4.1359842519685035
20
5.5504529133858265
11
-4.1359842519685035
21
5.5486220472440948
0
LINE
8
BLACK
6
CONTINUOUS
10
-4.1359842519685035
20
5.5486220472440948
11
-4.1159529133858266
21
5.5486220472440948
0
LINE
8
BLACK
6
CONTINUOUS
10
-4.1159529133858266
20
5.5486220472440948
11
-4.115235039370079
21
5.5522311417322836
0
LINE
8
BLACK
6
CONTINUOUS
10
-4.115235039370079
20
5.5522311417322836
11
-4.1131014566929132
21
5.555424291338583
0
LINE
8
BLACK
6
CONTINUOUS
10
-4.1131014566929132
20
5.555424291338583
11
-4.1099083070866138
21
5.5575578740157479
0
LINE
8
BLACK
6
CONTINUOUS
10
-4.1099083070866138
20
5.5575578740157479
11
-4.1061417322834641
21
5.5583070866141728
0
LINE
8
BLACK
6
CONTINUOUS
10
-4.1061417322834641
20
5.5583070866141728
11
-4.0728346456692917
21
5.5583070866141728
0
LINE
8
BLACK
6
CONTINUOUS
10
-4.0728346456692917
20
5.5583070866141728
11
-4.0728346456692917
21
5.5783070866141733
0
LINE
8
BLACK
6
CONTINUOUS
10
-4.0728346456692917
20
5.5783070866141733
11
-4.1081300000000001
21
5.5783070866141733
0
LINE
8
BLACK
6
CONTINUOUS
10
-4.1081300000000001
20
5.5783070866141733
11
-4.1081301181102363
21
5.5783070472440945
0
LINE
8
BLACK
6
CONTINUOUS
10
-4.1570840157480315
20
5.6013753543307088
11
-4.1589998818897636
21
5.6000951968503934
0
LINE
8
BLACK
6
CONTINUOUS
10
-4.1589998818897636
20
5.6000951968503934
11
-4.1612598425196845
21
5.5996456692913386
0
LINE
8
BLACK
6
CONTINUOUS
10
-4.1612598425196845
20
5.5996456692913386
11
-4.1788188976377949
21
5.5996456692913386
0
LINE
8
BLACK
6
CONTINUOUS
10
-4.1788188976377949
20
5.5996456692913386
11
-4.1788188976377949
21
5.5796456692913381
0
LINE
8
BLACK
6
CONTINUOUS
10
-4.1788188976377949
20
5.5796456692913381
11
-4.1586435433070861
21
5.5796456692913381
0
LINE
8
BLACK
6
CONTINUOUS
10
-4.1586435433070861
20
5.5796456692913381
11
-4.1586434645669295
21
5.5796457086614168
0
LINE
8
BLACK
6
CONTINUOUS
10
-4.1586434645669295
20
5.5796457086614168
11
-4.1571751181102359
21
5.5797612204724407
0
LINE
8
BLACK
6
CONTINUOUS
10
-4.1571751181102359
20
5.5797612204724407
11
-4.1508897244094491
21
5.581587322834646
0
LINE
8
BLACK
6
CONTINUOUS
10
-4.1508897244094491
20
5.581587322834646
11
-4.1452559842519685
21
5.584919094488189
0
LINE
8
BLACK
6
CONTINUOUS
10
-4.1452559842519685
20
5.584919094488189
11
-4.1406277952755906
21
5.589547283464567
0
LINE
8
BLACK
6
CONTINUOUS
10
-4.1406277952755906
20
5.589547283464567
11
-4.1372960236220475
21
5.5951810236220467
0
LINE
8
BLACK
6
CONTINUOUS
10
-4.1372960236220475
20
5.5951810236220467
11
-4.1354727165354328
21
5.601456692913386
0
LINE
8
BLACK
6
CONTINUOUS
10
-4.1354727165354328
20
5.601456692913386
11
-4.1570296850393698
21
5.601456692913386
0
LINE
8
BLACK
6
CONTINUOUS
10
-4.1570296850393698
20
5.601456692913386
11
-4.1570840157480315
21
5.6013753543307088
0
LINE
8
BLACK
6
CONTINUOUS
10
-4.2403418110236215
20
5.5951810236220467
11
-4.2370100393700785
21
5.589547283464567
0
LINE
8
BLACK
6
CONTINUOUS
10
-4.2370100393700785
20
5.589547283464567
11
-4.2323818503937005
21
5.584919094488189
0
LINE
8
BLACK
6
CONTINUOUS
10
-4.2323818503937005
20
5.584919094488189
11
-4.2267481102362208
21
5.581587322834646
0
LINE
8
BLACK
6
CONTINUOUS
10
-4.2267481102362208
20
5.581587322834646
11
-4.2204627952755907
21
5.5797612204724407
0
LINE
8
BLACK
6
CONTINUOUS
10
-4.2204627952755907
20
5.5797612204724407
11
-4.2189943307086617
21
5.5796456692913381
0
LINE
8
BLACK
6
CONTINUOUS
10
-4.2189943307086617
20
5.5796456692913381
11
-4.1988188976377954
21
5.5796456692913381
0
LINE
8
BLACK
6
CONTINUOUS
10
-4.1988188976377954
20
5.5796456692913381
11
-4.1988188976377954
21
5.5996456692913386
0
LINE
8
BLACK
6
CONTINUOUS
10
-4.1988188976377954
20
5.5996456692913386
11
-4.2163779527559058
21
5.5996456692913386
0
LINE
8
BLACK
6
CONTINUOUS
10
-4.2163779527559058
20
5.5996456692913386
11
-4.2186379133858267
21
5.6000951968503934
0
LINE
8
BLACK
6
CONTINUOUS
10
-4.2186379133858267
20
5.6000951968503934
11
-4.2205537795275587
21
5.6013753543307088
0
LINE
8
BLACK
6
CONTINUOUS
10
-4.2205537795275587
20
5.6013753543307088
11
-4.2206081102362205
21
5.601456692913386
0
LINE
8
BLACK
6
CONTINUOUS
10
-4.2206081102362205
20
5.601456692913386
11
-4.2421650787401575
21
5.601456692913386
0
LINE
8
BLACK
6
CONTINUOUS
10
-4.2421650787401575
20
5.601456692913386
11
-4.2403418110236215
21
5.5951810236220467
0
LINE
8
BLACK
6
CONTINUOUS
10
-4.7121062992125982
20
5.6532966535433067
11
-4.7117154724409449
21
5.6506144094488189
0
LINE
8
BLACK
6
CONTINUOUS
10
-4.7117154724409449
20
5.6506144094488189
11
-4.7117154724409449
21
5.6506143700787401
0
LINE
8
BLACK
6
CONTINUOUS
10
-4.7117154724409449
20
5.6506143700787401
11
-4.7096928740157482
21
5.6464770472440939
0
LINE
8
BLACK
6
CONTINUOUS
10
-4.7096928740157482
20
5.6464770472440939
11
-4.7064363385826766
21
5.6432205118110232
0
LINE
8
BLACK
6
CONTINUOUS
10
-4.7064363385826766
20
5.6432205118110232
11
-4.7022990157480313
21
5.6411979133858265
0
LINE
8
BLACK
6
CONTINUOUS
10
-4.7022990157480313
20
5.6411979133858265
11
-4.6996167322834648
21
5.6408070866141733
0
LINE
8
BLACK
6
CONTINUOUS
10
-4.6996167322834648
20
5.6408070866141733
11
-4.699616535433071
21
5.6408070866141733
0
LINE
8
BLACK
6
CONTINUOUS
10
-4.699616535433071
20
5.6408070866141733
11
-4.6851864566929136
21
5.6408070866141733
0
LINE
8
BLACK
6
CONTINUOUS
10
-4.6851864566929136
20
5.6408070866141733
11
-4.6825042125984249
21
5.6411979133858265
0
LINE
8
BLACK
6
CONTINUOUS
10
-4.6825042125984249
20
5.6411979133858265
11
-4.6825041732283461
21
5.6411979133858265
0
LINE
8
BLACK
6
CONTINUOUS
10
-4.6825041732283461
20
5.6411979133858265
11
-4.6783668503937008
21
5.6432205118110232
0
LINE
8
BLACK
6
CONTINUOUS
10
-4.6783668503937008
20
5.6432205118110232
11
-4.6751103149606301
21
5.6464770472440939
0
LINE
8
BLACK
6
CONTINUOUS
10
-4.6751103149606301
20
5.6464770472440939
11
-4.6731387007874012
21
5.6505100787401572
0
LINE
8
BLACK
6
CONTINUOUS
10
-4.6731387007874012
20
5.6505100787401572
11
-4.6730876771653538
21
5.6506144488188976
0
LINE
8
BLACK
6
CONTINUOUS
10
-4.6730876771653538
20
5.6506144488188976
11
-4.6726968503937005
21
5.6532968503937004
0
LINE
8
BLACK
6
CONTINUOUS
10
-4.6726968503937005
20
5.6532968503937004
11
-4.6726968503937005
21
5.6962700787401577
0
LINE
8
BLACK
6
CONTINUOUS
10
-4.6726968503937005
20
5.6962700787401577
11
-4.6730876771653538
21
5.6989524803149605
0
LINE
8
BLACK
6
CONTINUOUS
10
-4.6730876771653538
20
5.6989524803149605
11
-4.6751103149606301
21
5.7030898818897633
0
LINE
8
BLACK
6
CONTINUOUS
10
-4.6751103149606301
20
5.7030898818897633
11
-4.6783668110236221
21
5.7063463779527561
0
LINE
8
BLACK
6
CONTINUOUS
10
-4.6783668110236221
20
5.7063463779527561
11
-4.6825042125984249
21
5.7083690157480316
0
LINE
8
BLACK
6
CONTINUOUS
10
-4.6825042125984249
20
5.7083690157480316
11
-4.6851866141732286
21
5.7087598425196848
0
LINE
8
BLACK
6
CONTINUOUS
10
-4.6851866141732286
20
5.7087598425196848
11
-4.699616535433071
21
5.7087598425196848
0
LINE
8
BLACK
6
CONTINUOUS
10
-4.699616535433071
20
5.7087598425196848
11
-4.7022989370078738
21
5.7083690157480316
0
LINE
8
BLACK
6
CONTINUOUS
10
-4.7022989370078738
20
5.7083690157480316
11
-4.7022990157480313
21
5.7083689763779528
0
LINE
8
BLACK
6
CONTINUOUS
10
-4.7022990157480313
20
5.7083689763779528
11
-4.7064363385826766
21
5.7063463779527561
0
LINE
8
BLACK
6
CONTINUOUS
10
-4.7064363385826766
20
5.7063463779527561
11
-4.7096928740157482
21
5.7030898425196845
0
LINE
8
BLACK
6
CONTINUOUS
10
-4.7096928740157482
20
5.7030898425196845
11
-4.7117154724409449
21
5.6989525196850392
0
LINE
8
BLACK
6
CONTINUOUS
10
-4.7117154724409449
20
5.6989525196850392
11
-4.7117154724409449
21
5.6989524803149605
0
LINE
8
BLACK
6
CONTINUOUS
10
-4.7117154724409449
20
5.6989524803149605
11
-4.7121062992125982
21
5.6962702362204727
0
LINE
8
BLACK
6
CONTINUOUS
10
-4.7121062992125982
20
5.6962702362204727
11
-4.7121062992125982
21
5.6532966535433067
0
LINE
8
BLACK
6
CONTINUOUS
10
-4.2301771653543305
20
5.7518793307086611
11
-4.2297863385826773
21
5.7491970866141733
0
LINE
8
BLACK
6
CONTINUOUS
10
-4.2297863385826773
20
5.7491970866141733
11
-4.2297863385826773
21
5.7491970472440945
0
LINE
8
BLACK
6
CONTINUOUS
10
-4.2297863385826773
20
5.7491970472440945
11
-4.2277637401574806
21
5.7450597244094483
0
LINE
8
BLACK
6
CONTINUOUS
10
-4.2277637401574806
20
5.7450597244094483
11
-4.224507204724409
21
5.7418031889763776
0
LINE
8
BLACK
6
CONTINUOUS
10
-4.224507204724409
20
5.7418031889763776
11
-4.2203698818897637
21
5.7397805905511809
0
LINE
8
BLACK
6
CONTINUOUS
10
-4.2203698818897637
20
5.7397805905511809
11
-4.2176875984251971
21
5.7393897637795277
0
LINE
8
BLACK
6
CONTINUOUS
10
-4.2176875984251971
20
5.7393897637795277
11
-4.2176874015748034
21
5.7393897637795277
0
LINE
8
BLACK
6
CONTINUOUS
10
-4.2176874015748034
20
5.7393897637795277
11
-4.1599502362204728
21
5.7393897637795277
0
LINE
8
BLACK
6
CONTINUOUS
10
-4.1599502362204728
20
5.7393897637795277
11
-4.1572679921259841
21
5.7397805905511809
0
LINE
8
BLACK
6
CONTINUOUS
10
-4.1572679921259841
20
5.7397805905511809
11
-4.1572679527559053
21
5.7397805905511809
0
LINE
8
BLACK
6
CONTINUOUS
10
-4.1572679527559053
20
5.7397805905511809
11
-4.15313062992126
21
5.7418031889763776
0
LINE
8
BLACK
6
CONTINUOUS
10
-4.15313062992126
20
5.7418031889763776
11
-4.1498740944881884
21
5.7450597244094483
0
LINE
8
BLACK
6
CONTINUOUS
10
-4.1498740944881884
20
5.7450597244094483
11
-4.1478514960629917
21
5.7491970472440945
0
LINE
8
BLACK
6
CONTINUOUS
10
-4.1478514960629917
20
5.7491970472440945
11
-4.147851456692913
21
5.749197125984252
0
LINE
8
BLACK
6
CONTINUOUS
10
-4.147851456692913
20
5.749197125984252
11
-4.1474606299212597
21
5.7518795275590548
0
LINE
8
BLACK
6
CONTINUOUS
10
-4.1474606299212597
20
5.7518795275590548
11
-4.1474606299212597
21
5.7663094488188973
0
LINE
8
BLACK
6
CONTINUOUS
10
-4.1474606299212597
20
5.7663094488188973
11
-4.147851456692913
21
5.768991850393701
0
LINE
8
BLACK
6
CONTINUOUS
10
-4.147851456692913
20
5.768991850393701
11
-4.1498740944881884
21
5.7731292519685038
0
LINE
8
BLACK
6
CONTINUOUS
10
-4.1498740944881884
20
5.7731292519685038
11
-4.1531305905511813
21
5.7763857480314957
0
LINE
8
BLACK
6
CONTINUOUS
10
-4.1531305905511813
20
5.7763857480314957
11
-4.1572679921259841
21
5.7784083858267712
0
LINE
8
BLACK
6
CONTINUOUS
10
-4.1572679921259841
20
5.7784083858267712
11
-4.1599503937007869
21
5.7787992125984253
0
LINE
8
BLACK
6
CONTINUOUS
10
-4.1599503937007869
20
5.7787992125984253
11
-4.1599506299212594
21
5.7787992125984253
0
LINE
8
BLACK
6
CONTINUOUS
10
-4.1599506299212594
20
5.7787992125984253
11
-4.1705603937007876
21
5.7787992125984253
0
LINE
8
BLACK
6
CONTINUOUS
10
-4.1705603937007876
20
5.7787992125984253
11
-4.1726204724409444
21
5.7796525196850395
0
LINE
8
BLACK
6
CONTINUOUS
10
-4.1726204724409444
20
5.7796525196850395
11
-4.1734737795275594
21
5.7817125984251971
0
LINE
8
BLACK
6
CONTINUOUS
10
-4.1734737795275594
20
5.7817125984251971
11
-4.1728717322834648
21
5.7834861417322836
0
LINE
8
BLACK
6
CONTINUOUS
10
-4.1728717322834648
20
5.7834861417322836
11
-4.1693490157480317
21
5.7880770866141731
0
LINE
8
BLACK
6
CONTINUOUS
10
-4.1693490157480317
20
5.7880770866141731
11
-4.169348976377953
21
5.7880771259842518
0
LINE
8
BLACK
6
CONTINUOUS
10
-4.169348976377953
20
5.7880771259842518
11
-4.1669667716535432
21
5.7938282677165356
0
LINE
8
BLACK
6
CONTINUOUS
10
-4.1669667716535432
20
5.7938282677165356
11
-4.1661542519685035
21
5.7999999999999998
0
LINE
8
BLACK
6
CONTINUOUS
10
-4.1661542519685035
20
5.7999999999999998
11
-4.1669667716535432
21
5.8061717322834641
0
LINE
8
BLACK
6
CONTINUOUS
10
-4.1669667716535432
20
5.8061717322834641
11
-4.169348976377953
21
5.8119228740157478
0
LINE
8
BLACK
6
CONTINUOUS
10
-4.169348976377953
20
5.8119228740157478
11
-4.1731385039370075
21
5.8168614960629919
0
LINE
8
BLACK
6
CONTINUOUS
10
-4.1731385039370075
20
5.8168614960629919
11
-4.1773566929133858
21
5.8200982283464562
0
LINE
8
BLACK
6
CONTINUOUS
10
-4.1773566929133858
20
5.8200982283464562
11
-4.1780771259842515
21
5.8206510236220472
0
LINE
8
BLACK
6
CONTINUOUS
10
-4.1780771259842515
20
5.8206510236220472
11
-4.1838282677165353
21
5.823033228346457
0
LINE
8
BLACK
6
CONTINUOUS
10
-4.1838282677165353
20
5.823033228346457
11
-4.1899999999999995
21
5.8238457480314958
0
LINE
8
BLACK
6
CONTINUOUS
10
-4.1899999999999995
20
5.8238457480314958
11
-4.1961717322834646
21
5.823033228346457
0
LINE
8
BLACK
6
CONTINUOUS
10
-4.1961717322834646
20
5.823033228346457
11
-4.2019228740157484
21
5.8206510236220472
0
LINE
8
BLACK
6
CONTINUOUS
10
-4.2019228740157484
20
5.8206510236220472
11
-4.2035690944881887
21
5.8193878346456689
0
LINE
8
BLACK
6
CONTINUOUS
10
-4.2035690944881887
20
5.8193878346456689
11
-4.2068614173228349
21
5.8168615748031494
0
LINE
8
BLACK
6
CONTINUOUS
10
-4.2068614173228349
20
5.8168615748031494
11
-4.2068616141732287
21
5.8168613779527556
0
LINE
8
BLACK
6
CONTINUOUS
10
-4.2068616141732287
20
5.8168613779527556
11
-4.2106510236220469
21
5.8119228740157478
0
LINE
8
BLACK
6
CONTINUOUS
10
-4.2106510236220469
20
5.8119228740157478
11
-4.2130332677165354
21
5.8061716929133853
0
LINE
8
BLACK
6
CONTINUOUS
10
-4.2130332677165354
20
5.8061716929133853
11
-4.2130332677165354
21
5.8061716535433066
0
LINE
8
BLACK
6
CONTINUOUS
10
-4.2130332677165354
20
5.8061716535433066
11
-4.2138457480314964
21
5.7999999999999998
0
LINE
8
BLACK
6
CONTINUOUS
10
-4.2138457480314964
20
5.7999999999999998
11
-4.2130332677165354
21
5.7938283070866143
0
LINE
8
BLACK
6
CONTINUOUS
10
-4.2130332677165354
20
5.7938283070866143
11
-4.2130332677165354
21
5.7938282677165356
0
LINE
8
BLACK
6
CONTINUOUS
10
-4.2130332677165354
20
5.7938282677165356
11
-4.2106510236220469
21
5.7880770866141731
0
LINE
8
BLACK
6
CONTINUOUS
10
-4.2106510236220469
20
5.7880770866141731
11
-4.2071282677165351
21
5.7834861417322836
0
LINE
8
BLACK
6
CONTINUOUS
10
-4.2071282677165351
20
5.7834861417322836
11
-4.206551141732283
21
5.7813323228346452
0
LINE
8
BLACK
6
CONTINUOUS
10
-4.206551141732283
20
5.7813323228346452
11
-4.2076660629921259
21
5.77940125984252
0
LINE
8
BLACK
6
CONTINUOUS
10
-4.2076660629921259
20
5.77940125984252
11
-4.2094396062992123
21
5.7787992125984253
0
LINE
8
BLACK
6
CONTINUOUS
10
-4.2094396062992123
20
5.7787992125984253
11
-4.2176874015748034
21
5.7787992125984253
0
LINE
8
BLACK
6
CONTINUOUS
10
-4.2176874015748034
20
5.7787992125984253
11
-4.2203698031496062
21
5.7784083858267712
0
LINE
8
BLACK
6
CONTINUOUS
10
-4.2203698031496062
20
5.7784083858267712
11
-4.2203698818897637
21
5.7784083464566924
0
LINE
8
BLACK
6
CONTINUOUS
10
-4.2203698818897637
20
5.7784083464566924
11
-4.224507204724409
21
5.7763857480314957
0
LINE
8
BLACK
6
CONTINUOUS
10
-4.224507204724409
20
5.7763857480314957
11
-4.2277637401574806
21
5.773129212598425
0
LINE
8
BLACK
6
CONTINUOUS
10
-4.2277637401574806
20
5.773129212598425
11
-4.2297863385826773
21
5.7689918897637797
0
LINE
8
BLACK
6
CONTINUOUS
10
-4.2297863385826773
20
5.7689918897637797
11
-4.2297863385826773
21
5.768991850393701
0
LINE
8
BLACK
6
CONTINUOUS
10
-4.2297863385826773
20
5.768991850393701
11
-4.2301771653543305
21
5.7663096062992123
0
LINE
8
BLACK
6
CONTINUOUS
10
-4.2301771653543305
20
5.7663096062992123
11
-4.2301771653543305
21
5.7518793307086611
0
LINE
8
BLACK
6
CONTINUOUS
10
-4.8371046062992127
20
5.7909054330708658
11
-4.8385729527559054
21
5.7907899212598428
0
LINE
8
BLACK
6
CONTINUOUS
10
-4.8385729527559054
20
5.7907899212598428
11
-4.844858346456693
21
5.7889638188976376
0
LINE
8
BLACK
6
CONTINUOUS
10
-4.844858346456693
20
5.7889638188976376
11
-4.8504920866141727
21
5.7856320472440945
0
LINE
8
BLACK
6
CONTINUOUS
10
-4.8504920866141727
20
5.7856320472440945
11
-4.8551202755905507
21
5.7810038582677166
0
LINE
8
BLACK
6
CONTINUOUS
10
-4.8551202755905507
20
5.7810038582677166
11
-4.8584520472440946
21
5.7753701181102359
0
LINE
8
BLACK
6
CONTINUOUS
10
-4.8584520472440946
20
5.7753701181102359
11
-4.8602753149606297
21
5.7690944881889763
0
LINE
8
BLACK
6
CONTINUOUS
10
-4.8602753149606297
20
5.7690944881889763
11
-4.8387183464566927
21
5.7690944881889763
0
LINE
8
BLACK
6
CONTINUOUS
10
-4.8387183464566927
20
5.7690944881889763
11
-4.838664015748031
21
5.7691758267716535
0
LINE
8
BLACK
6
CONTINUOUS
10
-4.838664015748031
20
5.7691758267716535
11
-4.836748149606299
21
5.770455984251968
0
LINE
8
BLACK
6
CONTINUOUS
10
-4.836748149606299
20
5.770455984251968
11
-4.834488188976378
21
5.7709055118110237
0
LINE
8
BLACK
6
CONTINUOUS
10
-4.834488188976378
20
5.7709055118110237
11
-4.8169291338582676
21
5.7709055118110237
0
LINE
8
BLACK
6
CONTINUOUS
10
-4.8169291338582676
20
5.7709055118110237
11
-4.8169291338582676
21
5.7909054724409446
0
LINE
8
BLACK
6
CONTINUOUS
10
-4.8169291338582676
20
5.7909054724409446
11
-4.8371045275590552
21
5.7909054724409446
0
LINE
8
BLACK
6
CONTINUOUS
10
-4.8371045275590552
20
5.7909054724409446
11
-4.8371046062992127
21
5.7909054330708658
0
LINE
8
BLACK
6
CONTINUOUS
10
-4.8805129921259844
20
5.8183200393700787
11
-4.8826465748031493
21
5.8151268897637793
0
LINE
8
BLACK
6
CONTINUOUS
10
-4.8826465748031493
20
5.8151268897637793
11
-4.8858397244094487
21
5.8129933070866144
0
LINE
8
BLACK
6
CONTINUOUS
10
-4.8858397244094487
20
5.8129933070866144
11
-4.8896062992125984
21
5.8122440944881886
0
LINE
8
BLACK
6
CONTINUOUS
10
-4.8896062992125984
20
5.8122440944881886
11
-4.9229133858267717
21
5.8122440944881886
0
LINE
8
BLACK
6
CONTINUOUS
10
-4.9229133858267717
20
5.8122440944881886
11
-4.9229133858267717
21
5.792244094488189
0
LINE
8
BLACK
6
CONTINUOUS
10
-4.9229133858267717
20
5.792244094488189
11
-4.8876179527559058
21
5.792244094488189
0
LINE
8
BLACK
6
CONTINUOUS
10
-4.8876179527559058
20
5.792244094488189
11
-4.8835305118110233
21
5.7926616535433073
0
LINE
8
BLACK
6
CONTINUOUS
10
-4.8835305118110233
20
5.7926616535433073
11
-4.8769085039370079
21
5.794855984251968
0
LINE
8
BLACK
6
CONTINUOUS
10
-4.8769085039370079
20
5.794855984251968
11
-4.8709709448818899
21
5.7985183070866144
0
LINE
8
BLACK
6
CONTINUOUS
10
-4.8709709448818899
20
5.7985183070866144
11
-4.8709707874015749
21
5.7985184251968507
0
LINE
8
BLACK
6
CONTINUOUS
10
-4.8709707874015749
20
5.7985184251968507
11
-4.8660381102362207
21
5.8034511023622048
0
LINE
8
BLACK
6
CONTINUOUS
10
-4.8660381102362207
20
5.8034511023622048
11
-4.8660380314960632
21
5.8034512204724411
0
LINE
8
BLACK
6
CONTINUOUS
10
-4.8660380314960632
20
5.8034512204724411
11
-4.8623757086614168
21
5.8093887795275592
0
LINE
8
BLACK
6
CONTINUOUS
10
-4.8623757086614168
20
5.8093887795275592
11
-4.8601813779527561
21
5.8160107874015745
0
LINE
8
BLACK
6
CONTINUOUS
10
-4.8601813779527561
20
5.8160107874015745
11
-4.8597638188976378
21
5.8200982283464562
0
LINE
8
BLACK
6
CONTINUOUS
10
-4.8597638188976378
20
5.8200982283464562
11
-4.859763779527559
21
5.8200983070866137
0
LINE
8
BLACK
6
CONTINUOUS
10
-4.859763779527559
20
5.8200983070866137
11
-4.859763779527559
21
5.8219291338582675
0
LINE
8
BLACK
6
CONTINUOUS
10
-4.859763779527559
20
5.8219291338582675
11
-4.8797951181102359
21
5.8219291338582675
0
LINE
8
BLACK
6
CONTINUOUS
10
-4.8797951181102359
20
5.8219291338582675
11
-4.8805129921259844
21
5.8183200393700787
0
LINE
8
BLACK
6
CONTINUOUS
10
-4.5350000000000001
20
5.8122244094488185
11
-4.5341732283464564
21
5.8122244094488185
0
LINE
8
BLACK
6
CONTINUOUS
10
-4.5341732283464564
20
5.8122244094488185
11
-4.5311599606299211
21
5.811625039370079
0
LINE
8
BLACK
6
CONTINUOUS
10
-4.5311599606299211
20
5.811625039370079
11
-4.5286054724409448
21
5.8099181496062995
0
LINE
8
BLACK
6
CONTINUOUS
10
-4.5286054724409448
20
5.8099181496062995
11
-4.5268985826771653
21
5.8073636614173223
0
LINE
8
BLACK
6
CONTINUOUS
10
-4.5268985826771653
20
5.8073636614173223
11
-4.5267220866141731
21
5.8064763779527562
0
LINE
8
BLACK
6
CONTINUOUS
10
-4.5267220866141731
20
5.8064763779527562
11
-4.5062992519685041
21
5.8064763779527562
0
LINE
8
BLACK
6
CONTINUOUS
10
-4.5062992519685041
20
5.8064763779527562
11
-4.5062992519685041
21
5.8066031889763776
0
LINE
8
BLACK
6
CONTINUOUS
10
-4.5062992519685041
20
5.8066031889763776
11
-4.5062992913385829
21
5.8066036220472439
0
LINE
8
BLACK
6
CONTINUOUS
10
-4.5062992913385829
20
5.8066036220472439
11
-4.5065544094488184
21
5.8094116141732286
0
LINE
8
BLACK
6
CONTINUOUS
10
-4.5065544094488184
20
5.8094116141732286
11
-4.5065544488188971
21
5.8094117716535436
0
LINE
8
BLACK
6
CONTINUOUS
10
-4.5065544488188971
20
5.8094117716535436
11
-4.5085681496062993
21
5.8158740157480313
0
LINE
8
BLACK
6
CONTINUOUS
10
-4.5085681496062993
20
5.8158740157480313
11
-4.5120701574803146
21
5.8216670866141733
0
LINE
8
BLACK
6
CONTINUOUS
10
-4.5120701574803146
20
5.8216670866141733
11
-4.516856535433071
21
5.8264534645669288
0
LINE
8
BLACK
6
CONTINUOUS
10
-4.516856535433071
20
5.8264534645669288
11
-4.5226496062992121
21
5.829955472440945
0
LINE
8
BLACK
6
CONTINUOUS
10
-4.5226496062992121
20
5.829955472440945
11
-4.5291117322834644
21
5.8319691338582675
0
LINE
8
BLACK
6
CONTINUOUS
10
-4.5291117322834644
20
5.8319691338582675
11
-4.5291121259842519
21
5.831969212598425
0
LINE
8
BLACK
6
CONTINUOUS
10
-4.5291121259842519
20
5.831969212598425
11
-4.5319201968503933
21
5.8322243700787402
0
LINE
8
BLACK
6
CONTINUOUS
10
-4.5319201968503933
20
5.8322243700787402
11
-4.5350000000000001
21
5.8322243700787402
0
LINE
8
BLACK
6
CONTINUOUS
10
-4.5350000000000001
20
5.8322243700787402
11
-4.5350000000000001
21
5.8122244094488185
0
LINE
8
BLACK
6
CONTINUOUS
10
-4.9229133858267717
20
5.851614173228346
11
-4.8896062992125984
21
5.851614173228346
0
LINE
8
BLACK
6
CONTINUOUS
10
-4.8896062992125984
20
5.851614173228346
11
-4.8858397244094487
21
5.850864960629921
0
LINE
8
BLACK
6
CONTINUOUS
10
-4.8858397244094487
20
5.850864960629921
11
-4.8826465748031493
21
5.8487313779527561
0
LINE
8
BLACK
6
CONTINUOUS
10
-4.8826465748031493
20
5.8487313779527561
11
-4.8805129921259844
21
5.8455382283464568
0
LINE
8
BLACK
6
CONTINUOUS
10
-4.8805129921259844
20
5.8455382283464568
11
-4.8797951181102359
21
5.841929133858268
0
LINE
8
BLACK
6
CONTINUOUS
10
-4.8797951181102359
20
5.841929133858268
11
-4.859763779527559
21
5.841929133858268
0
LINE
8
BLACK
6
CONTINUOUS
10
-4.859763779527559
20
5.841929133858268
11
-4.859763779527559
21
5.8437599212598421
0
LINE
8
BLACK
6
CONTINUOUS
10
-4.859763779527559
20
5.8437599212598421
11
-4.8597638188976378
21
5.8437599999999996
0
LINE
8
BLACK
6
CONTINUOUS
10
-4.8597638188976378
20
5.8437599999999996
11
-4.8601813779527561
21
5.8478474409448822
0
LINE
8
BLACK
6
CONTINUOUS
10
-4.8601813779527561
20
5.8478474409448822
11
-4.8623757086614168
21
5.8544694488188975
0
LINE
8
BLACK
6
CONTINUOUS
10
-4.8623757086614168
20
5.8544694488188975
11
-4.8660380314960632
21
5.8604070078740156
0
LINE
8
BLACK
6
CONTINUOUS
10
-4.8660380314960632
20
5.8604070078740156
11
-4.8660381102362207
21
5.8604071653543306
0
LINE
8
BLACK
6
CONTINUOUS
10
-4.8660381102362207
20
5.8604071653543306
11
-4.8709707874015749
21
5.8653398425196848
0
LINE
8
BLACK
6
CONTINUOUS
10
-4.8709707874015749
20
5.8653398425196848
11
-4.8709709448818899
21
5.8653399212598423
0
LINE
8
BLACK
6
CONTINUOUS
10
-4.8709709448818899
20
5.8653399212598423
11
-4.8769085039370079
21
5.8690022440944878
0
LINE
8
BLACK
6
CONTINUOUS
10
-4.8769085039370079
20
5.8690022440944878
11
-4.8835305118110233
21
5.8711965748031494
0
LINE
8
BLACK
6
CONTINUOUS
10
-4.8835305118110233
20
5.8711965748031494
11
-4.8876179527559058
21
5.8716141338582677
0
LINE
8
BLACK
6
CONTINUOUS
10
-4.8876179527559058
20
5.8716141338582677
11
-4.8876180314960624
21
5.8716141732283464
0
LINE
8
BLACK
6
CONTINUOUS
10
-4.8876180314960624
20
5.8716141732283464
11
-4.9229133858267717
21
5.8716141732283464
0
LINE
8
BLACK
6
CONTINUOUS
10
-4.9229133858267717
20
5.8716141732283464
11
-4.9229133858267717
21
5.851614173228346
0
LINE
8
BLACK
6
CONTINUOUS
10
-4.7464122047244093
20
5.9513385433070862
11
-4.7490879133858268
21
5.9510953937007871
0
LINE
8
BLACK
6
CONTINUOUS
10
-4.7490879133858268
20
5.9510953937007871
11
-4.7490883070866143
21
5.9510953149606296
0
LINE
8
BLACK
6
CONTINUOUS
10
-4.7490883070866143
20
5.9510953149606296
11
-4.7552462204724408
21
5.9491764566929133
0
LINE
8
BLACK
6
CONTINUOUS
10
-4.7552462204724408
20
5.9491764566929133
11
-4.7607665354330706
21
5.9458393307086617
0
LINE
8
BLACK
6
CONTINUOUS
10
-4.7607665354330706
20
5.9458393307086617
11
-4.7653275590551178
21
5.9412783070866144
0
LINE
8
BLACK
6
CONTINUOUS
10
-4.7653275590551178
20
5.9412783070866144
11
-4.7686646850393704
21
5.9357579921259838
0
LINE
8
BLACK
6
CONTINUOUS
10
-4.7686646850393704
20
5.9357579921259838
11
-4.7705835433070867
21
5.9296000787401573
0
LINE
8
BLACK
6
CONTINUOUS
10
-4.7705835433070867
20
5.9296000787401573
11
-4.7705836220472442
21
5.9295996850393697
0
LINE
8
BLACK
6
CONTINUOUS
10
-4.7705836220472442
20
5.9295996850393697
11
-4.7708267716535433
21
5.9269239763779522
0
LINE
8
BLACK
6
CONTINUOUS
10
-4.7708267716535433
20
5.9269239763779522
11
-4.7708267716535433
21
5.9118110236220467
0
LINE
8
BLACK
6
CONTINUOUS
10
-4.7708267716535433
20
5.9118110236220467
11
-4.7508267716535428
21
5.9118110236220467
0
LINE
8
BLACK
6
CONTINUOUS
10
-4.7508267716535428
20
5.9118110236220467
11
-4.7508267716535428
21
5.9247768897637796
0
LINE
8
BLACK
6
CONTINUOUS
10
-4.7508267716535428
20
5.9247768897637796
11
-4.7503272834645669
21
5.927287952755905
0
LINE
8
BLACK
6
CONTINUOUS
10
-4.7503272834645669
20
5.927287952755905
11
-4.7489048818897635
21
5.929416692913386
0
LINE
8
BLACK
6
CONTINUOUS
10
-4.7489048818897635
20
5.929416692913386
11
-4.7467761417322833
21
5.9308390944881886
0
LINE
8
BLACK
6
CONTINUOUS
10
-4.7467761417322833
20
5.9308390944881886
11
-4.7442650393700783
21
5.9313385433070867
0
LINE
8
BLACK
6
CONTINUOUS
10
-4.7442650393700783
20
5.9313385433070867
11
-4.7362204724409445
21
5.9313385433070867
0
LINE
8
BLACK
6
CONTINUOUS
10
-4.7362204724409445
20
5.9313385433070867
11
-4.7362204724409445
21
5.951338582677165
0
LINE
8
BLACK
6
CONTINUOUS
10
-4.7362204724409445
20
5.951338582677165
11
-4.7464118110236218
21
5.951338582677165
0
LINE
8
BLACK
6
CONTINUOUS
10
-4.7464118110236218
20
5.951338582677165
11
-4.7464122047244093
21
5.9513385433070862
0
LINE
8
BLACK
6
CONTINUOUS
10
-4.7705836220472442
20
5.4409514566929129
11
-4.7705835433070867
21
5.4409510629921263
0
LINE
8
BLACK
6
CONTINUOUS
10
-4.7705835433070867
20
5.4409510629921263
11
-4.7686646850393704
21
5.4347931496062989
0
LINE
8
BLACK
6
CONTINUOUS
10
-4.7686646850393704
20
5.4347931496062989
11
-4.7653275590551178
21
5.4292728346456691
0
LINE
8
BLACK
6
CONTINUOUS
10
-4.7653275590551178
20
5.4292728346456691
11
-4.7607665354330706
21
5.4247118110236219
0
LINE
8
BLACK
6
CONTINUOUS
10
-4.7607665354330706
20
5.4247118110236219
11
-4.7552462204724408
21
5.4213746850393703
0
LINE
8
BLACK
6
CONTINUOUS
10
-4.7552462204724408
20
5.4213746850393703
11
-4.7490883070866143
21
5.4194558267716531
0
LINE
8
BLACK
6
CONTINUOUS
10
-4.7490883070866143
20
5.4194558267716531
11
-4.7490879133858268
21
5.4194557480314955
0
LINE
8
BLACK
6
CONTINUOUS
10
-4.7490879133858268
20
5.4194557480314955
11
-4.7464122047244093
21
5.4192125984251964
0
LINE
8
BLACK
6
CONTINUOUS
10
-4.7464122047244093
20
5.4192125984251964
11
-4.7362204724409445
21
5.4192125984251964
0
LINE
8
BLACK
6
CONTINUOUS
10
-4.7362204724409445
20
5.4192125984251964
11
-4.7362204724409445
21
5.4392125984251969
0
LINE
8
BLACK
6
CONTINUOUS
10
-4.7362204724409445
20
5.4392125984251969
11
-4.744265078740157
21
5.4392125984251969
0
LINE
8
BLACK
6
CONTINUOUS
10
-4.744265078740157
20
5.4392125984251969
11
-4.7467761417322833
21
5.4397120866141728
0
LINE
8
BLACK
6
CONTINUOUS
10
-4.7467761417322833
20
5.4397120866141728
11
-4.7489048818897635
21
5.4411344881889763
0
LINE
8
BLACK
6
CONTINUOUS
10
-4.7489048818897635
20
5.4411344881889763
11
-4.7503272834645669
21
5.4432632283464564
0
LINE
8
BLACK
6
CONTINUOUS
10
-4.7503272834645669
20
5.4432632283464564
11
-4.7508267322834641
21
5.4457743307086615
0
LINE
8
BLACK
6
CONTINUOUS
10
-4.7508267322834641
20
5.4457743307086615
11
-4.7508267322834641
21
5.4587401574803147
0
LINE
8
BLACK
6
CONTINUOUS
10
-4.7508267322834641
20
5.4587401574803147
11
-4.7708267716535433
21
5.4587401574803147
0
LINE
8
BLACK
6
CONTINUOUS
10
-4.7708267716535433
20
5.4587401574803147
11
-4.7708267716535433
21
5.4436271653543304
0
LINE
8
BLACK
6
CONTINUOUS
10
-4.7708267716535433
20
5.4436271653543304
11
-4.7705836220472442
21
5.4409514566929129
0
LINE
8
BLACK
6
CONTINUOUS
10
-4.7708267716535433
20
5.4787401574803152
11
-4.7508267716535428
21
5.4787401574803152
0
LINE
8
BLACK
6
CONTINUOUS
10
-4.7508267716535428
20
5.4787401574803152
11
-4.7508267716535428
21
5.4917060236220472
0
LINE
8
BLACK
6
CONTINUOUS
10
-4.7508267716535428
20
5.4917060236220472
11
-4.7503272834645669
21
5.4942170866141735
0
LINE
8
BLACK
6
CONTINUOUS
10
-4.7503272834645669
20
5.4942170866141735
11
-4.7489048818897635
21
5.4963458267716536
0
LINE
8
BLACK
6
CONTINUOUS
10
-4.7489048818897635
20
5.4963458267716536
11
-4.7467761417322833
21
5.4977682283464562
0
LINE
8
BLACK
6
CONTINUOUS
10
-4.7467761417322833
20
5.4977682283464562
11
-4.7442650393700783
21
5.4982676771653543
0
LINE
8
BLACK
6
CONTINUOUS
10
-4.7442650393700783
20
5.4982676771653543
11
-4.7362204724409445
21
5.4982676771653543
0
LINE
8
BLACK
6
CONTINUOUS
10
-4.7362204724409445
20
5.4982676771653543
11
-4.7362204724409445
21
5.5182677165354326
0
LINE
8
BLACK
6
CONTINUOUS
10
-4.7362204724409445
20
5.5182677165354326
11
-4.7464118110236218
21
5.5182677165354326
0
LINE
8
BLACK
6
CONTINUOUS
10
-4.7464118110236218
20
5.5182677165354326
11
-4.7464122047244093
21
5.5182676771653538
0
LINE
8
BLACK
6
CONTINUOUS
10
-4.7464122047244093
20
5.5182676771653538
11
-4.7490879133858268
21
5.5180245275590547
0
LINE
8
BLACK
6
CONTINUOUS
10
-4.7490879133858268
20
5.5180245275590547
11
-4.7490883070866143
21
5.5180244488188972
0
LINE
8
BLACK
6
CONTINUOUS
10
-4.7490883070866143
20
5.5180244488188972
11
-4.7552462204724408
21
5.5161055905511809
0
LINE
8
BLACK
6
CONTINUOUS
10
-4.7552462204724408
20
5.5161055905511809
11
-4.7607665354330706
21
5.5127684645669293
0
LINE
8
BLACK
6
CONTINUOUS
10
-4.7607665354330706
20
5.5127684645669293
11
-4.7653275590551178
21
5.508207440944882
0
LINE
8
BLACK
6
CONTINUOUS
10
-4.7653275590551178
20
5.508207440944882
11
-4.7686646850393704
21
5.5026871259842522
0
LINE
8
BLACK
6
CONTINUOUS
10
-4.7686646850393704
20
5.5026871259842522
11
-4.7705835433070867
21
5.4965292125984249
0
LINE
8
BLACK
6
CONTINUOUS
10
-4.7705835433070867
20
5.4965292125984249
11
-4.7705836220472442
21
5.4965288188976373
0
LINE
8
BLACK
6
CONTINUOUS
10
-4.7705836220472442
20
5.4965288188976373
11
-4.7708267716535433
21
5.4938531102362207
0
LINE
8
BLACK
6
CONTINUOUS
10
-4.7708267716535433
20
5.4938531102362207
11
-4.7708267716535433
21
5.4787401574803152
0
LINE
8
BLACK
6
CONTINUOUS
10
-4.8876179527559058
20
5.4989370078740158
11
-4.8835305118110233
21
5.4993545669291342
0
LINE
8
BLACK
6
CONTINUOUS
10
-4.8835305118110233
20
5.4993545669291342
11
-4.8769085039370079
21
5.5015488976377949
0
LINE
8
BLACK
6
CONTINUOUS
10
-4.8769085039370079
20
5.5015488976377949
11
-4.8709709448818899
21
5.5052112204724404
0
LINE
8
BLACK
6
CONTINUOUS
10
-4.8709709448818899
20
5.5052112204724404
11
-4.8709707874015749
21
5.5052113385826766
0
LINE
8
BLACK
6
CONTINUOUS
10
-4.8709707874015749
20
5.5052113385826766
11
-4.8660381102362207
21
5.5101440157480317
0
LINE
8
BLACK
6
CONTINUOUS
10
-4.8660381102362207
20
5.5101440157480317
11
-4.8660380314960632
21
5.510144133858268
0
LINE
8
BLACK
6
CONTINUOUS
10
-4.8660380314960632
20
5.510144133858268
11
-4.8623757086614168
21
5.516081692913386
0
LINE
8
BLACK
6
CONTINUOUS
10
-4.8623757086614168
20
5.516081692913386
11
-4.8601813779527561
21
5.5227037007874014
0
LINE
8
BLACK
6
CONTINUOUS
10
-4.8601813779527561
20
5.5227037007874014
11
-4.8597638188976378
21
5.526791141732283
0
LINE
8
BLACK
6
CONTINUOUS
10
-4.8597638188976378
20
5.526791141732283
11
-4.859763779527559
21
5.5267912204724405
0
LINE
8
BLACK
6
CONTINUOUS
10
-4.859763779527559
20
5.5267912204724405
11
-4.859763779527559
21
5.5286220472440943
0
LINE
8
BLACK
6
CONTINUOUS
10
-4.859763779527559
20
5.5286220472440943
11
-4.8797951181102359
21
5.5286220472440943
0
LINE
8
BLACK
6
CONTINUOUS
10
-4.8797951181102359
20
5.5286220472440943
11
-4.8805129921259844
21
5.5250129527559055
0
LINE
8
BLACK
6
CONTINUOUS
10
-4.8805129921259844
20
5.5250129527559055
11
-4.8826465748031493
21
5.5218198031496062
0
LINE
8
BLACK
6
CONTINUOUS
10
-4.8826465748031493
20
5.5218198031496062
11
-4.8858397244094487
21
5.5196862204724404
0
LINE
8
BLACK
6
CONTINUOUS
10
-4.8858397244094487
20
5.5196862204724404
11
-4.8896062992125984
21
5.5189370078740154
0
LINE
8
BLACK
6
CONTINUOUS
10
-4.8896062992125984
20
5.5189370078740154
11
-4.9229133858267717
21
5.5189370078740154
0
LINE
8
BLACK
6
CONTINUOUS
10
-4.9229133858267717
20
5.5189370078740154
11
-4.9229133858267717
21
5.4989370078740158
0
LINE
8
BLACK
6
CONTINUOUS
10
-4.9229133858267717
20
5.4989370078740158
11
-4.8876179527559058
21
5.4989370078740158
0
LINE
8
BLACK
6
CONTINUOUS
10
-4.1355666929133861
20
5.5227037007874014
11
-4.1333723622047245
21
5.516081692913386
0
LINE
8
BLACK
6
CONTINUOUS
10
-4.1333723622047245
20
5.516081692913386
11
-4.129710039370079
21
5.510144133858268
0
LINE
8
BLACK
6
CONTINUOUS
10
-4.129710039370079
20
5.510144133858268
11
-4.1247771259842523
21
5.5052112204724404
0
LINE
8
BLACK
6
CONTINUOUS
10
-4.1247771259842523
20
5.5052112204724404
11
-4.1188395669291333
21
5.5015488976377949
0
LINE
8
BLACK
6
CONTINUOUS
10
-4.1188395669291333
20
5.5015488976377949
11
-4.112217559055118
21
5.4993545669291342
0
LINE
8
BLACK
6
CONTINUOUS
10
-4.112217559055118
20
5.4993545669291342
11
-4.1081301181102363
21
5.4989370078740158
0
LINE
8
BLACK
6
CONTINUOUS
10
-4.1081301181102363
20
5.4989370078740158
11
-4.0728346456692917
21
5.4989370078740158
0
LINE
8
BLACK
6
CONTINUOUS
10
-4.0728346456692917
20
5.4989370078740158
11
-4.0728346456692917
21
5.5189370078740154
0
LINE
8
BLACK
6
CONTINUOUS
10
-4.0728346456692917
20
5.5189370078740154
11
-4.1061417322834641
21
5.5189370078740154
0
LINE
8
BLACK
6
CONTINUOUS
10
-4.1061417322834641
20
5.5189370078740154
11
-4.1099083070866138
21
5.5196862204724404
0
LINE
8
BLACK
6
CONTINUOUS
10
-4.1099083070866138
20
5.5196862204724404
11
-4.1131014566929132
21
5.5218198031496062
0
LINE
8
BLACK
6
CONTINUOUS
10
-4.1131014566929132
20
5.5218198031496062
11
-4.115235039370079
21
5.5250129527559055
0
LINE
8
BLACK
6
CONTINUOUS
10
-4.115235039370079
20
5.5250129527559055
11
-4.1159529133858266
21
5.5286220472440943
0
LINE
8
BLACK
6
CONTINUOUS
10
-4.1159529133858266
20
5.5286220472440943
11
-4.1359842519685035
21
5.5286220472440943
0
LINE
8
BLACK
6
CONTINUOUS
10
-4.1359842519685035
20
5.5286220472440943
11
-4.1359842519685035
21
5.526791141732283
0
LINE
8
BLACK
6
CONTINUOUS
10
-4.1359842519685035
20
5.526791141732283
11
-4.1355666929133861
21
5.5227037007874014
0
LINE
8
BLACK
6
CONTINUOUS
10
-4.4769879921259843
20
5.5658230708661414
11
-4.4769879527559056
21
5.5658228740157476
0
LINE
8
BLACK
6
CONTINUOUS
10
-4.4769879527559056
20
5.5658228740157476
11
-4.4749782677165353
21
5.5604346062992125
0
LINE
8
BLACK
6
CONTINUOUS
10
-4.4749782677165353
20
5.5604346062992125
11
-4.4749782283464565
21
5.5604345669291337
0
LINE
8
BLACK
6
CONTINUOUS
10
-4.4749782283464565
20
5.5604345669291337
11
-4.4715316535433072
21
5.5558305511811019
0
LINE
8
BLACK
6
CONTINUOUS
10
-4.4715316535433072
20
5.5558305511811019
11
-4.4669276377952754
21
5.5523839763779526
0
LINE
8
BLACK
6
CONTINUOUS
10
-4.4669276377952754
20
5.5523839763779526
11
-4.4669275984251966
21
5.5523839370078738
0
LINE
8
BLACK
6
CONTINUOUS
10
-4.4669275984251966
20
5.5523839370078738
11
-4.4645413779527559
21
5.551493897637795
0
LINE
8
BLACK
6
CONTINUOUS
10
-4.4645413779527559
20
5.551493897637795
11
-4.457244094488189
21
5.5588602755905514
0
LINE
8
BLACK
6
CONTINUOUS
10
-4.457244094488189
20
5.5588602755905514
11
-4.457244094488189
21
5.5898031496062988
0
LINE
8
BLACK
6
CONTINUOUS
10
-4.457244094488189
20
5.5898031496062988
11
-4.4772440944881886
21
5.5898031496062988
0
LINE
8
BLACK
6
CONTINUOUS
10
-4.4772440944881886
20
5.5898031496062988
11
-4.4772440944881886
21
5.5682050787401574
0
LINE
8
BLACK
6
CONTINUOUS
10
-4.4772440944881886
20
5.5682050787401574
11
-4.4769879921259843
21
5.5658230708661414
0
LINE
8
BLACK
6
CONTINUOUS
10
-4.5887007874015744
20
5.6434842519685038
11
-4.5682779133858267
21
5.6434842519685038
0
LINE
8
BLACK
6
CONTINUOUS
10
-4.5682779133858267
20
5.6434842519685038
11
-4.5681014173228345
21
5.6443715354330708
0
LINE
8
BLACK
6
CONTINUOUS
10
-4.5681014173228345
20
5.6443715354330708
11
-4.5663945275590549
21
5.6469260236220471
0
LINE
8
BLACK
6
CONTINUOUS
10
-4.5663945275590549
20
5.6469260236220471
11
-4.5638400393700786
21
5.6486329133858266
0
LINE
8
BLACK
6
CONTINUOUS
10
-4.5638400393700786
20
5.6486329133858266
11
-4.5608267716535433
21
5.649232283464567
0
LINE
8
BLACK
6
CONTINUOUS
10
-4.5608267716535433
20
5.649232283464567
11
-4.5599999999999996
21
5.649232283464567
0
LINE
8
BLACK
6
CONTINUOUS
10
-4.5599999999999996
20
5.649232283464567
11
-4.5599999999999996
21
5.6692322440944878
0
LINE
8
BLACK
6
CONTINUOUS
10
-4.5599999999999996
20
5.6692322440944878
11
-4.563079566929134
21
5.6692322440944878
0
LINE
8
BLACK
6
CONTINUOUS
10
-4.563079566929134
20
5.6692322440944878
11
-4.563080039370079
21
5.669232204724409
0
LINE
8
BLACK
6
CONTINUOUS
10
-4.563080039370079
20
5.669232204724409
11
-4.5658880314960628
21
5.6689770866141727
0
LINE
8
BLACK
6
CONTINUOUS
10
-4.5658880314960628
20
5.6689770866141727
11
-4.5658881889763778
21
5.6689770472440948
0
LINE
8
BLACK
6
CONTINUOUS
10
-4.5658881889763778
20
5.6689770472440948
11
-4.5723504330708664
21
5.6669633464566926
0
LINE
8
BLACK
6
CONTINUOUS
10
-4.5723504330708664
20
5.6669633464566926
11
-4.5781435039370075
21
5.6634613385826773
0
LINE
8
BLACK
6
CONTINUOUS
10
-4.5781435039370075
20
5.6634613385826773
11
-4.5829298818897639
21
5.6586749606299209
0
LINE
8
BLACK
6
CONTINUOUS
10
-4.5829298818897639
20
5.6586749606299209
11
-4.5864318897637792
21
5.6528818897637798
0
LINE
8
BLACK
6
CONTINUOUS
10
-4.5864318897637792
20
5.6528818897637798
11
-4.5884455511811026
21
5.6464197637795275
0
LINE
8
BLACK
6
CONTINUOUS
10
-4.5884455511811026
20
5.6464197637795275
11
-4.5884456299212601
21
5.64641937007874
0
LINE
8
BLACK
6
CONTINUOUS
10
-4.5884456299212601
20
5.64641937007874
11
-4.5887007874015744
21
5.6436114960629924
0
LINE
8
BLACK
6
CONTINUOUS
10
-4.5887007874015744
20
5.6436114960629924
11
-4.5887007874015744
21
5.6434842519685038
0
LINE
8
BLACK
6
CONTINUOUS
10
-4.1355666929133861
20
5.8160107874015745
11
-4.1333723622047245
21
5.8093887795275592
0
LINE
8
BLACK
6
CONTINUOUS
10
-4.1333723622047245
20
5.8093887795275592
11
-4.129710039370079
21
5.8034512204724411
0
LINE
8
BLACK
6
CONTINUOUS
10
-4.129710039370079
20
5.8034512204724411
11
-4.1247771259842523
21
5.7985183070866144
0
LINE
8
BLACK
6
CONTINUOUS
10
-4.1247771259842523
20
5.7985183070866144
11
-4.1188395669291333
21
5.794855984251968
0
LINE
8
BLACK
6
CONTINUOUS
10
-4.1188395669291333
20
5.794855984251968
11
-4.112217559055118
21
5.7926616535433073
0
LINE
8
BLACK
6
CONTINUOUS
10
-4.112217559055118
20
5.7926616535433073
11
-4.1081301181102363
21
5.792244094488189
0
LINE
8
BLACK
6
CONTINUOUS
10
-4.1081301181102363
20
5.792244094488189
11
-4.0728346456692917
21
5.792244094488189
0
LINE
8
BLACK
6
CONTINUOUS
10
-4.0728346456692917
20
5.792244094488189
11
-4.0728346456692917
21
5.8122440944881886
0
LINE
8
BLACK
6
CONTINUOUS
10
-4.0728346456692917
20
5.8122440944881886
11
-4.1061417322834641
21
5.8122440944881886
0
LINE
8
BLACK
6
CONTINUOUS
10
-4.1061417322834641
20
5.8122440944881886
11
-4.1099083070866138
21
5.8129933070866144
0
LINE
8
BLACK
6
CONTINUOUS
10
-4.1099083070866138
20
5.8129933070866144
11
-4.1131014566929132
21
5.8151268897637793
0
LINE
8
BLACK
6
CONTINUOUS
10
-4.1131014566929132
20
5.8151268897637793
11
-4.115235039370079
21
5.8183200393700787
0
LINE
8
BLACK
6
CONTINUOUS
10
-4.115235039370079
20
5.8183200393700787
11
-4.1159529133858266
21
5.8219291338582675
0
LINE
8
BLACK
6
CONTINUOUS
10
-4.1159529133858266
20
5.8219291338582675
11
-4.1359842519685035
21
5.8219291338582675
0
LINE
8
BLACK
6
CONTINUOUS
10
-4.1359842519685035
20
5.8219291338582675
11
-4.1359842519685035
21
5.8200982283464562
0
LINE
8
BLACK
6
CONTINUOUS
10
-4.1359842519685035
20
5.8200982283464562
11
-4.1355666929133861
21
5.8160107874015745
0
LINE
8
BLACK
6
CONTINUOUS
10
-4.1359842519685035
20
5.841929133858268
11
-4.1159529133858266
21
5.841929133858268
0
LINE
8
BLACK
6
CONTINUOUS
10
-4.1159529133858266
20
5.841929133858268
11
-4.115235039370079
21
5.8455382283464568
0
LINE
8
BLACK
6
CONTINUOUS
10
-4.115235039370079
20
5.8455382283464568
11
-4.1131014566929132
21
5.8487313779527561
0
LINE
8
BLACK
6
CONTINUOUS
10
-4.1131014566929132
20
5.8487313779527561
11
-4.1099083070866138
21
5.850864960629921
0
LINE
8
BLACK
6
CONTINUOUS
10
-4.1099083070866138
20
5.850864960629921
11
-4.1061417322834641
21
5.851614173228346
0
LINE
8
BLACK
6
CONTINUOUS
10
-4.1061417322834641
20
5.851614173228346
11
-4.0728346456692917
21
5.851614173228346
0
LINE
8
BLACK
6
CONTINUOUS
10
-4.0728346456692917
20
5.851614173228346
11
-4.0728346456692917
21
5.8716141732283464
0
LINE
8
BLACK
6
CONTINUOUS
10
-4.0728346456692917
20
5.8716141732283464
11
-4.1081300000000001
21
5.8716141732283464
0
LINE
8
BLACK
6
CONTINUOUS
10
-4.1081300000000001
20
5.8716141732283464
11
-4.1081301181102363
21
5.8716141338582677
0
LINE
8
BLACK
6
CONTINUOUS
10
-4.1081301181102363
20
5.8716141338582677
11
-4.112217559055118
21
5.8711965748031494
0
LINE
8
BLACK
6
CONTINUOUS
10
-4.112217559055118
20
5.8711965748031494
11
-4.1188395669291333
21
5.8690022440944878
0
LINE
8
BLACK
6
CONTINUOUS
10
-4.1188395669291333
20
5.8690022440944878
11
-4.1247771259842523
21
5.8653399212598423
0
LINE
8
BLACK
6
CONTINUOUS
10
-4.1247771259842523
20
5.8653399212598423
11
-4.1247772440944885
21
5.8653398425196848
0
LINE
8
BLACK
6
CONTINUOUS
10
-4.1247772440944885
20
5.8653398425196848
11
-4.1297099212598427
21
5.8604071653543306
0
LINE
8
BLACK
6
CONTINUOUS
10
-4.1297099212598427
20
5.8604071653543306
11
-4.129710039370079
21
5.8604070078740156
0
LINE
8
BLACK
6
CONTINUOUS
10
-4.129710039370079
20
5.8604070078740156
11
-4.1333723622047245
21
5.8544694488188975
0
LINE
8
BLACK
6
CONTINUOUS
10
-4.1333723622047245
20
5.8544694488188975
11
-4.1355666929133861
21
5.8478474409448822
0
LINE
8
BLACK
6
CONTINUOUS
10
-4.1355666929133861
20
5.8478474409448822
11
-4.1359842519685035
21
5.8437599999999996
0
LINE
8
BLACK
6
CONTINUOUS
10
-4.1359842519685035
20
5.8437599999999996
11
-4.1359842519685035
21
5.841929133858268
0
LINE
8
BLACK
6
CONTINUOUS
10
-4.7705836220472442
20
5.8740223228346453
11
-4.7705835433070867
21
5.8740219291338578
0
LINE
8
BLACK
6
CONTINUOUS
10
-4.7705835433070867
20
5.8740219291338578
11
-4.7686646850393704
21
5.8678640157480313
0
LINE
8
BLACK
6
CONTINUOUS
10
-4.7686646850393704
20
5.8678640157480313
11
-4.7653275590551178
21
5.8623437007874015
0
LINE
8
BLACK
6
CONTINUOUS
10
-4.7653275590551178
20
5.8623437007874015
11
-4.7607665354330706
21
5.8577826771653543
0
LINE
8
BLACK
6
CONTINUOUS
10
-4.7607665354330706
20
5.8577826771653543
11
-4.7552462204724408
21
5.8544455511811027
0
LINE
8
BLACK
6
CONTINUOUS
10
-4.7552462204724408
20
5.8544455511811027
11
-4.7490883070866143
21
5.8525266929133855
0
LINE
8
BLACK
6
CONTINUOUS
10
-4.7490883070866143
20
5.8525266929133855
11
-4.7490879133858268
21
5.8525266141732279
0
LINE
8
BLACK
6
CONTINUOUS
10
-4.7490879133858268
20
5.8525266141732279
11
-4.7464122047244093
21
5.8522834645669288
0
LINE
8
BLACK
6
CONTINUOUS
10
-4.7464122047244093
20
5.8522834645669288
11
-4.7362204724409445
21
5.8522834645669288
0
LINE
8
BLACK
6
CONTINUOUS
10
-4.7362204724409445
20
5.8522834645669288
11
-4.7362204724409445
21
5.8722834645669293
0
LINE
8
BLACK
6
CONTINUOUS
10
-4.7362204724409445
20
5.8722834645669293
11
-4.744265078740157
21
5.8722834645669293
0
LINE
8
BLACK
6
CONTINUOUS
10
-4.744265078740157
20
5.8722834645669293
11
-4.7467761417322833
21
5.8727829527559052
0
LINE
8
BLACK
6
CONTINUOUS
10
-4.7467761417322833
20
5.8727829527559052
11
-4.7489048818897635
21
5.8742053543307087
0
LINE
8
BLACK
6
CONTINUOUS
10
-4.7489048818897635
20
5.8742053543307087
11
-4.7503272834645669
21
5.8763340944881888
0
LINE
8
BLACK
6
CONTINUOUS
10
-4.7503272834645669
20
5.8763340944881888
11
-4.7508267322834641
21
5.8788451968503939
0
LINE
8
BLACK
6
CONTINUOUS
10
-4.7508267322834641
20
5.8788451968503939
11
-4.7508267322834641
21
5.8918110236220471
0
LINE
8
BLACK
6
CONTINUOUS
10
-4.7508267322834641
20
5.8918110236220471
11
-4.7708267716535433
21
5.8918110236220471
0
LINE
8
BLACK
6
CONTINUOUS
10
-4.7708267716535433
20
5.8918110236220471
11
-4.7708267716535433
21
5.8766980314960628
0
LINE
8
BLACK
6
CONTINUOUS
10
-4.7708267716535433
20
5.8766980314960628
11
-4.7705836220472442
21
5.8740223228346453
0
LINE
8
BLACK
6
CONTINUOUS
10
-4.3761599606299209
20
5.9316250393700782
11
-4.3736054724409446
21
5.9299181496062987
0
LINE
8
BLACK
6
CONTINUOUS
10
-4.3736054724409446
20
5.9299181496062987
11
-4.371898582677165
21
5.9273636614173224
0
LINE
8
BLACK
6
CONTINUOUS
10
-4.371898582677165
20
5.9273636614173224
11
-4.3712992125984247
21
5.9243503937007871
0
LINE
8
BLACK
6
CONTINUOUS
10
-4.3712992125984247
20
5.9243503937007871
11
-4.3712992125984247
21
5.9227602362204719
0
LINE
8
BLACK
6
CONTINUOUS
10
-4.3712992125984247
20
5.9227602362204719
11
-4.3287007874015746
21
5.9228392913385823
0
LINE
8
BLACK
6
CONTINUOUS
10
-4.3287007874015746
20
5.9228392913385823
11
-4.3287007874015746
21
5.9243503937007871
0
LINE
8
BLACK
6
CONTINUOUS
10
-4.3287007874015746
20
5.9243503937007871
11
-4.3281014173228343
21
5.9273636614173224
0
LINE
8
BLACK
6
CONTINUOUS
10
-4.3281014173228343
20
5.9273636614173224
11
-4.3263945275590547
21
5.9299181496062987
0
LINE
8
BLACK
6
CONTINUOUS
10
-4.3263945275590547
20
5.9299181496062987
11
-4.3238400393700784
21
5.9316250393700782
0
LINE
8
BLACK
6
CONTINUOUS
10
-4.3238400393700784
20
5.9316250393700782
11
-4.3208267716535431
21
5.9322244094488186
0
LINE
8
BLACK
6
CONTINUOUS
10
-4.3208267716535431
20
5.9322244094488186
11
-4.299173228346457
21
5.9322244094488186
0
LINE
8
BLACK
6
CONTINUOUS
10
-4.299173228346457
20
5.9322244094488186
11
-4.2961599606299208
21
5.9316250393700782
0
LINE
8
BLACK
6
CONTINUOUS
10
-4.2961599606299208
20
5.9316250393700782
11
-4.2936054724409445
21
5.9299181496062987
0
LINE
8
BLACK
6
CONTINUOUS
10
-4.2936054724409445
20
5.9299181496062987
11
-4.291898582677165
21
5.9273636614173224
0
LINE
8
BLACK
6
CONTINUOUS
10
-4.291898582677165
20
5.9273636614173224
11
-4.2912992125984255
21
5.9243503937007871
0
LINE
8
BLACK
6
CONTINUOUS
10
-4.2912992125984255
20
5.9243503937007871
11
-4.2912992125984255
21
5.9086023622047241
0
LINE
8
BLACK
6
CONTINUOUS
10
-4.2912992125984255
20
5.9086023622047241
11
-4.2915185433070864
21
5.9074997244094485
0
LINE
8
BLACK
6
CONTINUOUS
10
-4.2915185433070864
20
5.9074997244094485
11
-4.2550023228346454
21
5.8711378740157478
0
LINE
8
BLACK
6
CONTINUOUS
10
-4.2550023228346454
20
5.8711378740157478
11
-4.2540230708661415
21
5.8699446456692916
0
LINE
8
BLACK
6
CONTINUOUS
10
-4.2540230708661415
20
5.8699446456692916
11
-4.252847362204724
21
5.8671062204724409
0
LINE
8
BLACK
6
CONTINUOUS
10
-4.252847362204724
20
5.8671062204724409
11
-4.2526960629921255
21
5.7634259842519686
0
LINE
8
BLACK
6
CONTINUOUS
10
-4.2526960629921255
20
5.7634259842519686
11
-4.252847362204724
21
5.7618898425196852
0
LINE
8
BLACK
6
CONTINUOUS
10
-4.252847362204724
20
5.7618898425196852
11
-4.2540230708661415
21
5.7590514173228344
0
LINE
8
BLACK
6
CONTINUOUS
10
-4.2540230708661415
20
5.7590514173228344
11
-4.2765059055118106
21
5.7364327559055113
0
LINE
8
BLACK
6
CONTINUOUS
10
-4.2765059055118106
20
5.7364327559055113
11
-4.2762992125984249
21
5.7353937007874016
0
LINE
8
BLACK
6
CONTINUOUS
10
-4.2762992125984249
20
5.7353937007874016
11
-4.2762992125984249
21
5.7196456692913387
0
LINE
8
BLACK
6
CONTINUOUS
10
-4.2762992125984249
20
5.7196456692913387
11
-4.2768985826771653
21
5.7166324015748033
0
LINE
8
BLACK
6
CONTINUOUS
10
-4.2768985826771653
20
5.7166324015748033
11
-4.2786054724409448
21
5.714077913385827
0
LINE
8
BLACK
6
CONTINUOUS
10
-4.2786054724409448
20
5.714077913385827
11
-4.2811599606299211
21
5.7123710236220475
0
LINE
8
BLACK
6
CONTINUOUS
10
-4.2811599606299211
20
5.7123710236220475
11
-4.2841732283464564
21
5.7117716535433072
0
LINE
8
BLACK
6
CONTINUOUS
10
-4.2841732283464564
20
5.7117716535433072
11
-4.2872459448818896
21
5.7117716535433072
0
LINE
8
BLACK
6
CONTINUOUS
10
-4.2872459448818896
20
5.7117716535433072
11
-4.2871259842519684
21
5.6399999999999997
0
LINE
8
BLACK
6
CONTINUOUS
10
-4.2871259842519684
20
5.6399999999999997
11
-4.2872704330708657
21
5.6385337007874012
0
LINE
8
BLACK
6
CONTINUOUS
10
-4.2872704330708657
20
5.6385337007874012
11
-4.2871330708661413
21
5.5786026771653541
0
LINE
8
BLACK
6
CONTINUOUS
10
-4.2871330708661413
20
5.5786026771653541
11
-4.2700022834645672
21
5.5616496456692914
0
LINE
8
BLACK
6
CONTINUOUS
10
-4.2700022834645672
20
5.5616496456692914
11
-4.2690230708661421
21
5.5604564566929131
0
LINE
8
BLACK
6
CONTINUOUS
10
-4.2690230708661421
20
5.5604564566929131
11
-4.2678473622047246
21
5.5576180314960633
0
LINE
8
BLACK
6
CONTINUOUS
10
-4.2678473622047246
20
5.5576180314960633
11
-4.2676960629921261
21
5.4884259842519683
0
LINE
8
BLACK
6
CONTINUOUS
10
-4.2676960629921261
20
5.4884259842519683
11
-4.2678473622047246
21
5.4868898425196848
0
LINE
8
BLACK
6
CONTINUOUS
10
-4.2678473622047246
20
5.4868898425196848
11
-4.2690230708661421
21
5.484051417322835
0
LINE
8
BLACK
6
CONTINUOUS
10
-4.2690230708661421
20
5.484051417322835
11
-4.2915059055118112
21
5.4614327559055118
0
LINE
8
BLACK
6
CONTINUOUS
10
-4.2915059055118112
20
5.4614327559055118
11
-4.2912992125984255
21
5.4603937007874013
0
LINE
8
BLACK
6
CONTINUOUS
10
-4.2912992125984255
20
5.4603937007874013
11
-4.2912992125984255
21
5.4446456692913383
0
LINE
8
BLACK
6
CONTINUOUS
10
-4.2912992125984255
20
5.4446456692913383
11
-4.291898582677165
21
5.441632401574803
0
LINE
8
BLACK
6
CONTINUOUS
10
-4.291898582677165
20
5.441632401574803
11
-4.2936054724409445
21
5.4390779133858267
0
LINE
8
BLACK
6
CONTINUOUS
10
-4.2936054724409445
20
5.4390779133858267
11
-4.2961599606299208
21
5.4373710236220472
0
LINE
8
BLACK
6
CONTINUOUS
10
-4.2961599606299208
20
5.4373710236220472
11
-4.299173228346457
21
5.4367716535433068
0
LINE
8
BLACK
6
CONTINUOUS
10
-4.299173228346457
20
5.4367716535433068
11
-4.3208267716535431
21
5.4367716535433068
0
LINE
8
BLACK
6
CONTINUOUS
10
-4.3208267716535431
20
5.4367716535433068
11
-4.3238400393700784
21
5.4373710236220472
0
LINE
8
BLACK
6
CONTINUOUS
10
-4.3238400393700784
20
5.4373710236220472
11
-4.3263945275590547
21
5.4390779133858267
0
LINE
8
BLACK
6
CONTINUOUS
10
-4.3263945275590547
20
5.4390779133858267
11
-4.3281014173228343
21
5.441632401574803
0
LINE
8
BLACK
6
CONTINUOUS
10
-4.3281014173228343
20
5.441632401574803
11
-4.3287007874015746
21
5.4446456692913383
0
LINE
8
BLACK
6
CONTINUOUS
10
-4.3287007874015746
20
5.4446456692913383
11
-4.3287007874015746
21
5.4462357874015748
0
LINE
8
BLACK
6
CONTINUOUS
10
-4.3287007874015746
20
5.4462357874015748
11
-4.3712992125984247
21
5.4461567322834643
0
LINE
8
BLACK
6
CONTINUOUS
10
-4.3712992125984247
20
5.4461567322834643
11
-4.3712992125984247
21
5.4446456692913383
0
LINE
8
BLACK
6
CONTINUOUS
10
-4.3712992125984247
20
5.4446456692913383
11
-4.371898582677165
21
5.441632401574803
0
LINE
8
BLACK
6
CONTINUOUS
10
-4.371898582677165
20
5.441632401574803
11
-4.3736054724409446
21
5.4390779133858267
0
LINE
8
BLACK
6
CONTINUOUS
10
-4.3736054724409446
20
5.4390779133858267
11
-4.3761599606299209
21
5.4373710236220472
0
LINE
8
BLACK
6
CONTINUOUS
10
-4.3761599606299209
20
5.4373710236220472
11
-4.3791732283464562
21
5.4367716535433068
0
LINE
8
BLACK
6
CONTINUOUS
10
-4.3791732283464562
20
5.4367716535433068
11
-4.4008267716535432
21
5.4367716535433068
0
LINE
8
BLACK
6
CONTINUOUS
10
-4.4008267716535432
20
5.4367716535433068
11
-4.4038400393700785
21
5.4373710236220472
0
LINE
8
BLACK
6
CONTINUOUS
10
-4.4038400393700785
20
5.4373710236220472
11
-4.4063945275590548
21
5.4390779133858267
0
LINE
8
BLACK
6
CONTINUOUS
10
-4.4063945275590548
20
5.4390779133858267
11
-4.4081014173228343
21
5.441632401574803
0
LINE
8
BLACK
6
CONTINUOUS
10
-4.4081014173228343
20
5.441632401574803
11
-4.4087007874015747
21
5.4446456692913383
0
LINE
8
BLACK
6
CONTINUOUS
10
-4.4087007874015747
20
5.4446456692913383
11
-4.4087007874015747
21
5.4603937007874013
0
LINE
8
BLACK
6
CONTINUOUS
10
-4.4087007874015747
20
5.4603937007874013
11
-4.4084850393700785
21
5.4614783464566932
0
LINE
8
BLACK
6
CONTINUOUS
10
-4.4084850393700785
20
5.4614783464566932
11
-4.4293826377952756
21
5.482255708661417
0
LINE
8
BLACK
6
CONTINUOUS
10
-4.4293826377952756
20
5.482255708661417
11
-4.4417716535433067
21
5.4822014566929136
0
LINE
8
BLACK
6
CONTINUOUS
10
-4.4417716535433067
20
5.4822014566929136
11
-4.4417716535433067
21
5.4791732283464567
0
LINE
8
BLACK
6
CONTINUOUS
10
-4.4417716535433067
20
5.4791732283464567
11
-4.4423710236220471
21
5.4761599606299214
0
LINE
8
BLACK
6
CONTINUOUS
10
-4.4423710236220471
20
5.4761599606299214
11
-4.4440779133858266
21
5.4736054724409451
0
LINE
8
BLACK
6
CONTINUOUS
10
-4.4440779133858266
20
5.4736054724409451
11
-4.4466324015748029
21
5.4718985826771656
0
LINE
8
BLACK
6
CONTINUOUS
10
-4.4466324015748029
20
5.4718985826771656
11
-4.4496456692913382
21
5.4712992125984252
0
LINE
8
BLACK
6
CONTINUOUS
10
-4.4496456692913382
20
5.4712992125984252
11
-4.4653937007874012
21
5.4712992125984252
0
LINE
8
BLACK
6
CONTINUOUS
10
-4.4653937007874012
20
5.4712992125984252
11
-4.4684069685039365
21
5.4718985826771656
0
LINE
8
BLACK
6
CONTINUOUS
10
-4.4684069685039365
20
5.4718985826771656
11
-4.4709614566929137
21
5.4736054724409451
0
LINE
8
BLACK
6
CONTINUOUS
10
-4.4709614566929137
20
5.4736054724409451
11
-4.4726683464566932
21
5.4761599606299214
0
LINE
8
BLACK
6
CONTINUOUS
10
-4.4726683464566932
20
5.4761599606299214
11
-4.4732677165354326
21
5.4791732283464567
0
LINE
8
BLACK
6
CONTINUOUS
10
-4.4732677165354326
20
5.4791732283464567
11
-4.4732677165354326
21
5.5008267716535428
0
LINE
8
BLACK
6
CONTINUOUS
10
-4.4732677165354326
20
5.5008267716535428
11
-4.4726683464566932
21
5.503840039370079
0
LINE
8
BLACK
6
CONTINUOUS
10
-4.4726683464566932
20
5.503840039370079
11
-4.4709614566929137
21
5.5063945275590553
0
LINE
8
BLACK
6
CONTINUOUS
10
-4.4709614566929137
20
5.5063945275590553
11
-4.4684069685039365
21
5.5081014173228349
0
LINE
8
BLACK
6
CONTINUOUS
10
-4.4684069685039365
20
5.5081014173228349
11
-4.4653937007874012
21
5.5087007874015743
0
LINE
8
BLACK
6
CONTINUOUS
10
-4.4653937007874012
20
5.5087007874015743
11
-4.4496456692913382
21
5.5087007874015743
0
LINE
8
BLACK
6
CONTINUOUS
10
-4.4496456692913382
20
5.5087007874015743
11
-4.4466324015748029
21
5.5081014173228349
0
LINE
8
BLACK
6
CONTINUOUS
10
-4.4466324015748029
20
5.5081014173228349
11
-4.4440779133858266
21
5.5063945275590553
0
LINE
8
BLACK
6
CONTINUOUS
10
-4.4440779133858266
20
5.5063945275590553
11
-4.4423710236220471
21
5.503840039370079
0
LINE
8
BLACK
6
CONTINUOUS
10
-4.4423710236220471
20
5.503840039370079
11
-4.4417716535433067
21
5.5008267716535428
0
LINE
8
BLACK
6
CONTINUOUS
10
-4.4417716535433067
20
5.5008267716535428
11
-4.4417716535433067
21
5.4978049212598421
0
LINE
8
BLACK
6
CONTINUOUS
10
-4.4417716535433067
20
5.4978049212598421
11
-4.4260039370078736
21
5.4978740157480317
0
LINE
8
BLACK
6
CONTINUOUS
10
-4.4260039370078736
20
5.4978740157480317
11
-4.4244677952755902
21
5.4977227165354332
0
LINE
8
BLACK
6
CONTINUOUS
10
-4.4244677952755902
20
5.4977227165354332
11
-4.4216293700787404
21
5.4965470078740157
0
LINE
8
BLACK
6
CONTINUOUS
10
-4.4216293700787404
20
5.4965470078740157
11
-4.3931864566929129
21
5.4682677165354328
0
LINE
8
BLACK
6
CONTINUOUS
10
-4.3931864566929129
20
5.4682677165354328
11
-4.3791732283464562
21
5.4682677165354328
0
LINE
8
BLACK
6
CONTINUOUS
10
-4.3791732283464562
20
5.4682677165354328
11
-4.3761599606299209
21
5.4676683464566924
0
LINE
8
BLACK
6
CONTINUOUS
10
-4.3761599606299209
20
5.4676683464566924
11
-4.3736054724409446
21
5.4659614566929129
0
LINE
8
BLACK
6
CONTINUOUS
10
-4.3736054724409446
20
5.4659614566929129
11
-4.371898582677165
21
5.4634069685039366
0
LINE
8
BLACK
6
CONTINUOUS
10
-4.371898582677165
20
5.4634069685039366
11
-4.3715701574803152
21
5.4617558267716531
0
LINE
8
BLACK
6
CONTINUOUS
10
-4.3715701574803152
20
5.4617558267716531
11
-4.3284139370078742
21
5.4618359055118111
0
LINE
8
BLACK
6
CONTINUOUS
10
-4.3284139370078742
20
5.4618359055118111
11
-4.3281014173228343
21
5.4634069685039366
0
LINE
8
BLACK
6
CONTINUOUS
10
-4.3281014173228343
20
5.4634069685039366
11
-4.3263945275590547
21
5.4659614566929129
0
LINE
8
BLACK
6
CONTINUOUS
10
-4.3263945275590547
20
5.4659614566929129
11
-4.3238400393700784
21
5.4676683464566924
0
LINE
8
BLACK
6
CONTINUOUS
10
-4.3238400393700784
20
5.4676683464566924
11
-4.3208267716535431
21
5.4682677165354328
0
LINE
8
BLACK
6
CONTINUOUS
10
-4.3208267716535431
20
5.4682677165354328
11
-4.3067093700787398
21
5.4682677165354328
0
LINE
8
BLACK
6
CONTINUOUS
10
-4.3067093700787398
20
5.4682677165354328
11
-4.2833035826771653
21
5.4918149212598424
0
LINE
8
BLACK
6
CONTINUOUS
10
-4.2833035826771653
20
5.4918149212598424
11
-4.2834373622047242
21
5.552991338582677
0
LINE
8
BLACK
6
CONTINUOUS
10
-4.2834373622047242
20
5.552991338582677
11
-4.2983681889763776
21
5.5677672440944876
0
LINE
8
BLACK
6
CONTINUOUS
10
-4.2983681889763776
20
5.5677672440944876
11
-4.3274803149606296
21
5.5676377952755907
0
LINE
8
BLACK
6
CONTINUOUS
10
-4.3274803149606296
20
5.5676377952755907
11
-4.329016456692913
21
5.5677890944881891
0
LINE
8
BLACK
6
CONTINUOUS
10
-4.329016456692913
20
5.5677890944881891
11
-4.3318548818897638
21
5.5689648031496057
0
LINE
8
BLACK
6
CONTINUOUS
10
-4.3318548818897638
20
5.5689648031496057
11
-4.3539904330708659
21
5.5909057874015744
0
LINE
8
BLACK
6
CONTINUOUS
10
-4.3539904330708659
20
5.5909057874015744
11
-4.3627559055118112
21
5.5908468897637791
0
LINE
8
BLACK
6
CONTINUOUS
10
-4.3627559055118112
20
5.5908468897637791
11
-4.3627559055118112
21
5.5701181102362201
0
LINE
8
BLACK
6
CONTINUOUS
10
-4.3627559055118112
20
5.5701181102362201
11
-4.3804724409448816
21
5.5701181102362201
0
LINE
8
BLACK
6
CONTINUOUS
10
-4.3804724409448816
20
5.5701181102362201
11
-4.3804724409448816
21
5.6272047244094487
0
LINE
8
BLACK
6
CONTINUOUS
10
-4.3804724409448816
20
5.6272047244094487
11
-4.3627559055118112
21
5.6272047244094487
0
LINE
8
BLACK
6
CONTINUOUS
10
-4.3627559055118112
20
5.6272047244094487
11
-4.3627559055118112
21
5.6064539370078741
0
LINE
8
BLACK
6
CONTINUOUS
10
-4.3627559055118112
20
5.6064539370078741
11
-4.3506299212598423
21
5.6065354330708663
0
LINE
8
BLACK
6
CONTINUOUS
10
-4.3506299212598423
20
5.6065354330708663
11
-4.3490937795275588
21
5.6063841338582678
0
LINE
8
BLACK
6
CONTINUOUS
10
-4.3490937795275588
20
5.6063841338582678
11
-4.346255354330709
21
5.6052084251968504
0
LINE
8
BLACK
6
CONTINUOUS
10
-4.346255354330709
20
5.6052084251968504
11
-4.3241086220472438
21
5.583256338582677
0
LINE
8
BLACK
6
CONTINUOUS
10
-4.3241086220472438
20
5.583256338582677
11
-4.3027442125984248
21
5.5833513779527557
0
LINE
8
BLACK
6
CONTINUOUS
10
-4.3027442125984248
20
5.5833513779527557
11
-4.3028740157480314
21
5.6399999999999997
0
LINE
8
BLACK
6
CONTINUOUS
10
-4.3028740157480314
20
5.6399999999999997
11
-4.3027277952755902
21
5.6414848425196853
0
LINE
8
BLACK
6
CONTINUOUS
10
-4.3027277952755902
20
5.6414848425196853
11
-4.3028452362204721
21
5.7117716535433072
0
LINE
8
BLACK
6
CONTINUOUS
10
-4.3028452362204721
20
5.7117716535433072
11
-4.3058267716535434
21
5.7117716535433072
0
LINE
8
BLACK
6
CONTINUOUS
10
-4.3058267716535434
20
5.7117716535433072
11
-4.3088400393700788
21
5.7123710236220475
0
LINE
8
BLACK
6
CONTINUOUS
10
-4.3088400393700788
20
5.7123710236220475
11
-4.3113945275590551
21
5.714077913385827
0
LINE
8
BLACK
6
CONTINUOUS
10
-4.3113945275590551
20
5.714077913385827
11
-4.3131014173228346
21
5.7166324015748033
0
LINE
8
BLACK
6
CONTINUOUS
10
-4.3131014173228346
20
5.7166324015748033
11
-4.3137007874015749
21
5.7196456692913387
0
LINE
8
BLACK
6
CONTINUOUS
10
-4.3137007874015749
20
5.7196456692913387
11
-4.3137007874015749
21
5.7353937007874016
0
LINE
8
BLACK
6
CONTINUOUS
10
-4.3137007874015749
20
5.7353937007874016
11
-4.3134829527559058
21
5.7364889370078735
0
LINE
8
BLACK
6
CONTINUOUS
10
-4.3134829527559058
20
5.7364889370078735
11
-4.3338716929133856
21
5.7567787401574799
0
LINE
8
BLACK
6
CONTINUOUS
10
-4.3338716929133856
20
5.7567787401574799
11
-4.3378937007874017
21
5.7561417322834645
0
LINE
8
BLACK
6
CONTINUOUS
10
-4.3378937007874017
20
5.7561417322834645
11
-4.3427601181102364
21
5.7569124803149601
0
LINE
8
BLACK
6
CONTINUOUS
10
-4.3427601181102364
20
5.7569124803149601
11
-4.3471501574803151
21
5.7591493307086612
0
LINE
8
BLACK
6
CONTINUOUS
10
-4.3471501574803151
20
5.7591493307086612
11
-4.3506341338582679
21
5.762633307086614
0
LINE
8
BLACK
6
CONTINUOUS
10
-4.3506341338582679
20
5.762633307086614
11
-4.3513827952755904
21
5.764102559055118
0
LINE
8
BLACK
6
CONTINUOUS
10
-4.3513827952755904
20
5.764102559055118
11
-4.3627559055118112
21
5.7640537401574798
0
LINE
8
BLACK
6
CONTINUOUS
10
-4.3627559055118112
20
5.7640537401574798
11
-4.3627559055118112
21
5.7433464566929135
0
LINE
8
BLACK
6
CONTINUOUS
10
-4.3627559055118112
20
5.7433464566929135
11
-4.3804724409448816
21
5.7433464566929135
0
LINE
8
BLACK
6
CONTINUOUS
10
-4.3804724409448816
20
5.7433464566929135
11
-4.3804724409448816
21
5.8004330708661413
0
LINE
8
BLACK
6
CONTINUOUS
10
-4.3804724409448816
20
5.8004330708661413
11
-4.3627559055118112
21
5.8004330708661413
0
LINE
8
BLACK
6
CONTINUOUS
10
-4.3627559055118112
20
5.8004330708661413
11
-4.3627559055118112
21
5.7796570472440942
0
LINE
8
BLACK
6
CONTINUOUS
10
-4.3627559055118112
20
5.7796570472440942
11
-4.3513679921259838
21
5.7797059448818899
0
LINE
8
BLACK
6
CONTINUOUS
10
-4.3513679921259838
20
5.7797059448818899
11
-4.3506341338582679
21
5.7811462204724409
0
LINE
8
BLACK
6
CONTINUOUS
10
-4.3506341338582679
20
5.7811462204724409
11
-4.3471501574803151
21
5.7846301968503937
0
LINE
8
BLACK
6
CONTINUOUS
10
-4.3471501574803151
20
5.7846301968503937
11
-4.3427601181102364
21
5.786867047244094
0
LINE
8
BLACK
6
CONTINUOUS
10
-4.3427601181102364
20
5.786867047244094
11
-4.3378937007874017
21
5.7876377952755904
0
LINE
8
BLACK
6
CONTINUOUS
10
-4.3378937007874017
20
5.7876377952755904
11
-4.3330272834645669
21
5.786867047244094
0
LINE
8
BLACK
6
CONTINUOUS
10
-4.3330272834645669
20
5.786867047244094
11
-4.3286372440944882
21
5.7846301968503937
0
LINE
8
BLACK
6
CONTINUOUS
10
-4.3286372440944882
20
5.7846301968503937
11
-4.3251532677165354
21
5.7811462204724409
0
LINE
8
BLACK
6
CONTINUOUS
10
-4.3251532677165354
20
5.7811462204724409
11
-4.3229164173228343
21
5.7767561811023622
0
LINE
8
BLACK
6
CONTINUOUS
10
-4.3229164173228343
20
5.7767561811023622
11
-4.3221456692913387
21
5.7718897637795274
0
LINE
8
BLACK
6
CONTINUOUS
10
-4.3221456692913387
20
5.7718897637795274
11
-4.3227984645669286
21
5.7677681102362204
0
LINE
8
BLACK
6
CONTINUOUS
10
-4.3227984645669286
20
5.7677681102362204
11
-4.2981785433070865
21
5.7432677165354331
0
LINE
8
BLACK
6
CONTINUOUS
10
-4.2981785433070865
20
5.7432677165354331
11
-4.2917093700787401
21
5.7432677165354331
0
LINE
8
BLACK
6
CONTINUOUS
10
-4.2917093700787401
20
5.7432677165354331
11
-4.2683
21
5.7668185039370075
0
LINE
8
BLACK
6
CONTINUOUS
10
-4.2683
20
5.7668185039370075
11
-4.2684396456692912
21
5.8625032677165354
0
LINE
8
BLACK
6
CONTINUOUS
10
-4.2684396456692912
20
5.8625032677165354
11
-4.3068269291338579
21
5.9007283464566926
0
LINE
8
BLACK
6
CONTINUOUS
10
-4.3068269291338579
20
5.9007283464566926
11
-4.3208267716535431
21
5.9007283464566926
0
LINE
8
BLACK
6
CONTINUOUS
10
-4.3208267716535431
20
5.9007283464566926
11
-4.3238400393700784
21
5.901327716535433
0
LINE
8
BLACK
6
CONTINUOUS
10
-4.3238400393700784
20
5.901327716535433
11
-4.3263945275590547
21
5.9030346062992125
0
LINE
8
BLACK
6
CONTINUOUS
10
-4.3263945275590547
20
5.9030346062992125
11
-4.3281014173228343
21
5.9055890944881888
0
LINE
8
BLACK
6
CONTINUOUS
10
-4.3281014173228343
20
5.9055890944881888
11
-4.3284243307086614
21
5.9072123622047243
0
LINE
8
BLACK
6
CONTINUOUS
10
-4.3284243307086614
20
5.9072123622047243
11
-4.3549999999999995
21
5.9071259842519686
0
LINE
8
BLACK
6
CONTINUOUS
10
-4.3549999999999995
20
5.9071259842519686
11
-4.355647244094488
21
5.9071897244094487
0
LINE
8
BLACK
6
CONTINUOUS
10
-4.355647244094488
20
5.9071897244094487
11
-4.3715861023622047
21
5.9071601181102364
0
LINE
8
BLACK
6
CONTINUOUS
10
-4.3715861023622047
20
5.9071601181102364
11
-4.371898582677165
21
5.9055890944881888
0
LINE
8
BLACK
6
CONTINUOUS
10
-4.371898582677165
20
5.9055890944881888
11
-4.3736054724409446
21
5.9030346062992125
0
LINE
8
BLACK
6
CONTINUOUS
10
-4.3736054724409446
20
5.9030346062992125
11
-4.3761599606299209
21
5.901327716535433
0
LINE
8
BLACK
6
CONTINUOUS
10
-4.3761599606299209
20
5.901327716535433
11
-4.3791732283464562
21
5.9007283464566926
0
LINE
8
BLACK
6
CONTINUOUS
10
-4.3791732283464562
20
5.9007283464566926
11
-4.4008267716535432
21
5.9007283464566926
0
LINE
8
BLACK
6
CONTINUOUS
10
-4.4008267716535432
20
5.9007283464566926
11
-4.4038400393700785
21
5.901327716535433
0
LINE
8
BLACK
6
CONTINUOUS
10
-4.4038400393700785
20
5.901327716535433
11
-4.4063945275590548
21
5.9030346062992125
0
LINE
8
BLACK
6
CONTINUOUS
10
-4.4063945275590548
20
5.9030346062992125
11
-4.4081014173228343
21
5.9055890944881888
0
LINE
8
BLACK
6
CONTINUOUS
10
-4.4081014173228343
20
5.9055890944881888
11
-4.4087007874015747
21
5.9086023622047241
0
LINE
8
BLACK
6
CONTINUOUS
10
-4.4087007874015747
20
5.9086023622047241
11
-4.4087007874015747
21
5.9243503937007871
0
LINE
8
BLACK
6
CONTINUOUS
10
-4.4087007874015747
20
5.9243503937007871
11
-4.4081014173228343
21
5.9273636614173224
0
LINE
8
BLACK
6
CONTINUOUS
10
-4.4081014173228343
20
5.9273636614173224
11
-4.4063945275590548
21
5.9299181496062987
0
LINE
8
BLACK
6
CONTINUOUS
10
-4.4063945275590548
20
5.9299181496062987
11
-4.4038400393700785
21
5.9316250393700782
0
LINE
8
BLACK
6
CONTINUOUS
10
-4.4038400393700785
20
5.9316250393700782
11
-4.4008267716535432
21
5.9322244094488186
0
LINE
8
BLACK
6
CONTINUOUS
10
-4.4008267716535432
20
5.9322244094488186
11
-4.3791732283464562
21
5.9322244094488186
0
LINE
8
BLACK
6
CONTINUOUS
10
-4.3791732283464562
20
5.9322244094488186
11
-4.3761599606299209
21
5.9316250393700782
0
LINE
8
BLACK
6
CONTINUOUS
10
-4.4395275590551178
20
5.7433464566929135
11
-4.4463059448818898
21
5.7433464566929135
0
LINE
8
BLACK
6
CONTINUOUS
10
-4.4463059448818898
20
5.7433464566929135
11
-4.4972733858267713
21
5.6921896456692913
0
LINE
8
BLACK
6
CONTINUOUS
10
-4.4972733858267713
20
5.6921896456692913
11
-4.4971259842519684
21
5.5060039370078737
0
LINE
8
BLACK
6
CONTINUOUS
10
-4.4971259842519684
20
5.5060039370078737
11
-4.4972772834645669
21
5.5044677952755903
0
LINE
8
BLACK
6
CONTINUOUS
10
-4.4972772834645669
20
5.5044677952755903
11
-4.4984529921259844
21
5.5016293700787404
0
LINE
8
BLACK
6
CONTINUOUS
10
-4.4984529921259844
20
5.5016293700787404
11
-4.5067322834645669
21
5.4932457480314962
0
LINE
8
BLACK
6
CONTINUOUS
10
-4.5067322834645669
20
5.4932457480314962
11
-4.5067322834645669
21
5.4791732283464567
0
LINE
8
BLACK
6
CONTINUOUS
10
-4.5067322834645669
20
5.4791732283464567
11
-4.5073316535433072
21
5.4761599606299214
0
LINE
8
BLACK
6
CONTINUOUS
10
-4.5073316535433072
20
5.4761599606299214
11
-4.5090385433070868
21
5.4736054724409451
0
LINE
8
BLACK
6
CONTINUOUS
10
-4.5090385433070868
20
5.4736054724409451
11
-4.5115930314960631
21
5.4718985826771656
0
LINE
8
BLACK
6
CONTINUOUS
10
-4.5115930314960631
20
5.4718985826771656
11
-4.5146062992125984
21
5.4712992125984252
0
LINE
8
BLACK
6
CONTINUOUS
10
-4.5146062992125984
20
5.4712992125984252
11
-4.5303543307086613
21
5.4712992125984252
0
LINE
8
BLACK
6
CONTINUOUS
10
-4.5303543307086613
20
5.4712992125984252
11
-4.5333675984251967
21
5.4718985826771656
0
LINE
8
BLACK
6
CONTINUOUS
10
-4.5333675984251967
20
5.4718985826771656
11
-4.535922086614173
21
5.4736054724409451
0
LINE
8
BLACK
6
CONTINUOUS
10
-4.535922086614173
20
5.4736054724409451
11
-4.5376289763779525
21
5.4761599606299214
0
LINE
8
BLACK
6
CONTINUOUS
10
-4.5376289763779525
20
5.4761599606299214
11
-4.5382283464566928
21
5.4791732283464567
0
LINE
8
BLACK
6
CONTINUOUS
10
-4.5382283464566928
20
5.4791732283464567
11
-4.5382283464566928
21
5.4821910629921256
0
LINE
8
BLACK
6
CONTINUOUS
10
-4.5382283464566928
20
5.4821910629921256
11
-4.5493066141732283
21
5.482140196850394
0
LINE
8
BLACK
6
CONTINUOUS
10
-4.5493066141732283
20
5.482140196850394
11
-4.5598819291338586
21
5.4714631102362201
0
LINE
8
BLACK
6
CONTINUOUS
10
-4.5598819291338586
20
5.4714631102362201
11
-4.5598818897637798
21
5.4457742913385827
0
LINE
8
BLACK
6
CONTINUOUS
10
-4.5598818897637798
20
5.4457742913385827
11
-4.5603813779527558
21
5.4432632283464564
0
LINE
8
BLACK
6
CONTINUOUS
10
-4.5603813779527558
20
5.4432632283464564
11
-4.5618037795275592
21
5.4411344881889763
0
LINE
8
BLACK
6
CONTINUOUS
10
-4.5618037795275592
20
5.4411344881889763
11
-4.5639325196850393
21
5.4397120866141728
0
LINE
8
BLACK
6
CONTINUOUS
10
-4.5639325196850393
20
5.4397120866141728
11
-4.5664436220472444
21
5.4392126377952756
0
LINE
8
BLACK
6
CONTINUOUS
10
-4.5664436220472444
20
5.4392126377952756
11
-4.6025327952755903
21
5.4392125984251969
0
LINE
8
BLACK
6
CONTINUOUS
10
-4.6025327952755903
20
5.4392125984251969
11
-4.6050438582677167
21
5.4397120866141728
0
LINE
8
BLACK
6
CONTINUOUS
10
-4.6050438582677167
20
5.4397120866141728
11
-4.6071725984251968
21
5.4411344881889763
0
LINE
8
BLACK
6
CONTINUOUS
10
-4.6071725984251968
20
5.4411344881889763
11
-4.6085950000000002
21
5.4432632283464564
0
LINE
8
BLACK
6
CONTINUOUS
10
-4.6085950000000002
20
5.4432632283464564
11
-4.6090944488188974
21
5.4457743307086615
0
LINE
8
BLACK
6
CONTINUOUS
10
-4.6090944488188974
20
5.4457743307086615
11
-4.6090944881889762
21
5.4917060236220472
0
LINE
8
BLACK
6
CONTINUOUS
10
-4.6090944881889762
20
5.4917060236220472
11
-4.6085950000000002
21
5.4942170866141735
0
LINE
8
BLACK
6
CONTINUOUS
10
-4.6085950000000002
20
5.4942170866141735
11
-4.6071725984251968
21
5.4963458267716536
0
LINE
8
BLACK
6
CONTINUOUS
10
-4.6071725984251968
20
5.4963458267716536
11
-4.6050438582677167
21
5.4977682283464562
0
LINE
8
BLACK
6
CONTINUOUS
10
-4.6050438582677167
20
5.4977682283464562
11
-4.6025327559055116
21
5.4982676771653543
0
LINE
8
BLACK
6
CONTINUOUS
10
-4.6025327559055116
20
5.4982676771653543
11
-4.5664435826771657
21
5.498267716535433
0
LINE
8
BLACK
6
CONTINUOUS
10
-4.5664435826771657
20
5.498267716535433
11
-4.5639325196850393
21
5.4977682283464562
0
LINE
8
BLACK
6
CONTINUOUS
10
-4.5639325196850393
20
5.4977682283464562
11
-4.5618037795275592
21
5.4963458267716536
0
LINE
8
BLACK
6
CONTINUOUS
10
-4.5618037795275592
20
5.4963458267716536
11
-4.5607938582677168
21
5.4948343700787401
0
LINE
8
BLACK
6
CONTINUOUS
10
-4.5607938582677168
20
5.4948343700787401
11
-4.5586910629921258
21
5.4948391338582674
0
LINE
8
BLACK
6
CONTINUOUS
10
-4.5586910629921258
20
5.4948391338582674
11
-4.55796937007874
21
5.4955677559055118
0
LINE
8
BLACK
6
CONTINUOUS
10
-4.55796937007874
20
5.4955677559055118
11
-4.556776141732283
21
5.4965470078740157
0
LINE
8
BLACK
6
CONTINUOUS
10
-4.556776141732283
20
5.4965470078740157
11
-4.5539377165354331
21
5.4977227165354332
0
LINE
8
BLACK
6
CONTINUOUS
10
-4.5539377165354331
20
5.4977227165354332
11
-4.5382283464566928
21
5.4977948818897637
0
LINE
8
BLACK
6
CONTINUOUS
10
-4.5382283464566928
20
5.4977948818897637
11
-4.5382283464566928
21
5.5008267716535428
0
LINE
8
BLACK
6
CONTINUOUS
10
-4.5382283464566928
20
5.5008267716535428
11
-4.5376289763779525
21
5.503840039370079
0
LINE
8
BLACK
6
CONTINUOUS
10
-4.5376289763779525
20
5.503840039370079
11
-4.535922086614173
21
5.5063945275590553
0
LINE
8
BLACK
6
CONTINUOUS
10
-4.535922086614173
20
5.5063945275590553
11
-4.5333675984251967
21
5.5081014173228349
0
LINE
8
BLACK
6
CONTINUOUS
10
-4.5333675984251967
20
5.5081014173228349
11
-4.5303543307086613
21
5.5087007874015743
0
LINE
8
BLACK
6
CONTINUOUS
10
-4.5303543307086613
20
5.5087007874015743
11
-4.5146062992125984
21
5.5087007874015743
0
LINE
8
BLACK
6
CONTINUOUS
10
-4.5146062992125984
20
5.5087007874015743
11
-4.5136005511811019
21
5.5085007086614173
0
LINE
8
BLACK
6
CONTINUOUS
10
-4.5136005511811019
20
5.5085007086614173
11
-4.5127266141732285
21
5.50938562992126
0
LINE
8
BLACK
6
CONTINUOUS
10
-4.5127266141732285
20
5.50938562992126
11
-4.5128740157480314
21
5.6955905511811018
0
LINE
8
BLACK
6
CONTINUOUS
10
-4.5128740157480314
20
5.6955905511811018
11
-4.5127227165354329
21
5.6971266929133861
0
LINE
8
BLACK
6
CONTINUOUS
10
-4.5127227165354329
20
5.6971266929133861
11
-4.5115470078740154
21
5.699965118110236
0
LINE
8
BLACK
6
CONTINUOUS
10
-4.5115470078740154
20
5.699965118110236
11
-4.457244094488189
21
5.7544697244094483
0
LINE
8
BLACK
6
CONTINUOUS
10
-4.457244094488189
20
5.7544697244094483
11
-4.457244094488189
21
5.8004330708661413
0
LINE
8
BLACK
6
CONTINUOUS
10
-4.457244094488189
20
5.8004330708661413
11
-4.4395275590551178
21
5.8004330708661413
0
LINE
8
BLACK
6
CONTINUOUS
10
-4.4395275590551178
20
5.8004330708661413
11
-4.4395275590551178
21
5.7433464566929135
0
LINE
8
BLACK
6
CONTINUOUS
10
-4.4201335826771651
20
5.6749772834645666
11
-4.4157435433070864
21
5.6727404330708664
0
LINE
8
BLACK
6
CONTINUOUS
10
-4.4157435433070864
20
5.6727404330708664
11
-4.4122595669291336
21
5.6692564566929136
0
LINE
8
BLACK
6
CONTINUOUS
10
-4.4122595669291336
20
5.6692564566929136
11
-4.4100227165354333
21
5.6648664173228349
0
LINE
8
BLACK
6
CONTINUOUS
10
-4.4100227165354333
20
5.6648664173228349
11
-4.4092519685039369
21
5.6600000000000001
0
LINE
8
BLACK
6
CONTINUOUS
10
-4.4092519685039369
20
5.6600000000000001
11
-4.4100227165354333
21
5.6551335826771654
0
LINE
8
BLACK
6
CONTINUOUS
10
-4.4100227165354333
20
5.6551335826771654
11
-4.4122595669291336
21
5.6507435433070867
0
LINE
8
BLACK
6
CONTINUOUS
10
-4.4122595669291336
20
5.6507435433070867
11
-4.4150442125984251
21
5.6479588976377952
0
LINE
8
BLACK
6
CONTINUOUS
10
-4.4150442125984251
20
5.6479588976377952
11
-4.4149924409448822
21
5.6272047244094487
0
LINE
8
BLACK
6
CONTINUOUS
10
-4.4149924409448822
20
5.6272047244094487
11
-4.4139370078740159
21
5.6272047244094487
0
LINE
8
BLACK
6
CONTINUOUS
10
-4.4139370078740159
20
5.6272047244094487
11
-4.4139370078740159
21
5.5701181102362201
0
LINE
8
BLACK
6
CONTINUOUS
10
-4.4139370078740159
20
5.5701181102362201
11
-4.4149840157480318
21
5.5701181102362201
0
LINE
8
BLACK
6
CONTINUOUS
10
-4.4149840157480318
20
5.5701181102362201
11
-4.4149303543307088
21
5.5518777952755904
0
LINE
8
BLACK
6
CONTINUOUS
10
-4.4149303543307088
20
5.5518777952755904
11
-4.3961627165354331
21
5.5332283464566929
0
LINE
8
BLACK
6
CONTINUOUS
10
-4.3961627165354331
20
5.5332283464566929
11
-4.3791732283464562
21
5.5332283464566929
0
LINE
8
BLACK
6
CONTINUOUS
10
-4.3791732283464562
20
5.5332283464566929
11
-4.3761599606299209
21
5.5326289763779526
0
LINE
8
BLACK
6
CONTINUOUS
10
-4.3761599606299209
20
5.5326289763779526
11
-4.3736054724409446
21
5.5309220866141731
0
LINE
8
BLACK
6
CONTINUOUS
10
-4.3736054724409446
20
5.5309220866141731
11
-4.371898582677165
21
5.5283675984251968
0
LINE
8
BLACK
6
CONTINUOUS
10
-4.371898582677165
20
5.5283675984251968
11
-4.3712992125984247
21
5.5253543307086614
0
LINE
8
BLACK
6
CONTINUOUS
10
-4.3712992125984247
20
5.5253543307086614
11
-4.3712992125984247
21
5.5096062992125985
0
LINE
8
BLACK
6
CONTINUOUS
10
-4.3712992125984247
20
5.5096062992125985
11
-4.371898582677165
21
5.5065930314960632
0
LINE
8
BLACK
6
CONTINUOUS
10
-4.371898582677165
20
5.5065930314960632
11
-4.3736054724409446
21
5.5040385433070869
0
LINE
8
BLACK
6
CONTINUOUS
10
-4.3736054724409446
20
5.5040385433070869
11
-4.3761599606299209
21
5.5023316535433073
0
LINE
8
BLACK
6
CONTINUOUS
10
-4.3761599606299209
20
5.5023316535433073
11
-4.3791732283464562
21
5.501732283464567
0
LINE
8
BLACK
6
CONTINUOUS
10
-4.3791732283464562
20
5.501732283464567
11
-4.4008267716535432
21
5.501732283464567
0
LINE
8
BLACK
6
CONTINUOUS
10
-4.4008267716535432
20
5.501732283464567
11
-4.4038400393700785
21
5.5023316535433073
0
LINE
8
BLACK
6
CONTINUOUS
10
-4.4038400393700785
20
5.5023316535433073
11
-4.4063945275590548
21
5.5040385433070869
0
LINE
8
BLACK
6
CONTINUOUS
10
-4.4063945275590548
20
5.5040385433070869
11
-4.4081014173228343
21
5.5065930314960632
0
LINE
8
BLACK
6
CONTINUOUS
10
-4.4081014173228343
20
5.5065930314960632
11
-4.4087007874015747
21
5.5096062992125985
0
LINE
8
BLACK
6
CONTINUOUS
10
-4.4087007874015747
20
5.5096062992125985
11
-4.4087007874015747
21
5.5236929527559058
0
LINE
8
BLACK
6
CONTINUOUS
10
-4.4087007874015747
20
5.5236929527559058
11
-4.4283630314960627
21
5.5432314566929133
0
LINE
8
BLACK
6
CONTINUOUS
10
-4.4283630314960627
20
5.5432314566929133
11
-4.4293422834645666
21
5.5444246456692916
0
LINE
8
BLACK
6
CONTINUOUS
10
-4.4293422834645666
20
5.5444246456692916
11
-4.4305179921259841
21
5.5472630708661415
0
LINE
8
BLACK
6
CONTINUOUS
10
-4.4305179921259841
20
5.5472630708661415
11
-4.430585275590551
21
5.5701181102362201
0
LINE
8
BLACK
6
CONTINUOUS
10
-4.430585275590551
20
5.5701181102362201
11
-4.4316535433070863
21
5.5701181102362201
0
LINE
8
BLACK
6
CONTINUOUS
10
-4.4316535433070863
20
5.5701181102362201
11
-4.4316535433070863
21
5.6272047244094487
0
LINE
8
BLACK
6
CONTINUOUS
10
-4.4316535433070863
20
5.6272047244094487
11
-4.4305929921259839
21
5.6272047244094487
0
LINE
8
BLACK
6
CONTINUOUS
10
-4.4305929921259839
20
5.6272047244094487
11
-4.4306384251968502
21
5.6454160629921262
0
LINE
8
BLACK
6
CONTINUOUS
10
-4.4306384251968502
20
5.6454160629921262
11
-4.4342564566929132
21
5.6472595669291339
0
LINE
8
BLACK
6
CONTINUOUS
10
-4.4342564566929132
20
5.6472595669291339
11
-4.4377404330708661
21
5.6507435433070867
0
LINE
8
BLACK
6
CONTINUOUS
10
-4.4377404330708661
20
5.6507435433070867
11
-4.4399772834645672
21
5.6551335826771654
0
LINE
8
BLACK
6
CONTINUOUS
10
-4.4399772834645672
20
5.6551335826771654
11
-4.4407480314960628
21
5.6600000000000001
0
LINE
8
BLACK
6
CONTINUOUS
10
-4.4407480314960628
20
5.6600000000000001
11
-4.4399772834645672
21
5.6648664173228349
0
LINE
8
BLACK
6
CONTINUOUS
10
-4.4399772834645672
20
5.6648664173228349
11
-4.4377404330708661
21
5.6692564566929136
0
LINE
8
BLACK
6
CONTINUOUS
10
-4.4377404330708661
20
5.6692564566929136
11
-4.4342564566929132
21
5.6727404330708664
0
LINE
8
BLACK
6
CONTINUOUS
10
-4.4342564566929132
20
5.6727404330708664
11
-4.4298664173228346
21
5.6749772834645666
0
LINE
8
BLACK
6
CONTINUOUS
10
-4.4298664173228346
20
5.6749772834645666
11
-4.4249999999999998
21
5.6757480314960631
0
LINE
8
BLACK
6
CONTINUOUS
10
-4.4249999999999998
20
5.6757480314960631
11
-4.4201335826771651
21
5.6749772834645666
0
LINE
8
BLACK
6
CONTINUOUS
10
-4.3601335826771654
20
5.6749772834645666
11
-4.3557435433070868
21
5.6727404330708664
0
LINE
8
BLACK
6
CONTINUOUS
10
-4.3557435433070868
20
5.6727404330708664
11
-4.352259566929134
21
5.6692564566929136
0
LINE
8
BLACK
6
CONTINUOUS
10
-4.352259566929134
20
5.6692564566929136
11
-4.3500227165354328
21
5.6648664173228349
0
LINE
8
BLACK
6
CONTINUOUS
10
-4.3500227165354328
20
5.6648664173228349
11
-4.3492519685039372
21
5.6600000000000001
0
LINE
8
BLACK
6
CONTINUOUS
10
-4.3492519685039372
20
5.6600000000000001
11
-4.3500227165354328
21
5.6551335826771654
0
LINE
8
BLACK
6
CONTINUOUS
10
-4.3500227165354328
20
5.6551335826771654
11
-4.352259566929134
21
5.6507435433070867
0
LINE
8
BLACK
6
CONTINUOUS
10
-4.352259566929134
20
5.6507435433070867
11
-4.3557435433070868
21
5.6472595669291339
0
LINE
8
BLACK
6
CONTINUOUS
10
-4.3557435433070868
20
5.6472595669291339
11
-4.3601335826771654
21
5.6450227165354327
0
LINE
8
BLACK
6
CONTINUOUS
10
-4.3601335826771654
20
5.6450227165354327
11
-4.3650000000000002
21
5.6442519685039372
0
LINE
8
BLACK
6
CONTINUOUS
10
-4.3650000000000002
20
5.6442519685039372
11
-4.369866417322835
21
5.6450227165354327
0
LINE
8
BLACK
6
CONTINUOUS
10
-4.369866417322835
20
5.6450227165354327
11
-4.3742564566929136
21
5.6472595669291339
0
LINE
8
BLACK
6
CONTINUOUS
10
-4.3742564566929136
20
5.6472595669291339
11
-4.376000551181102
21
5.6490036220472444
0
LINE
8
BLACK
6
CONTINUOUS
10
-4.376000551181102
20
5.6490036220472444
11
-4.3894642125984253
21
5.635410196850394
0
LINE
8
BLACK
6
CONTINUOUS
10
-4.3894642125984253
20
5.635410196850394
11
-4.3894343700787397
21
5.6272047244094487
0
LINE
8
BLACK
6
CONTINUOUS
10
-4.3894343700787397
20
5.6272047244094487
11
-4.3883464566929131
21
5.6272047244094487
0
LINE
8
BLACK
6
CONTINUOUS
10
-4.3883464566929131
20
5.6272047244094487
11
-4.3883464566929131
21
5.5701181102362201
0
LINE
8
BLACK
6
CONTINUOUS
10
-4.3883464566929131
20
5.5701181102362201
11
-4.3893727559055113
21
5.5701181102362201
0
LINE
8
BLACK
6
CONTINUOUS
10
-4.3893727559055113
20
5.5701181102362201
11
-4.3893420866141728
21
5.5616667322834648
0
LINE
8
BLACK
6
CONTINUOUS
10
-4.3893420866141728
20
5.5616667322834648
11
-4.3842708267716537
21
5.5566961811023621
0
LINE
8
BLACK
6
CONTINUOUS
10
-4.3842708267716537
20
5.5566961811023621
11
-4.3429535433070869
21
5.5568314960629923
0
LINE
8
BLACK
6
CONTINUOUS
10
-4.3429535433070869
20
5.5568314960629923
11
-4.3414174015748035
21
5.5566801968503938
0
LINE
8
BLACK
6
CONTINUOUS
10
-4.3414174015748035
20
5.5566801968503938
11
-4.3385789763779528
21
5.5555044881889764
0
LINE
8
BLACK
6
CONTINUOUS
10
-4.3385789763779528
20
5.5555044881889764
11
-4.316162401574803
21
5.5332283464566929
0
LINE
8
BLACK
6
CONTINUOUS
10
-4.316162401574803
20
5.5332283464566929
11
-4.299173228346457
21
5.5332283464566929
0
LINE
8
BLACK
6
CONTINUOUS
10
-4.299173228346457
20
5.5332283464566929
11
-4.2961599606299208
21
5.5326289763779526
0
LINE
8
BLACK
6
CONTINUOUS
10
-4.2961599606299208
20
5.5326289763779526
11
-4.2936054724409445
21
5.5309220866141731
0
LINE
8
BLACK
6
CONTINUOUS
10
-4.2936054724409445
20
5.5309220866141731
11
-4.291898582677165
21
5.5283675984251968
0
LINE
8
BLACK
6
CONTINUOUS
10
-4.291898582677165
20
5.5283675984251968
11
-4.2912992125984255
21
5.5253543307086614
0
LINE
8
BLACK
6
CONTINUOUS
10
-4.2912992125984255
20
5.5253543307086614
11
-4.2912992125984255
21
5.5096062992125985
0
LINE
8
BLACK
6
CONTINUOUS
10
-4.2912992125984255
20
5.5096062992125985
11
-4.291898582677165
21
5.5065930314960632
0
LINE
8
BLACK
6
CONTINUOUS
10
-4.291898582677165
20
5.5065930314960632
11
-4.2936054724409445
21
5.5040385433070869
0
LINE
8
BLACK
6
CONTINUOUS
10
-4.2936054724409445
20
5.5040385433070869
11
-4.2961599606299208
21
5.5023316535433073
0
LINE
8
BLACK
6
CONTINUOUS
10
-4.2961599606299208
20
5.5023316535433073
11
-4.299173228346457
21
5.501732283464567
0
LINE
8
BLACK
6
CONTINUOUS
10
-4.299173228346457
20
5.501732283464567
11
-4.3208267716535431
21
5.501732283464567
0
LINE
8
BLACK
6
CONTINUOUS
10
-4.3208267716535431
20
5.501732283464567
11
-4.3238400393700784
21
5.5023316535433073
0
LINE
8
BLACK
6
CONTINUOUS
10
-4.3238400393700784
20
5.5023316535433073
11
-4.3263945275590547
21
5.5040385433070869
0
LINE
8
BLACK
6
CONTINUOUS
10
-4.3263945275590547
20
5.5040385433070869
11
-4.3281014173228343
21
5.5065930314960632
0
LINE
8
BLACK
6
CONTINUOUS
10
-4.3281014173228343
20
5.5065930314960632
11
-4.3287007874015746
21
5.5096062992125985
0
LINE
8
BLACK
6
CONTINUOUS
10
-4.3287007874015746
20
5.5096062992125985
11
-4.3287007874015746
21
5.5236933858267712
0
LINE
8
BLACK
6
CONTINUOUS
10
-4.3287007874015746
20
5.5236933858267712
11
-4.3463365748031499
21
5.5412186220472437
0
LINE
8
BLACK
6
CONTINUOUS
10
-4.3463365748031499
20
5.5412186220472437
11
-4.3876236220472444
21
5.5410834645669294
0
LINE
8
BLACK
6
CONTINUOUS
10
-4.3876236220472444
20
5.5410834645669294
11
-4.3891597637795279
21
5.5412347637795278
0
LINE
8
BLACK
6
CONTINUOUS
10
-4.3891597637795279
20
5.5412347637795278
11
-4.3919981889763777
21
5.5424104724409444
0
LINE
8
BLACK
6
CONTINUOUS
10
-4.3919981889763777
20
5.5424104724409444
11
-4.4027724803149608
21
5.5529708267716531
0
LINE
8
BLACK
6
CONTINUOUS
10
-4.4027724803149608
20
5.5529708267716531
11
-4.4037517322834647
21
5.5541640157480314
0
LINE
8
BLACK
6
CONTINUOUS
10
-4.4037517322834647
20
5.5541640157480314
11
-4.4049274409448822
21
5.5570024409448822
0
LINE
8
BLACK
6
CONTINUOUS
10
-4.4049274409448822
20
5.5570024409448822
11
-4.4049750787401578
21
5.5701181102362201
0
LINE
8
BLACK
6
CONTINUOUS
10
-4.4049750787401578
20
5.5701181102362201
11
-4.4060629921259844
21
5.5701181102362201
0
LINE
8
BLACK
6
CONTINUOUS
10
-4.4060629921259844
20
5.5701181102362201
11
-4.4060629921259844
21
5.6272047244094487
0
LINE
8
BLACK
6
CONTINUOUS
10
-4.4060629921259844
20
5.6272047244094487
11
-4.4050366929133853
21
5.6272047244094487
0
LINE
8
BLACK
6
CONTINUOUS
10
-4.4050366929133853
20
5.6272047244094487
11
-4.4050787401574798
21
5.6387842519685041
0
LINE
8
BLACK
6
CONTINUOUS
10
-4.4050787401574798
20
5.6387842519685041
11
-4.4049274409448822
21
5.6403203937007875
0
LINE
8
BLACK
6
CONTINUOUS
10
-4.4049274409448822
20
5.6403203937007875
11
-4.4037517322834647
21
5.6431588188976374
0
LINE
8
BLACK
6
CONTINUOUS
10
-4.4037517322834647
20
5.6431588188976374
11
-4.3815567716535435
21
5.6655677559055118
0
LINE
8
BLACK
6
CONTINUOUS
10
-4.3815567716535435
20
5.6655677559055118
11
-4.3803635433070864
21
5.6665470078740157
0
LINE
8
BLACK
6
CONTINUOUS
10
-4.3803635433070864
20
5.6665470078740157
11
-4.3787885826771653
21
5.6671993700787402
0
LINE
8
BLACK
6
CONTINUOUS
10
-4.3787885826771653
20
5.6671993700787402
11
-4.3777404330708665
21
5.6692564566929136
0
LINE
8
BLACK
6
CONTINUOUS
10
-4.3777404330708665
20
5.6692564566929136
11
-4.3742564566929136
21
5.6727404330708664
0
LINE
8
BLACK
6
CONTINUOUS
10
-4.3742564566929136
20
5.6727404330708664
11
-4.369866417322835
21
5.6749772834645666
0
LINE
8
BLACK
6
CONTINUOUS
10
-4.369866417322835
20
5.6749772834645666
11
-4.3650000000000002
21
5.6757480314960631
0
LINE
8
BLACK
6
CONTINUOUS
10
-4.3650000000000002
20
5.6757480314960631
11
-4.3601335826771654
21
5.6749772834645666
0
LINE
8
BLACK
6
CONTINUOUS
10
-4.8601335826771654
20
5.6299772834645667
11
-4.8557435433070868
21
5.6277404330708656
0
LINE
8
BLACK
6
CONTINUOUS
10
-4.8557435433070868
20
5.6277404330708656
11
-4.852259566929134
21
5.6242564566929136
0
LINE
8
BLACK
6
CONTINUOUS
10
-4.852259566929134
20
5.6242564566929136
11
-4.8500227165354328
21
5.6198664173228341
0
LINE
8
BLACK
6
CONTINUOUS
10
-4.8500227165354328
20
5.6198664173228341
11
-4.849919527559055
21
5.6192146850393696
0
LINE
8
BLACK
6
CONTINUOUS
10
-4.849919527559055
20
5.6192146850393696
11
-4.8400199212598425
21
5.6192413779527559
0
LINE
8
BLACK
6
CONTINUOUS
10
-4.8400199212598425
20
5.6192413779527559
11
-4.8399441732283464
21
5.6196221653543308
0
LINE
8
BLACK
6
CONTINUOUS
10
-4.8399441732283464
20
5.6196221653543308
11
-4.838664015748031
21
5.6215380314960628
0
LINE
8
BLACK
6
CONTINUOUS
10
-4.838664015748031
20
5.6215380314960628
11
-4.836748149606299
21
5.6228181889763782
0
LINE
8
BLACK
6
CONTINUOUS
10
-4.836748149606299
20
5.6228181889763782
11
-4.834488188976378
21
5.623267716535433
0
LINE
8
BLACK
6
CONTINUOUS
10
-4.834488188976378
20
5.623267716535433
11
-4.7793700787401576
21
5.623267716535433
0
LINE
8
BLACK
6
CONTINUOUS
10
-4.7793700787401576
20
5.623267716535433
11
-4.7771101181102358
21
5.6228181889763782
0
LINE
8
BLACK
6
CONTINUOUS
10
-4.7771101181102358
20
5.6228181889763782
11
-4.7751942519685038
21
5.6215380314960628
0
LINE
8
BLACK
6
CONTINUOUS
10
-4.7751942519685038
20
5.6215380314960628
11
-4.7739140944881893
21
5.6196221653543308
0
LINE
8
BLACK
6
CONTINUOUS
10
-4.7739140944881893
20
5.6196221653543308
11
-4.7738376377952756
21
5.6192377165354328
0
LINE
8
BLACK
6
CONTINUOUS
10
-4.7738376377952756
20
5.6192377165354328
11
-4.7186417322834648
21
5.6193307086614173
0
LINE
8
BLACK
6
CONTINUOUS
10
-4.7186417322834648
20
5.6193307086614173
11
-4.7171055905511814
21
5.6191794094488188
0
LINE
8
BLACK
6
CONTINUOUS
10
-4.7171055905511814
20
5.6191794094488188
11
-4.7142671653543307
21
5.6180037007874013
0
LINE
8
BLACK
6
CONTINUOUS
10
-4.7142671653543307
20
5.6180037007874013
11
-4.7037750787401578
21
5.6075933858267719
0
LINE
8
BLACK
6
CONTINUOUS
10
-4.7037750787401578
20
5.6075933858267719
11
-4.7037630708661418
21
5.6076536614173227
0
LINE
8
BLACK
6
CONTINUOUS
10
-4.7037630708661418
20
5.6076536614173227
11
-4.7024829133858264
21
5.6095695275590547
0
LINE
8
BLACK
6
CONTINUOUS
10
-4.7024829133858264
20
5.6095695275590547
11
-4.7005670472440944
21
5.6108496850393701
0
LINE
8
BLACK
6
CONTINUOUS
10
-4.7005670472440944
20
5.6108496850393701
11
-4.6983070866141734
21
5.6112992125984249
0
LINE
8
BLACK
6
CONTINUOUS
10
-4.6983070866141734
20
5.6112992125984249
11
-4.6864960629921262
21
5.6112992125984249
0
LINE
8
BLACK
6
CONTINUOUS
10
-4.6864960629921262
20
5.6112992125984249
11
-4.6842361023622043
21
5.6108496850393701
0
LINE
8
BLACK
6
CONTINUOUS
10
-4.6842361023622043
20
5.6108496850393701
11
-4.6823202362204723
21
5.6095695275590547
0
LINE
8
BLACK
6
CONTINUOUS
10
-4.6823202362204723
20
5.6095695275590547
11
-4.6810400787401578
21
5.6076536614173227
0
LINE
8
BLACK
6
CONTINUOUS
10
-4.6810400787401578
20
5.6076536614173227
11
-4.6805905511811021
21
5.6053937007874017
0
LINE
8
BLACK
6
CONTINUOUS
10
-4.6805905511811021
20
5.6053937007874017
11
-4.6805905511811021
21
5.5650393700787397
0
LINE
8
BLACK
6
CONTINUOUS
10
-4.6805905511811021
20
5.5650393700787397
11
-4.6810400787401578
21
5.5627794094488188
0
LINE
8
BLACK
6
CONTINUOUS
10
-4.6810400787401578
20
5.5627794094488188
11
-4.6823202362204723
21
5.5608635433070868
0
LINE
8
BLACK
6
CONTINUOUS
10
-4.6823202362204723
20
5.5608635433070868
11
-4.6828139370078743
21
5.5605336614173231
0
LINE
8
BLACK
6
CONTINUOUS
10
-4.6828139370078743
20
5.5605336614173231
11
-4.6733039763779525
21
5.5511439370078737
0
LINE
8
BLACK
6
CONTINUOUS
10
-4.6733039763779525
20
5.5511439370078737
11
-4.6364297244094486
21
5.5512682677165355
0
LINE
8
BLACK
6
CONTINUOUS
10
-4.6364297244094486
20
5.5512682677165355
11
-4.6272435826771652
21
5.5605720472440945
0
LINE
8
BLACK
6
CONTINUOUS
10
-4.6272435826771652
20
5.5605720472440945
11
-4.6276797637795273
21
5.5608635433070868
0
LINE
8
BLACK
6
CONTINUOUS
10
-4.6276797637795273
20
5.5608635433070868
11
-4.6289599212598427
21
5.5627794094488188
0
LINE
8
BLACK
6
CONTINUOUS
10
-4.6289599212598427
20
5.5627794094488188
11
-4.6294094488188975
21
5.5650393700787397
0
LINE
8
BLACK
6
CONTINUOUS
10
-4.6294094488188975
20
5.5650393700787397
11
-4.6294094488188975
21
5.6053937007874017
0
LINE
8
BLACK
6
CONTINUOUS
10
-4.6294094488188975
20
5.6053937007874017
11
-4.6289599212598427
21
5.6076536614173227
0
LINE
8
BLACK
6
CONTINUOUS
10
-4.6289599212598427
20
5.6076536614173227
11
-4.6276797637795273
21
5.6095695275590547
0
LINE
8
BLACK
6
CONTINUOUS
10
-4.6276797637795273
20
5.6095695275590547
11
-4.6257638976377953
21
5.6108496850393701
0
LINE
8
BLACK
6
CONTINUOUS
10
-4.6257638976377953
20
5.6108496850393701
11
-4.6235039370078743
21
5.6112992125984249
0
LINE
8
BLACK
6
CONTINUOUS
10
-4.6235039370078743
20
5.6112992125984249
11
-4.6116929133858271
21
5.6112992125984249
0
LINE
8
BLACK
6
CONTINUOUS
10
-4.6116929133858271
20
5.6112992125984249
11
-4.6094329527559053
21
5.6108496850393701
0
LINE
8
BLACK
6
CONTINUOUS
10
-4.6094329527559053
20
5.6108496850393701
11
-4.6075170866141733
21
5.6095695275590547
0
LINE
8
BLACK
6
CONTINUOUS
10
-4.6075170866141733
20
5.6095695275590547
11
-4.6062369291338578
21
5.6076536614173227
0
LINE
8
BLACK
6
CONTINUOUS
10
-4.6062369291338578
20
5.6076536614173227
11
-4.605787401574803
21
5.6053937007874017
0
LINE
8
BLACK
6
CONTINUOUS
10
-4.605787401574803
20
5.6053937007874017
11
-4.605787401574803
21
5.5929766929133855
0
LINE
8
BLACK
6
CONTINUOUS
10
-4.605787401574803
20
5.5929766929133855
11
-4.5652165354330707
21
5.5930905511811027
0
LINE
8
BLACK
6
CONTINUOUS
10
-4.5652165354330707
20
5.5930905511811027
11
-4.5636803937007873
21
5.5929392519685042
0
LINE
8
BLACK
6
CONTINUOUS
10
-4.5636803937007873
20
5.5929392519685042
11
-4.5608419685039365
21
5.5917635433070867
0
LINE
8
BLACK
6
CONTINUOUS
10
-4.5608419685039365
20
5.5917635433070867
11
-4.5532511023622044
21
5.5842716535433068
0
LINE
8
BLACK
6
CONTINUOUS
10
-4.5532511023622044
20
5.5842716535433068
11
-4.5391732283464563
21
5.5842716535433068
0
LINE
8
BLACK
6
CONTINUOUS
10
-4.5391732283464563
20
5.5842716535433068
11
-4.536159960629921
21
5.5836722834645665
0
LINE
8
BLACK
6
CONTINUOUS
10
-4.536159960629921
20
5.5836722834645665
11
-4.5336054724409447
21
5.5819653937007869
0
LINE
8
BLACK
6
CONTINUOUS
10
-4.5336054724409447
20
5.5819653937007869
11
-4.5318985826771652
21
5.5794109055118106
0
LINE
8
BLACK
6
CONTINUOUS
10
-4.5318985826771652
20
5.5794109055118106
11
-4.5312992125984248
21
5.5763976377952753
0
LINE
8
BLACK
6
CONTINUOUS
10
-4.5312992125984248
20
5.5763976377952753
11
-4.5312992125984248
21
5.5606496062992123
0
LINE
8
BLACK
6
CONTINUOUS
10
-4.5312992125984248
20
5.5606496062992123
11
-4.5318985826771652
21
5.557636338582677
0
LINE
8
BLACK
6
CONTINUOUS
10
-4.5318985826771652
20
5.557636338582677
11
-4.5336054724409447
21
5.5550818503937007
0
LINE
8
BLACK
6
CONTINUOUS
10
-4.5336054724409447
20
5.5550818503937007
11
-4.536159960629921
21
5.5533749606299212
0
LINE
8
BLACK
6
CONTINUOUS
10
-4.536159960629921
20
5.5533749606299212
11
-4.5391732283464563
21
5.5527755905511809
0
LINE
8
BLACK
6
CONTINUOUS
10
-4.5391732283464563
20
5.5527755905511809
11
-4.5608267716535433
21
5.5527755905511809
0
LINE
8
BLACK
6
CONTINUOUS
10
-4.5608267716535433
20
5.5527755905511809
11
-4.5638400393700786
21
5.5533749606299212
0
LINE
8
BLACK
6
CONTINUOUS
10
-4.5638400393700786
20
5.5533749606299212
11
-4.5663945275590549
21
5.5550818503937007
0
LINE
8
BLACK
6
CONTINUOUS
10
-4.5663945275590549
20
5.5550818503937007
11
-4.5681014173228345
21
5.557636338582677
0
LINE
8
BLACK
6
CONTINUOUS
10
-4.5681014173228345
20
5.557636338582677
11
-4.5687007874015748
21
5.5606496062992123
0
LINE
8
BLACK
6
CONTINUOUS
10
-4.5687007874015748
20
5.5606496062992123
11
-4.5687007874015748
21
5.5763976377952753
0
LINE
8
BLACK
6
CONTINUOUS
10
-4.5687007874015748
20
5.5763976377952753
11
-4.5685021653543307
21
5.5773963385826768
0
LINE
8
BLACK
6
CONTINUOUS
10
-4.5685021653543307
20
5.5773963385826768
11
-4.5685869291338586
21
5.5774800393700783
0
LINE
8
BLACK
6
CONTINUOUS
10
-4.5685869291338586
20
5.5774800393700783
11
-4.605787401574803
21
5.57737562992126
0
LINE
8
BLACK
6
CONTINUOUS
10
-4.605787401574803
20
5.57737562992126
11
-4.605787401574803
21
5.5650393700787397
0
LINE
8
BLACK
6
CONTINUOUS
10
-4.605787401574803
20
5.5650393700787397
11
-4.6062369291338578
21
5.5627794094488188
0
LINE
8
BLACK
6
CONTINUOUS
10
-4.6062369291338578
20
5.5627794094488188
11
-4.6075170866141733
21
5.5608635433070868
0
LINE
8
BLACK
6
CONTINUOUS
10
-4.6075170866141733
20
5.5608635433070868
11
-4.6094329527559053
21
5.5595833858267714
0
LINE
8
BLACK
6
CONTINUOUS
10
-4.6094329527559053
20
5.5595833858267714
11
-4.6097265748031493
21
5.5595249606299211
0
LINE
8
BLACK
6
CONTINUOUS
10
-4.6097265748031493
20
5.5595249606299211
11
-4.6097244094488188
21
5.5591338582677166
0
LINE
8
BLACK
6
CONTINUOUS
10
-4.6097244094488188
20
5.5591338582677166
11
-4.6098757086614173
21
5.5575977165354331
0
LINE
8
BLACK
6
CONTINUOUS
10
-4.6098757086614173
20
5.5575977165354331
11
-4.6110514173228347
21
5.5547592913385824
0
LINE
8
BLACK
6
CONTINUOUS
10
-4.6110514173228347
20
5.5547592913385824
11
-4.6277598031496066
21
5.537836968503937
0
LINE
8
BLACK
6
CONTINUOUS
10
-4.6277598031496066
20
5.537836968503937
11
-4.628952992125984
21
5.5368577165354331
0
LINE
8
BLACK
6
CONTINUOUS
10
-4.628952992125984
20
5.5368577165354331
11
-4.6317914173228347
21
5.5356820078740157
0
LINE
8
BLACK
6
CONTINUOUS
10
-4.6317914173228347
20
5.5356820078740157
11
-4.6766724409448814
21
5.5355307086614172
0
LINE
8
BLACK
6
CONTINUOUS
10
-4.6766724409448814
20
5.5355307086614172
11
-4.6782085826771649
21
5.5356820078740157
0
LINE
8
BLACK
6
CONTINUOUS
10
-4.6782085826771649
20
5.5356820078740157
11
-4.6810470078740156
21
5.5368577165354331
0
LINE
8
BLACK
6
CONTINUOUS
10
-4.6810470078740156
20
5.5368577165354331
11
-4.697969330708661
21
5.5535661023622049
0
LINE
8
BLACK
6
CONTINUOUS
10
-4.697969330708661
20
5.5535661023622049
11
-4.6989485826771649
21
5.5547592913385824
0
LINE
8
BLACK
6
CONTINUOUS
10
-4.6989485826771649
20
5.5547592913385824
11
-4.7001242913385823
21
5.5575977165354331
0
LINE
8
BLACK
6
CONTINUOUS
10
-4.7001242913385823
20
5.5575977165354331
11
-4.7001347244094491
21
5.5594973622047243
0
LINE
8
BLACK
6
CONTINUOUS
10
-4.7001347244094491
20
5.5594973622047243
11
-4.7005670472440944
21
5.5595833858267714
0
LINE
8
BLACK
6
CONTINUOUS
10
-4.7005670472440944
20
5.5595833858267714
11
-4.7024829133858264
21
5.5608635433070868
0
LINE
8
BLACK
6
CONTINUOUS
10
-4.7024829133858264
20
5.5608635433070868
11
-4.7037630708661418
21
5.5627794094488188
0
LINE
8
BLACK
6
CONTINUOUS
10
-4.7037630708661418
20
5.5627794094488188
11
-4.7042125984251966
21
5.5650393700787397
0
LINE
8
BLACK
6
CONTINUOUS
10
-4.7042125984251966
20
5.5650393700787397
11
-4.7042125984251966
21
5.586047952755905
0
LINE
8
BLACK
6
CONTINUOUS
10
-4.7042125984251966
20
5.586047952755905
11
-4.7220292519685039
21
5.6037256692913386
0
LINE
8
BLACK
6
CONTINUOUS
10
-4.7220292519685039
20
5.6037256692913386
11
-4.7738450393700784
21
5.6036383858267715
0
LINE
8
BLACK
6
CONTINUOUS
10
-4.7738450393700784
20
5.6036383858267715
11
-4.7739140944881893
21
5.6032912204724408
0
LINE
8
BLACK
6
CONTINUOUS
10
-4.7739140944881893
20
5.6032912204724408
11
-4.7751942519685038
21
5.6013753543307088
0
LINE
8
BLACK
6
CONTINUOUS
10
-4.7751942519685038
20
5.6013753543307088
11
-4.7771101181102358
21
5.6000951968503934
0
LINE
8
BLACK
6
CONTINUOUS
10
-4.7771101181102358
20
5.6000951968503934
11
-4.7793700787401576
21
5.5996456692913386
0
LINE
8
BLACK
6
CONTINUOUS
10
-4.7793700787401576
20
5.5996456692913386
11
-4.834488188976378
21
5.5996456692913386
0
LINE
8
BLACK
6
CONTINUOUS
10
-4.834488188976378
20
5.5996456692913386
11
-4.836748149606299
21
5.6000951968503934
0
LINE
8
BLACK
6
CONTINUOUS
10
-4.836748149606299
20
5.6000951968503934
11
-4.838664015748031
21
5.6013753543307088
0
LINE
8
BLACK
6
CONTINUOUS
10
-4.838664015748031
20
5.6013753543307088
11
-4.8399441732283464
21
5.6032912204724408
0
LINE
8
BLACK
6
CONTINUOUS
10
-4.8399441732283464
20
5.6032912204724408
11
-4.8400136614173226
21
5.6036405118110233
0
LINE
8
BLACK
6
CONTINUOUS
10
-4.8400136614173226
20
5.6036405118110233
11
-4.8544014173228343
21
5.6036016929133856
0
LINE
8
BLACK
6
CONTINUOUS
10
-4.8544014173228343
20
5.6036016929133856
11
-4.8557435433070868
21
5.602259566929134
0
LINE
8
BLACK
6
CONTINUOUS
10
-4.8557435433070868
20
5.602259566929134
11
-4.8601335826771654
21
5.6000227165354328
0
LINE
8
BLACK
6
CONTINUOUS
10
-4.8601335826771654
20
5.6000227165354328
11
-4.8650000000000002
21
5.5992519685039372
0
LINE
8
BLACK
6
CONTINUOUS
10
-4.8650000000000002
20
5.5992519685039372
11
-4.8698664173228341
21
5.6000227165354328
0
LINE
8
BLACK
6
CONTINUOUS
10
-4.8698664173228341
20
5.6000227165354328
11
-4.8742564566929136
21
5.602259566929134
0
LINE
8
BLACK
6
CONTINUOUS
10
-4.8742564566929136
20
5.602259566929134
11
-4.8777404330708665
21
5.6057435433070868
0
LINE
8
BLACK
6
CONTINUOUS
10
-4.8777404330708665
20
5.6057435433070868
11
-4.8799772834645667
21
5.6101335826771654
0
LINE
8
BLACK
6
CONTINUOUS
10
-4.8799772834645667
20
5.6101335826771654
11
-4.8807480314960632
21
5.6150000000000002
0
LINE
8
BLACK
6
CONTINUOUS
10
-4.8807480314960632
20
5.6150000000000002
11
-4.8799772834645667
21
5.6198664173228341
0
LINE
8
BLACK
6
CONTINUOUS
10
-4.8799772834645667
20
5.6198664173228341
11
-4.8777404330708665
21
5.6242564566929136
0
LINE
8
BLACK
6
CONTINUOUS
10
-4.8777404330708665
20
5.6242564566929136
11
-4.8742564566929136
21
5.6277404330708656
0
LINE
8
BLACK
6
CONTINUOUS
10
-4.8742564566929136
20
5.6277404330708656
11
-4.8698664173228341
21
5.6299772834645667
0
LINE
8
BLACK
6
CONTINUOUS
10
-4.8698664173228341
20
5.6299772834645667
11
-4.8650000000000002
21
5.6307480314960632
0
LINE
8
BLACK
6
CONTINUOUS
10
-4.8650000000000002
20
5.6307480314960632
11
-4.8601335826771654
21
5.6299772834645667
0
LINE
8
BLACK
6
CONTINUOUS
10
-4.7771101181102358
20
5.7212433858267717
11
-4.7751942519685038
21
5.7199632283464563
0
LINE
8
BLACK
6
CONTINUOUS
10
-4.7751942519685038
20
5.7199632283464563
11
-4.7739140944881893
21
5.7180473622047243
0
LINE
8
BLACK
6
CONTINUOUS
10
-4.7739140944881893
20
5.7180473622047243
11
-4.7734645669291336
21
5.7157874015748034
0
LINE
8
BLACK
6
CONTINUOUS
10
-4.7734645669291336
20
5.7157874015748034
11
-4.7734645669291336
21
5.7039763779527561
0
LINE
8
BLACK
6
CONTINUOUS
10
-4.7734645669291336
20
5.7039763779527561
11
-4.7739140944881893
21
5.7017164173228343
0
LINE
8
BLACK
6
CONTINUOUS
10
-4.7739140944881893
20
5.7017164173228343
11
-4.7751942519685038
21
5.6998005511811023
0
LINE
8
BLACK
6
CONTINUOUS
10
-4.7751942519685038
20
5.6998005511811023
11
-4.7771101181102358
21
5.6985203937007869
0
LINE
8
BLACK
6
CONTINUOUS
10
-4.7771101181102358
20
5.6985203937007869
11
-4.7793700787401576
21
5.6980708661417321
0
LINE
8
BLACK
6
CONTINUOUS
10
-4.7793700787401576
20
5.6980708661417321
11
-4.834488188976378
21
5.6980708661417321
0
LINE
8
BLACK
6
CONTINUOUS
10
-4.834488188976378
20
5.6980708661417321
11
-4.836748149606299
21
5.6985203937007869
0
LINE
8
BLACK
6
CONTINUOUS
10
-4.836748149606299
20
5.6985203937007869
11
-4.838664015748031
21
5.6998005511811023
0
LINE
8
BLACK
6
CONTINUOUS
10
-4.838664015748031
20
5.6998005511811023
11
-4.8399441732283464
21
5.7017164173228343
0
LINE
8
BLACK
6
CONTINUOUS
10
-4.8399441732283464
20
5.7017164173228343
11
-4.8400132283464563
21
5.7020634251968501
0
LINE
8
BLACK
6
CONTINUOUS
10
-4.8400132283464563
20
5.7020634251968501
11
-4.8570155511811022
21
5.7020164173228345
0
LINE
8
BLACK
6
CONTINUOUS
10
-4.8570155511811022
20
5.7020164173228345
11
-4.8672570078740156
21
5.6916368110236215
0
LINE
8
BLACK
6
CONTINUOUS
10
-4.8672570078740156
20
5.6916368110236215
11
-4.867181811023622
21
5.6734732283464568
0
LINE
8
BLACK
6
CONTINUOUS
10
-4.867181811023622
20
5.6734732283464568
11
-4.8657435433070866
21
5.6727404330708664
0
LINE
8
BLACK
6
CONTINUOUS
10
-4.8657435433070866
20
5.6727404330708664
11
-4.8622595669291337
21
5.6692564566929136
0
LINE
8
BLACK
6
CONTINUOUS
10
-4.8622595669291337
20
5.6692564566929136
11
-4.8600227165354326
21
5.6648664173228349
0
LINE
8
BLACK
6
CONTINUOUS
10
-4.8600227165354326
20
5.6648664173228349
11
-4.859251968503937
21
5.6600000000000001
0
LINE
8
BLACK
6
CONTINUOUS
10
-4.859251968503937
20
5.6600000000000001
11
-4.8600227165354326
21
5.6551335826771654
0
LINE
8
BLACK
6
CONTINUOUS
10
-4.8600227165354326
20
5.6551335826771654
11
-4.8622595669291337
21
5.6507435433070867
0
LINE
8
BLACK
6
CONTINUOUS
10
-4.8622595669291337
20
5.6507435433070867
11
-4.8657435433070866
21
5.6472595669291339
0
LINE
8
BLACK
6
CONTINUOUS
10
-4.8657435433070866
20
5.6472595669291339
11
-4.8701335826771652
21
5.6450227165354327
0
LINE
8
BLACK
6
CONTINUOUS
10
-4.8701335826771652
20
5.6450227165354327
11
-4.875
21
5.6442519685039372
0
LINE
8
BLACK
6
CONTINUOUS
10
-4.875
20
5.6442519685039372
11
-4.8798664173228348
21
5.6450227165354327
0
LINE
8
BLACK
6
CONTINUOUS
10
-4.8798664173228348
20
5.6450227165354327
11
-4.8842564566929134
21
5.6472595669291339
0
LINE
8
BLACK
6
CONTINUOUS
10
-4.8842564566929134
20
5.6472595669291339
11
-4.8877404330708663
21
5.6507435433070867
0
LINE
8
BLACK
6
CONTINUOUS
10
-4.8877404330708663
20
5.6507435433070867
11
-4.8899772834645665
21
5.6551335826771654
0
LINE
8
BLACK
6
CONTINUOUS
10
-4.8899772834645665
20
5.6551335826771654
11
-4.890748031496063
21
5.6600000000000001
0
LINE
8
BLACK
6
CONTINUOUS
10
-4.890748031496063
20
5.6600000000000001
11
-4.8899772834645665
21
5.6648664173228349
0
LINE
8
BLACK
6
CONTINUOUS
10
-4.8899772834645665
20
5.6648664173228349
11
-4.8877404330708663
21
5.6692564566929136
0
LINE
8
BLACK
6
CONTINUOUS
10
-4.8877404330708663
20
5.6692564566929136
11
-4.8842564566929134
21
5.6727404330708664
0
LINE
8
BLACK
6
CONTINUOUS
10
-4.8842564566929134
20
5.6727404330708664
11
-4.8827849606299214
21
5.6734901968503939
0
LINE
8
BLACK
6
CONTINUOUS
10
-4.8827849606299214
20
5.6734901968503939
11
-4.8828740157480315
21
5.6950000000000003
0
LINE
8
BLACK
6
CONTINUOUS
10
-4.8828740157480315
20
5.6950000000000003
11
-4.882722716535433
21
5.6965361417322837
0
LINE
8
BLACK
6
CONTINUOUS
10
-4.882722716535433
20
5.6965361417322837
11
-4.8815470078740155
21
5.6993745669291336
0
LINE
8
BLACK
6
CONTINUOUS
10
-4.8815470078740155
20
5.6993745669291336
11
-4.8656858661417326
21
5.7154496850393697
0
LINE
8
BLACK
6
CONTINUOUS
10
-4.8656858661417326
20
5.7154496850393697
11
-4.8644926771653543
21
5.7164288976377948
0
LINE
8
BLACK
6
CONTINUOUS
10
-4.8644926771653543
20
5.7164288976377948
11
-4.8616542519685035
21
5.7176046062992123
0
LINE
8
BLACK
6
CONTINUOUS
10
-4.8616542519685035
20
5.7176046062992123
11
-4.8400203543307088
21
5.7176644094488189
0
LINE
8
BLACK
6
CONTINUOUS
10
-4.8400203543307088
20
5.7176644094488189
11
-4.8399441732283464
21
5.7180473622047243
0
LINE
8
BLACK
6
CONTINUOUS
10
-4.8399441732283464
20
5.7180473622047243
11
-4.838664015748031
21
5.7199632283464563
0
LINE
8
BLACK
6
CONTINUOUS
10
-4.838664015748031
20
5.7199632283464563
11
-4.836748149606299
21
5.7212433858267717
0
LINE
8
BLACK
6
CONTINUOUS
10
-4.836748149606299
20
5.7212433858267717
11
-4.834488188976378
21
5.7216929133858265
0
LINE
8
BLACK
6
CONTINUOUS
10
-4.834488188976378
20
5.7216929133858265
11
-4.7793700787401576
21
5.7216929133858265
0
LINE
8
BLACK
6
CONTINUOUS
10
-4.7793700787401576
20
5.7216929133858265
11
-4.7771101181102358
21
5.7212433858267717
0
LINE
8
BLACK
6
CONTINUOUS
10
-4.3761599606299209
20
5.866664409448819
11
-4.3736054724409446
21
5.8649575196850394
0
LINE
8
BLACK
6
CONTINUOUS
10
-4.3736054724409446
20
5.8649575196850394
11
-4.371898582677165
21
5.8624030314960631
0
LINE
8
BLACK
6
CONTINUOUS
10
-4.371898582677165
20
5.8624030314960631
11
-4.3712992125984247
21
5.8593897637795278
0
LINE
8
BLACK
6
CONTINUOUS
10
-4.3712992125984247
20
5.8593897637795278
11
-4.3712992125984247
21
5.8436417322834648
0
LINE
8
BLACK
6
CONTINUOUS
10
-4.3712992125984247
20
5.8436417322834648
11
-4.371898582677165
21
5.8406284645669286
0
LINE
8
BLACK
6
CONTINUOUS
10
-4.371898582677165
20
5.8406284645669286
11
-4.3736054724409446
21
5.8380739763779523
0
LINE
8
BLACK
6
CONTINUOUS
10
-4.3736054724409446
20
5.8380739763779523
11
-4.3761599606299209
21
5.8363670866141728
0
LINE
8
BLACK
6
CONTINUOUS
10
-4.3761599606299209
20
5.8363670866141728
11
-4.3791732283464562
21
5.8357677165354334
0
LINE
8
BLACK
6
CONTINUOUS
10
-4.3791732283464562
20
5.8357677165354334
11
-4.3962219685039372
21
5.8357677165354334
0
LINE
8
BLACK
6
CONTINUOUS
10
-4.3962219685039372
20
5.8357677165354334
11
-4.4150576377952753
21
5.8168127165354333
0
LINE
8
BLACK
6
CONTINUOUS
10
-4.4150576377952753
20
5.8168127165354333
11
-4.4150079133858267
21
5.8004330708661413
0
LINE
8
BLACK
6
CONTINUOUS
10
-4.4150079133858267
20
5.8004330708661413
11
-4.4139370078740159
21
5.8004330708661413
0
LINE
8
BLACK
6
CONTINUOUS
10
-4.4139370078740159
20
5.8004330708661413
11
-4.4139370078740159
21
5.7433464566929135
0
LINE
8
BLACK
6
CONTINUOUS
10
-4.4139370078740159
20
5.7433464566929135
11
-4.4149738582677163
21
5.7433464566929135
0
LINE
8
BLACK
6
CONTINUOUS
10
-4.4149738582677163
20
5.7433464566929135
11
-4.4149212598425196
21
5.7273151181102362
0
LINE
8
BLACK
6
CONTINUOUS
10
-4.4149212598425196
20
5.7273151181102362
11
-4.4150725590551181
21
5.7257789763779527
0
LINE
8
BLACK
6
CONTINUOUS
10
-4.4150725590551181
20
5.7257789763779527
11
-4.4162482677165356
21
5.722940551181102
0
LINE
8
BLACK
6
CONTINUOUS
10
-4.4162482677165356
20
5.722940551181102
11
-4.4176950393700789
21
5.7214086220472442
0
LINE
8
BLACK
6
CONTINUOUS
10
-4.4176950393700789
20
5.7214086220472442
11
-4.4175776377952758
21
5.7048326377952758
0
LINE
8
BLACK
6
CONTINUOUS
10
-4.4175776377952758
20
5.7048326377952758
11
-4.4177289370078743
21
5.7032964960629924
0
LINE
8
BLACK
6
CONTINUOUS
10
-4.4177289370078743
20
5.7032964960629924
11
-4.4189046456692909
21
5.7004580708661416
0
LINE
8
BLACK
6
CONTINUOUS
10
-4.4189046456692909
20
5.7004580708661416
11
-4.4547881102362208
21
5.6644055905511808
0
LINE
8
BLACK
6
CONTINUOUS
10
-4.4547881102362208
20
5.6644055905511808
11
-4.4541512992125982
21
5.660384960629921
0
LINE
8
BLACK
6
CONTINUOUS
10
-4.4541512992125982
20
5.660384960629921
11
-4.4549220472440947
21
5.6555185433070863
0
LINE
8
BLACK
6
CONTINUOUS
10
-4.4549220472440947
20
5.6555185433070863
11
-4.4571588976377949
21
5.6511285039370076
0
LINE
8
BLACK
6
CONTINUOUS
10
-4.4571588976377949
20
5.6511285039370076
11
-4.4606428740157478
21
5.6476445275590548
0
LINE
8
BLACK
6
CONTINUOUS
10
-4.4606428740157478
20
5.6476445275590548
11
-4.4650329133858264
21
5.6454076771653545
0
LINE
8
BLACK
6
CONTINUOUS
10
-4.4650329133858264
20
5.6454076771653545
11
-4.4698993307086612
21
5.6446369291338581
0
LINE
8
BLACK
6
CONTINUOUS
10
-4.4698993307086612
20
5.6446369291338581
11
-4.474765748031496
21
5.6454076771653545
0
LINE
8
BLACK
6
CONTINUOUS
10
-4.474765748031496
20
5.6454076771653545
11
-4.4791557874015746
21
5.6476445275590548
0
LINE
8
BLACK
6
CONTINUOUS
10
-4.4791557874015746
20
5.6476445275590548
11
-4.4826397637795274
21
5.6511285039370076
0
LINE
8
BLACK
6
CONTINUOUS
10
-4.4826397637795274
20
5.6511285039370076
11
-4.4848766141732286
21
5.6555185433070863
0
LINE
8
BLACK
6
CONTINUOUS
10
-4.4848766141732286
20
5.6555185433070863
11
-4.4856473622047242
21
5.660384960629921
0
LINE
8
BLACK
6
CONTINUOUS
10
-4.4856473622047242
20
5.660384960629921
11
-4.4848766141732286
21
5.6652513779527558
0
LINE
8
BLACK
6
CONTINUOUS
10
-4.4848766141732286
20
5.6652513779527558
11
-4.4826397637795274
21
5.6696414173228344
0
LINE
8
BLACK
6
CONTINUOUS
10
-4.4826397637795274
20
5.6696414173228344
11
-4.4791557874015746
21
5.6731253937007873
0
LINE
8
BLACK
6
CONTINUOUS
10
-4.4791557874015746
20
5.6731253937007873
11
-4.474765748031496
21
5.6753622440944884
0
LINE
8
BLACK
6
CONTINUOUS
10
-4.474765748031496
20
5.6753622440944884
11
-4.4698993307086612
21
5.676132992125984
0
LINE
8
BLACK
6
CONTINUOUS
10
-4.4698993307086612
20
5.676132992125984
11
-4.4657761811023624
21
5.6754799212598428
0
LINE
8
BLACK
6
CONTINUOUS
10
-4.4657761811023624
20
5.6754799212598428
11
-4.4332091338582673
21
5.7082003543307085
0
LINE
8
BLACK
6
CONTINUOUS
10
-4.4332091338582673
20
5.7082003543307085
11
-4.4333256692913388
21
5.72465874015748
0
LINE
8
BLACK
6
CONTINUOUS
10
-4.4333256692913388
20
5.72465874015748
11
-4.4331743700787403
21
5.7261948818897634
0
LINE
8
BLACK
6
CONTINUOUS
10
-4.4331743700787403
20
5.7261948818897634
11
-4.4319986614173228
21
5.7290333070866142
0
LINE
8
BLACK
6
CONTINUOUS
10
-4.4319986614173228
20
5.7290333070866142
11
-4.4305337795275586
21
5.7305844094488192
0
LINE
8
BLACK
6
CONTINUOUS
10
-4.4305337795275586
20
5.7305844094488192
11
-4.4305756299212593
21
5.7433464566929135
0
LINE
8
BLACK
6
CONTINUOUS
10
-4.4305756299212593
20
5.7433464566929135
11
-4.4316535433070863
21
5.7433464566929135
0
LINE
8
BLACK
6
CONTINUOUS
10
-4.4316535433070863
20
5.7433464566929135
11
-4.4316535433070863
21
5.8004330708661413
0
LINE
8
BLACK
6
CONTINUOUS
10
-4.4316535433070863
20
5.8004330708661413
11
-4.4306092913385822
21
5.8004330708661413
0
LINE
8
BLACK
6
CONTINUOUS
10
-4.4306092913385822
20
5.8004330708661413
11
-4.4306692913385826
21
5.8201968503937005
0
LINE
8
BLACK
6
CONTINUOUS
10
-4.4306692913385826
20
5.8201968503937005
11
-4.4305179921259841
21
5.8217329921259839
0
LINE
8
BLACK
6
CONTINUOUS
10
-4.4305179921259841
20
5.8217329921259839
11
-4.4293422834645666
21
5.8245714173228347
0
LINE
8
BLACK
6
CONTINUOUS
10
-4.4293422834645666
20
5.8245714173228347
11
-4.4087007874015747
21
5.8453436614173224
0
LINE
8
BLACK
6
CONTINUOUS
10
-4.4087007874015747
20
5.8453436614173224
11
-4.4087007874015747
21
5.8593897637795278
0
LINE
8
BLACK
6
CONTINUOUS
10
-4.4087007874015747
20
5.8593897637795278
11
-4.4081014173228343
21
5.8624030314960631
0
LINE
8
BLACK
6
CONTINUOUS
10
-4.4081014173228343
20
5.8624030314960631
11
-4.4063945275590548
21
5.8649575196850394
0
LINE
8
BLACK
6
CONTINUOUS
10
-4.4063945275590548
20
5.8649575196850394
11
-4.4038400393700785
21
5.866664409448819
0
LINE
8
BLACK
6
CONTINUOUS
10
-4.4038400393700785
20
5.866664409448819
11
-4.4008267716535432
21
5.8672637795275593
0
LINE
8
BLACK
6
CONTINUOUS
10
-4.4008267716535432
20
5.8672637795275593
11
-4.3791732283464562
21
5.8672637795275593
0
LINE
8
BLACK
6
CONTINUOUS
10
-4.3791732283464562
20
5.8672637795275593
11
-4.3761599606299209
21
5.866664409448819
0
LINE
8
BLACK
6
CONTINUOUS
10
-4.1589998818897636
20
5.7212433858267717
11
-4.1570840157480315
21
5.7199632283464563
0
LINE
8
BLACK
6
CONTINUOUS
10
-4.1570840157480315
20
5.7199632283464563
11
-4.1558038582677161
21
5.7180473622047243
0
LINE
8
BLACK
6
CONTINUOUS
10
-4.1558038582677161
20
5.7180473622047243
11
-4.1553543307086613
21
5.7157874015748034
0
LINE
8
BLACK
6
CONTINUOUS
10
-4.1553543307086613
20
5.7157874015748034
11
-4.1553543307086613
21
5.7039763779527561
0
LINE
8
BLACK
6
CONTINUOUS
10
-4.1553543307086613
20
5.7039763779527561
11
-4.1558038582677161
21
5.7017164173228343
0
LINE
8
BLACK
6
CONTINUOUS
10
-4.1558038582677161
20
5.7017164173228343
11
-4.1570840157480315
21
5.6998005511811023
0
LINE
8
BLACK
6
CONTINUOUS
10
-4.1570840157480315
20
5.6998005511811023
11
-4.1589998818897636
21
5.6985203937007869
0
LINE
8
BLACK
6
CONTINUOUS
10
-4.1589998818897636
20
5.6985203937007869
11
-4.1612598425196845
21
5.6980708661417321
0
LINE
8
BLACK
6
CONTINUOUS
10
-4.1612598425196845
20
5.6980708661417321
11
-4.2163779527559058
21
5.6980708661417321
0
LINE
8
BLACK
6
CONTINUOUS
10
-4.2163779527559058
20
5.6980708661417321
11
-4.2186379133858267
21
5.6985203937007869
0
LINE
8
BLACK
6
CONTINUOUS
10
-4.2186379133858267
20
5.6985203937007869
11
-4.2205537795275587
21
5.6998005511811023
0
LINE
8
BLACK
6
CONTINUOUS
10
-4.2205537795275587
20
5.6998005511811023
11
-4.2218339370078741
21
5.7017164173228343
0
LINE
8
BLACK
6
CONTINUOUS
10
-4.2218339370078741
20
5.7017164173228343
11
-4.2218971259842517
21
5.7020338976377953
0
LINE
8
BLACK
6
CONTINUOUS
10
-4.2218971259842517
20
5.7020338976377953
11
-4.2260088976377954
21
5.7020190157480313
0
LINE
8
BLACK
6
CONTINUOUS
10
-4.2260088976377954
20
5.7020190157480313
11
-4.2479159055118112
21
5.6799419291338582
0
LINE
8
BLACK
6
CONTINUOUS
10
-4.2479159055118112
20
5.6799419291338582
11
-4.2478797244094491
21
5.6741571259842516
0
LINE
8
BLACK
6
CONTINUOUS
10
-4.2478797244094491
20
5.6741571259842516
11
-4.2464128346456693
21
5.6734097244094484
0
LINE
8
BLACK
6
CONTINUOUS
10
-4.2464128346456693
20
5.6734097244094484
11
-4.2429288582677165
21
5.6699257480314955
0
LINE
8
BLACK
6
CONTINUOUS
10
-4.2429288582677165
20
5.6699257480314955
11
-4.2406920078740153
21
5.6655357086614169
0
LINE
8
BLACK
6
CONTINUOUS
10
-4.2406920078740153
20
5.6655357086614169
11
-4.2399212598425198
21
5.660669291338583
0
LINE
8
BLACK
6
CONTINUOUS
10
-4.2399212598425198
20
5.660669291338583
11
-4.2406920078740153
21
5.6558028740157482
0
LINE
8
BLACK
6
CONTINUOUS
10
-4.2406920078740153
20
5.6558028740157482
11
-4.2429288582677165
21
5.6514128346456696
0
LINE
8
BLACK
6
CONTINUOUS
10
-4.2429288582677165
20
5.6514128346456696
11
-4.2464128346456693
21
5.6479288582677167
0
LINE
8
BLACK
6
CONTINUOUS
10
-4.2464128346456693
20
5.6479288582677167
11
-4.250802874015748
21
5.6456920078740156
0
LINE
8
BLACK
6
CONTINUOUS
10
-4.250802874015748
20
5.6456920078740156
11
-4.2556692913385827
21
5.6449212598425191
0
LINE
8
BLACK
6
CONTINUOUS
10
-4.2556692913385827
20
5.6449212598425191
11
-4.2605357086614175
21
5.6456920078740156
0
LINE
8
BLACK
6
CONTINUOUS
10
-4.2605357086614175
20
5.6456920078740156
11
-4.2649257480314962
21
5.6479288582677167
0
LINE
8
BLACK
6
CONTINUOUS
10
-4.2649257480314962
20
5.6479288582677167
11
-4.268409724409449
21
5.6514128346456696
0
LINE
8
BLACK
6
CONTINUOUS
10
-4.268409724409449
20
5.6514128346456696
11
-4.2706465748031492
21
5.6558028740157482
0
LINE
8
BLACK
6
CONTINUOUS
10
-4.2706465748031492
20
5.6558028740157482
11
-4.2714173228346457
21
5.660669291338583
0
LINE
8
BLACK
6
CONTINUOUS
10
-4.2714173228346457
20
5.660669291338583
11
-4.2706465748031492
21
5.6655357086614169
0
LINE
8
BLACK
6
CONTINUOUS
10
-4.2706465748031492
20
5.6655357086614169
11
-4.268409724409449
21
5.6699257480314955
0
LINE
8
BLACK
6
CONTINUOUS
10
-4.268409724409449
20
5.6699257480314955
11
-4.2649257480314962
21
5.6734097244094484
0
LINE
8
BLACK
6
CONTINUOUS
10
-4.2649257480314962
20
5.6734097244094484
11
-4.2634859842519681
21
5.6741433070866139
0
LINE
8
BLACK
6
CONTINUOUS
10
-4.2634859842519681
20
5.6741433070866139
11
-4.2635433070866142
21
5.6833070866141728
0
LINE
8
BLACK
6
CONTINUOUS
10
-4.2635433070866142
20
5.6833070866141728
11
-4.2633920078740157
21
5.6848432283464563
0
LINE
8
BLACK
6
CONTINUOUS
10
-4.2633920078740157
20
5.6848432283464563
11
-4.2622162992125983
21
5.687681653543307
0
LINE
8
BLACK
6
CONTINUOUS
10
-4.2622162992125983
20
5.687681653543307
11
-4.2346622440944879
21
5.7154496456692909
0
LINE
8
BLACK
6
CONTINUOUS
10
-4.2346622440944879
20
5.7154496456692909
11
-4.2334690551181104
21
5.7164288976377948
0
LINE
8
BLACK
6
CONTINUOUS
10
-4.2334690551181104
20
5.7164288976377948
11
-4.2306306299212597
21
5.7176046062992123
0
LINE
8
BLACK
6
CONTINUOUS
10
-4.2306306299212597
20
5.7176046062992123
11
-4.2219157480314964
21
5.7176361417322834
0
LINE
8
BLACK
6
CONTINUOUS
10
-4.2219157480314964
20
5.7176361417322834
11
-4.2218339370078741
21
5.7180473622047243
0
LINE
8
BLACK
6
CONTINUOUS
10
-4.2218339370078741
20
5.7180473622047243
11
-4.2205537795275587
21
5.7199632283464563
0
LINE
8
BLACK
6
CONTINUOUS
10
-4.2205537795275587
20
5.7199632283464563
11
-4.2186379133858267
21
5.7212433858267717
0
LINE
8
BLACK
6
CONTINUOUS
10
-4.2186379133858267
20
5.7212433858267717
11
-4.2163779527559058
21
5.7216929133858265
0
LINE
8
BLACK
6
CONTINUOUS
10
-4.2163779527559058
20
5.7216929133858265
11
-4.1612598425196845
21
5.7216929133858265
0
LINE
8
BLACK
6
CONTINUOUS
10
-4.1612598425196845
20
5.7216929133858265
11
-4.1589998818897636
21
5.7212433858267717
0
LINE
8
BLACK
6
CONTINUOUS
10
-4.1268855511811022
20
5.6774102755905513
11
-4.1224955118110236
21
5.6751734251968502
0
LINE
8
BLACK
6
CONTINUOUS
10
-4.1224955118110236
20
5.6751734251968502
11
-4.1190115354330707
21
5.6716894488188974
0
LINE
8
BLACK
6
CONTINUOUS
10
-4.1190115354330707
20
5.6716894488188974
11
-4.1167746850393696
21
5.6672994094488187
0
LINE
8
BLACK
6
CONTINUOUS
10
-4.1167746850393696
20
5.6672994094488187
11
-4.116003937007874
21
5.6624329921259839
0
LINE
8
BLACK
6
CONTINUOUS
10
-4.116003937007874
20
5.6624329921259839
11
-4.1167746850393696
21
5.6575665748031492
0
LINE
8
BLACK
6
CONTINUOUS
10
-4.1167746850393696
20
5.6575665748031492
11
-4.1190115354330707
21
5.6531765354330705
0
LINE
8
BLACK
6
CONTINUOUS
10
-4.1190115354330707
20
5.6531765354330705
11
-4.1224955118110236
21
5.6496925590551177
0
LINE
8
BLACK
6
CONTINUOUS
10
-4.1224955118110236
20
5.6496925590551177
11
-4.1268855511811022
21
5.6474557086614174
0
LINE
8
BLACK
6
CONTINUOUS
10
-4.1268855511811022
20
5.6474557086614174
11
-4.131751968503937
21
5.646684960629921
0
LINE
8
BLACK
6
CONTINUOUS
10
-4.131751968503937
20
5.646684960629921
11
-4.1366183858267718
21
5.6474557086614174
0
LINE
8
BLACK
6
CONTINUOUS
10
-4.1366183858267718
20
5.6474557086614174
11
-4.1410084251968504
21
5.6496925590551177
0
LINE
8
BLACK
6
CONTINUOUS
10
-4.1410084251968504
20
5.6496925590551177
11
-4.1442298425196853
21
5.6529139370078738
0
LINE
8
BLACK
6
CONTINUOUS
10
-4.1442298425196853
20
5.6529139370078738
11
-4.1557283858267713
21
5.6528833464566928
0
LINE
8
BLACK
6
CONTINUOUS
10
-4.1557283858267713
20
5.6528833464566928
11
-4.1558038582677161
21
5.652503818897638
0
LINE
8
BLACK
6
CONTINUOUS
10
-4.1558038582677161
20
5.652503818897638
11
-4.1570840157480315
21
5.6505879527559051
0
LINE
8
BLACK
6
CONTINUOUS
10
-4.1570840157480315
20
5.6505879527559051
11
-4.1589998818897636
21
5.6493077952755906
0
LINE
8
BLACK
6
CONTINUOUS
10
-4.1589998818897636
20
5.6493077952755906
11
-4.1612598425196845
21
5.6488582677165349
0
LINE
8
BLACK
6
CONTINUOUS
10
-4.1612598425196845
20
5.6488582677165349
11
-4.2163779527559058
21
5.6488582677165349
0
LINE
8
BLACK
6
CONTINUOUS
10
-4.2163779527559058
20
5.6488582677165349
11
-4.2186379133858267
21
5.6493077952755906
0
LINE
8
BLACK
6
CONTINUOUS
10
-4.2186379133858267
20
5.6493077952755906
11
-4.2205537795275587
21
5.6505879527559051
0
LINE
8
BLACK
6
CONTINUOUS
10
-4.2205537795275587
20
5.6505879527559051
11
-4.2218339370078741
21
5.652503818897638
0
LINE
8
BLACK
6
CONTINUOUS
10
-4.2218339370078741
20
5.652503818897638
11
-4.2222834645669289
21
5.6547637795275589
0
LINE
8
BLACK
6
CONTINUOUS
10
-4.2222834645669289
20
5.6547637795275589
11
-4.2222834645669289
21
5.6665748031496062
0
LINE
8
BLACK
6
CONTINUOUS
10
-4.2222834645669289
20
5.6665748031496062
11
-4.2218339370078741
21
5.6688347637795271
0
LINE
8
BLACK
6
CONTINUOUS
10
-4.2218339370078741
20
5.6688347637795271
11
-4.2205537795275587
21
5.67075062992126
0
LINE
8
BLACK
6
CONTINUOUS
10
-4.2205537795275587
20
5.67075062992126
11
-4.2186379133858267
21
5.6720307874015745
0
LINE
8
BLACK
6
CONTINUOUS
10
-4.2186379133858267
20
5.6720307874015745
11
-4.2163779527559058
21
5.6724803149606302
0
LINE
8
BLACK
6
CONTINUOUS
10
-4.2163779527559058
20
5.6724803149606302
11
-4.1612598425196845
21
5.6724803149606302
0
LINE
8
BLACK
6
CONTINUOUS
10
-4.1612598425196845
20
5.6724803149606302
11
-4.1589998818897636
21
5.6720307874015745
0
LINE
8
BLACK
6
CONTINUOUS
10
-4.1589998818897636
20
5.6720307874015745
11
-4.1570840157480315
21
5.67075062992126
0
LINE
8
BLACK
6
CONTINUOUS
10
-4.1570840157480315
20
5.67075062992126
11
-4.1558038582677161
21
5.6688347637795271
0
LINE
8
BLACK
6
CONTINUOUS
10
-4.1558038582677161
20
5.6688347637795271
11
-4.1557341338582674
21
5.6684841338582679
0
LINE
8
BLACK
6
CONTINUOUS
10
-4.1557341338582674
20
5.6684841338582679
11
-4.1461125590551182
21
5.6685097637795279
0
LINE
8
BLACK
6
CONTINUOUS
10
-4.1461125590551182
20
5.6685097637795279
11
-4.1444924015748033
21
5.6716894488188974
0
LINE
8
BLACK
6
CONTINUOUS
10
-4.1444924015748033
20
5.6716894488188974
11
-4.1410084251968504
21
5.6751734251968502
0
LINE
8
BLACK
6
CONTINUOUS
10
-4.1410084251968504
20
5.6751734251968502
11
-4.1366183858267718
21
5.6774102755905513
0
LINE
8
BLACK
6
CONTINUOUS
10
-4.1366183858267718
20
5.6774102755905513
11
-4.131751968503937
21
5.6781810236220469
0
LINE
8
BLACK
6
CONTINUOUS
10
-4.131751968503937
20
5.6781810236220469
11
-4.1268855511811022
21
5.6774102755905513
0
LINE
8
BLACK
6
CONTINUOUS
10
-4.5013196062992122
20
5.7866308267716535
11
-4.4969295669291336
21
5.7843939763779524
0
LINE
8
BLACK
6
CONTINUOUS
10
-4.4969295669291336
20
5.7843939763779524
11
-4.4934455905511808
21
5.7809099999999995
0
LINE
8
BLACK
6
CONTINUOUS
10
-4.4934455905511808
20
5.7809099999999995
11
-4.4912087401574805
21
5.7765199606299209
0
LINE
8
BLACK
6
CONTINUOUS
10
-4.4912087401574805
20
5.7765199606299209
11
-4.490437992125984
21
5.7716535433070861
0
LINE
8
BLACK
6
CONTINUOUS
10
-4.490437992125984
20
5.7716535433070861
11
-4.4912087401574805
21
5.7667871259842522
0
LINE
8
BLACK
6
CONTINUOUS
10
-4.4912087401574805
20
5.7667871259842522
11
-4.4934455905511808
21
5.7623970866141727
0
LINE
8
BLACK
6
CONTINUOUS
10
-4.4934455905511808
20
5.7623970866141727
11
-4.4969295669291336
21
5.7589131102362208
0
LINE
8
BLACK
6
CONTINUOUS
10
-4.4969295669291336
20
5.7589131102362208
11
-4.5013196062992122
21
5.7566762598425196
0
LINE
8
BLACK
6
CONTINUOUS
10
-4.5013196062992122
20
5.7566762598425196
11
-4.506186023622047
21
5.7559055118110232
0
LINE
8
BLACK
6
CONTINUOUS
10
-4.506186023622047
20
5.7559055118110232
11
-4.5104353149606302
21
5.7565785039370079
0
LINE
8
BLACK
6
CONTINUOUS
10
-4.5104353149606302
20
5.7565785039370079
11
-4.5265045669291339
21
5.7404221259842521
0
LINE
8
BLACK
6
CONTINUOUS
10
-4.5265045669291339
20
5.7404221259842521
11
-4.5262992125984249
21
5.7393897637795277
0
LINE
8
BLACK
6
CONTINUOUS
10
-4.5262992125984249
20
5.7393897637795277
11
-4.5262992125984249
21
5.7236417322834647
0
LINE
8
BLACK
6
CONTINUOUS
10
-4.5262992125984249
20
5.7236417322834647
11
-4.5268985826771653
21
5.7206284645669294
0
LINE
8
BLACK
6
CONTINUOUS
10
-4.5268985826771653
20
5.7206284645669294
11
-4.5286054724409448
21
5.7180739763779522
0
LINE
8
BLACK
6
CONTINUOUS
10
-4.5286054724409448
20
5.7180739763779522
11
-4.5311599606299211
21
5.7163670866141727
0
LINE
8
BLACK
6
CONTINUOUS
10
-4.5311599606299211
20
5.7163670866141727
11
-4.5341732283464564
21
5.7157677165354333
0
LINE
8
BLACK
6
CONTINUOUS
10
-4.5341732283464564
20
5.7157677165354333
11
-4.5449254724409451
21
5.7157677165354333
0
LINE
8
BLACK
6
CONTINUOUS
10
-4.5449254724409451
20
5.7157677165354333
11
-4.5741566535433069
21
5.686361377952756
0
LINE
8
BLACK
6
CONTINUOUS
10
-4.5741566535433069
20
5.686361377952756
11
-4.5753498425196852
21
5.6853821259842521
0
LINE
8
BLACK
6
CONTINUOUS
10
-4.5753498425196852
20
5.6853821259842521
11
-4.5781882677165351
21
5.6842064173228346
0
LINE
8
BLACK
6
CONTINUOUS
10
-4.5781882677165351
20
5.6842064173228346
11
-4.605787401574803
21
5.6840870866141735
0
LINE
8
BLACK
6
CONTINUOUS
10
-4.605787401574803
20
5.6840870866141735
11
-4.605787401574803
21
5.6546062992125981
0
LINE
8
BLACK
6
CONTINUOUS
10
-4.605787401574803
20
5.6546062992125981
11
-4.6062369291338578
21
5.6523463385826771
0
LINE
8
BLACK
6
CONTINUOUS
10
-4.6062369291338578
20
5.6523463385826771
11
-4.6075170866141733
21
5.6504304724409451
0
LINE
8
BLACK
6
CONTINUOUS
10
-4.6075170866141733
20
5.6504304724409451
11
-4.6094329527559053
21
5.6491503149606297
0
LINE
8
BLACK
6
CONTINUOUS
10
-4.6094329527559053
20
5.6491503149606297
11
-4.6116929133858271
21
5.6487007874015749
0
LINE
8
BLACK
6
CONTINUOUS
10
-4.6116929133858271
20
5.6487007874015749
11
-4.6235039370078743
21
5.6487007874015749
0
LINE
8
BLACK
6
CONTINUOUS
10
-4.6235039370078743
20
5.6487007874015749
11
-4.6257638976377953
21
5.6491503149606297
0
LINE
8
BLACK
6
CONTINUOUS
10
-4.6257638976377953
20
5.6491503149606297
11
-4.6276797637795273
21
5.6504304724409451
0
LINE
8
BLACK
6
CONTINUOUS
10
-4.6276797637795273
20
5.6504304724409451
11
-4.6289599212598427
21
5.6523463385826771
0
LINE
8
BLACK
6
CONTINUOUS
10
-4.6289599212598427
20
5.6523463385826771
11
-4.6294094488188975
21
5.6546062992125981
0
LINE
8
BLACK
6
CONTINUOUS
10
-4.6294094488188975
20
5.6546062992125981
11
-4.6294094488188975
21
5.6949606299212601
0
LINE
8
BLACK
6
CONTINUOUS
10
-4.6294094488188975
20
5.6949606299212601
11
-4.6289599212598427
21
5.697220590551181
0
LINE
8
BLACK
6
CONTINUOUS
10
-4.6289599212598427
20
5.697220590551181
11
-4.6276797637795273
21
5.699136456692913
0
LINE
8
BLACK
6
CONTINUOUS
10
-4.6276797637795273
20
5.699136456692913
11
-4.6257638976377953
21
5.7004166141732284
0
LINE
8
BLACK
6
CONTINUOUS
10
-4.6257638976377953
20
5.7004166141732284
11
-4.6235039370078743
21
5.7008661417322832
0
LINE
8
BLACK
6
CONTINUOUS
10
-4.6235039370078743
20
5.7008661417322832
11
-4.6116929133858271
21
5.7008661417322832
0
LINE
8
BLACK
6
CONTINUOUS
10
-4.6116929133858271
20
5.7008661417322832
11
-4.6094329527559053
21
5.7004166141732284
0
LINE
8
BLACK
6
CONTINUOUS
10
-4.6094329527559053
20
5.7004166141732284
11
-4.6083298031496058
21
5.6996794881889761
0
LINE
8
BLACK
6
CONTINUOUS
10
-4.6083298031496058
20
5.6996794881889761
11
-4.5828060629921259
21
5.6997898031496064
0
LINE
8
BLACK
6
CONTINUOUS
10
-4.5828060629921259
20
5.6997898031496064
11
-4.5626955118110235
21
5.7200209055118112
0
LINE
8
BLACK
6
CONTINUOUS
10
-4.5626955118110235
20
5.7200209055118112
11
-4.5631014173228346
21
5.7206284645669294
0
LINE
8
BLACK
6
CONTINUOUS
10
-4.5631014173228346
20
5.7206284645669294
11
-4.5637007874015749
21
5.7236417322834647
0
LINE
8
BLACK
6
CONTINUOUS
10
-4.5637007874015749
20
5.7236417322834647
11
-4.5637007874015749
21
5.7393897637795277
0
LINE
8
BLACK
6
CONTINUOUS
10
-4.5637007874015749
20
5.7393897637795277
11
-4.5631014173228346
21
5.742403031496063
0
LINE
8
BLACK
6
CONTINUOUS
10
-4.5631014173228346
20
5.742403031496063
11
-4.5613945275590551
21
5.7449575196850393
0
LINE
8
BLACK
6
CONTINUOUS
10
-4.5613945275590551
20
5.7449575196850393
11
-4.5588400393700788
21
5.7466644094488188
0
LINE
8
BLACK
6
CONTINUOUS
10
-4.5588400393700788
20
5.7466644094488188
11
-4.5558267716535434
21
5.7472637795275592
0
LINE
8
BLACK
6
CONTINUOUS
10
-4.5558267716535434
20
5.7472637795275592
11
-4.541703307086614
21
5.7472637795275592
0
LINE
8
BLACK
6
CONTINUOUS
10
-4.541703307086614
20
5.7472637795275592
11
-4.5213174409448822
21
5.7677601968503938
0
LINE
8
BLACK
6
CONTINUOUS
10
-4.5213174409448822
20
5.7677601968503938
11
-4.52193405511811
21
5.7716535433070861
0
LINE
8
BLACK
6
CONTINUOUS
10
-4.52193405511811
20
5.7716535433070861
11
-4.5211633070866144
21
5.7765199606299209
0
LINE
8
BLACK
6
CONTINUOUS
10
-4.5211633070866144
20
5.7765199606299209
11
-4.5189264566929133
21
5.7809099999999995
0
LINE
8
BLACK
6
CONTINUOUS
10
-4.5189264566929133
20
5.7809099999999995
11
-4.5154424803149604
21
5.7843939763779524
0
LINE
8
BLACK
6
CONTINUOUS
10
-4.5154424803149604
20
5.7843939763779524
11
-4.5110524409448818
21
5.7866308267716535
0
LINE
8
BLACK
6
CONTINUOUS
10
-4.5110524409448818
20
5.7866308267716535
11
-4.506186023622047
21
5.7874015748031491
0
LINE
8
BLACK
6
CONTINUOUS
10
-4.506186023622047
20
5.7874015748031491
11
-4.5013196062992122
21
5.7866308267716535
0
LINE
8
BLACK
6
CONTINUOUS
10
-4.7350154724409448
20
5.7248591732283467
11
-4.7306254330708661
21
5.7226223228346456
0
LINE
8
BLACK
6
CONTINUOUS
10
-4.7306254330708661
20
5.7226223228346456
11
-4.7271414566929133
21
5.7191383464566927
0
LINE
8
BLACK
6
CONTINUOUS
10
-4.7271414566929133
20
5.7191383464566927
11
-4.7249046062992122
21
5.7147483070866141
0
LINE
8
BLACK
6
CONTINUOUS
10
-4.7249046062992122
20
5.7147483070866141
11
-4.7241338582677166
21
5.7098818897637793
0
LINE
8
BLACK
6
CONTINUOUS
10
-4.7241338582677166
20
5.7098818897637793
11
-4.7249046062992122
21
5.7050154724409445
0
LINE
8
BLACK
6
CONTINUOUS
10
-4.7249046062992122
20
5.7050154724409445
11
-4.7271414566929133
21
5.7006254330708659
0
LINE
8
BLACK
6
CONTINUOUS
10
-4.7271414566929133
20
5.7006254330708659
11
-4.7306254330708661
21
5.6971414566929131
0
LINE
8
BLACK
6
CONTINUOUS
10
-4.7306254330708661
20
5.6971414566929131
11
-4.7321041338582672
21
5.6963879921259837
0
LINE
8
BLACK
6
CONTINUOUS
10
-4.7321041338582672
20
5.6963879921259837
11
-4.7320078740157481
21
5.6701181102362206
0
LINE
8
BLACK
6
CONTINUOUS
10
-4.7320078740157481
20
5.6701181102362206
11
-4.7321591732283466
21
5.6685819685039371
0
LINE
8
BLACK
6
CONTINUOUS
10
-4.7321591732283466
20
5.6685819685039371
11
-4.733334881889764
21
5.6657435433070864
0
LINE
8
BLACK
6
CONTINUOUS
10
-4.733334881889764
20
5.6657435433070864
11
-4.7437629527559055
21
5.6551015354330705
0
LINE
8
BLACK
6
CONTINUOUS
10
-4.7437629527559055
20
5.6551015354330705
11
-4.744956141732283
21
5.6541222834645666
0
LINE
8
BLACK
6
CONTINUOUS
10
-4.744956141732283
20
5.6541222834645666
11
-4.7477945669291337
21
5.6529465748031491
0
LINE
8
BLACK
6
CONTINUOUS
10
-4.7477945669291337
20
5.6529465748031491
11
-4.7738392913385823
21
5.6528799212598422
0
LINE
8
BLACK
6
CONTINUOUS
10
-4.7738392913385823
20
5.6528799212598422
11
-4.7739140944881893
21
5.652503818897638
0
LINE
8
BLACK
6
CONTINUOUS
10
-4.7739140944881893
20
5.652503818897638
11
-4.7751942519685038
21
5.6505879527559051
0
LINE
8
BLACK
6
CONTINUOUS
10
-4.7751942519685038
20
5.6505879527559051
11
-4.7771101181102358
21
5.6493077952755906
0
LINE
8
BLACK
6
CONTINUOUS
10
-4.7771101181102358
20
5.6493077952755906
11
-4.7793700787401576
21
5.6488582677165349
0
LINE
8
BLACK
6
CONTINUOUS
10
-4.7793700787401576
20
5.6488582677165349
11
-4.834488188976378
21
5.6488582677165349
0
LINE
8
BLACK
6
CONTINUOUS
10
-4.834488188976378
20
5.6488582677165349
11
-4.836748149606299
21
5.6493077952755906
0
LINE
8
BLACK
6
CONTINUOUS
10
-4.836748149606299
20
5.6493077952755906
11
-4.838664015748031
21
5.6505879527559051
0
LINE
8
BLACK
6
CONTINUOUS
10
-4.838664015748031
20
5.6505879527559051
11
-4.8399441732283464
21
5.652503818897638
0
LINE
8
BLACK
6
CONTINUOUS
10
-4.8399441732283464
20
5.652503818897638
11
-4.8403937007874012
21
5.6547637795275589
0
LINE
8
BLACK
6
CONTINUOUS
10
-4.8403937007874012
20
5.6547637795275589
11
-4.8403937007874012
21
5.6665748031496062
0
LINE
8
BLACK
6
CONTINUOUS
10
-4.8403937007874012
20
5.6665748031496062
11
-4.8399441732283464
21
5.6688347637795271
0
LINE
8
BLACK
6
CONTINUOUS
10
-4.8399441732283464
20
5.6688347637795271
11
-4.838664015748031
21
5.67075062992126
0
LINE
8
BLACK
6
CONTINUOUS
10
-4.838664015748031
20
5.67075062992126
11
-4.836748149606299
21
5.6720307874015745
0
LINE
8
BLACK
6
CONTINUOUS
10
-4.836748149606299
20
5.6720307874015745
11
-4.834488188976378
21
5.6724803149606302
0
LINE
8
BLACK
6
CONTINUOUS
10
-4.834488188976378
20
5.6724803149606302
11
-4.7793700787401576
21
5.6724803149606302
0
LINE
8
BLACK
6
CONTINUOUS
10
-4.7793700787401576
20
5.6724803149606302
11
-4.7771101181102358
21
5.6720307874015745
0
LINE
8
BLACK
6
CONTINUOUS
10
-4.7771101181102358
20
5.6720307874015745
11
-4.7751942519685038
21
5.67075062992126
0
LINE
8
BLACK
6
CONTINUOUS
10
-4.7751942519685038
20
5.67075062992126
11
-4.7739140944881893
21
5.6688347637795271
0
LINE
8
BLACK
6
CONTINUOUS
10
-4.7739140944881893
20
5.6688347637795271
11
-4.773843661417323
21
5.6684805511811023
0
LINE
8
BLACK
6
CONTINUOUS
10
-4.773843661417323
20
5.6684805511811023
11
-4.752456496062992
21
5.6685352755905507
0
LINE
8
BLACK
6
CONTINUOUS
10
-4.752456496062992
20
5.6685352755905507
11
-4.7476225196850397
21
5.6734684251968499
0
LINE
8
BLACK
6
CONTINUOUS
10
-4.7476225196850397
20
5.6734684251968499
11
-4.7477065748031491
21
5.6964118897637794
0
LINE
8
BLACK
6
CONTINUOUS
10
-4.7477065748031491
20
5.6964118897637794
11
-4.749138346456693
21
5.6971414566929131
0
LINE
8
BLACK
6
CONTINUOUS
10
-4.749138346456693
20
5.6971414566929131
11
-4.7526223228346458
21
5.7006254330708659
0
LINE
8
BLACK
6
CONTINUOUS
10
-4.7526223228346458
20
5.7006254330708659
11
-4.7548591732283461
21
5.7050154724409445
0
LINE
8
BLACK
6
CONTINUOUS
10
-4.7548591732283461
20
5.7050154724409445
11
-4.7556299212598425
21
5.7098818897637793
0
LINE
8
BLACK
6
CONTINUOUS
10
-4.7556299212598425
20
5.7098818897637793
11
-4.7548591732283461
21
5.7147483070866141
0
LINE
8
BLACK
6
CONTINUOUS
10
-4.7548591732283461
20
5.7147483070866141
11
-4.7526223228346458
21
5.7191383464566927
0
LINE
8
BLACK
6
CONTINUOUS
10
-4.7526223228346458
20
5.7191383464566927
11
-4.749138346456693
21
5.7226223228346456
0
LINE
8
BLACK
6
CONTINUOUS
10
-4.749138346456693
20
5.7226223228346456
11
-4.7447483070866143
21
5.7248591732283467
0
LINE
8
BLACK
6
CONTINUOUS
10
-4.7447483070866143
20
5.7248591732283467
11
-4.7398818897637796
21
5.7256299212598423
0
LINE
8
BLACK
6
CONTINUOUS
10
-4.7398818897637796
20
5.7256299212598423
11
-4.7350154724409448
21
5.7248591732283467
0
LINE
8
BLACK
6
CONTINUOUS
10
-4.2961599606299208
20
5.866664409448819
11
-4.2936054724409445
21
5.8649575196850394
0
LINE
8
BLACK
6
CONTINUOUS
10
-4.2936054724409445
20
5.8649575196850394
11
-4.291898582677165
21
5.8624030314960631
0
LINE
8
BLACK
6
CONTINUOUS
10
-4.291898582677165
20
5.8624030314960631
11
-4.2912992125984255
21
5.8593897637795278
0
LINE
8
BLACK
6
CONTINUOUS
10
-4.2912992125984255
20
5.8593897637795278
11
-4.2912992125984255
21
5.8436417322834648
0
LINE
8
BLACK
6
CONTINUOUS
10
-4.2912992125984255
20
5.8436417322834648
11
-4.291898582677165
21
5.8406284645669286
0
LINE
8
BLACK
6
CONTINUOUS
10
-4.291898582677165
20
5.8406284645669286
11
-4.2936054724409445
21
5.8380739763779523
0
LINE
8
BLACK
6
CONTINUOUS
10
-4.2936054724409445
20
5.8380739763779523
11
-4.2961599606299208
21
5.8363670866141728
0
LINE
8
BLACK
6
CONTINUOUS
10
-4.2961599606299208
20
5.8363670866141728
11
-4.299173228346457
21
5.8357677165354334
0
LINE
8
BLACK
6
CONTINUOUS
10
-4.299173228346457
20
5.8357677165354334
11
-4.3208267716535431
21
5.8357677165354334
0
LINE
8
BLACK
6
CONTINUOUS
10
-4.3208267716535431
20
5.8357677165354334
11
-4.3238400393700784
21
5.8363670866141728
0
LINE
8
BLACK
6
CONTINUOUS
10
-4.3238400393700784
20
5.8363670866141728
11
-4.3263945275590547
21
5.8380739763779523
0
LINE
8
BLACK
6
CONTINUOUS
10
-4.3263945275590547
20
5.8380739763779523
11
-4.3281014173228343
21
5.8406284645669286
0
LINE
8
BLACK
6
CONTINUOUS
10
-4.3281014173228343
20
5.8406284645669286
11
-4.3287007874015746
21
5.8436417322834648
0
LINE
8
BLACK
6
CONTINUOUS
10
-4.3287007874015746
20
5.8436417322834648
11
-4.3287007874015746
21
5.8451605511811024
0
LINE
8
BLACK
6
CONTINUOUS
10
-4.3287007874015746
20
5.8451605511811024
11
-4.3335110629921259
21
5.8451346850393699
0
LINE
8
BLACK
6
CONTINUOUS
10
-4.3335110629921259
20
5.8451346850393699
11
-4.3639827952755903
21
5.8144708267716538
0
LINE
8
BLACK
6
CONTINUOUS
10
-4.3639827952755903
20
5.8144708267716538
11
-4.3651759842519686
21
5.813491574803149
0
LINE
8
BLACK
6
CONTINUOUS
10
-4.3651759842519686
20
5.813491574803149
11
-4.3680144094488185
21
5.8123158661417325
0
LINE
8
BLACK
6
CONTINUOUS
10
-4.3680144094488185
20
5.8123158661417325
11
-4.3818306692913387
21
5.8121924803149607
0
LINE
8
BLACK
6
CONTINUOUS
10
-4.3818306692913387
20
5.8121924803149607
11
-4.3894622440944877
21
5.8044374409448816
0
LINE
8
BLACK
6
CONTINUOUS
10
-4.3894622440944877
20
5.8044374409448816
11
-4.3894460629921257
21
5.8004330708661413
0
LINE
8
BLACK
6
CONTINUOUS
10
-4.3894460629921257
20
5.8004330708661413
11
-4.3883464566929131
21
5.8004330708661413
0
LINE
8
BLACK
6
CONTINUOUS
10
-4.3883464566929131
20
5.8004330708661413
11
-4.3883464566929131
21
5.7433464566929135
0
LINE
8
BLACK
6
CONTINUOUS
10
-4.3883464566929131
20
5.7433464566929135
11
-4.3894069685039367
21
5.7433464566929135
0
LINE
8
BLACK
6
CONTINUOUS
10
-4.3894069685039367
20
5.7433464566929135
11
-4.3893601181102362
21
5.7245669685039369
0
LINE
8
BLACK
6
CONTINUOUS
10
-4.3893601181102362
20
5.7245669685039369
11
-4.3891084251968504
21
5.7245271259842516
0
LINE
8
BLACK
6
CONTINUOUS
10
-4.3891084251968504
20
5.7245271259842516
11
-4.3847183858267718
21
5.7222902755905514
0
LINE
8
BLACK
6
CONTINUOUS
10
-4.3847183858267718
20
5.7222902755905514
11
-4.3812344094488189
21
5.7188062992125985
0
LINE
8
BLACK
6
CONTINUOUS
10
-4.3812344094488189
20
5.7188062992125985
11
-4.3789975590551178
21
5.7144162598425199
0
LINE
8
BLACK
6
CONTINUOUS
10
-4.3789975590551178
20
5.7144162598425199
11
-4.3782268110236222
21
5.7095498425196851
0
LINE
8
BLACK
6
CONTINUOUS
10
-4.3782268110236222
20
5.7095498425196851
11
-4.3789975590551178
21
5.7046834251968503
0
LINE
8
BLACK
6
CONTINUOUS
10
-4.3789975590551178
20
5.7046834251968503
11
-4.3812344094488189
21
5.7002933858267717
0
LINE
8
BLACK
6
CONTINUOUS
10
-4.3812344094488189
20
5.7002933858267717
11
-4.3847183858267718
21
5.6968094094488189
0
LINE
8
BLACK
6
CONTINUOUS
10
-4.3847183858267718
20
5.6968094094488189
11
-4.3891084251968504
21
5.6945725590551177
0
LINE
8
BLACK
6
CONTINUOUS
10
-4.3891084251968504
20
5.6945725590551177
11
-4.3939748425196852
21
5.6938018110236222
0
LINE
8
BLACK
6
CONTINUOUS
10
-4.3939748425196852
20
5.6938018110236222
11
-4.3988412598425199
21
5.6945725590551177
0
LINE
8
BLACK
6
CONTINUOUS
10
-4.3988412598425199
20
5.6945725590551177
11
-4.4032312992125986
21
5.6968094094488189
0
LINE
8
BLACK
6
CONTINUOUS
10
-4.4032312992125986
20
5.6968094094488189
11
-4.4067152755905514
21
5.7002933858267717
0
LINE
8
BLACK
6
CONTINUOUS
10
-4.4067152755905514
20
5.7002933858267717
11
-4.4089521259842517
21
5.7046834251968503
0
LINE
8
BLACK
6
CONTINUOUS
10
-4.4089521259842517
20
5.7046834251968503
11
-4.4097228740157481
21
5.7095498425196851
0
LINE
8
BLACK
6
CONTINUOUS
10
-4.4097228740157481
20
5.7095498425196851
11
-4.4089521259842517
21
5.7144162598425199
0
LINE
8
BLACK
6
CONTINUOUS
10
-4.4089521259842517
20
5.7144162598425199
11
-4.4067152755905514
21
5.7188062992125985
0
LINE
8
BLACK
6
CONTINUOUS
10
-4.4067152755905514
20
5.7188062992125985
11
-4.4049507480314958
21
5.7205708267716533
0
LINE
8
BLACK
6
CONTINUOUS
10
-4.4049507480314958
20
5.7205708267716533
11
-4.4050075196850393
21
5.7433464566929135
0
LINE
8
BLACK
6
CONTINUOUS
10
-4.4050075196850393
20
5.7433464566929135
11
-4.4060629921259844
21
5.7433464566929135
0
LINE
8
BLACK
6
CONTINUOUS
10
-4.4060629921259844
20
5.7433464566929135
11
-4.4060629921259844
21
5.8004330708661413
0
LINE
8
BLACK
6
CONTINUOUS
10
-4.4060629921259844
20
5.8004330708661413
11
-4.4050489763779526
21
5.8004330708661413
0
LINE
8
BLACK
6
CONTINUOUS
10
-4.4050489763779526
20
5.8004330708661413
11
-4.4050787401574798
21
5.8077952755905509
0
LINE
8
BLACK
6
CONTINUOUS
10
-4.4050787401574798
20
5.8077952755905509
11
-4.4049274409448822
21
5.8093314173228343
0
LINE
8
BLACK
6
CONTINUOUS
10
-4.4049274409448822
20
5.8093314173228343
11
-4.4037517322834647
21
5.812169842519685
0
LINE
8
BLACK
6
CONTINUOUS
10
-4.4037517322834647
20
5.812169842519685
11
-4.3905291732283462
21
5.8256063385826771
0
LINE
8
BLACK
6
CONTINUOUS
10
-4.3905291732283462
20
5.8256063385826771
11
-4.3893359842519688
21
5.826585590551181
0
LINE
8
BLACK
6
CONTINUOUS
10
-4.3893359842519688
20
5.826585590551181
11
-4.3864975590551181
21
5.8277612992125984
0
LINE
8
BLACK
6
CONTINUOUS
10
-4.3864975590551181
20
5.8277612992125984
11
-4.3726475196850396
21
5.8278849212598427
0
LINE
8
BLACK
6
CONTINUOUS
10
-4.3726475196850396
20
5.8278849212598427
11
-4.3421647637795271
21
5.8585598818897635
0
LINE
8
BLACK
6
CONTINUOUS
10
-4.3421647637795271
20
5.8585598818897635
11
-4.3409715748031497
21
5.8595391338582674
0
LINE
8
BLACK
6
CONTINUOUS
10
-4.3409715748031497
20
5.8595391338582674
11
-4.3381331496062989
21
5.8607148425196849
0
LINE
8
BLACK
6
CONTINUOUS
10
-4.3381331496062989
20
5.8607148425196849
11
-4.3284268503937007
21
5.8607670078740153
0
LINE
8
BLACK
6
CONTINUOUS
10
-4.3284268503937007
20
5.8607670078740153
11
-4.3281014173228343
21
5.8624030314960631
0
LINE
8
BLACK
6
CONTINUOUS
10
-4.3281014173228343
20
5.8624030314960631
11
-4.3263945275590547
21
5.8649575196850394
0
LINE
8
BLACK
6
CONTINUOUS
10
-4.3263945275590547
20
5.8649575196850394
11
-4.3238400393700784
21
5.866664409448819
0
LINE
8
BLACK
6
CONTINUOUS
10
-4.3238400393700784
20
5.866664409448819
11
-4.3208267716535431
21
5.8672637795275593
0
LINE
8
BLACK
6
CONTINUOUS
10
-4.3208267716535431
20
5.8672637795275593
11
-4.299173228346457
21
5.8672637795275593
0
LINE
8
BLACK
6
CONTINUOUS
10
-4.299173228346457
20
5.8672637795275593
11
-4.2961599606299208
21
5.866664409448819
0
LINE
8
BLACK
6
CONTINUOUS
10
-4.7301335826771655
20
5.7749772834645672
11
-4.7257435433070869
21
5.772740433070866
0
LINE
8
BLACK
6
CONTINUOUS
10
-4.7257435433070869
20
5.772740433070866
11
-4.7222595669291341
21
5.7692564566929132
0
LINE
8
BLACK
6
CONTINUOUS
10
-4.7222595669291341
20
5.7692564566929132
11
-4.7214496062992124
21
5.767666771653543
0
LINE
8
BLACK
6
CONTINUOUS
10
-4.7214496062992124
20
5.767666771653543
11
-4.7137795275590548
21
5.7676986220472442
0
LINE
8
BLACK
6
CONTINUOUS
10
-4.7137795275590548
20
5.7676986220472442
11
-4.7137795275590548
21
5.7716929133858264
0
LINE
8
BLACK
6
CONTINUOUS
10
-4.7137795275590548
20
5.7716929133858264
11
-4.6862204724409446
21
5.7716929133858264
0
LINE
8
BLACK
6
CONTINUOUS
10
-4.6862204724409446
20
5.7716929133858264
11
-4.6862204724409446
21
5.7676393700787401
0
LINE
8
BLACK
6
CONTINUOUS
10
-4.6862204724409446
20
5.7676393700787401
11
-4.6348818897637791
21
5.7677559055118106
0
LINE
8
BLACK
6
CONTINUOUS
10
-4.6348818897637791
20
5.7677559055118106
11
-4.6333457480314957
21
5.7676046062992121
0
LINE
8
BLACK
6
CONTINUOUS
10
-4.6333457480314957
20
5.7676046062992121
11
-4.6305073228346458
21
5.7664288976377955
0
LINE
8
BLACK
6
CONTINUOUS
10
-4.6305073228346458
20
5.7664288976377955
11
-4.6237937401574802
21
5.7597834645669286
0
LINE
8
BLACK
6
CONTINUOUS
10
-4.6237937401574802
20
5.7597834645669286
11
-4.5962992125984252
21
5.7597834645669286
0
LINE
8
BLACK
6
CONTINUOUS
10
-4.5962992125984252
20
5.7597834645669286
11
-4.5925326377952755
21
5.7590342519685036
0
LINE
8
BLACK
6
CONTINUOUS
10
-4.5925326377952755
20
5.7590342519685036
11
-4.5893394881889762
21
5.7569006692913387
0
LINE
8
BLACK
6
CONTINUOUS
10
-4.5893394881889762
20
5.7569006692913387
11
-4.5872059055118113
21
5.7537075196850394
0
LINE
8
BLACK
6
CONTINUOUS
10
-4.5872059055118113
20
5.7537075196850394
11
-4.5864566929133854
21
5.7499409448818897
0
LINE
8
BLACK
6
CONTINUOUS
10
-4.5864566929133854
20
5.7499409448818897
11
-4.5864566929133854
21
5.730255905511811
0
LINE
8
BLACK
6
CONTINUOUS
10
-4.5864566929133854
20
5.730255905511811
11
-4.5872059055118113
21
5.7264893307086613
0
LINE
8
BLACK
6
CONTINUOUS
10
-4.5872059055118113
20
5.7264893307086613
11
-4.5893394881889762
21
5.7232961811023619
0
LINE
8
BLACK
6
CONTINUOUS
10
-4.5893394881889762
20
5.7232961811023619
11
-4.5925326377952755
21
5.721162598425197
0
LINE
8
BLACK
6
CONTINUOUS
10
-4.5925326377952755
20
5.721162598425197
11
-4.5962992125984252
21
5.7204133858267712
0
LINE
8
BLACK
6
CONTINUOUS
10
-4.5962992125984252
20
5.7204133858267712
11
-4.6337007874015743
21
5.7204133858267712
0
LINE
8
BLACK
6
CONTINUOUS
10
-4.6337007874015743
20
5.7204133858267712
11
-4.637467362204724
21
5.721162598425197
0
LINE
8
BLACK
6
CONTINUOUS
10
-4.637467362204724
20
5.721162598425197
11
-4.6406605118110233
21
5.7232961811023619
0
LINE
8
BLACK
6
CONTINUOUS
10
-4.6406605118110233
20
5.7232961811023619
11
-4.6427940944881891
21
5.7264893307086613
0
LINE
8
BLACK
6
CONTINUOUS
10
-4.6427940944881891
20
5.7264893307086613
11
-4.6435433070866141
21
5.730255905511811
0
LINE
8
BLACK
6
CONTINUOUS
10
-4.6435433070866141
20
5.730255905511811
11
-4.6435433070866141
21
5.7499409448818897
0
LINE
8
BLACK
6
CONTINUOUS
10
-4.6435433070866141
20
5.7499409448818897
11
-4.643106496062992
21
5.7521370078740155
0
LINE
8
BLACK
6
CONTINUOUS
10
-4.643106496062992
20
5.7521370078740155
11
-4.6862204724409446
21
5.7520391338582675
0
LINE
8
BLACK
6
CONTINUOUS
10
-4.6862204724409446
20
5.7520391338582675
11
-4.6862204724409446
21
5.7480708661417319
0
LINE
8
BLACK
6
CONTINUOUS
10
-4.6862204724409446
20
5.7480708661417319
11
-4.7137795275590548
21
5.7480708661417319
0
LINE
8
BLACK
6
CONTINUOUS
10
-4.7137795275590548
20
5.7480708661417319
11
-4.7137795275590548
21
5.7520955118110235
0
LINE
8
BLACK
6
CONTINUOUS
10
-4.7137795275590548
20
5.7520955118110235
11
-4.7215872440944882
21
5.752063070866142
0
LINE
8
BLACK
6
CONTINUOUS
10
-4.7215872440944882
20
5.752063070866142
11
-4.7222595669291341
21
5.7507435433070864
0
LINE
8
BLACK
6
CONTINUOUS
10
-4.7222595669291341
20
5.7507435433070864
11
-4.7257435433070869
21
5.7472595669291335
0
LINE
8
BLACK
6
CONTINUOUS
10
-4.7257435433070869
20
5.7472595669291335
11
-4.7301335826771655
21
5.7450227165354333
0
LINE
8
BLACK
6
CONTINUOUS
10
-4.7301335826771655
20
5.7450227165354333
11
-4.7350000000000003
21
5.7442519685039368
0
LINE
8
BLACK
6
CONTINUOUS
10
-4.7350000000000003
20
5.7442519685039368
11
-4.7398664173228342
21
5.7450227165354333
0
LINE
8
BLACK
6
CONTINUOUS
10
-4.7398664173228342
20
5.7450227165354333
11
-4.7442564566929128
21
5.7472595669291335
0
LINE
8
BLACK
6
CONTINUOUS
10
-4.7442564566929128
20
5.7472595669291335
11
-4.7477404330708657
21
5.7507435433070864
0
LINE
8
BLACK
6
CONTINUOUS
10
-4.7477404330708657
20
5.7507435433070864
11
-4.7499772834645668
21
5.755133582677165
0
LINE
8
BLACK
6
CONTINUOUS
10
-4.7499772834645668
20
5.755133582677165
11
-4.7507480314960633
21
5.7599999999999998
0
LINE
8
BLACK
6
CONTINUOUS
10
-4.7507480314960633
20
5.7599999999999998
11
-4.7499772834645668
21
5.7648664173228346
0
LINE
8
BLACK
6
CONTINUOUS
10
-4.7499772834645668
20
5.7648664173228346
11
-4.7477404330708657
21
5.7692564566929132
0
LINE
8
BLACK
6
CONTINUOUS
10
-4.7477404330708657
20
5.7692564566929132
11
-4.7442564566929128
21
5.772740433070866
0
LINE
8
BLACK
6
CONTINUOUS
10
-4.7442564566929128
20
5.772740433070866
11
-4.7398664173228342
21
5.7749772834645672
0
LINE
8
BLACK
6
CONTINUOUS
10
-4.7398664173228342
20
5.7749772834645672
11
-4.7350000000000003
21
5.7757480314960628
0
LINE
8
BLACK
6
CONTINUOUS
10
-4.7350000000000003
20
5.7757480314960628
11
-4.7301335826771655
21
5.7749772834645672
0
LINE
8
BLACK
6
CONTINUOUS
10
-4.3313270472440948
20
5.8318430708661415
11
-4.3302103149606301
21
5.8307263385826769
0
LINE
8
BLACK
6
CONTINUOUS
10
-4.3302103149606301
20
5.8307263385826769
11
-4.3257600393700786
21
5.8284588188976381
0
LINE
8
BLACK
6
CONTINUOUS
10
-4.3257600393700786
20
5.8284588188976381
11
-4.3236931889763781
21
5.8281314566929137
0
LINE
8
BLACK
6
CONTINUOUS
10
-4.3236931889763781
20
5.8281314566929137
11
-4.3217919685039368
21
5.8269663779527558
0
LINE
8
BLACK
6
CONTINUOUS
10
-4.3217919685039368
20
5.8269663779527558
11
-4.3212714566929131
21
5.8247981496062993
0
LINE
8
BLACK
6
CONTINUOUS
10
-4.3212714566929131
20
5.8247981496062993
11
-4.3217654724409451
21
5.8239920078740157
0
LINE
8
BLACK
6
CONTINUOUS
10
-4.3217654724409451
20
5.8239920078740157
11
-4.3200000000000003
21
5.824271653543307
0
LINE
8
BLACK
6
CONTINUOUS
10
-4.3200000000000003
20
5.824271653543307
11
-4.3151335826771655
21
5.8235009055118105
0
LINE
8
BLACK
6
CONTINUOUS
10
-4.3151335826771655
20
5.8235009055118105
11
-4.3107435433070869
21
5.8212640551181103
0
LINE
8
BLACK
6
CONTINUOUS
10
-4.3107435433070869
20
5.8212640551181103
11
-4.307259566929134
21
5.8177800787401575
0
LINE
8
BLACK
6
CONTINUOUS
10
-4.307259566929134
20
5.8177800787401575
11
-4.3050227165354329
21
5.8133900393700788
0
LINE
8
BLACK
6
CONTINUOUS
10
-4.3050227165354329
20
5.8133900393700788
11
-4.3042519685039373
21
5.808523622047244
0
LINE
8
BLACK
6
CONTINUOUS
10
-4.3042519685039373
20
5.808523622047244
11
-4.3042987401574804
21
5.8082283464566924
0
LINE
8
BLACK
6
CONTINUOUS
10
-4.3042987401574804
20
5.8082283464566924
11
-4.2841732283464564
21
5.8082283464566924
0
LINE
8
BLACK
6
CONTINUOUS
10
-4.2841732283464564
20
5.8082283464566924
11
-4.2811599606299211
21
5.8076289763779529
0
LINE
8
BLACK
6
CONTINUOUS
10
-4.2811599606299211
20
5.8076289763779529
11
-4.2786054724409448
21
5.8059220866141734
0
LINE
8
BLACK
6
CONTINUOUS
10
-4.2786054724409448
20
5.8059220866141734
11
-4.2768985826771653
21
5.8033675984251971
0
LINE
8
BLACK
6
CONTINUOUS
10
-4.2768985826771653
20
5.8033675984251971
11
-4.2762992125984249
21
5.8003543307086609
0
LINE
8
BLACK
6
CONTINUOUS
10
-4.2762992125984249
20
5.8003543307086609
11
-4.2762992125984249
21
5.7846062992125979
0
LINE
8
BLACK
6
CONTINUOUS
10
-4.2762992125984249
20
5.7846062992125979
11
-4.2768985826771653
21
5.7815930314960626
0
LINE
8
BLACK
6
CONTINUOUS
10
-4.2768985826771653
20
5.7815930314960626
11
-4.2786054724409448
21
5.7790385433070863
0
LINE
8
BLACK
6
CONTINUOUS
10
-4.2786054724409448
20
5.7790385433070863
11
-4.2811599606299211
21
5.7773316535433068
0
LINE
8
BLACK
6
CONTINUOUS
10
-4.2811599606299211
20
5.7773316535433068
11
-4.2841732283464564
21
5.7767322834645665
0
LINE
8
BLACK
6
CONTINUOUS
10
-4.2841732283464564
20
5.7767322834645665
11
-4.3058267716535434
21
5.7767322834645665
0
LINE
8
BLACK
6
CONTINUOUS
10
-4.3058267716535434
20
5.7767322834645665
11
-4.3088400393700788
21
5.7773316535433068
0
LINE
8
BLACK
6
CONTINUOUS
10
-4.3088400393700788
20
5.7773316535433068
11
-4.3113945275590551
21
5.7790385433070863
0
LINE
8
BLACK
6
CONTINUOUS
10
-4.3113945275590551
20
5.7790385433070863
11
-4.3131014173228346
21
5.7815930314960626
0
LINE
8
BLACK
6
CONTINUOUS
10
-4.3131014173228346
20
5.7815930314960626
11
-4.3137007874015749
21
5.7846062992125979
0
LINE
8
BLACK
6
CONTINUOUS
10
-4.3137007874015749
20
5.7846062992125979
11
-4.3137007874015749
21
5.7912245669291336
0
LINE
8
BLACK
6
CONTINUOUS
10
-4.3137007874015749
20
5.7912245669291336
11
-4.3159229527559058
21
5.7934212992125982
0
LINE
8
BLACK
6
CONTINUOUS
10
-4.3159229527559058
20
5.7934212992125982
11
-4.3200000000000003
21
5.7927755905511811
0
LINE
8
BLACK
6
CONTINUOUS
10
-4.3200000000000003
20
5.7927755905511811
11
-4.3248664173228342
21
5.7935463385826766
0
LINE
8
BLACK
6
CONTINUOUS
10
-4.3248664173228342
20
5.7935463385826766
11
-4.3292564566929137
21
5.7957831889763778
0
LINE
8
BLACK
6
CONTINUOUS
10
-4.3292564566929137
20
5.7957831889763778
11
-4.3327404330708656
21
5.7992671653543306
0
LINE
8
BLACK
6
CONTINUOUS
10
-4.3327404330708656
20
5.7992671653543306
11
-4.3337007874015745
21
5.8011519291338578
0
LINE
8
BLACK
6
CONTINUOUS
10
-4.3337007874015745
20
5.8011519291338578
11
-4.3337007874015745
21
5.7985055511811021
0
LINE
8
BLACK
6
CONTINUOUS
10
-4.3337007874015745
20
5.7985055511811021
11
-4.3345540944881886
21
5.7964454724409444
0
LINE
8
BLACK
6
CONTINUOUS
10
-4.3345540944881886
20
5.7964454724409444
11
-4.3366141732283463
21
5.7955921653543303
0
LINE
8
BLACK
6
CONTINUOUS
10
-4.3366141732283463
20
5.7955921653543303
11
-4.3369938188976374
21
5.7956170078740152
0
LINE
8
BLACK
6
CONTINUOUS
10
-4.3369938188976374
20
5.7956170078740152
11
-4.3378937007874017
21
5.7957355118110234
0
LINE
8
BLACK
6
CONTINUOUS
10
-4.3378937007874017
20
5.7957355118110234
11
-4.3440654330708659
21
5.7949229921259837
0
LINE
8
BLACK
6
CONTINUOUS
10
-4.3440654330708659
20
5.7949229921259837
11
-4.3498165748031496
21
5.7925407874015749
0
LINE
8
BLACK
6
CONTINUOUS
10
-4.3498165748031496
20
5.7925407874015749
11
-4.3501753149606301
21
5.7922655118110233
0
LINE
8
BLACK
6
CONTINUOUS
10
-4.3501753149606301
20
5.7922655118110233
11
-4.3523290551181102
21
5.7916884251968499
0
LINE
8
BLACK
6
CONTINUOUS
10
-4.3523290551181102
20
5.7916884251968499
11
-4.354260157480315
21
5.7928033070866141
0
LINE
8
BLACK
6
CONTINUOUS
10
-4.354260157480315
20
5.7928033070866141
11
-4.3548622047244097
21
5.7945768897637793
0
LINE
8
BLACK
6
CONTINUOUS
10
-4.3548622047244097
20
5.7945768897637793
11
-4.3548622047244097
21
5.8012104724409443
0
LINE
8
BLACK
6
CONTINUOUS
10
-4.3548622047244097
20
5.8012104724409443
11
-4.3548622047244097
21
5.8012105511811018
0
LINE
8
BLACK
6
CONTINUOUS
10
-4.3548622047244097
20
5.8012105511811018
11
-4.3553201968503936
21
5.8035130314960632
0
LINE
8
BLACK
6
CONTINUOUS
10
-4.3553201968503936
20
5.8035130314960632
11
-4.3565916141732286
21
5.8054158267716538
0
LINE
8
BLACK
6
CONTINUOUS
10
-4.3565916141732286
20
5.8054158267716538
11
-4.357224291338583
21
5.806362677165354
0
LINE
8
BLACK
6
CONTINUOUS
10
-4.357224291338583
20
5.806362677165354
11
-4.3571724803149605
21
5.806397283464567
0
LINE
8
BLACK
6
CONTINUOUS
10
-4.3571724803149605
20
5.806397283464567
11
-4.3579087401574803
21
5.8081743700787403
0
LINE
8
BLACK
6
CONTINUOUS
10
-4.3579087401574803
20
5.8081743700787403
11
-4.3570556299212599
21
5.8102345669291333
0
LINE
8
BLACK
6
CONTINUOUS
10
-4.3570556299212599
20
5.8102345669291333
11
-4.3354471653543305
21
5.8318430314960628
0
LINE
8
BLACK
6
CONTINUOUS
10
-4.3354471653543305
20
5.8318430314960628
11
-4.3333870866141728
21
5.8326963385826769
0
LINE
8
BLACK
6
CONTINUOUS
10
-4.3333870866141728
20
5.8326963385826769
11
-4.3313270472440948
21
5.8318430708661415
0
LINE
8
BLACK
6
CONTINUOUS
10
-4.4456284645669291
20
5.9081014173228343
11
-4.4430739763779528
21
5.9063945275590548
0
LINE
8
BLACK
6
CONTINUOUS
10
-4.4430739763779528
20
5.9063945275590548
11
-4.4413670866141732
21
5.9038400393700785
0
LINE
8
BLACK
6
CONTINUOUS
10
-4.4413670866141732
20
5.9038400393700785
11
-4.4407677165354329
21
5.9008267716535432
0
LINE
8
BLACK
6
CONTINUOUS
10
-4.4407677165354329
20
5.9008267716535432
11
-4.4407677165354329
21
5.8791732283464562
0
LINE
8
BLACK
6
CONTINUOUS
10
-4.4407677165354329
20
5.8791732283464562
11
-4.4413670866141732
21
5.8761599606299209
0
LINE
8
BLACK
6
CONTINUOUS
10
-4.4413670866141732
20
5.8761599606299209
11
-4.4430739763779528
21
5.8736054724409446
0
LINE
8
BLACK
6
CONTINUOUS
10
-4.4430739763779528
20
5.8736054724409446
11
-4.4456284645669291
21
5.871898582677165
0
LINE
8
BLACK
6
CONTINUOUS
10
-4.4456284645669291
20
5.871898582677165
11
-4.4486417322834644
21
5.8712992125984247
0
LINE
8
BLACK
6
CONTINUOUS
10
-4.4486417322834644
20
5.8712992125984247
11
-4.4643897637795273
21
5.8712992125984247
0
LINE
8
BLACK
6
CONTINUOUS
10
-4.4643897637795273
20
5.8712992125984247
11
-4.4654335433070864
21
5.8715068110236217
0
LINE
8
BLACK
6
CONTINUOUS
10
-4.4654335433070864
20
5.8715068110236217
11
-4.4722521653543303
21
5.8646247244094489
0
LINE
8
BLACK
6
CONTINUOUS
10
-4.4722521653543303
20
5.8646247244094489
11
-4.4721950787401576
21
5.8534800000000002
0
LINE
8
BLACK
6
CONTINUOUS
10
-4.4721950787401576
20
5.8534800000000002
11
-4.4707435433070861
21
5.8527404330708661
0
LINE
8
BLACK
6
CONTINUOUS
10
-4.4707435433070861
20
5.8527404330708661
11
-4.4672595669291342
21
5.8492564566929133
0
LINE
8
BLACK
6
CONTINUOUS
10
-4.4672595669291342
20
5.8492564566929133
11
-4.465022716535433
21
5.8448664173228346
0
LINE
8
BLACK
6
CONTINUOUS
10
-4.465022716535433
20
5.8448664173228346
11
-4.4642519685039366
21
5.8399999999999999
0
LINE
8
BLACK
6
CONTINUOUS
10
-4.4642519685039366
20
5.8399999999999999
11
-4.465022716535433
21
5.8351335826771651
0
LINE
8
BLACK
6
CONTINUOUS
10
-4.465022716535433
20
5.8351335826771651
11
-4.4672595669291342
21
5.8307435433070864
0
LINE
8
BLACK
6
CONTINUOUS
10
-4.4672595669291342
20
5.8307435433070864
11
-4.4707435433070861
21
5.8272595669291336
0
LINE
8
BLACK
6
CONTINUOUS
10
-4.4707435433070861
20
5.8272595669291336
11
-4.4751335826771657
21
5.8250227165354334
0
LINE
8
BLACK
6
CONTINUOUS
10
-4.4751335826771657
20
5.8250227165354334
11
-4.4799999999999995
21
5.8242519685039369
0
LINE
8
BLACK
6
CONTINUOUS
10
-4.4799999999999995
20
5.8242519685039369
11
-4.4848664173228343
21
5.8250227165354334
0
LINE
8
BLACK
6
CONTINUOUS
10
-4.4848664173228343
20
5.8250227165354334
11
-4.489256456692913
21
5.8272595669291336
0
LINE
8
BLACK
6
CONTINUOUS
10
-4.489256456692913
20
5.8272595669291336
11
-4.4927404330708658
21
5.8307435433070864
0
LINE
8
BLACK
6
CONTINUOUS
10
-4.4927404330708658
20
5.8307435433070864
11
-4.4949772834645669
21
5.8351335826771651
0
LINE
8
BLACK
6
CONTINUOUS
10
-4.4949772834645669
20
5.8351335826771651
11
-4.4957480314960625
21
5.8399999999999999
0
LINE
8
BLACK
6
CONTINUOUS
10
-4.4957480314960625
20
5.8399999999999999
11
-4.4949772834645669
21
5.8448664173228346
0
LINE
8
BLACK
6
CONTINUOUS
10
-4.4949772834645669
20
5.8448664173228346
11
-4.4927404330708658
21
5.8492564566929133
0
LINE
8
BLACK
6
CONTINUOUS
10
-4.4927404330708658
20
5.8492564566929133
11
-4.489256456692913
21
5.8527404330708661
0
LINE
8
BLACK
6
CONTINUOUS
10
-4.489256456692913
20
5.8527404330708661
11
-4.48779968503937
21
5.8534826771653545
0
LINE
8
BLACK
6
CONTINUOUS
10
-4.48779968503937
20
5.8534826771653545
11
-4.487874015748031
21
5.8679921259842516
0
LINE
8
BLACK
6
CONTINUOUS
10
-4.487874015748031
20
5.8679921259842516
11
-4.4877227165354325
21
5.869528267716535
0
LINE
8
BLACK
6
CONTINUOUS
10
-4.4877227165354325
20
5.869528267716535
11
-4.4865470078740159
21
5.8723666929133858
0
LINE
8
BLACK
6
CONTINUOUS
10
-4.4865470078740159
20
5.8723666929133858
11
-4.4722637795275588
21
5.886782874015748
0
LINE
8
BLACK
6
CONTINUOUS
10
-4.4722637795275588
20
5.886782874015748
11
-4.4722637795275588
21
5.9008267716535432
0
LINE
8
BLACK
6
CONTINUOUS
10
-4.4722637795275588
20
5.9008267716535432
11
-4.4716644094488185
21
5.9038400393700785
0
LINE
8
BLACK
6
CONTINUOUS
10
-4.4716644094488185
20
5.9038400393700785
11
-4.469957519685039
21
5.9063945275590548
0
LINE
8
BLACK
6
CONTINUOUS
10
-4.469957519685039
20
5.9063945275590548
11
-4.4674030314960627
21
5.9081014173228343
0
LINE
8
BLACK
6
CONTINUOUS
10
-4.4674030314960627
20
5.9081014173228343
11
-4.4643897637795273
21
5.9087007874015747
0
LINE
8
BLACK
6
CONTINUOUS
10
-4.4643897637795273
20
5.9087007874015747
11
-4.4486417322834644
21
5.9087007874015747
0
LINE
8
BLACK
6
CONTINUOUS
10
-4.4486417322834644
20
5.9087007874015747
11
-4.4456284645669291
21
5.9081014173228343
0
LINE
8
BLACK
6
CONTINUOUS
10
-4.5639325196850393
20
5.9308390944881886
11
-4.5618037795275592
21
5.929416692913386
0
LINE
8
BLACK
6
CONTINUOUS
10
-4.5618037795275592
20
5.929416692913386
11
-4.5603813779527558
21
5.927287952755905
0
LINE
8
BLACK
6
CONTINUOUS
10
-4.5603813779527558
20
5.927287952755905
11
-4.5598819291338586
21
5.9247768503937008
0
LINE
8
BLACK
6
CONTINUOUS
10
-4.5598819291338586
20
5.9247768503937008
11
-4.5598819291338586
21
5.8991077952755901
0
LINE
8
BLACK
6
CONTINUOUS
10
-4.5598819291338586
20
5.8991077952755901
11
-4.5584910236220475
21
5.8977397637795272
0
LINE
8
BLACK
6
CONTINUOUS
10
-4.5584910236220475
20
5.8977397637795272
11
-4.537224409448819
21
5.8978139370078742
0
LINE
8
BLACK
6
CONTINUOUS
10
-4.537224409448819
20
5.8978139370078742
11
-4.537224409448819
21
5.9008267716535432
0
LINE
8
BLACK
6
CONTINUOUS
10
-4.537224409448819
20
5.9008267716535432
11
-4.5366250393700787
21
5.9038400393700785
0
LINE
8
BLACK
6
CONTINUOUS
10
-4.5366250393700787
20
5.9038400393700785
11
-4.5349181496062991
21
5.9063945275590548
0
LINE
8
BLACK
6
CONTINUOUS
10
-4.5349181496062991
20
5.9063945275590548
11
-4.5323636614173228
21
5.9081014173228343
0
LINE
8
BLACK
6
CONTINUOUS
10
-4.5323636614173228
20
5.9081014173228343
11
-4.5293503937007875
21
5.9087007874015747
0
LINE
8
BLACK
6
CONTINUOUS
10
-4.5293503937007875
20
5.9087007874015747
11
-4.5136023622047245
21
5.9087007874015747
0
LINE
8
BLACK
6
CONTINUOUS
10
-4.5136023622047245
20
5.9087007874015747
11
-4.5105890944881892
21
5.9081014173228343
0
LINE
8
BLACK
6
CONTINUOUS
10
-4.5105890944881892
20
5.9081014173228343
11
-4.5080346062992129
21
5.9063945275590548
0
LINE
8
BLACK
6
CONTINUOUS
10
-4.5080346062992129
20
5.9063945275590548
11
-4.5063277165354334
21
5.9038400393700785
0
LINE
8
BLACK
6
CONTINUOUS
10
-4.5063277165354334
20
5.9038400393700785
11
-4.5057283464566931
21
5.9008267716535432
0
LINE
8
BLACK
6
CONTINUOUS
10
-4.5057283464566931
20
5.9008267716535432
11
-4.5057283464566931
21
5.8791732283464562
0
LINE
8
BLACK
6
CONTINUOUS
10
-4.5057283464566931
20
5.8791732283464562
11
-4.5063277165354334
21
5.8761599606299209
0
LINE
8
BLACK
6
CONTINUOUS
10
-4.5063277165354334
20
5.8761599606299209
11
-4.5080346062992129
21
5.8736054724409446
0
LINE
8
BLACK
6
CONTINUOUS
10
-4.5080346062992129
20
5.8736054724409446
11
-4.5105890944881892
21
5.871898582677165
0
LINE
8
BLACK
6
CONTINUOUS
10
-4.5105890944881892
20
5.871898582677165
11
-4.5136023622047245
21
5.8712992125984247
0
LINE
8
BLACK
6
CONTINUOUS
10
-4.5136023622047245
20
5.8712992125984247
11
-4.5293503937007875
21
5.8712992125984247
0
LINE
8
BLACK
6
CONTINUOUS
10
-4.5293503937007875
20
5.8712992125984247
11
-4.5323636614173228
21
5.871898582677165
0
LINE
8
BLACK
6
CONTINUOUS
10
-4.5323636614173228
20
5.871898582677165
11
-4.5349181496062991
21
5.8736054724409446
0
LINE
8
BLACK
6
CONTINUOUS
10
-4.5349181496062991
20
5.8736054724409446
11
-4.5366250393700787
21
5.8761599606299209
0
LINE
8
BLACK
6
CONTINUOUS
10
-4.5366250393700787
20
5.8761599606299209
11
-4.537224409448819
21
5.8791732283464562
0
LINE
8
BLACK
6
CONTINUOUS
10
-4.537224409448819
20
5.8791732283464562
11
-4.537224409448819
21
5.8822118503937011
0
LINE
8
BLACK
6
CONTINUOUS
10
-4.537224409448819
20
5.8822118503937011
11
-4.5598819291338586
21
5.8821328346456694
0
LINE
8
BLACK
6
CONTINUOUS
10
-4.5598819291338586
20
5.8821328346456694
11
-4.5598818897637798
21
5.8788451574803151
0
LINE
8
BLACK
6
CONTINUOUS
10
-4.5598818897637798
20
5.8788451574803151
11
-4.5603813779527558
21
5.8763340944881888
0
LINE
8
BLACK
6
CONTINUOUS
10
-4.5603813779527558
20
5.8763340944881888
11
-4.5618037795275592
21
5.8742053543307087
0
LINE
8
BLACK
6
CONTINUOUS
10
-4.5618037795275592
20
5.8742053543307087
11
-4.5639325196850393
21
5.8727829527559052
0
LINE
8
BLACK
6
CONTINUOUS
10
-4.5639325196850393
20
5.8727829527559052
11
-4.5664436220472444
21
5.872283503937008
0
LINE
8
BLACK
6
CONTINUOUS
10
-4.5664436220472444
20
5.872283503937008
11
-4.6025327952755903
21
5.8722834645669293
0
LINE
8
BLACK
6
CONTINUOUS
10
-4.6025327952755903
20
5.8722834645669293
11
-4.6050438582677167
21
5.8727829527559052
0
LINE
8
BLACK
6
CONTINUOUS
10
-4.6050438582677167
20
5.8727829527559052
11
-4.6071725984251968
21
5.8742053543307087
0
LINE
8
BLACK
6
CONTINUOUS
10
-4.6071725984251968
20
5.8742053543307087
11
-4.6085950000000002
21
5.8763340944881888
0
LINE
8
BLACK
6
CONTINUOUS
10
-4.6085950000000002
20
5.8763340944881888
11
-4.6090944488188974
21
5.8788451968503939
0
LINE
8
BLACK
6
CONTINUOUS
10
-4.6090944488188974
20
5.8788451968503939
11
-4.6090944881889762
21
5.9247768897637796
0
LINE
8
BLACK
6
CONTINUOUS
10
-4.6090944881889762
20
5.9247768897637796
11
-4.6085950000000002
21
5.927287952755905
0
LINE
8
BLACK
6
CONTINUOUS
10
-4.6085950000000002
20
5.927287952755905
11
-4.6071725984251968
21
5.929416692913386
0
LINE
8
BLACK
6
CONTINUOUS
10
-4.6071725984251968
20
5.929416692913386
11
-4.6050438582677167
21
5.9308390944881886
0
LINE
8
BLACK
6
CONTINUOUS
10
-4.6050438582677167
20
5.9308390944881886
11
-4.6025327559055116
21
5.9313385433070867
0
LINE
8
BLACK
6
CONTINUOUS
10
-4.6025327559055116
20
5.9313385433070867
11
-4.5664435826771657
21
5.9313385826771654
0
LINE
8
BLACK
6
CONTINUOUS
10
-4.5664435826771657
20
5.9313385826771654
11
-4.5639325196850393
21
5.9308390944881886
0
CIRCLE
8
BLACK
10
-4.8915748031496058
20
5.3899999999999997
40
0.0068897637795276
0
CIRCLE
8
BLACK
10
-4.8915748031496058
20
5.9805511811023617
40
0.0068897637795276
0
CIRCLE
8
BLACK
10
-4.1041732283464567
20
5.9805511811023617
40
0.0068897637795276
0
CIRCLE
8
BLACK
10
-4.4978740157480317
20
5.9805511811023617
40
0.0068897637795276
0
CIRCLE
8
BLACK
10
-4.1041732283464567
20
5.3899999999999997
40
0.0068897637795276
0
CIRCLE
8
BLACK
10
-4.4978740157480317
20
5.3899999999999997
40
0.0068897637795276
0
CIRCLE
8
BLACK
10
-4.0800000000000001
20
5.4699999999999998
40
0.0078740157480315
0
CIRCLE
8
BLACK
10
-4.8700000000000001
20
5.4699999999999998
40
0.0078740157480315
0
CIRCLE
8
BLACK
10
-4.0800000000000001
20
5.8999999999999995
40
0.0078740157480315
0
CIRCLE
8
BLACK
10
-4.165
20
5.4950000000000001
40
0.0078740157480315
0
CIRCLE
8
BLACK
10
-4.8099999999999996
20
5.9349999999999996
40
0.0078740157480315
0
CIRCLE
8
BLACK
10
-4.8149999999999995
20
5.4649999999999999
40
0.0078740157480315
0
CIRCLE
8
BLACK
10
-4.7450000000000001
20
5.5599999999999996
40
0.0078740157480315
0
CIRCLE
8
BLACK
10
-4.3200000000000003
20
5.808523622047244
40
0.0078740157480315
0
CIRCLE
8
BLACK
10
-4.8049999999999997
20
5.835
40
0.0078740157480315
0
CIRCLE
8
BLACK
10
-4.0449999999999999
20
5.6499999999999995
40
0.0078740157480315
0
CIRCLE
8
BLACK
10
-4.2149999999999999
20
5.5499999999999998
40
0.0078740157480315
0
CIRCLE
8
BLACK
10
-4.7450000000000001
20
5.835
40
0.0078740157480315
0
CIRCLE
8
BLACK
10
-4.0449999999999999
20
5.7699999999999996
40
0.0078740157480315
0
CIRCLE
8
BLACK
10
-4.6661024409448819
20
5.7249999999999996
40
0.0078740157480315
0
CIRCLE
8
BLACK
10
-4.9500000000000002
20
5.4699999999999998
40
0.0078740157480315
0
CIRCLE
8
BLACK
10
-4.8099999999999996
20
5.8949999999999996
40
0.0078740157480315
0
CIRCLE
8
BLACK
10
-4.2149999999999999
20
5.4450000000000003
40
0.0078740157480315
0
CIRCLE
8
BLACK
10
-4.8099999999999996
20
5.54
40
0.0078740157480315
0
CIRCLE
8
BLACK
10
-4.9500000000000002
20
5.9199999999999999
40
0.0078740157480315
0
CIRCLE
8
BLACK
10
-4.0449999999999999
20
5.6099999999999994
40
0.0078740157480315
0
CIRCLE
8
BLACK
10
-4.165
20
5.5499999999999998
40
0.0078740157480315
0
CIRCLE
8
BLACK
10
-4.04
20
5.8999999999999995
40
0.0078740157480315
0
CIRCLE
8
BLACK
10
-4.04
20
5.4699999999999998
40
0.0078740157480315
0
CIRCLE
8
BLACK
10
-4.9500000000000002
20
5.6899999999999995
40
0.0078740157480315
0
CIRCLE
8
BLACK
10
-4.2149999999999999
20
5.4950000000000001
40
0.0078740157480315
0
CIRCLE
8
BLACK
10
-4.1899999999999995
20
5.9249999999999998
40
0.0078740157480315
0
CIRCLE
8
BLACK
10
-4.2400000000000002
20
5.9249999999999998
40
0.0078740157480315
0
CIRCLE
8
BLACK
10
-4.9405365748031498
20
5.7526341338582672
40
0.0078740157480315
0
CIRCLE
8
BLACK
10
-4.9500000000000002
20
5.6049999999999995
40
0.0078740157480315
0
CIRCLE
8
BLACK
10
-4.0449999999999999
20
5.7299999999999995
40
0.0078740157480315
0
CIRCLE
8
BLACK
10
-4.4699999999999998
20
5.5350000000000001
40
0.0078740157480315
0
CIRCLE
8
BLACK
10
-4.6550000000000002
20
5.6291929133858263
40
0.0078740157480315
0
CIRCLE
8
BLACK
10
-4.0449999999999999
20
5.6899999999999995
40
0.0078740157480315
0
CIRCLE
8
BLACK
10
-4.3378937007874017
20
5.7718897637795274
40
0.0078740157480315
0
CIRCLE
8
BLACK
10
-4.506186023622047
20
5.7716535433070861
40
0.0078740157480315
0
CIRCLE
8
BLACK
10
-4.7350000000000003
20
5.7599999999999998
40
0.0078740157480315
0
CIRCLE
8
BLACK
10
-4.4799999999999995
20
5.8399999999999999
40
0.0078740157480315
0
CIRCLE
8
BLACK
10
-4.1899999999999995
20
5.7999999999999998
40
0.0078740157480315
0
CIRCLE
8
BLACK
10
-4.8650000000000002
20
5.6150000000000002
40
0.0078740157480315
0
CIRCLE
8
BLACK
10
-4.875
20
5.6600000000000001
40
0.0078740157480315
0
CIRCLE
8
BLACK
10
-4.4698993307086612
20
5.660384960629921
40
0.0078740157480315
0
CIRCLE
8
BLACK
10
-4.7398818897637796
20
5.7098818897637793
40
0.0078740157480315
0
CIRCLE
8
BLACK
10
-4.4249999999999998
20
5.6600000000000001
40
0.0078740157480315
0
CIRCLE
8
BLACK
10
-4.3650000000000002
20
5.6600000000000001
40
0.0078740157480315
0
CIRCLE
8
BLACK
10
-4.2556692913385827
20
5.660669291338583
40
0.0078740157480315
0
CIRCLE
8
BLACK
10
-4.3939748425196852
20
5.7095498425196851
40
0.0078740157480315
0
CIRCLE
8
BLACK
10
-4.131751968503937
20
5.6624329921259839
40
0.0078740157480315
  0
ENDSEC
  0
EOF
