  0
SECTION
  2
HEADER
  9
$ANGBASE
  50
0.0
  9
$ANGDIR
  70
1
  9
$MEASUREMENT
  70
0
  0
ENDSEC
  0
SECTION
  2
TABLES
  0
TABLE
  2
LTYPE
  70
4
  0
LTYPE
  5
40F
  2
CONTINUOUS
  70
0
  3
Solid line
  72
65
  73
0
  40
0.0
  0
LTYPE
  5
410
  2
DASHDOT
 70
0
  3
Dash Dot ____ _ ____ _
 72
65
 73
4
 40
2.0
 49
1.25
 49
-0.25
 49
0.25
 49
-0.25
  0
LTYPE
  5
411
  2
DASHED
 70
0
  3
Dashed __ __ __ __ __
 72
65
 73
2
 40
0.75
 49
0.5
 49
-0.25
  0
LTYPE
  5
43B
  2
DOTTED
 70
0
  3
Dotted .  .  .  .
 72
65
 73
2
 40
0.2
 49
0.0
 49
-0.2
  0
ENDTAB
  0
TABLE
  2
STYLE
  70
4
  0
STYLE
  2
KICAD
  70
0
  40
0
  41
1
  42
1
  50
0
  71
0
  3
isocp.shx
  0
STYLE
  2
KICADB
  70
0
  40
0
  41
1
  42
1
  50
0
  71
0
  3
isocp.shx
  0
STYLE
  2
KICADI
  70
0
  40
0
  41
1
  42
1
  50
15
  71
0
  3
isocp.shx
  0
STYLE
  2
KICADBI
  70
0
  40
0
  41
1
  42
1
  50
15
  71
0
  3
isocp.shx
  0
ENDTAB
  0
TABLE
  2
LAYER
  70
1
  0
LAYER
  2
BLACK
  70
0
  62
7
  6
CONTINUOUS
  0
ENDTAB
  0
ENDSEC
  0
SECTION
  2
ENTITIES
0
LINE
8
BLACK
6
CONTINUOUS
10
-4.2928370078740157
20
5.4930928346456689
11
-4.2912077165354328
21
5.4914635433070869
0
LINE
8
BLACK
6
CONTINUOUS
10
-4.2912077165354328
20
5.4914635433070869
11
-4.2903259055118106
21
5.4893347244094484
0
LINE
8
BLACK
6
CONTINUOUS
10
-4.2903259055118106
20
5.4893347244094484
11
-4.2902887007874018
21
5.4793666141732285
0
LINE
8
BLACK
6
CONTINUOUS
10
-4.2902887007874018
20
5.4793666141732285
11
-4.2449368503937004
21
5.4794649606299215
0
LINE
8
BLACK
6
CONTINUOUS
10
-4.2449368503937004
20
5.4794649606299215
11
-4.2437847244094486
21
5.4793514960629919
0
LINE
8
BLACK
6
CONTINUOUS
10
-4.2437847244094486
20
5.4793514960629919
11
-4.241655905511811
21
5.4784696850393697
0
LINE
8
BLACK
6
CONTINUOUS
10
-4.241655905511811
20
5.4784696850393697
11
-4.2400266141732281
21
5.4768403937007877
0
LINE
8
BLACK
6
CONTINUOUS
10
-4.2400266141732281
20
5.4768403937007877
11
-4.239144803149606
21
5.4747115748031492
0
LINE
8
BLACK
6
CONTINUOUS
10
-4.239144803149606
20
5.4747115748031492
11
-4.239144803149606
21
5.4724073228346457
0
LINE
8
BLACK
6
CONTINUOUS
10
-4.239144803149606
20
5.4724073228346457
11
-4.2400266141732281
21
5.4702785039370081
0
LINE
8
BLACK
6
CONTINUOUS
10
-4.2400266141732281
20
5.4702785039370081
11
-4.241655905511811
21
5.4686492125984252
0
LINE
8
BLACK
6
CONTINUOUS
10
-4.241655905511811
20
5.4686492125984252
11
-4.2437847244094486
21
5.467767401574803
0
LINE
8
BLACK
6
CONTINUOUS
10
-4.2437847244094486
20
5.467767401574803
11
-4.2902450393700784
21
5.4676666535433069
0
LINE
8
BLACK
6
CONTINUOUS
10
-4.2902450393700784
20
5.4676666535433069
11
-4.2902124409448819
21
5.4589362598425195
0
LINE
8
BLACK
6
CONTINUOUS
10
-4.2902124409448819
20
5.4589362598425195
11
-4.2903259055118106
21
5.4577841338582678
0
LINE
8
BLACK
6
CONTINUOUS
10
-4.2903259055118106
20
5.4577841338582678
11
-4.2912077165354328
21
5.4556553149606302
0
LINE
8
BLACK
6
CONTINUOUS
10
-4.2912077165354328
20
5.4556553149606302
11
-4.2928370078740157
21
5.4540260236220472
0
LINE
8
BLACK
6
CONTINUOUS
10
-4.2928370078740157
20
5.4540260236220472
11
-4.2949658267716533
21
5.4531442125984251
0
LINE
8
BLACK
6
CONTINUOUS
10
-4.2949658267716533
20
5.4531442125984251
11
-4.2972700787401577
21
5.4531442125984251
0
LINE
8
BLACK
6
CONTINUOUS
10
-4.2972700787401577
20
5.4531442125984251
11
-4.2993988976377953
21
5.4540260236220472
0
LINE
8
BLACK
6
CONTINUOUS
10
-4.2993988976377953
20
5.4540260236220472
11
-4.3010281889763782
21
5.4556553149606302
0
LINE
8
BLACK
6
CONTINUOUS
10
-4.3010281889763782
20
5.4556553149606302
11
-4.3019100000000003
21
5.4577841338582678
0
LINE
8
BLACK
6
CONTINUOUS
10
-4.3019100000000003
20
5.4577841338582678
11
-4.3020234645669291
21
5.4881825984251966
0
LINE
8
BLACK
6
CONTINUOUS
10
-4.3020234645669291
20
5.4881825984251966
11
-4.3019100000000003
21
5.4893347244094484
0
LINE
8
BLACK
6
CONTINUOUS
10
-4.3019100000000003
20
5.4893347244094484
11
-4.3010281889763782
21
5.4914635433070869
0
LINE
8
BLACK
6
CONTINUOUS
10
-4.3010281889763782
20
5.4914635433070869
11
-4.2993988976377953
21
5.4930928346456689
0
LINE
8
BLACK
6
CONTINUOUS
10
-4.2993988976377953
20
5.4930928346456689
11
-4.2972700787401577
21
5.4939746456692911
0
LINE
8
BLACK
6
CONTINUOUS
10
-4.2972700787401577
20
5.4939746456692911
11
-4.2949658267716533
21
5.4939746456692911
0
LINE
8
BLACK
6
CONTINUOUS
10
-4.2949658267716533
20
5.4939746456692911
11
-4.2928370078740157
21
5.4930928346456689
0
LINE
8
BLACK
6
CONTINUOUS
10
-4.4933384645669294
20
5.5339099606299209
11
-4.4912096456692909
21
5.5330281496062987
0
LINE
8
BLACK
6
CONTINUOUS
10
-4.4912096456692909
20
5.5330281496062987
11
-4.4895803543307089
21
5.5313988582677167
0
LINE
8
BLACK
6
CONTINUOUS
10
-4.4895803543307089
20
5.5313988582677167
11
-4.4886985433070867
21
5.5292700393700782
0
LINE
8
BLACK
6
CONTINUOUS
10
-4.4886985433070867
20
5.5292700393700782
11
-4.4886985433070867
21
5.5269657874015747
0
LINE
8
BLACK
6
CONTINUOUS
10
-4.4886985433070867
20
5.5269657874015747
11
-4.4895803543307089
21
5.5248369685039371
0
LINE
8
BLACK
6
CONTINUOUS
10
-4.4895803543307089
20
5.5248369685039371
11
-4.4912096456692909
21
5.5232076771653542
0
LINE
8
BLACK
6
CONTINUOUS
10
-4.4912096456692909
20
5.5232076771653542
11
-4.4933384645669294
21
5.522325866141732
0
LINE
8
BLACK
6
CONTINUOUS
10
-4.4933384645669294
20
5.522325866141732
11
-4.5130552755905509
21
5.5222381889763774
0
LINE
8
BLACK
6
CONTINUOUS
10
-4.5130552755905509
20
5.5222381889763774
11
-4.5130278346456691
21
5.5095814960629923
0
LINE
8
BLACK
6
CONTINUOUS
10
-4.5130278346456691
20
5.5095814960629923
11
-4.5018021653543308
21
5.5096514566929136
0
LINE
8
BLACK
6
CONTINUOUS
10
-4.5018021653543308
20
5.5096514566929136
11
-4.500650039370079
21
5.5095379921259839
0
LINE
8
BLACK
6
CONTINUOUS
10
-4.500650039370079
20
5.5095379921259839
11
-4.4985212204724405
21
5.5086561811023618
0
LINE
8
BLACK
6
CONTINUOUS
10
-4.4985212204724405
20
5.5086561811023618
11
-4.4968919291338585
21
5.5070268897637797
0
LINE
8
BLACK
6
CONTINUOUS
10
-4.4968919291338585
20
5.5070268897637797
11
-4.4960101181102363
21
5.5048980708661412
0
LINE
8
BLACK
6
CONTINUOUS
10
-4.4960101181102363
20
5.5048980708661412
11
-4.4960101181102363
21
5.5025938188976378
0
LINE
8
BLACK
6
CONTINUOUS
10
-4.4960101181102363
20
5.5025938188976378
11
-4.4968919291338585
21
5.5004650000000002
0
LINE
8
BLACK
6
CONTINUOUS
10
-4.4968919291338585
20
5.5004650000000002
11
-4.4985212204724405
21
5.4988357086614172
0
LINE
8
BLACK
6
CONTINUOUS
10
-4.4985212204724405
20
5.4988357086614172
11
-4.500650039370079
21
5.4979538976377951
0
LINE
8
BLACK
6
CONTINUOUS
10
-4.500650039370079
20
5.4979538976377951
11
-4.5130024803149604
21
5.4978769291338585
0
LINE
8
BLACK
6
CONTINUOUS
10
-4.5130024803149604
20
5.4978769291338585
11
-4.5129696850393701
21
5.4827601574803149
0
LINE
8
BLACK
6
CONTINUOUS
10
-4.5129696850393701
20
5.4827601574803149
11
-4.4944905905511812
21
5.4828423228346459
0
LINE
8
BLACK
6
CONTINUOUS
10
-4.4944905905511812
20
5.4828423228346459
11
-4.4933384645669294
21
5.4827288582677163
0
LINE
8
BLACK
6
CONTINUOUS
10
-4.4933384645669294
20
5.4827288582677163
11
-4.4912096456692909
21
5.4818470472440941
0
LINE
8
BLACK
6
CONTINUOUS
10
-4.4912096456692909
20
5.4818470472440941
11
-4.4895803543307089
21
5.4802177559055121
0
LINE
8
BLACK
6
CONTINUOUS
10
-4.4895803543307089
20
5.4802177559055121
11
-4.4886985433070867
21
5.4780889370078736
0
LINE
8
BLACK
6
CONTINUOUS
10
-4.4886985433070867
20
5.4780889370078736
11
-4.4886985433070867
21
5.4757846850393701
0
LINE
8
BLACK
6
CONTINUOUS
10
-4.4886985433070867
20
5.4757846850393701
11
-4.4895803543307089
21
5.4736558661417325
0
LINE
8
BLACK
6
CONTINUOUS
10
-4.4895803543307089
20
5.4736558661417325
11
-4.4912096456692909
21
5.4720265748031496
0
LINE
8
BLACK
6
CONTINUOUS
10
-4.4912096456692909
20
5.4720265748031496
11
-4.4933384645669294
21
5.4711447637795274
0
LINE
8
BLACK
6
CONTINUOUS
10
-4.4933384645669294
20
5.4711447637795274
11
-4.5188625590551181
21
5.4710312992125987
0
LINE
8
BLACK
6
CONTINUOUS
10
-4.5188625590551181
20
5.4710312992125987
11
-4.5200146850393699
21
5.4711447637795274
0
LINE
8
BLACK
6
CONTINUOUS
10
-4.5200146850393699
20
5.4711447637795274
11
-4.5221435039370075
21
5.4720265748031496
0
LINE
8
BLACK
6
CONTINUOUS
10
-4.5221435039370075
20
5.4720265748031496
11
-4.5237727952755904
21
5.4736558661417325
0
LINE
8
BLACK
6
CONTINUOUS
10
-4.5237727952755904
20
5.4736558661417325
11
-4.5246546062992126
21
5.4757846850393701
0
LINE
8
BLACK
6
CONTINUOUS
10
-4.5246546062992126
20
5.4757846850393701
11
-4.5247680708661413
21
5.5281179133858265
0
LINE
8
BLACK
6
CONTINUOUS
10
-4.5247680708661413
20
5.5281179133858265
11
-4.5246546062992126
21
5.5292700393700782
0
LINE
8
BLACK
6
CONTINUOUS
10
-4.5246546062992126
20
5.5292700393700782
11
-4.5237727952755904
21
5.5313988582677167
0
LINE
8
BLACK
6
CONTINUOUS
10
-4.5237727952755904
20
5.5313988582677167
11
-4.5221435039370075
21
5.5330281496062987
0
LINE
8
BLACK
6
CONTINUOUS
10
-4.5221435039370075
20
5.5330281496062987
11
-4.5200146850393699
21
5.5339099606299209
0
LINE
8
BLACK
6
CONTINUOUS
10
-4.5200146850393699
20
5.5339099606299209
11
-4.4944905905511812
21
5.5340234251968505
0
LINE
8
BLACK
6
CONTINUOUS
10
-4.4944905905511812
20
5.5340234251968505
11
-4.4933384645669294
21
5.5339099606299209
0
LINE
8
BLACK
6
CONTINUOUS
10
-4.415917244094488
20
5.5339659842519682
11
-4.4157617322834648
21
5.5339770472440941
0
LINE
8
BLACK
6
CONTINUOUS
10
-4.4157617322834648
20
5.5339770472440941
11
-4.4156422834645666
21
5.5339388976377952
0
LINE
8
BLACK
6
CONTINUOUS
10
-4.4156422834645666
20
5.5339388976377952
11
-4.4153482283464562
21
5.5339099606299209
0
LINE
8
BLACK
6
CONTINUOUS
10
-4.4153482283464562
20
5.5339099606299209
11
-4.4146656299212594
21
5.5336272047244091
0
LINE
8
BLACK
6
CONTINUOUS
10
-4.4146656299212594
20
5.5336272047244091
11
-4.4073212598425195
21
5.5312831496062991
0
LINE
8
BLACK
6
CONTINUOUS
10
-4.4073212598425195
20
5.5312831496062991
11
-4.4062641732283465
21
5.5308111811023624
0
LINE
8
BLACK
6
CONTINUOUS
10
-4.4062641732283465
20
5.5308111811023624
11
-4.4061039370078738
21
5.5306721653543303
0
LINE
8
BLACK
6
CONTINUOUS
10
-4.4061039370078738
20
5.5306721653543303
11
-4.4059078740157478
21
5.530590984251968
0
LINE
8
BLACK
6
CONTINUOUS
10
-4.4059078740157478
20
5.530590984251968
11
-4.4050609448818898
21
5.5297675984251971
0
LINE
8
BLACK
6
CONTINUOUS
10
-4.4050609448818898
20
5.5297675984251971
11
-4.4045234251968504
21
5.5293014173228343
0
LINE
8
BLACK
6
CONTINUOUS
10
-4.4045234251968504
20
5.5293014173228343
11
-4.4044685826771657
21
5.5291916929133853
0
LINE
8
BLACK
6
CONTINUOUS
10
-4.4044685826771657
20
5.5291916929133853
11
-4.4001385433070865
21
5.524982125984252
0
LINE
8
BLACK
6
CONTINUOUS
10
-4.4001385433070865
20
5.524982125984252
11
-4.3997669685039371
21
5.5245292913385828
0
LINE
8
BLACK
6
CONTINUOUS
10
-4.3997669685039371
20
5.5245292913385828
11
-4.3996490551181102
21
5.5244270866141729
0
LINE
8
BLACK
6
CONTINUOUS
10
-4.3996490551181102
20
5.5244270866141729
11
-4.3995898031496061
21
5.5243134251968504
0
LINE
8
BLACK
6
CONTINUOUS
10
-4.3995898031496061
20
5.5243134251968504
11
-4.3994040944881885
21
5.5240872047244096
0
LINE
8
BLACK
6
CONTINUOUS
10
-4.3994040944881885
20
5.5240872047244096
11
-4.3991433464566931
21
5.5234576377952758
0
LINE
8
BLACK
6
CONTINUOUS
10
-4.3991433464566931
20
5.5234576377952758
11
-4.3965951181102358
21
5.5185729527559051
0
LINE
8
BLACK
6
CONTINUOUS
10
-4.3965951181102358
20
5.5185729527559051
11
-4.3965628740157481
21
5.5184886614173223
0
LINE
8
BLACK
6
CONTINUOUS
10
-4.3965628740157481
20
5.5184886614173223
11
-4.3965374803149606
21
5.518454409448819
0
LINE
8
BLACK
6
CONTINUOUS
10
-4.3965374803149606
20
5.518454409448819
11
-4.3965112598425193
21
5.5183537401574805
0
LINE
8
BLACK
6
CONTINUOUS
10
-4.3965112598425193
20
5.5183537401574805
11
-4.3961813385826769
21
5.5174917322834647
0
LINE
8
BLACK
6
CONTINUOUS
10
-4.3961813385826769
20
5.5174917322834647
11
-4.3961420078740154
21
5.5169378740157482
0
LINE
8
BLACK
6
CONTINUOUS
10
-4.3961420078740154
20
5.5169378740157482
11
-4.3937107874015746
21
5.5076154330708658
0
LINE
8
BLACK
6
CONTINUOUS
10
-4.3937107874015746
20
5.5076154330708658
11
-4.3936812598425199
21
5.50741562992126
0
LINE
8
BLACK
6
CONTINUOUS
10
-4.3936812598425199
20
5.50741562992126
11
-4.3936479527559058
21
5.5073352755905507
0
LINE
8
BLACK
6
CONTINUOUS
10
-4.3936479527559058
20
5.5073352755905507
11
-4.3936458267716532
21
5.5071759842519681
0
LINE
8
BLACK
6
CONTINUOUS
10
-4.3936458267716532
20
5.5071759842519681
11
-4.3935414566929136
21
5.5064701574803152
0
LINE
8
BLACK
6
CONTINUOUS
10
-4.3935414566929136
20
5.5064701574803152
11
-4.3936285433070861
21
5.5058851574803152
0
LINE
8
BLACK
6
CONTINUOUS
10
-4.3936285433070861
20
5.5058851574803152
11
-4.3935344881889762
21
5.4988715748031494
0
LINE
8
BLACK
6
CONTINUOUS
10
-4.3935344881889762
20
5.4988715748031494
11
-4.3935542913385826
21
5.4986706692913385
0
LINE
8
BLACK
6
CONTINUOUS
10
-4.3935542913385826
20
5.4986706692913385
11
-4.3935414566929136
21
5.498584566929134
0
LINE
8
BLACK
6
CONTINUOUS
10
-4.3935414566929136
20
5.498584566929134
11
-4.3935776771653545
21
5.4984332677165355
0
LINE
8
BLACK
6
CONTINUOUS
10
-4.3935776771653545
20
5.4984332677165355
11
-4.3936479527559058
21
5.4977194488188976
0
LINE
8
BLACK
6
CONTINUOUS
10
-4.3936479527559058
20
5.4977194488188976
11
-4.3938859055118114
21
5.4971450393700785
0
LINE
8
BLACK
6
CONTINUOUS
10
-4.3938859055118114
20
5.4971450393700785
11
-4.3961479921259841
21
5.4876905118110235
0
LINE
8
BLACK
6
CONTINUOUS
10
-4.3961479921259841
20
5.4876905118110235
11
-4.3961783464566926
21
5.4876056299212594
0
LINE
8
BLACK
6
CONTINUOUS
10
-4.3961783464566926
20
5.4876056299212594
11
-4.3961813385826769
21
5.4875630314960633
0
LINE
8
BLACK
6
CONTINUOUS
10
-4.3961813385826769
20
5.4875630314960633
11
-4.3962294488188975
21
5.4874625590551176
0
LINE
8
BLACK
6
CONTINUOUS
10
-4.3962294488188975
20
5.4874625590551176
11
-4.3965374803149606
21
5.4866003149606302
0
LINE
8
BLACK
6
CONTINUOUS
10
-4.3965374803149606
20
5.4866003149606302
11
-4.3968333464566927
21
5.4862009842519681
0
LINE
8
BLACK
6
CONTINUOUS
10
-4.3968333464566927
20
5.4862009842519681
11
-4.3990323228346453
21
5.4816073622047243
0
LINE
8
BLACK
6
CONTINUOUS
10
-4.3990323228346453
20
5.4816073622047243
11
-4.3993443700787402
21
5.4811116141732281
0
LINE
8
BLACK
6
CONTINUOUS
10
-4.3993443700787402
20
5.4811116141732281
11
-4.3994040944881885
21
5.4809674409448821
0
LINE
8
BLACK
6
CONTINUOUS
10
-4.3994040944881885
20
5.4809674409448821
11
-4.3994921653543306
21
5.4808768503937006
0
LINE
8
BLACK
6
CONTINUOUS
10
-4.3994921653543306
20
5.4808768503937006
11
-4.3996490551181102
21
5.4806275984251966
0
LINE
8
BLACK
6
CONTINUOUS
10
-4.3996490551181102
20
5.4806275984251966
11
-4.4001937795275587
21
5.4801551968503937
0
LINE
8
BLACK
6
CONTINUOUS
10
-4.4001937795275587
20
5.4801551968503937
11
-4.4050129527559054
21
5.4751981889763774
0
LINE
8
BLACK
6
CONTINUOUS
10
-4.4050129527559054
20
5.4751981889763774
11
-4.4059078740157478
21
5.4744637401574803
0
LINE
8
BLACK
6
CONTINUOUS
10
-4.4059078740157478
20
5.4744637401574803
11
-4.4061039370078738
21
5.4743825196850393
0
LINE
8
BLACK
6
CONTINUOUS
10
-4.4061039370078738
20
5.4743825196850393
11
-4.4062641732283465
21
5.4742435433070868
0
LINE
8
BLACK
6
CONTINUOUS
10
-4.4062641732283465
20
5.4742435433070868
11
-4.4073549606299212
21
5.4738643307086612
0
LINE
8
BLACK
6
CONTINUOUS
10
-4.4073549606299212
20
5.4738643307086612
11
-4.4080367322834642
21
5.4735819685039369
0
LINE
8
BLACK
6
CONTINUOUS
10
-4.4080367322834642
20
5.4735819685039369
11
-4.4081672834645671
21
5.4735819685039369
0
LINE
8
BLACK
6
CONTINUOUS
10
-4.4081672834645671
20
5.4735819685039369
11
-4.4146328740157479
21
5.4713343700787398
0
LINE
8
BLACK
6
CONTINUOUS
10
-4.4146328740157479
20
5.4713343700787398
11
-4.4152040551181102
21
5.4712044881889765
0
LINE
8
BLACK
6
CONTINUOUS
10
-4.4152040551181102
20
5.4712044881889765
11
-4.4153482283464562
21
5.4711447637795274
0
LINE
8
BLACK
6
CONTINUOUS
10
-4.4153482283464562
20
5.4711447637795274
11
-4.4154713385826767
21
5.4711437007874011
0
LINE
8
BLACK
6
CONTINUOUS
10
-4.4154713385826767
20
5.4711437007874011
11
-4.4157617322834648
21
5.4710776771653542
0
LINE
8
BLACK
6
CONTINUOUS
10
-4.4157617322834648
20
5.4710776771653542
11
-4.4165605905511809
21
5.4711344488188978
0
LINE
8
BLACK
6
CONTINUOUS
10
-4.4165605905511809
20
5.4711344488188978
11
-4.4286863385826774
21
5.4710312992125987
0
LINE
8
BLACK
6
CONTINUOUS
10
-4.4286863385826774
20
5.4710312992125987
11
-4.4298384645669291
21
5.4711447637795274
0
LINE
8
BLACK
6
CONTINUOUS
10
-4.4298384645669291
20
5.4711447637795274
11
-4.4319672834645667
21
5.4720265748031496
0
LINE
8
BLACK
6
CONTINUOUS
10
-4.4319672834645667
20
5.4720265748031496
11
-4.4335965748031496
21
5.4736558661417325
0
LINE
8
BLACK
6
CONTINUOUS
10
-4.4335965748031496
20
5.4736558661417325
11
-4.4344783858267718
21
5.4757846850393701
0
LINE
8
BLACK
6
CONTINUOUS
10
-4.4344783858267718
20
5.4757846850393701
11
-4.4345918503937005
21
5.5281179133858265
0
LINE
8
BLACK
6
CONTINUOUS
10
-4.4345918503937005
20
5.5281179133858265
11
-4.4344783858267718
21
5.5292700393700782
0
LINE
8
BLACK
6
CONTINUOUS
10
-4.4344783858267718
20
5.5292700393700782
11
-4.4335965748031496
21
5.5313988582677167
0
LINE
8
BLACK
6
CONTINUOUS
10
-4.4335965748031496
20
5.5313988582677167
11
-4.4319672834645667
21
5.5330281496062987
0
LINE
8
BLACK
6
CONTINUOUS
10
-4.4319672834645667
20
5.5330281496062987
11
-4.4298384645669291
21
5.5339099606299209
0
LINE
8
BLACK
6
CONTINUOUS
10
-4.4298384645669291
20
5.5339099606299209
11
-4.4165003543307089
21
5.5340234251968505
0
LINE
8
BLACK
6
CONTINUOUS
10
-4.4165003543307089
20
5.5340234251968505
11
-4.415917244094488
21
5.5339659842519682
0
LINE
8
BLACK
6
CONTINUOUS
10
-4.4228791338582676
20
5.5222617716535431
11
-4.4227935433070868
21
5.4827887795275592
0
LINE
8
BLACK
6
CONTINUOUS
10
-4.4227935433070868
20
5.4827887795275592
11
-4.4172128740157479
21
5.4828362598425198
0
LINE
8
BLACK
6
CONTINUOUS
10
-4.4172128740157479
20
5.4828362598425198
11
-4.4122432677165353
21
5.4845638188976373
0
LINE
8
BLACK
6
CONTINUOUS
10
-4.4122432677165353
20
5.4845638188976373
11
-4.4090175984251969
21
5.4878817322834648
0
LINE
8
BLACK
6
CONTINUOUS
10
-4.4090175984251969
20
5.4878817322834648
11
-4.4072657480314961
21
5.4915412992125985
0
LINE
8
BLACK
6
CONTINUOUS
10
-4.4072657480314961
20
5.4915412992125985
11
-4.4052615354330706
21
5.4999178740157477
0
LINE
8
BLACK
6
CONTINUOUS
10
-4.4052615354330706
20
5.4999178740157477
11
-4.4053405511811023
21
5.505811181102362
0
LINE
8
BLACK
6
CONTINUOUS
10
-4.4053405511811023
20
5.505811181102362
11
-4.4075285826771653
21
5.5142013385826774
0
LINE
8
BLACK
6
CONTINUOUS
10
-4.4075285826771653
20
5.5142013385826774
11
-4.4092537401574798
21
5.5175083070866142
0
LINE
8
BLACK
6
CONTINUOUS
10
-4.4092537401574798
20
5.5175083070866142
11
-4.4124668503937006
21
5.520632047244094
0
LINE
8
BLACK
6
CONTINUOUS
10
-4.4124668503937006
20
5.520632047244094
11
-4.4177108267716534
21
5.5223057480314957
0
LINE
8
BLACK
6
CONTINUOUS
10
-4.4177108267716534
20
5.5223057480314957
11
-4.4228791338582676
21
5.5222617716535431
0
LINE
8
BLACK
6
CONTINUOUS
10
-4.549393976377953
20
5.5339099606299209
11
-4.5491980314960632
21
5.5338287795275587
0
LINE
8
BLACK
6
CONTINUOUS
10
-4.5491980314960632
20
5.5338287795275587
11
-4.548986299212598
21
5.5338137401574805
0
LINE
8
BLACK
6
CONTINUOUS
10
-4.548986299212598
20
5.5338137401574805
11
-4.5478596062992125
21
5.5332743700787397
0
LINE
8
BLACK
6
CONTINUOUS
10
-4.5478596062992125
20
5.5332743700787397
11
-4.5472651574803145
21
5.5330281496062987
0
LINE
8
BLACK
6
CONTINUOUS
10
-4.5472651574803145
20
5.5330281496062987
11
-4.5471916535433072
21
5.5329546062992128
0
LINE
8
BLACK
6
CONTINUOUS
10
-4.5471916535433072
20
5.5329546062992128
11
-4.5430306692913387
21
5.5309627559055121
0
LINE
8
BLACK
6
CONTINUOUS
10
-4.5430306692913387
20
5.5309627559055121
11
-4.5425348818897637
21
5.5306506299212597
0
LINE
8
BLACK
6
CONTINUOUS
10
-4.5425348818897637
20
5.5306506299212597
11
-4.5423907874015743
21
5.530590984251968
0
LINE
8
BLACK
6
CONTINUOUS
10
-4.5423907874015743
20
5.530590984251968
11
-4.5422946062992127
21
5.5304993700787399
0
LINE
8
BLACK
6
CONTINUOUS
10
-4.5422946062992127
20
5.5304993700787399
11
-4.542050905511811
21
5.5303460236220472
0
LINE
8
BLACK
6
CONTINUOUS
10
-4.542050905511811
20
5.5303460236220472
11
-4.5416604724409444
21
5.5298957874015748
0
LINE
8
BLACK
6
CONTINUOUS
10
-4.5416604724409444
20
5.5298957874015748
11
-4.5390586614173225
21
5.5274193307086614
0
LINE
8
BLACK
6
CONTINUOUS
10
-4.5390586614173225
20
5.5274193307086614
11
-4.5386869685039368
21
5.526966377952756
0
LINE
8
BLACK
6
CONTINUOUS
10
-4.5386869685039368
20
5.526966377952756
11
-4.5385691732283462
21
5.5268642519685036
0
LINE
8
BLACK
6
CONTINUOUS
10
-4.5385691732283462
20
5.5268642519685036
11
-4.5385099606299208
21
5.5267507086614174
0
LINE
8
BLACK
6
CONTINUOUS
10
-4.5385099606299208
20
5.5267507086614174
11
-4.5383242125984253
21
5.5265244094488191
0
LINE
8
BLACK
6
CONTINUOUS
10
-4.5383242125984253
20
5.5265244094488191
11
-4.5380633858267716
21
5.5258946456692914
0
LINE
8
BLACK
6
CONTINUOUS
10
-4.5380633858267716
20
5.5258946456692914
11
-4.5355152755905515
21
5.5210101574803145
0
LINE
8
BLACK
6
CONTINUOUS
10
-4.5355152755905515
20
5.5210101574803145
11
-4.5351014960629916
21
5.5199289370078741
0
LINE
8
BLACK
6
CONTINUOUS
10
-4.5351014960629916
20
5.5199289370078741
11
-4.5350864566929134
21
5.519717204724409
0
LINE
8
BLACK
6
CONTINUOUS
10
-4.5350864566929134
20
5.519717204724409
11
-4.5350052755905512
21
5.5195212598425192
0
LINE
8
BLACK
6
CONTINUOUS
10
-4.5350052755905512
20
5.5195212598425192
11
-4.5349896456692909
21
5.5183545275590546
0
LINE
8
BLACK
6
CONTINUOUS
10
-4.5349896456692909
20
5.5183545275590546
11
-4.534938188976378
21
5.5176304724409446
0
LINE
8
BLACK
6
CONTINUOUS
10
-4.534938188976378
20
5.5176304724409446
11
-4.5349783464566924
21
5.5175100787401572
0
LINE
8
BLACK
6
CONTINUOUS
10
-4.5349783464566924
20
5.5175100787401572
11
-4.5348918110236216
21
5.5110575196850391
0
LINE
8
BLACK
6
CONTINUOUS
10
-4.5348918110236216
20
5.5110575196850391
11
-4.5350052755905512
21
5.5099053937007874
0
LINE
8
BLACK
6
CONTINUOUS
10
-4.5350052755905512
20
5.5099053937007874
11
-4.5350864566929134
21
5.5097094094488188
0
LINE
8
BLACK
6
CONTINUOUS
10
-4.5350864566929134
20
5.5097094094488188
11
-4.5351014960629916
21
5.5094977165354333
0
LINE
8
BLACK
6
CONTINUOUS
10
-4.5351014960629916
20
5.5094977165354333
11
-4.5356409055118112
21
5.5083709055118106
0
LINE
8
BLACK
6
CONTINUOUS
10
-4.5356409055118112
20
5.5083709055118106
11
-4.5358870866141734
21
5.5077765748031497
0
LINE
8
BLACK
6
CONTINUOUS
10
-4.5358870866141734
20
5.5077765748031497
11
-4.5359606299212594
21
5.5077030314960629
0
LINE
8
BLACK
6
CONTINUOUS
10
-4.5359606299212594
20
5.5077030314960629
11
-4.5379524409448821
21
5.5035421259842519
0
LINE
8
BLACK
6
CONTINUOUS
10
-4.5379524409448821
20
5.5035421259842519
11
-4.538264527559055
21
5.5030463779527556
0
LINE
8
BLACK
6
CONTINUOUS
10
-4.538264527559055
20
5.5030463779527556
11
-4.5383242125984253
21
5.5029022440944884
0
LINE
8
BLACK
6
CONTINUOUS
10
-4.5383242125984253
20
5.5029022440944884
11
-4.5384158661417322
21
5.5028059448818896
0
LINE
8
BLACK
6
CONTINUOUS
10
-4.5384158661417322
20
5.5028059448818896
11
-4.5385691732283462
21
5.5025624015748029
0
LINE
8
BLACK
6
CONTINUOUS
10
-4.5385691732283462
20
5.5025624015748029
11
-4.539019173228346
21
5.5021721259842522
0
LINE
8
BLACK
6
CONTINUOUS
10
-4.539019173228346
20
5.5021721259842522
11
-4.541495866141732
21
5.4995701181102357
0
LINE
8
BLACK
6
CONTINUOUS
10
-4.541495866141732
20
5.4995701181102357
11
-4.5419487007874011
21
5.4991985039370075
0
LINE
8
BLACK
6
CONTINUOUS
10
-4.5419487007874011
20
5.4991985039370075
11
-4.542050905511811
21
5.4990806299212593
0
LINE
8
BLACK
6
CONTINUOUS
10
-4.542050905511811
20
5.4990806299212593
11
-4.5421645669291335
21
5.4990213385826774
0
LINE
8
BLACK
6
CONTINUOUS
10
-4.5421645669291335
20
5.4990213385826774
11
-4.5423907874015743
21
5.4988356692913385
0
LINE
8
BLACK
6
CONTINUOUS
10
-4.5423907874015743
20
5.4988356692913385
11
-4.5430203937007869
21
5.4985748818897635
0
LINE
8
BLACK
6
CONTINUOUS
10
-4.5430203937007869
20
5.4985748818897635
11
-4.5472711023622043
21
5.4963574015748033
0
LINE
8
BLACK
6
CONTINUOUS
10
-4.5472711023622043
20
5.4963574015748033
11
-4.5359593307086614
21
5.4803234251968505
0
LINE
8
BLACK
6
CONTINUOUS
10
-4.5359593307086614
20
5.4803234251968505
11
-4.5353916141732284
21
5.4793144881889759
0
LINE
8
BLACK
6
CONTINUOUS
10
-4.5353916141732284
20
5.4793144881889759
11
-4.5348931889763779
21
5.4770648031496059
0
LINE
8
BLACK
6
CONTINUOUS
10
-4.5348931889763779
20
5.4770648031496059
11
-4.5352936220472442
21
5.474795708661417
0
LINE
8
BLACK
6
CONTINUOUS
10
-4.5352936220472442
20
5.474795708661417
11
-4.5365319291338579
21
5.4728524803149607
0
LINE
8
BLACK
6
CONTINUOUS
10
-4.5365319291338579
20
5.4728524803149607
11
-4.5384196456692916
21
5.4715311023622046
0
LINE
8
BLACK
6
CONTINUOUS
10
-4.5384196456692916
20
5.4715311023622046
11
-4.5406693307086616
21
5.4710327165354329
0
LINE
8
BLACK
6
CONTINUOUS
10
-4.5406693307086616
20
5.4710327165354329
11
-4.5429384645669293
21
5.4714331102362204
0
LINE
8
BLACK
6
CONTINUOUS
10
-4.5429384645669293
20
5.4714331102362204
11
-4.5448816535433068
21
5.4726714566929129
0
LINE
8
BLACK
6
CONTINUOUS
10
-4.5448816535433068
20
5.4726714566929129
11
-4.560953858267716
21
5.4954531496062993
0
LINE
8
BLACK
6
CONTINUOUS
10
-4.560953858267716
20
5.4954531496062993
11
-4.5641782677165352
21
5.4954354330708659
0
LINE
8
BLACK
6
CONTINUOUS
10
-4.5641782677165352
20
5.4954354330708659
11
-4.5641381496062987
21
5.4769368110236218
0
LINE
8
BLACK
6
CONTINUOUS
10
-4.5641381496062987
20
5.4769368110236218
11
-4.5642516141732283
21
5.4757846850393701
0
LINE
8
BLACK
6
CONTINUOUS
10
-4.5642516141732283
20
5.4757846850393701
11
-4.5651334251968505
21
5.4736558661417325
0
LINE
8
BLACK
6
CONTINUOUS
10
-4.5651334251968505
20
5.4736558661417325
11
-4.5667627165354325
21
5.4720265748031496
0
LINE
8
BLACK
6
CONTINUOUS
10
-4.5667627165354325
20
5.4720265748031496
11
-4.568891535433071
21
5.4711447637795274
0
LINE
8
BLACK
6
CONTINUOUS
10
-4.568891535433071
20
5.4711447637795274
11
-4.5711957874015745
21
5.4711447637795274
0
LINE
8
BLACK
6
CONTINUOUS
10
-4.5711957874015745
20
5.4711447637795274
11
-4.5733246062992121
21
5.4720265748031496
0
LINE
8
BLACK
6
CONTINUOUS
10
-4.5733246062992121
20
5.4720265748031496
11
-4.574953897637795
21
5.4736558661417325
0
LINE
8
BLACK
6
CONTINUOUS
10
-4.574953897637795
20
5.4736558661417325
11
-4.5758357086614172
21
5.4757846850393701
0
LINE
8
BLACK
6
CONTINUOUS
10
-4.5758357086614172
20
5.4757846850393701
11
-4.5759491732283459
21
5.5281179133858265
0
LINE
8
BLACK
6
CONTINUOUS
10
-4.5759491732283459
20
5.5281179133858265
11
-4.5758357086614172
21
5.5292700393700782
0
LINE
8
BLACK
6
CONTINUOUS
10
-4.5758357086614172
20
5.5292700393700782
11
-4.574953897637795
21
5.5313988582677167
0
LINE
8
BLACK
6
CONTINUOUS
10
-4.574953897637795
20
5.5313988582677167
11
-4.5733246062992121
21
5.5330281496062987
0
LINE
8
BLACK
6
CONTINUOUS
10
-4.5733246062992121
20
5.5330281496062987
11
-4.5711957874015745
21
5.5339099606299209
0
LINE
8
BLACK
6
CONTINUOUS
10
-4.5711957874015745
20
5.5339099606299209
11
-4.5505461023622047
21
5.5340234251968505
0
LINE
8
BLACK
6
CONTINUOUS
10
-4.5505461023622047
20
5.5340234251968505
11
-4.549393976377953
21
5.5339099606299209
0
LINE
8
BLACK
6
CONTINUOUS
10
-4.5642364173228342
20
5.5222442913385823
11
-4.5642036614173227
21
5.5071391732283459
0
LINE
8
BLACK
6
CONTINUOUS
10
-4.5642036614173227
20
5.5071391732283459
11
-4.5581685433070867
21
5.5071723622047246
0
LINE
8
BLACK
6
CONTINUOUS
10
-4.5581685433070867
20
5.5071723622047246
11
-4.5579856692913383
21
5.5072128740157478
0
LINE
8
BLACK
6
CONTINUOUS
10
-4.5579856692913383
20
5.5072128740157478
11
-4.5577686220472442
21
5.5071745275590551
0
LINE
8
BLACK
6
CONTINUOUS
10
-4.5577686220472442
20
5.5071745275590551
11
-4.5518027952755906
21
5.5072073228346454
0
LINE
8
BLACK
6
CONTINUOUS
10
-4.5518027952755906
20
5.5072073228346454
11
-4.5490366929133854
21
5.5086503149606294
0
LINE
8
BLACK
6
CONTINUOUS
10
-4.5490366929133854
20
5.5086503149606294
11
-4.5479488582677163
21
5.5097931889763778
0
LINE
8
BLACK
6
CONTINUOUS
10
-4.5479488582677163
20
5.5097931889763778
11
-4.5466249606299209
21
5.5125587795275592
0
LINE
8
BLACK
6
CONTINUOUS
10
-4.5466249606299209
20
5.5125587795275592
11
-4.5466857480314964
21
5.5170928740157477
0
LINE
8
BLACK
6
CONTINUOUS
10
-4.5466857480314964
20
5.5170928740157477
11
-4.548138897637795
21
5.519878503937008
0
LINE
8
BLACK
6
CONTINUOUS
10
-4.548138897637795
20
5.519878503937008
11
-4.5492817716535434
21
5.520966338582677
0
LINE
8
BLACK
6
CONTINUOUS
10
-4.5492817716535434
20
5.520966338582677
11
-4.5520908267716536
21
5.5223110236220467
0
LINE
8
BLACK
6
CONTINUOUS
10
-4.5520908267716536
20
5.5223110236220467
11
-4.5642364173228342
21
5.5222442913385823
0
LINE
8
BLACK
6
CONTINUOUS
10
-4.4616682283464568
20
5.5338435826771653
11
-4.4612472834645667
21
5.5338137007874018
0
LINE
8
BLACK
6
CONTINUOUS
10
-4.4612472834645667
20
5.5338137007874018
11
-4.460585
21
5.5334825196850392
0
LINE
8
BLACK
6
CONTINUOUS
10
-4.460585
20
5.5334825196850392
11
-4.4598824803149606
21
5.5332483858267718
0
LINE
8
BLACK
6
CONTINUOUS
10
-4.4598824803149606
20
5.5332483858267718
11
-4.4595637401574804
21
5.532971889763779
0
LINE
8
BLACK
6
CONTINUOUS
10
-4.4595637401574804
20
5.532971889763779
11
-4.4591863385826773
21
5.5327832283464566
0
LINE
8
BLACK
6
CONTINUOUS
10
-4.4591863385826773
20
5.5327832283464566
11
-4.4587011023622045
21
5.5322237007874016
0
LINE
8
BLACK
6
CONTINUOUS
10
-4.4587011023622045
20
5.5322237007874016
11
-4.4581417716535432
21
5.5317386220472438
0
LINE
8
BLACK
6
CONTINUOUS
10
-4.4581417716535432
20
5.5317386220472438
11
-4.4579531496062987
21
5.5313612992125982
0
LINE
8
BLACK
6
CONTINUOUS
10
-4.4579531496062987
20
5.5313612992125982
11
-4.457676614173228
21
5.5310425196850392
0
LINE
8
BLACK
6
CONTINUOUS
10
-4.457676614173228
20
5.5310425196850392
11
-4.4574375590551183
21
5.5303301574803152
0
LINE
8
BLACK
6
CONTINUOUS
10
-4.4574375590551183
20
5.5303301574803152
11
-4.4571112992125981
21
5.5296777165354332
0
LINE
8
BLACK
6
CONTINUOUS
10
-4.4571112992125981
20
5.5296777165354332
11
-4.4570825196850397
21
5.5292722834645671
0
LINE
8
BLACK
6
CONTINUOUS
10
-4.4570825196850397
20
5.5292722834645671
11
-4.4401442125984252
21
5.4788042913385828
0
LINE
8
BLACK
6
CONTINUOUS
10
-4.4401442125984252
20
5.4788042913385828
11
-4.4398875196850396
21
5.4776753937007872
0
LINE
8
BLACK
6
CONTINUOUS
10
-4.4398875196850396
20
5.4776753937007872
11
-4.4400509055118107
21
5.4753769685039373
0
LINE
8
BLACK
6
CONTINUOUS
10
-4.4400509055118107
20
5.4753769685039373
11
-4.4410813385826771
21
5.4733160629921258
0
LINE
8
BLACK
6
CONTINUOUS
10
-4.4410813385826771
20
5.4733160629921258
11
-4.4428220866141732
21
5.4718062992125986
0
LINE
8
BLACK
6
CONTINUOUS
10
-4.4428220866141732
20
5.4718062992125986
11
-4.4450080708661419
21
5.4710776377952755
0
LINE
8
BLACK
6
CONTINUOUS
10
-4.4450080708661419
20
5.4710776377952755
11
-4.4473064960629918
21
5.4712410236220475
0
LINE
8
BLACK
6
CONTINUOUS
10
-4.4473064960629918
20
5.4712410236220475
11
-4.4493674015748033
21
5.4722714566929129
0
LINE
8
BLACK
6
CONTINUOUS
10
-4.4493674015748033
20
5.4722714566929129
11
-4.4508771653543304
21
5.4740121653543303
0
LINE
8
BLACK
6
CONTINUOUS
10
-4.4508771653543304
20
5.4740121653543303
11
-4.4548147244094487
21
5.485744133858268
0
LINE
8
BLACK
6
CONTINUOUS
10
-4.4548147244094487
20
5.485744133858268
11
-4.4707545669291342
21
5.4856732677165354
0
LINE
8
BLACK
6
CONTINUOUS
10
-4.4707545669291342
20
5.4856732677165354
11
-4.4742649606299212
21
5.4750693307086609
0
LINE
8
BLACK
6
CONTINUOUS
10
-4.4742649606299212
20
5.4750693307086609
11
-4.4747369685039367
21
5.4740122047244091
0
LINE
8
BLACK
6
CONTINUOUS
10
-4.4747369685039367
20
5.4740122047244091
11
-4.4762466929133859
21
5.4722714960629917
0
LINE
8
BLACK
6
CONTINUOUS
10
-4.4762466929133859
20
5.4722714960629917
11
-4.4783075984251965
21
5.4712410236220475
0
LINE
8
BLACK
6
CONTINUOUS
10
-4.4783075984251965
20
5.4712410236220475
11
-4.4806060236220473
21
5.4710776771653542
0
LINE
8
BLACK
6
CONTINUOUS
10
-4.4806060236220473
20
5.4710776771653542
11
-4.4827920472440947
21
5.4718063385826774
0
LINE
8
BLACK
6
CONTINUOUS
10
-4.4827920472440947
20
5.4718063385826774
11
-4.4845327559055121
21
5.4733160629921258
0
LINE
8
BLACK
6
CONTINUOUS
10
-4.4845327559055121
20
5.4733160629921258
11
-4.4855632283464564
21
5.4753769685039373
0
LINE
8
BLACK
6
CONTINUOUS
10
-4.4855632283464564
20
5.4753769685039373
11
-4.4857265748031496
21
5.4776753937007872
0
LINE
8
BLACK
6
CONTINUOUS
10
-4.4857265748031496
20
5.4776753937007872
11
-4.4807850787401575
21
5.4926022834645671
0
LINE
8
BLACK
6
CONTINUOUS
10
-4.4807850787401575
20
5.4926022834645671
11
-4.4807850787401575
21
5.4927120866141728
0
LINE
8
BLACK
6
CONTINUOUS
10
-4.4807850787401575
20
5.4927120866141728
11
-4.4806041338582681
21
5.4931489370078737
0
LINE
8
BLACK
6
CONTINUOUS
10
-4.4806041338582681
20
5.4931489370078737
11
-4.4684095669291342
21
5.5299853937007875
0
LINE
8
BLACK
6
CONTINUOUS
10
-4.4684095669291342
20
5.5299853937007875
11
-4.4679375590551178
21
5.5310425196850392
0
LINE
8
BLACK
6
CONTINUOUS
10
-4.4679375590551178
20
5.5310425196850392
11
-4.4676611023622046
21
5.5313612598425195
0
LINE
8
BLACK
6
CONTINUOUS
10
-4.4676611023622046
20
5.5313612598425195
11
-4.4674724015748026
21
5.5317386614173225
0
LINE
8
BLACK
6
CONTINUOUS
10
-4.4674724015748026
20
5.5317386614173225
11
-4.4669130314960626
21
5.5322238188976378
0
LINE
8
BLACK
6
CONTINUOUS
10
-4.4669130314960626
20
5.5322238188976378
11
-4.4664278346456694
21
5.5327832283464566
0
LINE
8
BLACK
6
CONTINUOUS
10
-4.4664278346456694
20
5.5327832283464566
11
-4.4660504724409451
21
5.532971889763779
0
LINE
8
BLACK
6
CONTINUOUS
10
-4.4660504724409451
20
5.532971889763779
11
-4.4657316929133861
21
5.5332483858267718
0
LINE
8
BLACK
6
CONTINUOUS
10
-4.4657316929133861
20
5.5332483858267718
11
-4.465029291338583
21
5.5334825196850392
0
LINE
8
BLACK
6
CONTINUOUS
10
-4.465029291338583
20
5.5334825196850392
11
-4.4643669291338579
21
5.5338137007874018
0
LINE
8
BLACK
6
CONTINUOUS
10
-4.4643669291338579
20
5.5338137007874018
11
-4.4639460236220474
21
5.5338435826771653
0
LINE
8
BLACK
6
CONTINUOUS
10
-4.4639460236220474
20
5.5338435826771653
11
-4.4635457086614174
21
5.5339770472440941
0
LINE
8
BLACK
6
CONTINUOUS
10
-4.4635457086614174
20
5.5339770472440941
11
-4.4628071259842521
21
5.533924527559055
0
LINE
8
BLACK
6
CONTINUOUS
10
-4.4628071259842521
20
5.533924527559055
11
-4.462068503937008
21
5.5339770472440941
0
LINE
8
BLACK
6
CONTINUOUS
10
-4.462068503937008
20
5.5339770472440941
11
-4.4616682283464568
21
5.5338435826771653
0
LINE
8
BLACK
6
CONTINUOUS
10
-4.4668747637795274
20
5.4973931889763774
11
-4.4587365354330704
21
5.4974293700787404
0
LINE
8
BLACK
6
CONTINUOUS
10
-4.4587365354330704
20
5.4974293700787404
11
-4.4628275590551176
21
5.5096186614173224
0
LINE
8
BLACK
6
CONTINUOUS
10
-4.4628275590551176
20
5.5096186614173224
11
-4.4668747637795274
21
5.4973931889763774
0
LINE
8
BLACK
6
CONTINUOUS
10
-4.3824356692913389
20
5.5335220866141732
11
-4.3805488188976378
21
5.5321995275590554
0
LINE
8
BLACK
6
CONTINUOUS
10
-4.3805488188976378
20
5.5321995275590554
11
-4.3677291338582673
21
5.5122066141732287
0
LINE
8
BLACK
6
CONTINUOUS
10
-4.3677291338582673
20
5.5122066141732287
11
-4.3556783070866141
21
5.5312884251968502
0
LINE
8
BLACK
6
CONTINUOUS
10
-4.3556783070866141
20
5.5312884251968502
11
-4.3549640551181099
21
5.5321995275590554
0
LINE
8
BLACK
6
CONTINUOUS
10
-4.3549640551181099
20
5.5321995275590554
11
-4.353077165354331
21
5.5335220866141732
0
LINE
8
BLACK
6
CONTINUOUS
10
-4.353077165354331
20
5.5335220866141732
11
-4.3508278740157476
21
5.5340219291338579
0
LINE
8
BLACK
6
CONTINUOUS
10
-4.3508278740157476
20
5.5340219291338579
11
-4.3485584645669286
21
5.5336229921259843
0
LINE
8
BLACK
6
CONTINUOUS
10
-4.3485584645669286
20
5.5336229921259843
11
-4.3466144488188974
21
5.5323858661417322
0
LINE
8
BLACK
6
CONTINUOUS
10
-4.3466144488188974
20
5.5323858661417322
11
-4.3452918897637796
21
5.5304990157480312
0
LINE
8
BLACK
6
CONTINUOUS
10
-4.3452918897637796
20
5.5304990157480312
11
-4.344792047244094
21
5.5282497244094486
0
LINE
8
BLACK
6
CONTINUOUS
10
-4.344792047244094
20
5.5282497244094486
11
-4.3451909842519685
21
5.5259803149606297
0
LINE
8
BLACK
6
CONTINUOUS
10
-4.3451909842519685
20
5.5259803149606297
11
-4.3619510236220469
21
5.4994417322834641
0
LINE
8
BLACK
6
CONTINUOUS
10
-4.3619510236220469
20
5.4994417322834641
11
-4.3618509448818896
21
5.4769368110236218
0
LINE
8
BLACK
6
CONTINUOUS
10
-4.3618509448818896
20
5.4769368110236218
11
-4.3619644094488184
21
5.4757846850393701
0
LINE
8
BLACK
6
CONTINUOUS
10
-4.3619644094488184
20
5.4757846850393701
11
-4.3628462204724405
21
5.4736558661417325
0
LINE
8
BLACK
6
CONTINUOUS
10
-4.3628462204724405
20
5.4736558661417325
11
-4.3644755118110234
21
5.4720265748031496
0
LINE
8
BLACK
6
CONTINUOUS
10
-4.3644755118110234
20
5.4720265748031496
11
-4.3666043307086611
21
5.4711447637795274
0
LINE
8
BLACK
6
CONTINUOUS
10
-4.3666043307086611
20
5.4711447637795274
11
-4.3689085826771654
21
5.4711447637795274
0
LINE
8
BLACK
6
CONTINUOUS
10
-4.3689085826771654
20
5.4711447637795274
11
-4.371037401574803
21
5.4720265748031496
0
LINE
8
BLACK
6
CONTINUOUS
10
-4.371037401574803
20
5.4720265748031496
11
-4.3726666929133859
21
5.4736558661417325
0
LINE
8
BLACK
6
CONTINUOUS
10
-4.3726666929133859
20
5.4736558661417325
11
-4.3735485039370081
21
5.4757846850393701
0
LINE
8
BLACK
6
CONTINUOUS
10
-4.3735485039370081
20
5.4757846850393701
11
-4.3736551574803153
21
5.4997702362204723
0
LINE
8
BLACK
6
CONTINUOUS
10
-4.3736551574803153
20
5.4997702362204723
11
-4.3897990551181101
21
5.5249474015748028
0
LINE
8
BLACK
6
CONTINUOUS
10
-4.3897990551181101
20
5.5249474015748028
11
-4.3903218897637792
21
5.5259803149606297
0
LINE
8
BLACK
6
CONTINUOUS
10
-4.3903218897637792
20
5.5259803149606297
11
-4.3907208661417325
21
5.5282497244094486
0
LINE
8
BLACK
6
CONTINUOUS
10
-4.3907208661417325
20
5.5282497244094486
11
-4.3902209842519682
21
5.5304990551181099
0
LINE
8
BLACK
6
CONTINUOUS
10
-4.3902209842519682
20
5.5304990551181099
11
-4.3888984251968504
21
5.532385905511811
0
LINE
8
BLACK
6
CONTINUOUS
10
-4.3888984251968504
20
5.532385905511811
11
-4.3869544094488191
21
5.5336229921259843
0
LINE
8
BLACK
6
CONTINUOUS
10
-4.3869544094488191
20
5.5336229921259843
11
-4.3846850000000002
21
5.5340219685039367
0
LINE
8
BLACK
6
CONTINUOUS
10
-4.3846850000000002
20
5.5340219685039367
11
-4.3824356692913389
21
5.5335220866141732
0
LINE
8
BLACK
6
CONTINUOUS
10
-4.2928370078740157
20
5.5345251574803145
11
-4.2912077165354328
21
5.5328958661417325
0
LINE
8
BLACK
6
CONTINUOUS
10
-4.2912077165354328
20
5.5328958661417325
11
-4.2903259055118106
21
5.530767047244094
0
LINE
8
BLACK
6
CONTINUOUS
10
-4.2903259055118106
20
5.530767047244094
11
-4.2902382677165356
21
5.5110502362204725
0
LINE
8
BLACK
6
CONTINUOUS
10
-4.2902382677165356
20
5.5110502362204725
11
-4.2775815748031496
21
5.5110776771653542
0
LINE
8
BLACK
6
CONTINUOUS
10
-4.2775815748031496
20
5.5110776771653542
11
-4.2776514960629921
21
5.5223033464566926
0
LINE
8
BLACK
6
CONTINUOUS
10
-4.2776514960629921
20
5.5223033464566926
11
-4.2775380314960625
21
5.5234554724409444
0
LINE
8
BLACK
6
CONTINUOUS
10
-4.2775380314960625
20
5.5234554724409444
11
-4.2766562204724412
21
5.5255842913385829
0
LINE
8
BLACK
6
CONTINUOUS
10
-4.2766562204724412
20
5.5255842913385829
11
-4.2750269291338583
21
5.5272135826771649
0
LINE
8
BLACK
6
CONTINUOUS
10
-4.2750269291338583
20
5.5272135826771649
11
-4.2728981102362207
21
5.5280953937007871
0
LINE
8
BLACK
6
CONTINUOUS
10
-4.2728981102362207
20
5.5280953937007871
11
-4.2705938582677163
21
5.5280953937007871
0
LINE
8
BLACK
6
CONTINUOUS
10
-4.2705938582677163
20
5.5280953937007871
11
-4.2684650393700787
21
5.5272135826771649
0
LINE
8
BLACK
6
CONTINUOUS
10
-4.2684650393700787
20
5.5272135826771649
11
-4.2668357480314958
21
5.5255842913385829
0
LINE
8
BLACK
6
CONTINUOUS
10
-4.2668357480314958
20
5.5255842913385829
11
-4.2659539370078736
21
5.5234554724409444
0
LINE
8
BLACK
6
CONTINUOUS
10
-4.2659539370078736
20
5.5234554724409444
11
-4.2658770078740158
21
5.511103031496063
0
LINE
8
BLACK
6
CONTINUOUS
10
-4.2658770078740158
20
5.511103031496063
11
-4.2449368503937004
21
5.5111484645669293
0
LINE
8
BLACK
6
CONTINUOUS
10
-4.2449368503937004
20
5.5111484645669293
11
-4.2437847244094486
21
5.5110349999999997
0
LINE
8
BLACK
6
CONTINUOUS
10
-4.2437847244094486
20
5.5110349999999997
11
-4.241655905511811
21
5.5101531889763775
0
LINE
8
BLACK
6
CONTINUOUS
10
-4.241655905511811
20
5.5101531889763775
11
-4.2400266141732281
21
5.5085238976377955
0
LINE
8
BLACK
6
CONTINUOUS
10
-4.2400266141732281
20
5.5085238976377955
11
-4.239144803149606
21
5.506395078740157
0
LINE
8
BLACK
6
CONTINUOUS
10
-4.239144803149606
20
5.506395078740157
11
-4.239144803149606
21
5.5040908267716535
0
LINE
8
BLACK
6
CONTINUOUS
10
-4.239144803149606
20
5.5040908267716535
11
-4.2400266141732281
21
5.5019620078740159
0
LINE
8
BLACK
6
CONTINUOUS
10
-4.2400266141732281
20
5.5019620078740159
11
-4.241655905511811
21
5.500332716535433
0
LINE
8
BLACK
6
CONTINUOUS
10
-4.241655905511811
20
5.500332716535433
11
-4.2437847244094486
21
5.4994509055118108
0
LINE
8
BLACK
6
CONTINUOUS
10
-4.2437847244094486
20
5.4994509055118108
11
-4.296117952755905
21
5.4993374409448821
0
LINE
8
BLACK
6
CONTINUOUS
10
-4.296117952755905
20
5.4993374409448821
11
-4.2972700787401577
21
5.4994509055118108
0
LINE
8
BLACK
6
CONTINUOUS
10
-4.2972700787401577
20
5.4994509055118108
11
-4.2993988976377953
21
5.500332716535433
0
LINE
8
BLACK
6
CONTINUOUS
10
-4.2993988976377953
20
5.500332716535433
11
-4.3010281889763782
21
5.5019620078740159
0
LINE
8
BLACK
6
CONTINUOUS
10
-4.3010281889763782
20
5.5019620078740159
11
-4.3019100000000003
21
5.5040908267716535
0
LINE
8
BLACK
6
CONTINUOUS
10
-4.3019100000000003
20
5.5040908267716535
11
-4.3020234645669291
21
5.5296149212598422
0
LINE
8
BLACK
6
CONTINUOUS
10
-4.3020234645669291
20
5.5296149212598422
11
-4.3019100000000003
21
5.530767047244094
0
LINE
8
BLACK
6
CONTINUOUS
10
-4.3019100000000003
20
5.530767047244094
11
-4.3010281889763782
21
5.5328958661417325
0
LINE
8
BLACK
6
CONTINUOUS
10
-4.3010281889763782
20
5.5328958661417325
11
-4.2993988976377953
21
5.5345251574803145
0
LINE
8
BLACK
6
CONTINUOUS
10
-4.2993988976377953
20
5.5345251574803145
11
-4.2972700787401577
21
5.5354069685039367
0
LINE
8
BLACK
6
CONTINUOUS
10
-4.2972700787401577
20
5.5354069685039367
11
-4.2949658267716533
21
5.5354069685039367
0
LINE
8
BLACK
6
CONTINUOUS
10
-4.2949658267716533
20
5.5354069685039367
11
-4.2928370078740157
21
5.5345251574803145
0
LINE
8
BLACK
6
CONTINUOUS
10
-4.8102585433070866
20
5.5903134251968503
11
-4.81007874015748
21
5.5185433070866141
0
LINE
8
BLACK
6
CONTINUOUS
10
-4.81007874015748
20
5.5185433070866141
11
-4.8102585433070866
21
5.5176393307086613
0
LINE
8
BLACK
6
CONTINUOUS
10
-4.8102585433070866
20
5.5176393307086613
11
-4.8115369685039369
21
5.516360905511811
0
LINE
8
BLACK
6
CONTINUOUS
10
-4.8115369685039369
20
5.516360905511811
11
-4.8695275590551184
21
5.5161811023622045
0
LINE
8
BLACK
6
CONTINUOUS
10
-4.8695275590551184
20
5.5161811023622045
11
-4.8704315354330712
21
5.516360905511811
0
LINE
8
BLACK
6
CONTINUOUS
10
-4.8704315354330712
20
5.516360905511811
11
-4.8717099606299215
21
5.5176393307086613
0
LINE
8
BLACK
6
CONTINUOUS
10
-4.8717099606299215
20
5.5176393307086613
11
-4.8717099606299215
21
5.5194472834645669
0
LINE
8
BLACK
6
CONTINUOUS
10
-4.8717099606299215
20
5.5194472834645669
11
-4.8704315354330712
21
5.5207257086614172
0
LINE
8
BLACK
6
CONTINUOUS
10
-4.8704315354330712
20
5.5207257086614172
11
-4.8146315354330707
21
5.5208987007874013
0
LINE
8
BLACK
6
CONTINUOUS
10
-4.8146315354330707
20
5.5208987007874013
11
-4.8148031496062993
21
5.5894094488188975
0
LINE
8
BLACK
6
CONTINUOUS
10
-4.8148031496062993
20
5.5894094488188975
11
-4.8146233464566928
21
5.5903134251968503
0
LINE
8
BLACK
6
CONTINUOUS
10
-4.8146233464566928
20
5.5903134251968503
11
-4.8133449212598425
21
5.5915918503937005
0
LINE
8
BLACK
6
CONTINUOUS
10
-4.8133449212598425
20
5.5915918503937005
11
-4.8115369685039369
21
5.5915918503937005
0
LINE
8
BLACK
6
CONTINUOUS
10
-4.8115369685039369
20
5.5915918503937005
11
-4.8102585433070866
21
5.5903134251968503
0
LINE
8
BLACK
6
CONTINUOUS
10
-4.18240311023622
20
5.5915918503937005
11
-4.1811246850393697
21
5.5903134251968503
0
LINE
8
BLACK
6
CONTINUOUS
10
-4.1811246850393697
20
5.5903134251968503
11
-4.1809503937007877
21
5.5207357874015743
0
LINE
8
BLACK
6
CONTINUOUS
10
-4.1809503937007877
20
5.5207357874015743
11
-4.126220472440945
21
5.5209055118110237
0
LINE
8
BLACK
6
CONTINUOUS
10
-4.126220472440945
20
5.5209055118110237
11
-4.1253164960629922
21
5.5207257086614172
0
LINE
8
BLACK
6
CONTINUOUS
10
-4.1253164960629922
20
5.5207257086614172
11
-4.1240380708661419
21
5.5194472834645669
0
LINE
8
BLACK
6
CONTINUOUS
10
-4.1240380708661419
20
5.5194472834645669
11
-4.1240380708661419
21
5.5176393307086613
0
LINE
8
BLACK
6
CONTINUOUS
10
-4.1240380708661419
20
5.5176393307086613
11
-4.1253164960629922
21
5.516360905511811
0
LINE
8
BLACK
6
CONTINUOUS
10
-4.1253164960629922
20
5.516360905511811
11
-4.1833070866141728
21
5.5161811023622045
0
LINE
8
BLACK
6
CONTINUOUS
10
-4.1833070866141728
20
5.5161811023622045
11
-4.1842110629921256
21
5.516360905511811
0
LINE
8
BLACK
6
CONTINUOUS
10
-4.1842110629921256
20
5.516360905511811
11
-4.1854894881889759
21
5.5176393307086613
0
LINE
8
BLACK
6
CONTINUOUS
10
-4.1854894881889759
20
5.5176393307086613
11
-4.1856638188976376
21
5.5872123228346453
0
LINE
8
BLACK
6
CONTINUOUS
10
-4.1856638188976376
20
5.5872123228346453
11
-4.2222834645669289
21
5.5870472440944878
0
LINE
8
BLACK
6
CONTINUOUS
10
-4.2222834645669289
20
5.5870472440944878
11
-4.2231874409448817
21
5.5872270472440944
0
LINE
8
BLACK
6
CONTINUOUS
10
-4.2231874409448817
20
5.5872270472440944
11
-4.224465866141732
21
5.5885054724409446
0
LINE
8
BLACK
6
CONTINUOUS
10
-4.224465866141732
20
5.5885054724409446
11
-4.224465866141732
21
5.5903134251968503
0
LINE
8
BLACK
6
CONTINUOUS
10
-4.224465866141732
20
5.5903134251968503
11
-4.2231874409448817
21
5.5915918503937005
0
LINE
8
BLACK
6
CONTINUOUS
10
-4.2231874409448817
20
5.5915918503937005
11
-4.1833070866141728
21
5.5917716535433071
0
LINE
8
BLACK
6
CONTINUOUS
10
-4.1833070866141728
20
5.5917716535433071
11
-4.18240311023622
21
5.5915918503937005
0
LINE
8
BLACK
6
CONTINUOUS
10
-4.2437847244094486
20
5.5549045275590547
11
-4.241655905511811
21
5.5540227165354326
0
LINE
8
BLACK
6
CONTINUOUS
10
-4.241655905511811
20
5.5540227165354326
11
-4.2400266141732281
21
5.5523934251968505
0
LINE
8
BLACK
6
CONTINUOUS
10
-4.2400266141732281
20
5.5523934251968505
11
-4.239144803149606
21
5.550264606299212
0
LINE
8
BLACK
6
CONTINUOUS
10
-4.239144803149606
20
5.550264606299212
11
-4.239144803149606
21
5.5479603543307086
0
LINE
8
BLACK
6
CONTINUOUS
10
-4.239144803149606
20
5.5479603543307086
11
-4.2400266141732281
21
5.5458315354330709
0
LINE
8
BLACK
6
CONTINUOUS
10
-4.2400266141732281
20
5.5458315354330709
11
-4.241655905511811
21
5.544202244094488
0
LINE
8
BLACK
6
CONTINUOUS
10
-4.241655905511811
20
5.544202244094488
11
-4.2437847244094486
21
5.5433204330708659
0
LINE
8
BLACK
6
CONTINUOUS
10
-4.2437847244094486
20
5.5433204330708659
11
-4.296117952755905
21
5.5432069685039371
0
LINE
8
BLACK
6
CONTINUOUS
10
-4.296117952755905
20
5.5432069685039371
11
-4.2972700787401577
21
5.5433204330708659
0
LINE
8
BLACK
6
CONTINUOUS
10
-4.2972700787401577
20
5.5433204330708659
11
-4.2993988976377953
21
5.544202244094488
0
LINE
8
BLACK
6
CONTINUOUS
10
-4.2993988976377953
20
5.544202244094488
11
-4.3010281889763782
21
5.5458315354330709
0
LINE
8
BLACK
6
CONTINUOUS
10
-4.3010281889763782
20
5.5458315354330709
11
-4.3019100000000003
21
5.5479603543307086
0
LINE
8
BLACK
6
CONTINUOUS
10
-4.3019100000000003
20
5.5479603543307086
11
-4.3019100000000003
21
5.550264606299212
0
LINE
8
BLACK
6
CONTINUOUS
10
-4.3019100000000003
20
5.550264606299212
11
-4.3010281889763782
21
5.5523934251968505
0
LINE
8
BLACK
6
CONTINUOUS
10
-4.3010281889763782
20
5.5523934251968505
11
-4.2993988976377953
21
5.5540227165354326
0
LINE
8
BLACK
6
CONTINUOUS
10
-4.2993988976377953
20
5.5540227165354326
11
-4.2972700787401577
21
5.5549045275590547
0
LINE
8
BLACK
6
CONTINUOUS
10
-4.2972700787401577
20
5.5549045275590547
11
-4.2449368503937004
21
5.5550179921259843
0
LINE
8
BLACK
6
CONTINUOUS
10
-4.2449368503937004
20
5.5550179921259843
11
-4.2437847244094486
21
5.5549045275590547
0
LINE
8
BLACK
6
CONTINUOUS
10
-4.4245171259842522
20
5.5997772834645669
11
-4.4234205905511814
21
5.5997349212598424
0
LINE
8
BLACK
6
CONTINUOUS
10
-4.4234205905511814
20
5.5997349212598424
11
-4.4227421653543306
21
5.5996591338582675
0
LINE
8
BLACK
6
CONTINUOUS
10
-4.4227421653543306
20
5.5996591338582675
11
-4.422432952755905
21
5.5995457480314963
0
LINE
8
BLACK
6
CONTINUOUS
10
-4.422432952755905
20
5.5995457480314963
11
-4.4224012598425197
21
5.5994805511811023
0
LINE
8
BLACK
6
CONTINUOUS
10
-4.4224012598425197
20
5.5994805511811023
11
-4.422444960629921
21
5.5991828740157477
0
LINE
8
BLACK
6
CONTINUOUS
10
-4.422444960629921
20
5.5991828740157477
11
-4.4225715354330708
21
5.5984159842519681
0
LINE
8
BLACK
6
CONTINUOUS
10
-4.4225715354330708
20
5.5984159842519681
11
-4.4227741732283468
21
5.5972192519685038
0
LINE
8
BLACK
6
CONTINUOUS
10
-4.4227741732283468
20
5.5972192519685038
11
-4.4230461023622043
21
5.5956320078740154
0
LINE
8
BLACK
6
CONTINUOUS
10
-4.4230461023622043
20
5.5956320078740154
11
-4.4233804330708661
21
5.5936936614173227
0
LINE
8
BLACK
6
CONTINUOUS
10
-4.4233804330708661
20
5.5936936614173227
11
-4.4237704330708665
21
5.5914435039370076
0
LINE
8
BLACK
6
CONTINUOUS
10
-4.4237704330708665
20
5.5914435039370076
11
-4.4242092519685041
21
5.58892094488189
0
LINE
8
BLACK
6
CONTINUOUS
10
-4.4242092519685041
20
5.58892094488189
11
-4.4246900787401575
21
5.5861653149606294
0
LINE
8
BLACK
6
CONTINUOUS
10
-4.4246900787401575
20
5.5861653149606294
11
-4.425206141732283
21
5.5832159055118105
0
LINE
8
BLACK
6
CONTINUOUS
10
-4.425206141732283
20
5.5832159055118105
11
-4.4257505905511811
21
5.5801121653543309
0
LINE
8
BLACK
6
CONTINUOUS
10
-4.4257505905511811
20
5.5801121653543309
11
-4.4258869291338581
21
5.5793362992125983
0
LINE
8
BLACK
6
CONTINUOUS
10
-4.4258869291338581
20
5.5793362992125983
11
-4.4264370866141736
21
5.5762025196850393
0
LINE
8
BLACK
6
CONTINUOUS
10
-4.4264370866141736
20
5.5762025196850393
11
-4.4269605511811019
21
5.5732148031496065
0
LINE
8
BLACK
6
CONTINUOUS
10
-4.4269605511811019
20
5.5732148031496065
11
-4.4274504724409445
21
5.5704122834645666
0
LINE
8
BLACK
6
CONTINUOUS
10
-4.4274504724409445
20
5.5704122834645666
11
-4.4279000787401577
21
5.5678342125984255
0
LINE
8
BLACK
6
CONTINUOUS
10
-4.4279000787401577
20
5.5678342125984255
11
-4.4283025590551182
21
5.5655198031496065
0
LINE
8
BLACK
6
CONTINUOUS
10
-4.4283025590551182
20
5.5655198031496065
11
-4.4286511023622044
21
5.563508228346457
0
LINE
8
BLACK
6
CONTINUOUS
10
-4.4286511023622044
20
5.563508228346457
11
-4.4289388976377948
21
5.5618387007874013
0
LINE
8
BLACK
6
CONTINUOUS
10
-4.4289388976377948
20
5.5618387007874013
11
-4.4291591732283466
21
5.5605503937007876
0
LINE
8
BLACK
6
CONTINUOUS
10
-4.4291591732283466
20
5.5605503937007876
11
-4.4293050787401578
21
5.559682598425197
0
LINE
8
BLACK
6
CONTINUOUS
10
-4.4293050787401578
20
5.559682598425197
11
-4.4293698818897633
21
5.5592744488188979
0
LINE
8
BLACK
6
CONTINUOUS
10
-4.4293698818897633
20
5.5592744488188979
11
-4.4293725984251964
21
5.5592489370078741
0
LINE
8
BLACK
6
CONTINUOUS
10
-4.4293725984251964
20
5.5592489370078741
11
-4.4296213385826775
21
5.5591476377952755
0
LINE
8
BLACK
6
CONTINUOUS
10
-4.4296213385826775
20
5.5591476377952755
11
-4.4303305118110234
21
5.5590692519685039
0
LINE
8
BLACK
6
CONTINUOUS
10
-4.4303305118110234
20
5.5590692519685039
11
-4.431444527559055
21
5.5590174409448814
0
LINE
8
BLACK
6
CONTINUOUS
10
-4.431444527559055
20
5.5590174409448814
11
-4.4329077952755904
21
5.5589959842519683
0
LINE
8
BLACK
6
CONTINUOUS
10
-4.4329077952755904
20
5.5589959842519683
11
-4.4331487401574803
21
5.5589955905511808
0
LINE
8
BLACK
6
CONTINUOUS
10
-4.4331487401574803
20
5.5589955905511808
11
-4.4369248818897633
21
5.5589955905511808
0
LINE
8
BLACK
6
CONTINUOUS
10
-4.4369248818897633
20
5.5589955905511808
11
-4.4367908267716532
21
5.5597056299212593
0
LINE
8
BLACK
6
CONTINUOUS
10
-4.4367908267716532
20
5.5597056299212593
11
-4.4367257874015751
21
5.5600682677165354
0
LINE
8
BLACK
6
CONTINUOUS
10
-4.4367257874015751
20
5.5600682677165354
11
-4.4365788188976376
21
5.5608989763779526
0
LINE
8
BLACK
6
CONTINUOUS
10
-4.4365788188976376
20
5.5608989763779526
11
-4.4363570472440941
21
5.562157204724409
0
LINE
8
BLACK
6
CONTINUOUS
10
-4.4363570472440941
20
5.562157204724409
11
-4.4360676377952757
21
5.5638023228346452
0
LINE
8
BLACK
6
CONTINUOUS
10
-4.4360676377952757
20
5.5638023228346452
11
-4.4357176771653544
21
5.5657937401574804
0
LINE
8
BLACK
6
CONTINUOUS
10
-4.4357176771653544
20
5.5657937401574804
11
-4.4353143307086613
21
5.5680909448818898
0
LINE
8
BLACK
6
CONTINUOUS
10
-4.4353143307086613
20
5.5680909448818898
11
-4.434864724409449
21
5.5706532677165352
0
LINE
8
BLACK
6
CONTINUOUS
10
-4.434864724409449
20
5.5706532677165352
11
-4.4343759448818894
21
5.5734401574803147
0
LINE
8
BLACK
6
CONTINUOUS
10
-4.4343759448818894
20
5.5734401574803147
11
-4.4338551574803144
21
5.5764110629921255
0
LINE
8
BLACK
6
CONTINUOUS
10
-4.4338551574803144
20
5.5764110629921255
11
-4.4333094488188971
21
5.5795253543307082
0
LINE
8
BLACK
6
CONTINUOUS
10
-4.4333094488188971
20
5.5795253543307082
11
-4.4332083464566931
21
5.5801027165354329
0
LINE
8
BLACK
6
CONTINUOUS
10
-4.4332083464566931
20
5.5801027165354329
11
-4.4297598818897637
21
5.5997897244094483
0
LINE
8
BLACK
6
CONTINUOUS
10
-4.4297598818897637
20
5.5997897244094483
11
-4.4260805511811023
21
5.5997902755905509
0
LINE
8
BLACK
6
CONTINUOUS
10
-4.4260805511811023
20
5.5997902755905509
11
-4.4245171259842522
21
5.5997772834645669
0
LINE
8
BLACK
6
CONTINUOUS
10
-4.393050748031496
20
5.5992099212598427
11
-4.3931167716535429
21
5.5988674409448818
0
LINE
8
BLACK
6
CONTINUOUS
10
-4.3931167716535429
20
5.5988674409448818
11
-4.3932644094488191
21
5.5980568897637797
0
LINE
8
BLACK
6
CONTINUOUS
10
-4.3932644094488191
20
5.5980568897637797
11
-4.3934863779527555
21
5.5968188188976375
0
LINE
8
BLACK
6
CONTINUOUS
10
-4.3934863779527555
20
5.5968188188976375
11
-4.3937755905511811
21
5.5951938582677165
0
LINE
8
BLACK
6
CONTINUOUS
10
-4.3937755905511811
20
5.5951938582677165
11
-4.3941248425196848
21
5.5932225590551177
0
LINE
8
BLACK
6
CONTINUOUS
10
-4.3941248425196848
20
5.5932225590551177
11
-4.394526889763779
21
5.5909456299212597
0
LINE
8
BLACK
6
CONTINUOUS
10
-4.394526889763779
20
5.5909456299212597
11
-4.3949746456692909
21
5.5884035826771656
0
LINE
8
BLACK
6
CONTINUOUS
10
-4.3949746456692909
20
5.5884035826771656
11
-4.3954608661417325
21
5.5856370472440942
0
LINE
8
BLACK
6
CONTINUOUS
10
-4.3954608661417325
20
5.5856370472440942
11
-4.3959784251968506
21
5.5826866535433073
0
LINE
8
BLACK
6
CONTINUOUS
10
-4.3959784251968506
20
5.5826866535433073
11
-4.3965200787401573
21
5.5795929527559052
0
LINE
8
BLACK
6
CONTINUOUS
10
-4.3965200787401573
20
5.5795929527559052
11
-4.3965775984251971
21
5.5792641338582678
0
LINE
8
BLACK
6
CONTINUOUS
10
-4.3965775984251971
20
5.5792641338582678
11
-4.3971209055118106
21
5.576161732283464
0
LINE
8
BLACK
6
CONTINUOUS
10
-4.3971209055118106
20
5.576161732283464
11
-4.3976406692913388
21
5.5732012992125979
0
LINE
8
BLACK
6
CONTINUOUS
10
-4.3976406692913388
20
5.5732012992125979
11
-4.3981298031496063
21
5.5704230708661413
0
LINE
8
BLACK
6
CONTINUOUS
10
-4.3981298031496063
20
5.5704230708661413
11
-4.3985811417322838
21
5.5678673228346458
0
LINE
8
BLACK
6
CONTINUOUS
10
-4.3985811417322838
20
5.5678673228346458
11
-4.398987519685039
21
5.5655742913385824
0
LINE
8
BLACK
6
CONTINUOUS
10
-4.398987519685039
20
5.5655742913385824
11
-4.3993417716535435
21
5.5635842519685035
0
LINE
8
BLACK
6
CONTINUOUS
10
-4.3993417716535435
20
5.5635842519685035
11
-4.3996367716535429
21
5.5619374409448818
0
LINE
8
BLACK
6
CONTINUOUS
10
-4.3996367716535429
20
5.5619374409448818
11
-4.3998653937007877
21
5.5606740944881885
0
LINE
8
BLACK
6
CONTINUOUS
10
-4.3998653937007877
20
5.5606740944881885
11
-4.4000204330708659
21
5.5598344488188971
0
LINE
8
BLACK
6
CONTINUOUS
10
-4.4000204330708659
20
5.5598344488188971
11
-4.4000947637795278
21
5.5594588188976379
0
LINE
8
BLACK
6
CONTINUOUS
10
-4.4000947637795278
20
5.5594588188976379
11
-4.4000977165354334
21
5.559447440944882
0
LINE
8
BLACK
6
CONTINUOUS
10
-4.4000977165354334
20
5.559447440944882
11
-4.4001989763779523
21
5.559268818897638
0
LINE
8
BLACK
6
CONTINUOUS
10
-4.4001989763779523
20
5.559268818897638
11
-4.4004328740157481
21
5.5591441338582674
0
LINE
8
BLACK
6
CONTINUOUS
10
-4.4004328740157481
20
5.5591441338582674
11
-4.4008794488188974
21
5.5590638976377953
0
LINE
8
BLACK
6
CONTINUOUS
10
-4.4008794488188974
20
5.5590638976377953
11
-4.4016187401574802
21
5.5590187007874015
0
LINE
8
BLACK
6
CONTINUOUS
10
-4.4016187401574802
20
5.5590187007874015
11
-4.4027307480314963
21
5.5589991338582676
0
LINE
8
BLACK
6
CONTINUOUS
10
-4.4027307480314963
20
5.5589991338582676
11
-4.403933346456693
21
5.5589955905511808
0
LINE
8
BLACK
6
CONTINUOUS
10
-4.403933346456693
20
5.5589955905511808
11
-4.4053856692913387
21
5.5590003149606302
0
LINE
8
BLACK
6
CONTINUOUS
10
-4.4053856692913387
20
5.5590003149606302
11
-4.4063966929133853
21
5.559020708661417
0
LINE
8
BLACK
6
CONTINUOUS
10
-4.4063966929133853
20
5.559020708661417
11
-4.4070415354330708
21
5.5590662992125983
0
LINE
8
BLACK
6
CONTINUOUS
10
-4.4070415354330708
20
5.5590662992125983
11
-4.4073952755905514
21
5.5591464173228342
0
LINE
8
BLACK
6
CONTINUOUS
10
-4.4073952755905514
20
5.5591464173228342
11
-4.4075329527559051
21
5.5592705511811022
0
LINE
8
BLACK
6
CONTINUOUS
10
-4.4075329527559051
20
5.5592705511811022
11
-4.4075298031496066
21
5.559447440944882
0
LINE
8
BLACK
6
CONTINUOUS
10
-4.4075298031496066
20
5.559447440944882
11
-4.4074692913385825
21
5.5597690551181103
0
LINE
8
BLACK
6
CONTINUOUS
10
-4.4074692913385825
20
5.5597690551181103
11
-4.4073272047244094
21
5.560558976377953
0
LINE
8
BLACK
6
CONTINUOUS
10
-4.4073272047244094
20
5.560558976377953
11
-4.4071105905511807
21
5.5617768503937004
0
LINE
8
BLACK
6
CONTINUOUS
10
-4.4071105905511807
20
5.5617768503937004
11
-4.4068266141732284
21
5.5633822440944884
0
LINE
8
BLACK
6
CONTINUOUS
10
-4.4068266141732284
20
5.5633822440944884
11
-4.4064823622047244
21
5.5653347637795276
0
LINE
8
BLACK
6
CONTINUOUS
10
-4.4064823622047244
20
5.5653347637795276
11
-4.4060849212598425
21
5.567594015748031
0
LINE
8
BLACK
6
CONTINUOUS
10
-4.4060849212598425
20
5.567594015748031
11
-4.4056414960629917
21
5.5701196456692914
0
LINE
8
BLACK
6
CONTINUOUS
10
-4.4056414960629917
20
5.5701196456692914
11
-4.4051590944881891
21
5.5728712204724404
0
LINE
8
BLACK
6
CONTINUOUS
10
-4.4051590944881891
20
5.5728712204724404
11
-4.4046448818897641
21
5.575808346456693
0
LINE
8
BLACK
6
CONTINUOUS
10
-4.4046448818897641
20
5.575808346456693
11
-4.4041059842519683
21
5.5788906299212595
0
LINE
8
BLACK
6
CONTINUOUS
10
-4.4041059842519683
20
5.5788906299212595
11
-4.404063267716535
21
5.5791350393700787
0
LINE
8
BLACK
6
CONTINUOUS
10
-4.404063267716535
20
5.5791350393700787
11
-4.4035214566929133
21
5.5822348031496061
0
LINE
8
BLACK
6
CONTINUOUS
10
-4.4035214566929133
20
5.5822348031496061
11
-4.4030029133858264
21
5.5851983858267715
0
LINE
8
BLACK
6
CONTINUOUS
10
-4.4030029133858264
20
5.5851983858267715
11
-4.4025148425196852
21
5.5879847244094485
0
LINE
8
BLACK
6
CONTINUOUS
10
-4.4025148425196852
20
5.5879847244094485
11
-4.4020645669291341
21
5.5905526771653546
0
LINE
8
BLACK
6
CONTINUOUS
10
-4.4020645669291341
20
5.5905526771653546
11
-4.4016592125984255
21
5.5928611811023616
0
LINE
8
BLACK
6
CONTINUOUS
10
-4.4016592125984255
20
5.5928611811023616
11
-4.4013060236220474
21
5.5948690551181102
0
LINE
8
BLACK
6
CONTINUOUS
10
-4.4013060236220474
20
5.5948690551181102
11
-4.4010122834645671
21
5.5965352362204719
0
LINE
8
BLACK
6
CONTINUOUS
10
-4.4010122834645671
20
5.5965352362204719
11
-4.4007851181102362
21
5.5978186220472441
0
LINE
8
BLACK
6
CONTINUOUS
10
-4.4007851181102362
20
5.5978186220472441
11
-4.400631850393701
21
5.5986780708661419
0
LINE
8
BLACK
6
CONTINUOUS
10
-4.400631850393701
20
5.5986780708661419
11
-4.4005596456692908
21
5.5990725196850395
0
LINE
8
BLACK
6
CONTINUOUS
10
-4.4005596456692908
20
5.5990725196850395
11
-4.4005579921259841
21
5.5990808267716536
0
LINE
8
BLACK
6
CONTINUOUS
10
-4.4005579921259841
20
5.5990808267716536
11
-4.4004133858267718
21
5.5997908661417322
0
LINE
8
BLACK
6
CONTINUOUS
10
-4.4004133858267718
20
5.5997908661417322
11
-4.3929107086614172
21
5.5997908661417322
0
LINE
8
BLACK
6
CONTINUOUS
10
-4.3929107086614172
20
5.5997908661417322
11
-4.393050748031496
21
5.5992099212598427
0
LINE
8
BLACK
6
CONTINUOUS
10
-4.364741496062992
20
5.5997548818897638
11
-4.3640924409448818
21
5.5997201574803146
0
LINE
8
BLACK
6
CONTINUOUS
10
-4.3640924409448818
20
5.5997201574803146
11
-4.363726377952756
21
5.599644488188976
0
LINE
8
BLACK
6
CONTINUOUS
10
-4.363726377952756
20
5.599644488188976
11
-4.3635655905511808
21
5.5995198818897638
0
LINE
8
BLACK
6
CONTINUOUS
10
-4.3635655905511808
20
5.5995198818897638
11
-4.3635321653543304
21
5.5993565748031493
0
LINE
8
BLACK
6
CONTINUOUS
10
-4.3635321653543304
20
5.5993565748031493
11
-4.3635759842519688
21
5.5990366141732286
0
LINE
8
BLACK
6
CONTINUOUS
10
-4.3635759842519688
20
5.5990366141732286
11
-4.3637028740157477
21
5.5982478740157475
0
LINE
8
BLACK
6
CONTINUOUS
10
-4.3637028740157477
20
5.5982478740157475
11
-4.3639060236220475
21
5.5970301181102364
0
LINE
8
BLACK
6
CONTINUOUS
10
-4.3639060236220475
20
5.5970301181102364
11
-4.3641786220472438
21
5.5954230314960629
0
LINE
8
BLACK
6
CONTINUOUS
10
-4.3641786220472438
20
5.5954230314960629
11
-4.3645137401574798
21
5.5934664173228343
0
LINE
8
BLACK
6
CONTINUOUS
10
-4.3645137401574798
20
5.5934664173228343
11
-4.3649046456692915
21
5.5911999212598422
0
LINE
8
BLACK
6
CONTINUOUS
10
-4.3649046456692915
20
5.5911999212598422
11
-4.3653444094488192
21
5.5886633858267718
0
LINE
8
BLACK
6
CONTINUOUS
10
-4.3653444094488192
20
5.5886633858267718
11
-4.3658262598425193
21
5.5858964566929137
0
LINE
8
BLACK
6
CONTINUOUS
10
-4.3658262598425193
20
5.5858964566929137
11
-4.3663433464566932
21
5.5829388976377947
0
LINE
8
BLACK
6
CONTINUOUS
10
-4.3663433464566932
20
5.5829388976377947
11
-4.3668888582677168
21
5.5798304330708657
0
LINE
8
BLACK
6
CONTINUOUS
10
-4.3668888582677168
20
5.5798304330708657
11
-4.3670178346456696
21
5.5790970866141727
0
LINE
8
BLACK
6
CONTINUOUS
10
-4.3670178346456696
20
5.5790970866141727
11
-4.3675679921259842
21
5.5759683858267719
0
LINE
8
BLACK
6
CONTINUOUS
10
-4.3675679921259842
20
5.5759683858267719
11
-4.3680914173228347
21
5.5729881102362206
0
LINE
8
BLACK
6
CONTINUOUS
10
-4.3680914173228347
20
5.5729881102362206
11
-4.3685813385826773
21
5.5701951968503938
0
LINE
8
BLACK
6
CONTINUOUS
10
-4.3685813385826773
20
5.5701951968503938
11
-4.3690309448818896
21
5.5676285433070865
0
LINE
8
BLACK
6
CONTINUOUS
10
-4.3690309448818896
20
5.5676285433070865
11
-4.3694334251968501
21
5.5653271653543301
0
LINE
8
BLACK
6
CONTINUOUS
10
-4.3694334251968501
20
5.5653271653543301
11
-4.3697819685039372
21
5.5633299606299209
0
LINE
8
BLACK
6
CONTINUOUS
10
-4.3697819685039372
20
5.5633299606299209
11
-4.3700697637795276
21
5.5616759448818893
0
LINE
8
BLACK
6
CONTINUOUS
10
-4.3700697637795276
20
5.5616759448818893
11
-4.3702900393700785
21
5.5604039763779527
0
LINE
8
BLACK
6
CONTINUOUS
10
-4.3702900393700785
20
5.5604039763779527
11
-4.3704359842519684
21
5.5595530314960628
0
LINE
8
BLACK
6
CONTINUOUS
10
-4.3704359842519684
20
5.5595530314960628
11
-4.3705007480314961
21
5.5591620866141733
0
LINE
8
BLACK
6
CONTINUOUS
10
-4.3705007480314961
20
5.5591620866141733
11
-4.3705035039370079
21
5.5591408661417319
0
LINE
8
BLACK
6
CONTINUOUS
10
-4.3705035039370079
20
5.5591408661417319
11
-4.3707465354330708
21
5.5590894881889765
0
LINE
8
BLACK
6
CONTINUOUS
10
-4.3707465354330708
20
5.5590894881889765
11
-4.3714151968503936
21
5.5590461023622044
0
LINE
8
BLACK
6
CONTINUOUS
10
-4.3714151968503936
20
5.5590461023622044
11
-4.3724187007874011
21
5.5590142125984254
0
LINE
8
BLACK
6
CONTINUOUS
10
-4.3724187007874011
20
5.5590142125984254
11
-4.37366625984252
21
5.5589973622047246
0
LINE
8
BLACK
6
CONTINUOUS
10
-4.37366625984252
20
5.5589973622047246
11
-4.3742473622047244
21
5.5589955905511808
0
LINE
8
BLACK
6
CONTINUOUS
10
-4.3742473622047244
20
5.5589955905511808
11
-4.3755697244094485
21
5.5590081496062993
0
LINE
8
BLACK
6
CONTINUOUS
10
-4.3755697244094485
20
5.5590081496062993
11
-4.3766853543307089
21
5.5590427165354326
0
LINE
8
BLACK
6
CONTINUOUS
10
-4.3766853543307089
20
5.5590427165354326
11
-4.3775038582677164
21
5.5590946062992126
0
LINE
8
BLACK
6
CONTINUOUS
10
-4.3775038582677164
20
5.5590946062992126
11
-4.3779348425196849
21
5.559159094488189
0
LINE
8
BLACK
6
CONTINUOUS
10
-4.3779348425196849
20
5.559159094488189
11
-4.3779785826771649
21
5.5591892519685038
0
LINE
8
BLACK
6
CONTINUOUS
10
-4.3779785826771649
20
5.5591892519685038
11
-4.3779327952755906
21
5.5594679921259837
0
LINE
8
BLACK
6
CONTINUOUS
10
-4.3779327952755906
20
5.5594679921259837
11
-4.3778040551181103
21
5.5602165354330708
0
LINE
8
BLACK
6
CONTINUOUS
10
-4.3778040551181103
20
5.5602165354330708
11
-4.3775991338582676
21
5.5613961023622043
0
LINE
8
BLACK
6
CONTINUOUS
10
-4.3775991338582676
20
5.5613961023622043
11
-4.3773248425196849
21
5.5629680314960632
0
LINE
8
BLACK
6
CONTINUOUS
10
-4.3773248425196849
20
5.5629680314960632
11
-4.376987952755905
21
5.5648935039370073
0
LINE
8
BLACK
6
CONTINUOUS
10
-4.376987952755905
20
5.5648935039370073
11
-4.3765952362204725
21
5.5671337795275591
0
LINE
8
BLACK
6
CONTINUOUS
10
-4.3765952362204725
20
5.5671337795275591
11
-4.3761534645669293
21
5.5696501574803152
0
LINE
8
BLACK
6
CONTINUOUS
10
-4.3761534645669293
20
5.5696501574803152
11
-4.3756694881889766
21
5.572403858267716
0
LINE
8
BLACK
6
CONTINUOUS
10
-4.3756694881889766
20
5.572403858267716
11
-4.3751500393700784
21
5.5753561811023618
0
LINE
8
BLACK
6
CONTINUOUS
10
-4.3751500393700784
20
5.5753561811023618
11
-4.3746019685039368
21
5.5784683858267714
0
LINE
8
BLACK
6
CONTINUOUS
10
-4.3746019685039368
20
5.5784683858267714
11
-4.3744162204724413
21
5.5795223228346451
0
LINE
8
BLACK
6
CONTINUOUS
10
-4.3744162204724413
20
5.5795223228346451
11
-4.3708665354330707
21
5.5996617716535431
0
LINE
8
BLACK
6
CONTINUOUS
10
-4.3708665354330707
20
5.5996617716535431
11
-4.3671993307086616
21
5.5997333858267719
0
LINE
8
BLACK
6
CONTINUOUS
10
-4.3671993307086616
20
5.5997333858267719
11
-4.3657512204724407
21
5.5997566535433068
0
LINE
8
BLACK
6
CONTINUOUS
10
-4.3657512204724407
20
5.5997566535433068
11
-4.364741496062992
21
5.5997548818897638
0
LINE
8
BLACK
6
CONTINUOUS
10
-4.2809116535433072
20
5.6061416929133854
11
-4.280756141732283
21
5.6061527559055113
0
LINE
8
BLACK
6
CONTINUOUS
10
-4.280756141732283
20
5.6061527559055113
11
-4.2806366929133857
21
5.6061146062992124
0
LINE
8
BLACK
6
CONTINUOUS
10
-4.2806366929133857
20
5.6061146062992124
11
-4.2803426377952754
21
5.6060856692913381
0
LINE
8
BLACK
6
CONTINUOUS
10
-4.2803426377952754
20
5.6060856692913381
11
-4.2796600393700786
21
5.6058029133858263
0
LINE
8
BLACK
6
CONTINUOUS
10
-4.2796600393700786
20
5.6058029133858263
11
-4.2723156692913387
21
5.6034588582677163
0
LINE
8
BLACK
6
CONTINUOUS
10
-4.2723156692913387
20
5.6034588582677163
11
-4.2712585826771656
21
5.6029868897637796
0
LINE
8
BLACK
6
CONTINUOUS
10
-4.2712585826771656
20
5.6029868897637796
11
-4.271098346456693
21
5.6028478740157475
0
LINE
8
BLACK
6
CONTINUOUS
10
-4.271098346456693
20
5.6028478740157475
11
-4.2709022834645669
21
5.6027666929133861
0
LINE
8
BLACK
6
CONTINUOUS
10
-4.2709022834645669
20
5.6027666929133861
11
-4.2702049212598423
21
5.6020729921259838
0
LINE
8
BLACK
6
CONTINUOUS
10
-4.2702049212598423
20
5.6020729921259838
11
-4.2695178346456695
21
5.6014771259842515
0
LINE
8
BLACK
6
CONTINUOUS
10
-4.2695178346456695
20
5.6014771259842515
11
-4.2694308267716536
21
5.6013030314960632
0
LINE
8
BLACK
6
CONTINUOUS
10
-4.2694308267716536
20
5.6013030314960632
11
-4.2507817716535437
21
5.5827532677165355
0
LINE
8
BLACK
6
CONTINUOUS
10
-4.2507817716535437
20
5.5827532677165355
11
-4.2508423622047244
21
5.6002936220472437
0
LINE
8
BLACK
6
CONTINUOUS
10
-4.2508423622047244
20
5.6002936220472437
11
-4.2507288976377948
21
5.6014457480314963
0
LINE
8
BLACK
6
CONTINUOUS
10
-4.2507288976377948
20
5.6014457480314963
11
-4.2498470866141735
21
5.6035745669291339
0
LINE
8
BLACK
6
CONTINUOUS
10
-4.2498470866141735
20
5.6035745669291339
11
-4.2482177952755906
21
5.6052038582677168
0
LINE
8
BLACK
6
CONTINUOUS
10
-4.2482177952755906
20
5.6052038582677168
11
-4.246088976377953
21
5.6060856692913381
0
LINE
8
BLACK
6
CONTINUOUS
10
-4.246088976377953
20
5.6060856692913381
11
-4.2437847244094486
21
5.6060856692913381
0
LINE
8
BLACK
6
CONTINUOUS
10
-4.2437847244094486
20
5.6060856692913381
11
-4.241655905511811
21
5.6052038582677168
0
LINE
8
BLACK
6
CONTINUOUS
10
-4.241655905511811
20
5.6052038582677168
11
-4.2400266141732281
21
5.6035745669291339
0
LINE
8
BLACK
6
CONTINUOUS
10
-4.2400266141732281
20
5.6035745669291339
11
-4.239144803149606
21
5.6014457480314963
0
LINE
8
BLACK
6
CONTINUOUS
10
-4.239144803149606
20
5.6014457480314963
11
-4.2390313385826772
21
5.5686100787401571
0
LINE
8
BLACK
6
CONTINUOUS
10
-4.2390313385826772
20
5.5686100787401571
11
-4.239144803149606
21
5.5674579527559054
0
LINE
8
BLACK
6
CONTINUOUS
10
-4.239144803149606
20
5.5674579527559054
11
-4.2396919685039371
21
5.5661370472440943
0
LINE
8
BLACK
6
CONTINUOUS
10
-4.2396919685039371
20
5.5661370472440943
11
-4.2400265748031494
21
5.5653291732283465
0
LINE
8
BLACK
6
CONTINUOUS
10
-4.2400265748031494
20
5.5653291732283465
11
-4.2416559448818898
21
5.5636998031496061
0
LINE
8
BLACK
6
CONTINUOUS
10
-4.2416559448818898
20
5.5636998031496061
11
-4.2422794488188975
21
5.5634415354330704
0
LINE
8
BLACK
6
CONTINUOUS
10
-4.2422794488188975
20
5.5634415354330704
11
-4.2437847244094486
21
5.5628180314960627
0
LINE
8
BLACK
6
CONTINUOUS
10
-4.2437847244094486
20
5.5628180314960627
11
-4.246088976377953
21
5.5628180314960627
0
LINE
8
BLACK
6
CONTINUOUS
10
-4.246088976377953
20
5.5628180314960627
11
-4.2473360236220472
21
5.5633345669291341
0
LINE
8
BLACK
6
CONTINUOUS
10
-4.2473360236220472
20
5.5633345669291341
11
-4.2482177952755906
21
5.5636998031496061
0
LINE
8
BLACK
6
CONTINUOUS
10
-4.2482177952755906
20
5.5636998031496061
11
-4.2774911417322832
21
5.5928172834645666
0
LINE
8
BLACK
6
CONTINUOUS
10
-4.2774911417322832
20
5.5928172834645666
11
-4.282633070866142
21
5.5944584251968505
0
LINE
8
BLACK
6
CONTINUOUS
10
-4.282633070866142
20
5.5944584251968505
11
-4.2850792125984247
21
5.5944123622047242
0
LINE
8
BLACK
6
CONTINUOUS
10
-4.2850792125984247
20
5.5944123622047242
11
-4.2878785826771653
21
5.5929520078740156
0
LINE
8
BLACK
6
CONTINUOUS
10
-4.2878785826771653
20
5.5929520078740156
11
-4.2889664173228343
21
5.5918091338582672
0
LINE
8
BLACK
6
CONTINUOUS
10
-4.2889664173228343
20
5.5918091338582672
11
-4.2903031102362208
21
5.5890168110236216
0
LINE
8
BLACK
6
CONTINUOUS
10
-4.2903031102362208
20
5.5890168110236216
11
-4.2902232283464565
21
5.5796228740157483
0
LINE
8
BLACK
6
CONTINUOUS
10
-4.2902232283464565
20
5.5796228740157483
11
-4.2887764173228344
21
5.5768494488188978
0
LINE
8
BLACK
6
CONTINUOUS
10
-4.2887764173228344
20
5.5768494488188978
11
-4.2870677559055119
21
5.5752231496062992
0
LINE
8
BLACK
6
CONTINUOUS
10
-4.2870677559055119
20
5.5752231496062992
11
-4.2863333070866139
21
5.5743282283464568
0
LINE
8
BLACK
6
CONTINUOUS
10
-4.2863333070866139
20
5.5743282283464568
11
-4.2854515354330704
21
5.5721994094488192
0
LINE
8
BLACK
6
CONTINUOUS
10
-4.2854515354330704
20
5.5721994094488192
11
-4.2854514960629917
21
5.5698952362204723
0
LINE
8
BLACK
6
CONTINUOUS
10
-4.2854514960629917
20
5.5698952362204723
11
-4.2863332677165351
21
5.5677664173228347
0
LINE
8
BLACK
6
CONTINUOUS
10
-4.2863332677165351
20
5.5677664173228347
11
-4.2879625984251968
21
5.5661370472440943
0
LINE
8
BLACK
6
CONTINUOUS
10
-4.2879625984251968
20
5.5661370472440943
11
-4.2900914173228344
21
5.5652552755905509
0
LINE
8
BLACK
6
CONTINUOUS
10
-4.2900914173228344
20
5.5652552755905509
11
-4.2923955905511813
21
5.5652552362204721
0
LINE
8
BLACK
6
CONTINUOUS
10
-4.2923955905511813
20
5.5652552362204721
11
-4.2945244094488189
21
5.5661370078740156
0
LINE
8
BLACK
6
CONTINUOUS
10
-4.2945244094488189
20
5.5661370078740156
11
-4.2978565354330707
21
5.5693085826771656
0
LINE
8
BLACK
6
CONTINUOUS
10
-4.2978565354330707
20
5.5693085826771656
11
-4.2982281889763776
21
5.5697613779527559
0
LINE
8
BLACK
6
CONTINUOUS
10
-4.2982281889763776
20
5.5697613779527559
11
-4.2983460629921257
21
5.5698636614173225
0
LINE
8
BLACK
6
CONTINUOUS
10
-4.2983460629921257
20
5.5698636614173225
11
-4.2984053543307086
21
5.5699772834645671
0
LINE
8
BLACK
6
CONTINUOUS
10
-4.2984053543307086
20
5.5699772834645671
11
-4.2985909842519687
21
5.5702035039370079
0
LINE
8
BLACK
6
CONTINUOUS
10
-4.2985909842519687
20
5.5702035039370079
11
-4.2988517716535428
21
5.5708329921259843
0
LINE
8
BLACK
6
CONTINUOUS
10
-4.2988517716535428
20
5.5708329921259843
11
-4.3014000000000001
21
5.5757178346456691
0
LINE
8
BLACK
6
CONTINUOUS
10
-4.3014000000000001
20
5.5757178346456691
11
-4.3018137795275591
21
5.5767990551181104
0
LINE
8
BLACK
6
CONTINUOUS
10
-4.3018137795275591
20
5.5767990551181104
11
-4.301828858267716
21
5.5770107480314959
0
LINE
8
BLACK
6
CONTINUOUS
10
-4.301828858267716
20
5.5770107480314959
11
-4.3019100000000003
21
5.5772067322834644
0
LINE
8
BLACK
6
CONTINUOUS
10
-4.3019100000000003
20
5.5772067322834644
11
-4.3019191732283462
21
5.5782820472440946
0
LINE
8
BLACK
6
CONTINUOUS
10
-4.3019191732283462
20
5.5782820472440946
11
-4.3019770866141736
21
5.579097519685039
0
LINE
8
BLACK
6
CONTINUOUS
10
-4.3019770866141736
20
5.579097519685039
11
-4.301927362204724
21
5.5792466929133857
0
LINE
8
BLACK
6
CONTINUOUS
10
-4.301927362204724
20
5.5792466929133857
11
-4.3020234645669291
21
5.5905448425196846
0
LINE
8
BLACK
6
CONTINUOUS
10
-4.3020234645669291
20
5.5905448425196846
11
-4.3019100000000003
21
5.5916969685039373
0
LINE
8
BLACK
6
CONTINUOUS
10
-4.3019100000000003
20
5.5916969685039373
11
-4.3018287795275594
21
5.5918930314960624
0
LINE
8
BLACK
6
CONTINUOUS
10
-4.3018287795275594
20
5.5918930314960624
11
-4.3018137401574803
21
5.5921046456692913
0
LINE
8
BLACK
6
CONTINUOUS
10
-4.3018137401574803
20
5.5921046456692913
11
-4.3012746456692916
21
5.5932308661417318
0
LINE
8
BLACK
6
CONTINUOUS
10
-4.3012746456692916
20
5.5932308661417318
11
-4.3010281889763782
21
5.5938257874015749
0
LINE
8
BLACK
6
CONTINUOUS
10
-4.3010281889763782
20
5.5938257874015749
11
-4.3009546456692913
21
5.5938993307086609
0
LINE
8
BLACK
6
CONTINUOUS
10
-4.3009546456692913
20
5.5938993307086609
11
-4.2989627952755907
21
5.5980602755905506
0
LINE
8
BLACK
6
CONTINUOUS
10
-4.2989627952755907
20
5.5980602755905506
11
-4.298650708661417
21
5.5985560629921256
0
LINE
8
BLACK
6
CONTINUOUS
10
-4.298650708661417
20
5.5985560629921256
11
-4.2985910236220475
21
5.5987001181102363
0
LINE
8
BLACK
6
CONTINUOUS
10
-4.2985910236220475
20
5.5987001181102363
11
-4.298499488188976
21
5.5987962992125979
0
LINE
8
BLACK
6
CONTINUOUS
10
-4.298499488188976
20
5.5987962992125979
11
-4.2983460629921257
21
5.5990399999999996
0
LINE
8
BLACK
6
CONTINUOUS
10
-4.2983460629921257
20
5.5990399999999996
11
-4.2978959448818896
21
5.5994303937007874
0
LINE
8
BLACK
6
CONTINUOUS
10
-4.2978959448818896
20
5.5994303937007874
11
-4.29541937007874
21
5.6020322440944881
0
LINE
8
BLACK
6
CONTINUOUS
10
-4.29541937007874
20
5.6020322440944881
11
-4.2949665748031496
21
5.6024038188976375
0
LINE
8
BLACK
6
CONTINUOUS
10
-4.2949665748031496
20
5.6024038188976375
11
-4.2948643307086609
21
5.6025217322834644
0
LINE
8
BLACK
6
CONTINUOUS
10
-4.2948643307086609
20
5.6025217322834644
11
-4.2947507086614172
21
5.6025809842519685
0
LINE
8
BLACK
6
CONTINUOUS
10
-4.2947507086614172
20
5.6025809842519685
11
-4.2945244488188976
21
5.6027666929133861
0
LINE
8
BLACK
6
CONTINUOUS
10
-4.2945244488188976
20
5.6027666929133861
11
-4.2938949212598425
21
5.6030274409448815
0
LINE
8
BLACK
6
CONTINUOUS
10
-4.2938949212598425
20
5.6030274409448815
11
-4.289010196850394
21
5.6055756692913388
0
LINE
8
BLACK
6
CONTINUOUS
10
-4.289010196850394
20
5.6055756692913388
11
-4.2879289763779527
21
5.6059894488188977
0
LINE
8
BLACK
6
CONTINUOUS
10
-4.2879289763779527
20
5.6059894488188977
11
-4.2877172834645672
21
5.6060044881889759
0
LINE
8
BLACK
6
CONTINUOUS
10
-4.2877172834645672
20
5.6060044881889759
11
-4.2875212992125986
21
5.6060856692913381
0
LINE
8
BLACK
6
CONTINUOUS
10
-4.2875212992125986
20
5.6060856692913381
11
-4.2862335039370079
21
5.6061098818897639
0
LINE
8
BLACK
6
CONTINUOUS
10
-4.2862335039370079
20
5.6061098818897639
11
-4.2856305511811019
21
5.6061527559055113
0
LINE
8
BLACK
6
CONTINUOUS
10
-4.2856305511811019
20
5.6061527559055113
11
-4.2855411417322831
21
5.6061229133858266
0
LINE
8
BLACK
6
CONTINUOUS
10
-4.2855411417322831
20
5.6061229133858266
11
-4.2814947637795271
21
5.6061991338582677
0
LINE
8
BLACK
6
CONTINUOUS
10
-4.2814947637795271
20
5.6061991338582677
11
-4.2809116535433072
21
5.6061416929133854
0
LINE
8
BLACK
6
CONTINUOUS
10
-4.9783687795275586
20
5.8029118503937003
11
-4.978188976377953
21
5.5685433070866139
0
LINE
8
BLACK
6
CONTINUOUS
10
-4.978188976377953
20
5.5685433070866139
11
-4.9783687795275586
21
5.5676393307086611
0
LINE
8
BLACK
6
CONTINUOUS
10
-4.9783687795275586
20
5.5676393307086611
11
-4.9796472047244089
21
5.5663609055118108
0
LINE
8
BLACK
6
CONTINUOUS
10
-4.9796472047244089
20
5.5663609055118108
11
-4.9814551574803145
21
5.5663609055118108
0
LINE
8
BLACK
6
CONTINUOUS
10
-4.9814551574803145
20
5.5663609055118108
11
-4.9827335826771648
21
5.5676393307086611
0
LINE
8
BLACK
6
CONTINUOUS
10
-4.9827335826771648
20
5.5676393307086611
11
-4.9829133858267713
21
5.8020078740157475
0
LINE
8
BLACK
6
CONTINUOUS
10
-4.9829133858267713
20
5.8020078740157475
11
-4.9827335826771648
21
5.8029118503937003
0
LINE
8
BLACK
6
CONTINUOUS
10
-4.9827335826771648
20
5.8029118503937003
11
-4.9814551574803145
21
5.8041902755905515
0
LINE
8
BLACK
6
CONTINUOUS
10
-4.9814551574803145
20
5.8041902755905515
11
-4.9796472047244089
21
5.8041902755905515
0
LINE
8
BLACK
6
CONTINUOUS
10
-4.9796472047244089
20
5.8041902755905515
11
-4.9783687795275586
21
5.8029118503937003
0
LINE
8
BLACK
6
CONTINUOUS
10
-4.0130144488188977
20
5.8029118503937003
11
-4.0128346456692912
21
5.5685433070866139
0
LINE
8
BLACK
6
CONTINUOUS
10
-4.0128346456692912
20
5.5685433070866139
11
-4.0130144488188977
21
5.5676393307086611
0
LINE
8
BLACK
6
CONTINUOUS
10
-4.0130144488188977
20
5.5676393307086611
11
-4.014292874015748
21
5.5663609055118108
0
LINE
8
BLACK
6
CONTINUOUS
10
-4.014292874015748
20
5.5663609055118108
11
-4.0161008267716536
21
5.5663609055118108
0
LINE
8
BLACK
6
CONTINUOUS
10
-4.0161008267716536
20
5.5663609055118108
11
-4.0173792519685039
21
5.5676393307086611
0
LINE
8
BLACK
6
CONTINUOUS
10
-4.0173792519685039
20
5.5676393307086611
11
-4.0175590551181104
21
5.8020078740157475
0
LINE
8
BLACK
6
CONTINUOUS
10
-4.0175590551181104
20
5.8020078740157475
11
-4.0173792519685039
21
5.8029118503937003
0
LINE
8
BLACK
6
CONTINUOUS
10
-4.0173792519685039
20
5.8029118503937003
11
-4.0161008267716536
21
5.8041902755905515
0
LINE
8
BLACK
6
CONTINUOUS
10
-4.0161008267716536
20
5.8041902755905515
11
-4.014292874015748
21
5.8041902755905515
0
LINE
8
BLACK
6
CONTINUOUS
10
-4.014292874015748
20
5.8041902755905515
11
-4.0130144488188977
21
5.8029118503937003
0
LINE
8
BLACK
6
CONTINUOUS
10
-4.6108280314960632
20
5.6369067716535435
11
-4.6108081496062994
21
5.6339172834645668
0
LINE
8
BLACK
6
CONTINUOUS
10
-4.6108081496062994
20
5.6339172834645668
11
-4.6107889370078743
21
5.6313975590551184
0
LINE
8
BLACK
6
CONTINUOUS
10
-4.6107889370078743
20
5.6313975590551184
11
-4.6107683858267716
21
5.6293009055118111
0
LINE
8
BLACK
6
CONTINUOUS
10
-4.6107683858267716
20
5.6293009055118111
11
-4.6107444881889759
21
5.6275806692913388
0
LINE
8
BLACK
6
CONTINUOUS
10
-4.6107444881889759
20
5.6275806692913388
11
-4.6107151968503937
21
5.6261902362204719
0
LINE
8
BLACK
6
CONTINUOUS
10
-4.6107151968503937
20
5.6261902362204719
11
-4.6106785039370077
21
5.6250829133858264
0
LINE
8
BLACK
6
CONTINUOUS
10
-4.6106785039370077
20
5.6250829133858264
11
-4.6106323622047247
21
5.624212047244094
0
LINE
8
BLACK
6
CONTINUOUS
10
-4.6106323622047247
20
5.624212047244094
11
-4.6105748031496061
21
5.623531062992126
0
LINE
8
BLACK
6
CONTINUOUS
10
-4.6105748031496061
20
5.623531062992126
11
-4.6105037401574798
21
5.6229932283464565
0
LINE
8
BLACK
6
CONTINUOUS
10
-4.6105037401574798
20
5.6229932283464565
11
-4.610417204724409
21
5.6225518897637796
0
LINE
8
BLACK
6
CONTINUOUS
10
-4.610417204724409
20
5.6225518897637796
11
-4.6103131496062995
21
5.6221604330708663
0
LINE
8
BLACK
6
CONTINUOUS
10
-4.6103131496062995
20
5.6221604330708663
11
-4.610189566929134
21
5.621772204724409
0
LINE
8
BLACK
6
CONTINUOUS
10
-4.610189566929134
20
5.621772204724409
11
-4.6101696456692913
21
5.6217126377952757
0
LINE
8
BLACK
6
CONTINUOUS
10
-4.6101696456692913
20
5.6217126377952757
11
-4.6092843700787398
21
5.6197555118110234
0
LINE
8
BLACK
6
CONTINUOUS
10
-4.6092843700787398
20
5.6197555118110234
11
-4.6080772440944884
21
5.6182020472440941
0
LINE
8
BLACK
6
CONTINUOUS
10
-4.6080772440944884
20
5.6182020472440941
11
-4.6065486614173228
21
5.6170525590551179
0
LINE
8
BLACK
6
CONTINUOUS
10
-4.6065486614173228
20
5.6170525590551179
11
-4.6046990944881889
21
5.6163072047244089
0
LINE
8
BLACK
6
CONTINUOUS
10
-4.6046990944881889
20
5.6163072047244089
11
-4.6025289763779522
21
5.615966299212598
0
LINE
8
BLACK
6
CONTINUOUS
10
-4.6025289763779522
20
5.615966299212598
11
-4.6000387795275586
21
5.6160300787401569
0
LINE
8
BLACK
6
CONTINUOUS
10
-4.6000387795275586
20
5.6160300787401569
11
-4.5998610236220472
21
5.6160487795275591
0
LINE
8
BLACK
6
CONTINUOUS
10
-4.5998610236220472
20
5.6160487795275591
11
-4.5978118897637792
21
5.6164678346456691
0
LINE
8
BLACK
6
CONTINUOUS
10
-4.5978118897637792
20
5.6164678346456691
11
-4.5961003149606299
21
5.6172480708661414
0
LINE
8
BLACK
6
CONTINUOUS
10
-4.5961003149606299
20
5.6172480708661414
11
-4.5947114173228343
21
5.618406141732283
0
LINE
8
BLACK
6
CONTINUOUS
10
-4.5947114173228343
20
5.618406141732283
11
-4.5936301574803151
21
5.6199585433070869
0
LINE
8
BLACK
6
CONTINUOUS
10
-4.5936301574803151
20
5.6199585433070869
11
-4.5928416535433074
21
5.621921968503937
0
LINE
8
BLACK
6
CONTINUOUS
10
-4.5928416535433074
20
5.621921968503937
11
-4.5923309055118109
21
5.624312952755905
0
LINE
8
BLACK
6
CONTINUOUS
10
-4.5923309055118109
20
5.624312952755905
11
-4.5923151181102364
21
5.6244243700787404
0
LINE
8
BLACK
6
CONTINUOUS
10
-4.5923151181102364
20
5.6244243700787404
11
-4.5922492519685036
21
5.6251716535433074
0
LINE
8
BLACK
6
CONTINUOUS
10
-4.5922492519685036
20
5.6251716535433074
11
-4.5921905511811021
21
5.626387716535433
0
LINE
8
BLACK
6
CONTINUOUS
10
-4.5921905511811021
20
5.626387716535433
11
-4.5921399212598422
21
5.6280251181102363
0
LINE
8
BLACK
6
CONTINUOUS
10
-4.5921399212598422
20
5.6280251181102363
11
-4.5920983858267714
21
5.6300362598425195
0
LINE
8
BLACK
6
CONTINUOUS
10
-4.5920983858267714
20
5.6300362598425195
11
-4.5920668110236216
21
5.6323736220472442
0
LINE
8
BLACK
6
CONTINUOUS
10
-4.5920668110236216
20
5.6323736220472442
11
-4.5920461811023623
21
5.6349896850393701
0
LINE
8
BLACK
6
CONTINUOUS
10
-4.5920461811023623
20
5.6349896850393701
11
-4.5920374409448819
21
5.6378369291338579
0
LINE
8
BLACK
6
CONTINUOUS
10
-4.5920374409448819
20
5.6378369291338579
11
-4.5920372047244093
21
5.6384101181102357
0
LINE
8
BLACK
6
CONTINUOUS
10
-4.5920372047244093
20
5.6384101181102357
11
-4.5920372047244093
21
5.6503975984251964
0
LINE
8
BLACK
6
CONTINUOUS
10
-4.5920372047244093
20
5.6503975984251964
11
-4.5845494488188976
21
5.6503975984251964
0
LINE
8
BLACK
6
CONTINUOUS
10
-4.5845494488188976
20
5.6503975984251964
11
-4.5845494488188976
21
5.6377646062992124
0
LINE
8
BLACK
6
CONTINUOUS
10
-4.5845494488188976
20
5.6377646062992124
11
-4.5845528740157482
21
5.6345237795275587
0
LINE
8
BLACK
6
CONTINUOUS
10
-4.5845528740157482
20
5.6345237795275587
11
-4.5845651968503933
21
5.6317496850393702
0
LINE
8
BLACK
6
CONTINUOUS
10
-4.5845651968503933
20
5.6317496850393702
11
-4.5845897244094491
21
5.6293926771653542
0
LINE
8
BLACK
6
CONTINUOUS
10
-4.5845897244094491
20
5.6293926771653542
11
-4.5846295669291335
21
5.6274031102362203
0
LINE
8
BLACK
6
CONTINUOUS
10
-4.5846295669291335
20
5.6274031102362203
11
-4.584687952755905
21
5.6257313779527554
0
LINE
8
BLACK
6
CONTINUOUS
10
-4.584687952755905
20
5.6257313779527554
11
-4.5847681102362206
21
5.6243278740157479
0
LINE
8
BLACK
6
CONTINUOUS
10
-4.5847681102362206
20
5.6243278740157479
11
-4.5848732283464564
21
5.6231428740157483
0
LINE
8
BLACK
6
CONTINUOUS
10
-4.5848732283464564
20
5.6231428740157483
11
-4.5850064960629924
21
5.6221268110236222
0
LINE
8
BLACK
6
CONTINUOUS
10
-4.5850064960629924
20
5.6221268110236222
11
-4.5851711023622048
21
5.6212300393700785
0
LINE
8
BLACK
6
CONTINUOUS
10
-4.5851711023622048
20
5.6212300393700785
11
-4.5853702755905514
21
5.6204029133858269
0
LINE
8
BLACK
6
CONTINUOUS
10
-4.5853702755905514
20
5.6204029133858269
11
-4.5856072047244094
21
5.6195957874015745
0
LINE
8
BLACK
6
CONTINUOUS
10
-4.5856072047244094
20
5.6195957874015745
11
-4.585749527559055
21
5.6191581496062994
0
LINE
8
BLACK
6
CONTINUOUS
10
-4.585749527559055
20
5.6191581496062994
11
-4.5868662598425196
21
5.6165113779527553
0
LINE
8
BLACK
6
CONTINUOUS
10
-4.5868662598425196
20
5.6165113779527553
11
-4.5883228346456688
21
5.6142526771653545
0
LINE
8
BLACK
6
CONTINUOUS
10
-4.5883228346456688
20
5.6142526771653545
11
-4.5901243700787404
21
5.6123769291338581
0
LINE
8
BLACK
6
CONTINUOUS
10
-4.5901243700787404
20
5.6123769291338581
11
-4.5922758661417324
21
5.6108790944881886
0
LINE
8
BLACK
6
CONTINUOUS
10
-4.5922758661417324
20
5.6108790944881886
11
-4.5947824015748031
21
5.6097540944881885
0
LINE
8
BLACK
6
CONTINUOUS
10
-4.5947824015748031
20
5.6097540944881885
11
-4.5952646456692916
21
5.6095929921259842
0
LINE
8
BLACK
6
CONTINUOUS
10
-4.5952646456692916
20
5.6095929921259842
11
-4.5966783070866137
21
5.6092635433070868
0
LINE
8
BLACK
6
CONTINUOUS
10
-4.5966783070866137
20
5.6092635433070868
11
-4.5984463779527562
21
5.6090322440944878
0
LINE
8
BLACK
6
CONTINUOUS
10
-4.5984463779527562
20
5.6090322440944878
11
-4.6004156692913387
21
5.608902913385827
0
LINE
8
BLACK
6
CONTINUOUS
10
-4.6004156692913387
20
5.608902913385827
11
-4.6024329133858268
21
5.6088793307086613
0
LINE
8
BLACK
6
CONTINUOUS
10
-4.6024329133858268
20
5.6088793307086613
11
-4.6043448425196853
21
5.6089653149606296
0
LINE
8
BLACK
6
CONTINUOUS
10
-4.6043448425196853
20
5.6089653149606296
11
-4.6059982283464569
21
5.6091647244094487
0
LINE
8
BLACK
6
CONTINUOUS
10
-4.6059982283464569
20
5.6091647244094487
11
-4.6066821259842516
21
5.6093086614173231
0
LINE
8
BLACK
6
CONTINUOUS
10
-4.6066821259842516
20
5.6093086614173231
11
-4.6093644488188978
21
5.61022031496063
0
LINE
8
BLACK
6
CONTINUOUS
10
-4.6093644488188978
20
5.61022031496063
11
-4.6117014566929129
21
5.6115092519685037
0
LINE
8
BLACK
6
CONTINUOUS
10
-4.6117014566929129
20
5.6115092519685037
11
-4.6137008661417322
21
5.6131831889763779
0
LINE
8
BLACK
6
CONTINUOUS
10
-4.6137008661417322
20
5.6131831889763779
11
-4.6153703543307083
21
5.6152497637795271
0
LINE
8
BLACK
6
CONTINUOUS
10
-4.6153703543307083
20
5.6152497637795271
11
-4.6167177559055119
21
5.6177166929133859
0
LINE
8
BLACK
6
CONTINUOUS
10
-4.6167177559055119
20
5.6177166929133859
11
-4.6176333464566932
21
5.6201926771653543
0
LINE
8
BLACK
6
CONTINUOUS
10
-4.6176333464566932
20
5.6201926771653543
11
-4.6177604724409447
21
5.6206240551181104
0
LINE
8
BLACK
6
CONTINUOUS
10
-4.6177604724409447
20
5.6206240551181104
11
-4.6178680708661419
21
5.6210425196850391
0
LINE
8
BLACK
6
CONTINUOUS
10
-4.6178680708661419
20
5.6210425196850391
11
-4.6179581889763774
21
5.621494094488189
0
LINE
8
BLACK
6
CONTINUOUS
10
-4.6179581889763774
20
5.621494094488189
11
-4.6180327165354331
21
5.6220247637795273
0
LINE
8
BLACK
6
CONTINUOUS
10
-4.6180327165354331
20
5.6220247637795273
11
-4.6180935433070864
21
5.6226804330708662
0
LINE
8
BLACK
6
CONTINUOUS
10
-4.6180935433070864
20
5.6226804330708662
11
-4.6181426771653546
21
5.6235071653543303
0
LINE
8
BLACK
6
CONTINUOUS
10
-4.6181426771653546
20
5.6235071653543303
11
-4.618182047244094
21
5.6245509055118106
0
LINE
8
BLACK
6
CONTINUOUS
10
-4.618182047244094
20
5.6245509055118106
11
-4.6182135826771651
21
5.6258576771653539
0
LINE
8
BLACK
6
CONTINUOUS
10
-4.6182135826771651
20
5.6258576771653539
11
-4.6182392125984251
21
5.6274733858267716
0
LINE
8
BLACK
6
CONTINUOUS
10
-4.6182392125984251
20
5.6274733858267716
11
-4.6182608661417319
21
5.6294440551181104
0
LINE
8
BLACK
6
CONTINUOUS
10
-4.6182608661417319
20
5.6294440551181104
11
-4.6182805118110233
21
5.6318156692913384
0
LINE
8
BLACK
6
CONTINUOUS
10
-4.6182805118110233
20
5.6318156692913384
11
-4.6183000393700784
21
5.6346342125984252
0
LINE
8
BLACK
6
CONTINUOUS
10
-4.6183000393700784
20
5.6346342125984252
11
-4.6183106299212602
21
5.636261299212598
0
LINE
8
BLACK
6
CONTINUOUS
10
-4.6183106299212602
20
5.636261299212598
11
-4.6184016141732283
21
5.6503975984251964
0
LINE
8
BLACK
6
CONTINUOUS
10
-4.6184016141732283
20
5.6503975984251964
11
-4.6109150393700791
21
5.6503975984251964
0
LINE
8
BLACK
6
CONTINUOUS
10
-4.6109150393700791
20
5.6503975984251964
11
-4.6108280314960632
21
5.6369067716535435
0
LINE
8
BLACK
6
CONTINUOUS
10
-4.6640743700787404
20
5.6431680708661416
11
-4.675693267716535
21
5.6431680708661416
0
LINE
8
BLACK
6
CONTINUOUS
10
-4.675693267716535
20
5.6431680708661416
11
-4.675693267716535
21
5.6096023622047246
0
LINE
8
BLACK
6
CONTINUOUS
10
-4.675693267716535
20
5.6096023622047246
11
-4.683180984251968
21
5.6096023622047246
0
LINE
8
BLACK
6
CONTINUOUS
10
-4.683180984251968
20
5.6096023622047246
11
-4.683180984251968
21
5.6431680708661416
0
LINE
8
BLACK
6
CONTINUOUS
10
-4.683180984251968
20
5.6431680708661416
11
-4.6947998818897636
21
5.6431680708661416
0
LINE
8
BLACK
6
CONTINUOUS
10
-4.6947998818897636
20
5.6431680708661416
11
-4.6947998818897636
21
5.6503975984251964
0
LINE
8
BLACK
6
CONTINUOUS
10
-4.6947998818897636
20
5.6503975984251964
11
-4.6640743700787404
21
5.6503975984251964
0
LINE
8
BLACK
6
CONTINUOUS
10
-4.6640743700787404
20
5.6503975984251964
11
-4.6640743700787404
21
5.6431680708661416
0
LINE
8
BLACK
6
CONTINUOUS
10
-4.6524554724409448
20
5.6343893700787397
11
-4.6336070472440944
21
5.6343893700787397
0
LINE
8
BLACK
6
CONTINUOUS
10
-4.6336070472440944
20
5.6343893700787397
11
-4.6336070472440944
21
5.6503975984251964
0
LINE
8
BLACK
6
CONTINUOUS
10
-4.6336070472440944
20
5.6503975984251964
11
-4.6261192913385827
21
5.6503975984251964
0
LINE
8
BLACK
6
CONTINUOUS
10
-4.6261192913385827
20
5.6503975984251964
11
-4.6261192913385827
21
5.6096023622047246
0
LINE
8
BLACK
6
CONTINUOUS
10
-4.6261192913385827
20
5.6096023622047246
11
-4.6336070472440944
21
5.6096023622047246
0
LINE
8
BLACK
6
CONTINUOUS
10
-4.6336070472440944
20
5.6096023622047246
11
-4.6336070472440944
21
5.6271598031496062
0
LINE
8
BLACK
6
CONTINUOUS
10
-4.6336070472440944
20
5.6271598031496062
11
-4.6524554724409448
21
5.6271598031496062
0
LINE
8
BLACK
6
CONTINUOUS
10
-4.6524554724409448
20
5.6271598031496062
11
-4.6524554724409448
21
5.6096023622047246
0
LINE
8
BLACK
6
CONTINUOUS
10
-4.6524554724409448
20
5.6096023622047246
11
-4.6599431889763778
21
5.6096023622047246
0
LINE
8
BLACK
6
CONTINUOUS
10
-4.6599431889763778
20
5.6096023622047246
11
-4.6599431889763778
21
5.6503975984251964
0
LINE
8
BLACK
6
CONTINUOUS
10
-4.6599431889763778
20
5.6503975984251964
11
-4.6524554724409448
21
5.6503975984251964
0
LINE
8
BLACK
6
CONTINUOUS
10
-4.6524554724409448
20
5.6503975984251964
11
-4.6524554724409448
21
5.6343893700787397
0
LINE
8
BLACK
6
CONTINUOUS
10
-4.5606945669291337
20
5.6372940944881886
11
-4.5520182283464568
21
5.6241905511811021
0
LINE
8
BLACK
6
CONTINUOUS
10
-4.5520182283464568
20
5.6241905511811021
11
-4.5520174015748029
21
5.6372940944881886
0
LINE
8
BLACK
6
CONTINUOUS
10
-4.5520174015748029
20
5.6372940944881886
11
-4.5520165354330704
21
5.6503975984251964
0
LINE
8
BLACK
6
CONTINUOUS
10
-4.5520165354330704
20
5.6503975984251964
11
-4.5445287795275586
21
5.6503975984251964
0
LINE
8
BLACK
6
CONTINUOUS
10
-4.5445287795275586
20
5.6503975984251964
11
-4.5445287795275586
21
5.6096023622047246
0
LINE
8
BLACK
6
CONTINUOUS
10
-4.5445287795275586
20
5.6096023622047246
11
-4.5506418110236222
21
5.6096023622047246
0
LINE
8
BLACK
6
CONTINUOUS
10
-4.5506418110236222
20
5.6096023622047246
11
-4.5599785039370078
21
5.6236096062992127
0
LINE
8
BLACK
6
CONTINUOUS
10
-4.5599785039370078
20
5.6236096062992127
11
-4.5693151968503933
21
5.637616811023622
0
LINE
8
BLACK
6
CONTINUOUS
10
-4.5693151968503933
20
5.637616811023622
11
-4.5693155118110234
21
5.6236096062992127
0
LINE
8
BLACK
6
CONTINUOUS
10
-4.5693155118110234
20
5.6236096062992127
11
-4.5693157874015746
21
5.6096023622047246
0
LINE
8
BLACK
6
CONTINUOUS
10
-4.5693157874015746
20
5.6096023622047246
11
-4.5768035039370076
21
5.6096023622047246
0
LINE
8
BLACK
6
CONTINUOUS
10
-4.5768035039370076
20
5.6096023622047246
11
-4.5768035039370076
21
5.6503975984251964
0
LINE
8
BLACK
6
CONTINUOUS
10
-4.5768035039370076
20
5.6503975984251964
11
-4.5693709055118106
21
5.6503975984251964
0
LINE
8
BLACK
6
CONTINUOUS
10
-4.5693709055118106
20
5.6503975984251964
11
-4.5606945669291337
21
5.6372940944881886
0
LINE
8
BLACK
6
CONTINUOUS
10
-4.5263903937007877
20
5.6503293700787403
11
-4.5236976771653543
21
5.6502990157480317
0
LINE
8
BLACK
6
CONTINUOUS
10
-4.5236976771653543
20
5.6502990157480317
11
-4.5214586220472439
21
5.6502651968503939
0
LINE
8
BLACK
6
CONTINUOUS
10
-4.5214586220472439
20
5.6502651968503939
11
-4.5196105118110239
21
5.6502191338582675
0
LINE
8
BLACK
6
CONTINUOUS
10
-4.5196105118110239
20
5.6502191338582675
11
-4.5180907086614175
21
5.6501519685039368
0
LINE
8
BLACK
6
CONTINUOUS
10
-4.5180907086614175
20
5.6501519685039368
11
-4.5168364566929133
21
5.6500549212598425
0
LINE
8
BLACK
6
CONTINUOUS
10
-4.5168364566929133
20
5.6500549212598425
11
-4.5157851181102364
21
5.6499190551181098
0
LINE
8
BLACK
6
CONTINUOUS
10
-4.5157851181102364
20
5.6499190551181098
11
-4.5148739370078736
21
5.6497356299212598
0
LINE
8
BLACK
6
CONTINUOUS
10
-4.5148739370078736
20
5.6497356299212598
11
-4.5140402755905509
21
5.649495787401575
0
LINE
8
BLACK
6
CONTINUOUS
10
-4.5140402755905509
20
5.649495787401575
11
-4.5132213779527559
21
5.6491906692913387
0
LINE
8
BLACK
6
CONTINUOUS
10
-4.5132213779527559
20
5.6491906692913387
11
-4.5123546062992128
21
5.6488114566929131
0
LINE
8
BLACK
6
CONTINUOUS
10
-4.5123546062992128
20
5.6488114566929131
11
-4.5113772047244094
21
5.6483492913385822
0
LINE
8
BLACK
6
CONTINUOUS
10
-4.5113772047244094
20
5.6483492913385822
11
-4.5109805118110238
21
5.6481581889763781
0
LINE
8
BLACK
6
CONTINUOUS
10
-4.5109805118110238
20
5.6481581889763781
11
-4.5097253543307083
21
5.6475139763779527
0
LINE
8
BLACK
6
CONTINUOUS
10
-4.5097253543307083
20
5.6475139763779527
11
-4.5087093700787397
21
5.646879094488189
0
LINE
8
BLACK
6
CONTINUOUS
10
-4.5087093700787397
20
5.646879094488189
11
-4.5077568503937009
21
5.646126377952756
0
LINE
8
BLACK
6
CONTINUOUS
10
-4.5077568503937009
20
5.646126377952756
11
-4.5066919685039366
21
5.6451287401574799
0
LINE
8
BLACK
6
CONTINUOUS
10
-4.5066919685039366
20
5.6451287401574799
11
-4.5064261811023618
21
5.6448648031496065
0
LINE
8
BLACK
6
CONTINUOUS
10
-4.5064261811023618
20
5.6448648031496065
11
-4.505357362204724
21
5.6437511417322836
0
LINE
8
BLACK
6
CONTINUOUS
10
-4.505357362204724
20
5.6437511417322836
11
-4.5045612992125985
21
5.642788188976378
0
LINE
8
BLACK
6
CONTINUOUS
10
-4.5045612992125985
20
5.642788188976378
11
-4.5039107874015745
21
5.6417999999999999
0
LINE
8
BLACK
6
CONTINUOUS
10
-4.5039107874015745
20
5.6417999999999999
11
-4.5032785826771651
21
5.6406106692913385
0
LINE
8
BLACK
6
CONTINUOUS
10
-4.5032785826771651
20
5.6406106692913385
11
-4.5031322047244098
21
5.6403104724409445
0
LINE
8
BLACK
6
CONTINUOUS
10
-4.5031322047244098
20
5.6403104724409445
11
-4.5024205118110237
21
5.6387772834645666
0
LINE
8
BLACK
6
CONTINUOUS
10
-4.5024205118110237
20
5.6387772834645666
11
-4.5018882677165353
21
5.6374517322834645
0
LINE
8
BLACK
6
CONTINUOUS
10
-4.5018882677165353
20
5.6374517322834645
11
-4.5015103149606297
21
5.6362098425196852
0
LINE
8
BLACK
6
CONTINUOUS
10
-4.5015103149606297
20
5.6362098425196852
11
-4.5012614173228345
21
5.634927559055118
0
LINE
8
BLACK
6
CONTINUOUS
10
-4.5012614173228345
20
5.634927559055118
11
-4.5011162992125984
21
5.6334807874015747
0
LINE
8
BLACK
6
CONTINUOUS
10
-4.5011162992125984
20
5.6334807874015747
11
-4.5010498031496065
21
5.6317455118110233
0
LINE
8
BLACK
6
CONTINUOUS
10
-4.5010498031496065
20
5.6317455118110233
11
-4.50103625984252
21
5.6299999999999999
0
LINE
8
BLACK
6
CONTINUOUS
10
-4.50103625984252
20
5.6299999999999999
11
-4.5010570472440943
21
5.6279228346456689
0
LINE
8
BLACK
6
CONTINUOUS
10
-4.5010570472440943
20
5.6279228346456689
11
-4.5011361811023622
21
5.6262381496062988
0
LINE
8
BLACK
6
CONTINUOUS
10
-4.5011361811023622
20
5.6262381496062988
11
-4.5012989370078742
21
5.6248230708661415
0
LINE
8
BLACK
6
CONTINUOUS
10
-4.5012989370078742
20
5.6248230708661415
11
-4.5015705118110239
21
5.6235548031496059
0
LINE
8
BLACK
6
CONTINUOUS
10
-4.5015705118110239
20
5.6235548031496059
11
-4.5019761417322837
21
5.622310433070866
0
LINE
8
BLACK
6
CONTINUOUS
10
-4.5019761417322837
20
5.622310433070866
11
-4.5025411023622048
21
5.6209671259842517
0
LINE
8
BLACK
6
CONTINUOUS
10
-4.5025411023622048
20
5.6209671259842517
11
-4.5031573622047247
21
5.6196720866141732
0
LINE
8
BLACK
6
CONTINUOUS
10
-4.5031573622047247
20
5.6196720866141732
11
-4.5046777165354328
21
5.617151220472441
0
LINE
8
BLACK
6
CONTINUOUS
10
-4.5046777165354328
20
5.617151220472441
11
-4.5065948818897636
21
5.6149373622047243
0
LINE
8
BLACK
6
CONTINUOUS
10
-4.5065948818897636
20
5.6149373622047243
11
-4.5088641338582676
21
5.6130698031496058
0
LINE
8
BLACK
6
CONTINUOUS
10
-4.5088641338582676
20
5.6130698031496058
11
-4.5114407480314958
21
5.6115877165354329
0
LINE
8
BLACK
6
CONTINUOUS
10
-4.5114407480314958
20
5.6115877165354329
11
-4.5131836614173224
21
5.6108758661417317
0
LINE
8
BLACK
6
CONTINUOUS
10
-4.5131836614173224
20
5.6108758661417317
11
-4.5141618110236221
21
5.6105507086614175
0
LINE
8
BLACK
6
CONTINUOUS
10
-4.5141618110236221
20
5.6105507086614175
11
-4.5150980708661415
21
5.6102852362204727
0
LINE
8
BLACK
6
CONTINUOUS
10
-4.5150980708661415
20
5.6102852362204727
11
-4.5160582677165353
21
5.6100736220472438
0
LINE
8
BLACK
6
CONTINUOUS
10
-4.5160582677165353
20
5.6100736220472438
11
-4.517108188976378
21
5.6099098818897639
0
LINE
8
BLACK
6
CONTINUOUS
10
-4.517108188976378
20
5.6099098818897639
11
-4.5183135826771652
21
5.6097881889763777
0
LINE
8
BLACK
6
CONTINUOUS
10
-4.5183135826771652
20
5.6097881889763777
11
-4.5197402362204722
21
5.6097026377952757
0
LINE
8
BLACK
6
CONTINUOUS
10
-4.5197402362204722
20
5.6097026377952757
11
-4.5214539763779529
21
5.6096472834645672
0
LINE
8
BLACK
6
CONTINUOUS
10
-4.5214539763779529
20
5.6096472834645672
11
-4.5235205118110233
21
5.6096162204724411
0
LINE
8
BLACK
6
CONTINUOUS
10
-4.5235205118110233
20
5.6096162204724411
11
-4.5260057086614172
21
5.6096036220472438
0
LINE
8
BLACK
6
CONTINUOUS
10
-4.5260057086614172
20
5.6096036220472438
11
-4.5273813385826767
21
5.6096023622047246
0
LINE
8
BLACK
6
CONTINUOUS
10
-4.5273813385826767
20
5.6096023622047246
11
-4.5362664566929132
21
5.6096023622047246
0
LINE
8
BLACK
6
CONTINUOUS
10
-4.5362664566929132
20
5.6096023622047246
11
-4.5362664566929132
21
5.6437199606299213
0
LINE
8
BLACK
6
CONTINUOUS
10
-4.5362664566929132
20
5.6437199606299213
11
-4.5362664566929132
21
5.6504355511811024
0
LINE
8
BLACK
6
CONTINUOUS
10
-4.5362664566929132
20
5.6504355511811024
11
-4.5263903937007877
21
5.6503293700787403
0
LINE
8
BLACK
6
CONTINUOUS
10
-4.5287787401574802
20
5.6162725590551181
11
-4.5230338188976376
21
5.6163585826771651
0
LINE
8
BLACK
6
CONTINUOUS
10
-4.5230338188976376
20
5.6163585826771651
11
-4.5172889370078737
21
5.6164446062992122
0
LINE
8
BLACK
6
CONTINUOUS
10
-4.5172889370078737
20
5.6164446062992122
11
-4.5155588188976381
21
5.6172642125984247
0
LINE
8
BLACK
6
CONTINUOUS
10
-4.5155588188976381
20
5.6172642125984247
11
-4.5135759055118108
21
5.6184648031496058
0
LINE
8
BLACK
6
CONTINUOUS
10
-4.5135759055118108
20
5.6184648031496058
11
-4.5119569291338584
21
5.6200180708661414
0
LINE
8
BLACK
6
CONTINUOUS
10
-4.5119569291338584
20
5.6200180708661414
11
-4.5106990944881886
21
5.6219293307086611
0
LINE
8
BLACK
6
CONTINUOUS
10
-4.5106990944881886
20
5.6219293307086611
11
-4.5097998031496065
21
5.6242038976377948
0
LINE
8
BLACK
6
CONTINUOUS
10
-4.5097998031496065
20
5.6242038976377948
11
-4.5092562598425197
21
5.6268470472440946
0
LINE
8
BLACK
6
CONTINUOUS
10
-4.5092562598425197
20
5.6268470472440946
11
-4.5090658267716535
21
5.629864133858268
0
LINE
8
BLACK
6
CONTINUOUS
10
-4.5090658267716535
20
5.629864133858268
11
-4.5090655118110234
21
5.6299999999999999
0
LINE
8
BLACK
6
CONTINUOUS
10
-4.5090655118110234
20
5.6299999999999999
11
-4.5092411023622043
21
5.6330329921259841
0
LINE
8
BLACK
6
CONTINUOUS
10
-4.5092411023622043
20
5.6330329921259841
11
-4.5097696456692908
21
5.6356918503937008
0
LINE
8
BLACK
6
CONTINUOUS
10
-4.5097696456692908
20
5.6356918503937008
11
-4.510653858267716
21
5.637981889763779
0
LINE
8
BLACK
6
CONTINUOUS
10
-4.510653858267716
20
5.637981889763779
11
-4.5118964566929129
21
5.6399084251968503
0
LINE
8
BLACK
6
CONTINUOUS
10
-4.5118964566929129
20
5.6399084251968503
11
-4.5135001181102359
21
5.6414766929133853
0
LINE
8
BLACK
6
CONTINUOUS
10
-4.5135001181102359
20
5.6414766929133853
11
-4.5154675984251966
21
5.642692086614173
0
LINE
8
BLACK
6
CONTINUOUS
10
-4.5154675984251966
20
5.642692086614173
11
-4.5155588188976381
21
5.6427357480314964
0
LINE
8
BLACK
6
CONTINUOUS
10
-4.5155588188976381
20
5.6427357480314964
11
-4.5172889370078737
21
5.6435553937007876
0
LINE
8
BLACK
6
CONTINUOUS
10
-4.5172889370078737
20
5.6435553937007876
11
-4.5230338188976376
21
5.643637677165354
0
LINE
8
BLACK
6
CONTINUOUS
10
-4.5230338188976376
20
5.643637677165354
11
-4.5287787401574802
21
5.6437199606299213
0
LINE
8
BLACK
6
CONTINUOUS
10
-4.5287787401574802
20
5.6437199606299213
11
-4.5287787401574802
21
5.6162725590551181
0
LINE
8
BLACK
6
CONTINUOUS
10
-4.4686186614173229
20
5.6431680708661416
11
-4.4872088976377951
21
5.6431680708661416
0
LINE
8
BLACK
6
CONTINUOUS
10
-4.4872088976377951
20
5.6431680708661416
11
-4.4872088976377951
21
5.6343893700787397
0
LINE
8
BLACK
6
CONTINUOUS
10
-4.4872088976377951
20
5.6343893700787397
11
-4.473007992125984
21
5.6343893700787397
0
LINE
8
BLACK
6
CONTINUOUS
10
-4.473007992125984
20
5.6343893700787397
11
-4.473007992125984
21
5.6271598031496062
0
LINE
8
BLACK
6
CONTINUOUS
10
-4.473007992125984
20
5.6271598031496062
11
-4.4872088976377951
21
5.6271598031496062
0
LINE
8
BLACK
6
CONTINUOUS
10
-4.4872088976377951
20
5.6271598031496062
11
-4.4872088976377951
21
5.6168318897637795
0
LINE
8
BLACK
6
CONTINUOUS
10
-4.4872088976377951
20
5.6168318897637795
11
-4.4681022440944878
21
5.6168318897637795
0
LINE
8
BLACK
6
CONTINUOUS
10
-4.4681022440944878
20
5.6168318897637795
11
-4.4681022440944878
21
5.6096023622047246
0
LINE
8
BLACK
6
CONTINUOUS
10
-4.4681022440944878
20
5.6096023622047246
11
-4.4949548031496063
21
5.6096023622047246
0
LINE
8
BLACK
6
CONTINUOUS
10
-4.4949548031496063
20
5.6096023622047246
11
-4.4949548031496063
21
5.6503975984251964
0
LINE
8
BLACK
6
CONTINUOUS
10
-4.4949548031496063
20
5.6503975984251964
11
-4.4686186614173229
21
5.6503975984251964
0
LINE
8
BLACK
6
CONTINUOUS
10
-4.4686186614173229
20
5.6503975984251964
11
-4.4686186614173229
21
5.6431680708661416
0
LINE
8
BLACK
6
CONTINUOUS
10
-4.4508748425196849
20
5.6503953149606296
11
-4.4489049212598424
21
5.6503864173228342
0
LINE
8
BLACK
6
CONTINUOUS
10
-4.4489049212598424
20
5.6503864173228342
11
-4.4473234251968501
21
5.6503678740157479
0
LINE
8
BLACK
6
CONTINUOUS
10
-4.4473234251968501
20
5.6503678740157479
11
-4.4460664960629916
21
5.6503366141732281
0
LINE
8
BLACK
6
CONTINUOUS
10
-4.4460664960629916
20
5.6503366141732281
11
-4.4450700787401578
21
5.6502896062992125
0
LINE
8
BLACK
6
CONTINUOUS
10
-4.4450700787401578
20
5.6502896062992125
11
-4.444270236220472
21
5.6502237401574797
0
LINE
8
BLACK
6
CONTINUOUS
10
-4.444270236220472
20
5.6502237401574797
11
-4.4436030708661418
21
5.650136062992126
0
LINE
8
BLACK
6
CONTINUOUS
10
-4.4436030708661418
20
5.650136062992126
11
-4.4430045275590553
21
5.6500234251968502
0
LINE
8
BLACK
6
CONTINUOUS
10
-4.4430045275590553
20
5.6500234251968502
11
-4.4424107086614173
21
5.6498828346456689
0
LINE
8
BLACK
6
CONTINUOUS
10
-4.4424107086614173
20
5.6498828346456689
11
-4.4423883070866141
21
5.6498771259842515
0
LINE
8
BLACK
6
CONTINUOUS
10
-4.4423883070866141
20
5.6498771259842515
11
-4.4398568110236223
21
5.649027401574803
0
LINE
8
BLACK
6
CONTINUOUS
10
-4.4398568110236223
20
5.649027401574803
11
-4.4377408267716536
21
5.6478716929133856
0
LINE
8
BLACK
6
CONTINUOUS
10
-4.4377408267716536
20
5.6478716929133856
11
-4.4360364566929134
21
5.6464050393700784
0
LINE
8
BLACK
6
CONTINUOUS
10
-4.4360364566929134
20
5.6464050393700784
11
-4.4347398818897634
21
5.6446224803149603
0
LINE
8
BLACK
6
CONTINUOUS
10
-4.4347398818897634
20
5.6446224803149603
11
-4.4338472834645666
21
5.6425189763779526
0
LINE
8
BLACK
6
CONTINUOUS
10
-4.4338472834645666
20
5.6425189763779526
11
-4.4333547244094484
21
5.6400896456692911
0
LINE
8
BLACK
6
CONTINUOUS
10
-4.4333547244094484
20
5.6400896456692911
11
-4.433245551181102
21
5.6380674803149606
0
LINE
8
BLACK
6
CONTINUOUS
10
-4.433245551181102
20
5.6380674803149606
11
-4.4334328346456688
21
5.635468031496063
0
LINE
8
BLACK
6
CONTINUOUS
10
-4.4334328346456688
20
5.635468031496063
11
-4.4340061417322838
21
5.6331944881889759
0
LINE
8
BLACK
6
CONTINUOUS
10
-4.4340061417322838
20
5.6331944881889759
11
-4.4349825984251972
21
5.631211496062992
0
LINE
8
BLACK
6
CONTINUOUS
10
-4.4349825984251972
20
5.631211496062992
11
-4.4363793700787397
21
5.6294835826771656
0
LINE
8
BLACK
6
CONTINUOUS
10
-4.4363793700787397
20
5.6294835826771656
11
-4.4380862598425193
21
5.6280635039370077
0
LINE
8
BLACK
6
CONTINUOUS
10
-4.4380862598425193
20
5.6280635039370077
11
-4.4389159842519685
21
5.6274632677165357
0
LINE
8
BLACK
6
CONTINUOUS
10
-4.4389159842519685
20
5.6274632677165357
11
-4.439555551181102
21
5.6269641338582677
0
LINE
8
BLACK
6
CONTINUOUS
10
-4.439555551181102
20
5.6269641338582677
11
-4.4399066141732284
21
5.6266444488188974
0
LINE
8
BLACK
6
CONTINUOUS
10
-4.4399066141732284
20
5.6266444488188974
11
-4.4399442519685035
21
5.6265834251968503
0
LINE
8
BLACK
6
CONTINUOUS
10
-4.4399442519685035
20
5.6265834251968503
11
-4.4398301968503935
21
5.6263244881889767
0
LINE
8
BLACK
6
CONTINUOUS
10
-4.4398301968503935
20
5.6263244881889767
11
-4.4395033070866141
21
5.6256725590551175
0
LINE
8
BLACK
6
CONTINUOUS
10
-4.4395033070866141
20
5.6256725590551175
11
-4.4389961417322832
21
5.6246890551181101
0
LINE
8
BLACK
6
CONTINUOUS
10
-4.4389961417322832
20
5.6246890551181101
11
-4.4383413385826769
21
5.6234353937007873
0
LINE
8
BLACK
6
CONTINUOUS
10
-4.4383413385826769
20
5.6234353937007873
11
-4.437571456692913
21
5.6219729921259844
0
LINE
8
BLACK
6
CONTINUOUS
10
-4.437571456692913
20
5.6219729921259844
11
-4.4367190551181102
21
5.6203631889763779
0
LINE
8
BLACK
6
CONTINUOUS
10
-4.4367190551181102
20
5.6203631889763779
11
-4.4358166929133853
21
5.618667401574803
0
LINE
8
BLACK
6
CONTINUOUS
10
-4.4358166929133853
20
5.618667401574803
11
-4.4348970078740155
21
5.6169470472440945
0
LINE
8
BLACK
6
CONTINUOUS
10
-4.4348970078740155
20
5.6169470472440945
11
-4.4339925590551177
21
5.6152635039370073
0
LINE
8
BLACK
6
CONTINUOUS
10
-4.4339925590551177
20
5.6152635039370073
11
-4.4331359055118114
21
5.6136781496062991
0
LINE
8
BLACK
6
CONTINUOUS
10
-4.4331359055118114
20
5.6136781496062991
11
-4.4323596456692913
21
5.6122524409448822
0
LINE
8
BLACK
6
CONTINUOUS
10
-4.4323596456692913
20
5.6122524409448822
11
-4.4317896850393703
21
5.6112161023622047
0
LINE
8
BLACK
6
CONTINUOUS
10
-4.4317896850393703
20
5.6112161023622047
11
-4.4308964960629922
21
5.6096023622047246
0
LINE
8
BLACK
6
CONTINUOUS
10
-4.4308964960629922
20
5.6096023622047246
11
-4.4351048425196851
21
5.6096078346456695
0
LINE
8
BLACK
6
CONTINUOUS
10
-4.4351048425196851
20
5.6096078346456695
11
-4.4393131889763779
21
5.6096132677165356
0
LINE
8
BLACK
6
CONTINUOUS
10
-4.4393131889763779
20
5.6096132677165356
11
-4.4432279133858268
21
5.6171601181102364
0
LINE
8
BLACK
6
CONTINUOUS
10
-4.4432279133858268
20
5.6171601181102364
11
-4.4471425984251969
21
5.6247069291338585
0
LINE
8
BLACK
6
CONTINUOUS
10
-4.4471425984251969
20
5.6247069291338585
11
-4.4546759842519688
21
5.6248498425196853
0
LINE
8
BLACK
6
CONTINUOUS
10
-4.4546759842519688
20
5.6248498425196853
11
-4.4546759842519688
21
5.6096023622047246
0
LINE
8
BLACK
6
CONTINUOUS
10
-4.4546759842519688
20
5.6096023622047246
11
-4.4621637007874018
21
5.6096023622047246
0
LINE
8
BLACK
6
CONTINUOUS
10
-4.4621637007874018
20
5.6096023622047246
11
-4.4621637007874018
21
5.6442519685039372
0
LINE
8
BLACK
6
CONTINUOUS
10
-4.4621637007874018
20
5.6442519685039372
11
-4.4621637007874018
21
5.6503975984251964
0
LINE
8
BLACK
6
CONTINUOUS
10
-4.4621637007874018
20
5.6503975984251964
11
-4.4532971653543303
21
5.6503975984251964
0
LINE
8
BLACK
6
CONTINUOUS
10
-4.4532971653543303
20
5.6503975984251964
11
-4.4508748425196849
21
5.6503953149606296
0
LINE
8
BLACK
6
CONTINUOUS
10
-4.4546759842519688
20
5.6309807086614168
11
-4.4503511417322832
21
5.6310712992125982
0
LINE
8
BLACK
6
CONTINUOUS
10
-4.4503511417322832
20
5.6310712992125982
11
-4.4487522440944884
21
5.6311081889763779
0
LINE
8
BLACK
6
CONTINUOUS
10
-4.4487522440944884
20
5.6311081889763779
11
-4.447569488188976
21
5.6311516535433066
0
LINE
8
BLACK
6
CONTINUOUS
10
-4.447569488188976
20
5.6311516535433066
11
-4.4467027165354329
21
5.631216456692913
0
LINE
8
BLACK
6
CONTINUOUS
10
-4.4467027165354329
20
5.631216456692913
11
-4.446051850393701
21
5.6313173622047241
0
LINE
8
BLACK
6
CONTINUOUS
10
-4.446051850393701
20
5.6313173622047241
11
-4.4455166929133858
21
5.6314691732283464
0
LINE
8
BLACK
6
CONTINUOUS
10
-4.4455166929133858
20
5.6314691732283464
11
-4.4449970866141735
21
5.6316866929133855
0
LINE
8
BLACK
6
CONTINUOUS
10
-4.4449970866141735
20
5.6316866929133855
11
-4.4444883858267712
21
5.6319364566929133
0
LINE
8
BLACK
6
CONTINUOUS
10
-4.4444883858267712
20
5.6319364566929133
11
-4.4430071653543308
21
5.6328831102362207
0
LINE
8
BLACK
6
CONTINUOUS
10
-4.4430071653543308
20
5.6328831102362207
11
-4.4419730708661413
21
5.6340300000000001
0
LINE
8
BLACK
6
CONTINUOUS
10
-4.4419730708661413
20
5.6340300000000001
11
-4.4413357480314959
21
5.6354387007874012
0
LINE
8
BLACK
6
CONTINUOUS
10
-4.4413357480314959
20
5.6354387007874012
11
-4.4412083070866144
21
5.6359505118110231
0
LINE
8
BLACK
6
CONTINUOUS
10
-4.4412083070866144
20
5.6359505118110231
11
-4.4410111023622045
21
5.6378837401574806
0
LINE
8
BLACK
6
CONTINUOUS
10
-4.4410111023622045
20
5.6378837401574806
11
-4.4412400393700784
21
5.639646889763779
0
LINE
8
BLACK
6
CONTINUOUS
10
-4.4412400393700784
20
5.639646889763779
11
-4.4418720078740153
21
5.6411842125984251
0
LINE
8
BLACK
6
CONTINUOUS
10
-4.4418720078740153
20
5.6411842125984251
11
-4.4428837795275591
21
5.6424398031496059
0
LINE
8
BLACK
6
CONTINUOUS
10
-4.4428837795275591
20
5.6424398031496059
11
-4.4442522047244095
21
5.6433577952755902
0
LINE
8
BLACK
6
CONTINUOUS
10
-4.4442522047244095
20
5.6433577952755902
11
-4.4442882677165354
21
5.6433747637795273
0
LINE
8
BLACK
6
CONTINUOUS
10
-4.4442882677165354
20
5.6433747637795273
11
-4.4448606692913382
21
5.6436281496062994
0
LINE
8
BLACK
6
CONTINUOUS
10
-4.4448606692913382
20
5.6436281496062994
11
-4.4453922440944877
21
5.6438133858267712
0
LINE
8
BLACK
6
CONTINUOUS
10
-4.4453922440944877
20
5.6438133858267712
11
-4.4459812992125984
21
5.6439434645669291
0
LINE
8
BLACK
6
CONTINUOUS
10
-4.4459812992125984
20
5.6439434645669291
11
-4.4467261811023624
21
5.6440313779527553
0
LINE
8
BLACK
6
CONTINUOUS
10
-4.4467261811023624
20
5.6440313779527553
11
-4.4477251968503939
21
5.6440901181102365
0
LINE
8
BLACK
6
CONTINUOUS
10
-4.4477251968503939
20
5.6440901181102365
11
-4.449076692913386
21
5.6441326771653539
0
LINE
8
BLACK
6
CONTINUOUS
10
-4.449076692913386
20
5.6441326771653539
11
-4.4502220472440941
21
5.6441584645669289
0
LINE
8
BLACK
6
CONTINUOUS
10
-4.4502220472440941
20
5.6441584645669289
11
-4.4546759842519688
21
5.6442519685039372
0
LINE
8
BLACK
6
CONTINUOUS
10
-4.4546759842519688
20
5.6442519685039372
11
-4.4546759842519688
21
5.6309807086614168
0
LINE
8
BLACK
6
CONTINUOUS
10
-4.406468976377953
20
5.6503930314960629
11
-4.4041926771653541
21
5.6503816929133857
0
LINE
8
BLACK
6
CONTINUOUS
10
-4.4041926771653541
20
5.6503816929133857
11
-4.4021320866141735
21
5.6503636614173223
0
LINE
8
BLACK
6
CONTINUOUS
10
-4.4021320866141735
20
5.6503636614173223
11
-4.4003378346456694
21
5.6503397637795274
0
LINE
8
BLACK
6
CONTINUOUS
10
-4.4003378346456694
20
5.6503397637795274
11
-4.3988604330708663
21
5.6503108267716531
0
LINE
8
BLACK
6
CONTINUOUS
10
-4.3988604330708663
20
5.6503108267716531
11
-4.3977505118110232
21
5.6502776377952753
0
LINE
8
BLACK
6
CONTINUOUS
10
-4.3977505118110232
20
5.6502776377952753
11
-4.397058661417323
21
5.6502409842519681
0
LINE
8
BLACK
6
CONTINUOUS
10
-4.397058661417323
20
5.6502409842519681
11
-4.3968346850393702
21
5.650203976377953
0
LINE
8
BLACK
6
CONTINUOUS
10
-4.3968346850393702
20
5.650203976377953
11
-4.3968738976377955
21
5.6498906692913389
0
LINE
8
BLACK
6
CONTINUOUS
10
-4.3968738976377955
20
5.6498906692913389
11
-4.3969847637795274
21
5.6491685826771656
0
LINE
8
BLACK
6
CONTINUOUS
10
-4.3969847637795274
20
5.6491685826771656
11
-4.3971513385826775
21
5.6481377952755905
0
LINE
8
BLACK
6
CONTINUOUS
10
-4.3971513385826775
20
5.6481377952755905
11
-4.3973577165354332
21
5.6468984251968504
0
LINE
8
BLACK
6
CONTINUOUS
10
-4.3973577165354332
20
5.6468984251968504
11
-4.3974094094488185
21
5.6465926377952753
0
LINE
8
BLACK
6
CONTINUOUS
10
-4.3974094094488185
20
5.6465926377952753
11
-4.3979890944881888
21
5.6431750000000003
0
LINE
8
BLACK
6
CONTINUOUS
10
-4.3979890944881888
20
5.6431750000000003
11
-4.4063730708661417
21
5.643106968503937
0
LINE
8
BLACK
6
CONTINUOUS
10
-4.4063730708661417
20
5.643106968503937
11
-4.4147570472440947
21
5.6430389763779525
0
LINE
8
BLACK
6
CONTINUOUS
10
-4.4147570472440947
20
5.6430389763779525
11
-4.4154682677165349
21
5.6391660236220469
0
LINE
8
BLACK
6
CONTINUOUS
10
-4.4154682677165349
20
5.6391660236220469
11
-4.4157176377952752
21
5.637783897637795
0
LINE
8
BLACK
6
CONTINUOUS
10
-4.4157176377952752
20
5.637783897637795
11
-4.4159304724409445
21
5.6365577952755901
0
LINE
8
BLACK
6
CONTINUOUS
10
-4.4159304724409445
20
5.6365577952755901
11
-4.4160899606299209
21
5.6355887007874017
0
LINE
8
BLACK
6
CONTINUOUS
10
-4.4160899606299209
20
5.6355887007874017
11
-4.4161791338582672
21
5.6349776771653541
0
LINE
8
BLACK
6
CONTINUOUS
10
-4.4161791338582672
20
5.6349776771653541
11
-4.4161920078740158
21
5.6348411811023622
0
LINE
8
BLACK
6
CONTINUOUS
10
-4.4161920078740158
20
5.6348411811023622
11
-4.4161638188976378
21
5.6347017322834647
0
LINE
8
BLACK
6
CONTINUOUS
10
-4.4161638188976378
20
5.6347017322834647
11
-4.4160313385826768
21
5.634594212598425
0
LINE
8
BLACK
6
CONTINUOUS
10
-4.4160313385826768
20
5.634594212598425
11
-4.4157358267716535
21
5.6345145275590554
0
LINE
8
BLACK
6
CONTINUOUS
10
-4.4157358267716535
20
5.6345145275590554
11
-4.415218503937008
21
5.6344585039370081
0
LINE
8
BLACK
6
CONTINUOUS
10
-4.415218503937008
20
5.6344585039370081
11
-4.4144205118110236
21
5.6344221259842522
0
LINE
8
BLACK
6
CONTINUOUS
10
-4.4144205118110236
20
5.6344221259842522
11
-4.4132831496062987
21
5.634401181102362
0
LINE
8
BLACK
6
CONTINUOUS
10
-4.4132831496062987
20
5.634401181102362
11
-4.4117475196850391
21
5.6343916535433074
0
LINE
8
BLACK
6
CONTINUOUS
10
-4.4117475196850391
20
5.6343916535433074
11
-4.4097549212598421
21
5.6343893700787397
0
LINE
8
BLACK
6
CONTINUOUS
10
-4.4097549212598421
20
5.6343893700787397
11
-4.4097321653543302
21
5.6343893700787397
0
LINE
8
BLACK
6
CONTINUOUS
10
-4.4097321653543302
20
5.6343893700787397
11
-4.4077377559055115
21
5.6343872834645667
0
LINE
8
BLACK
6
CONTINUOUS
10
-4.4077377559055115
20
5.6343872834645667
11
-4.4062020078740156
21
5.6343783464566926
0
LINE
8
BLACK
6
CONTINUOUS
10
-4.4062020078740156
20
5.6343783464566926
11
-4.4050672834645672
21
5.6343584251968499
0
LINE
8
BLACK
6
CONTINUOUS
10
-4.4050672834645672
20
5.6343584251968499
11
-4.4042757874015743
21
5.6343234251968504
0
LINE
8
BLACK
6
CONTINUOUS
10
-4.4042757874015743
20
5.6343234251968504
11
-4.4037698818897635
21
5.6342692125984248
0
LINE
8
BLACK
6
CONTINUOUS
10
-4.4037698818897635
20
5.6342692125984248
11
-4.4034918503937011
21
5.634191653543307
0
LINE
8
BLACK
6
CONTINUOUS
10
-4.4034918503937011
20
5.634191653543307
11
-4.4033839763779525
21
5.6340866929133853
0
LINE
8
BLACK
6
CONTINUOUS
10
-4.4033839763779525
20
5.6340866929133853
11
-4.403388543307087
21
5.6339501968503933
0
LINE
8
BLACK
6
CONTINUOUS
10
-4.403388543307087
20
5.6339501968503933
11
-4.4033921259842517
21
5.6339375196850394
0
LINE
8
BLACK
6
CONTINUOUS
10
-4.4033921259842517
20
5.6339375196850394
11
-4.4034781102362199
21
5.6335489763779529
0
LINE
8
BLACK
6
CONTINUOUS
10
-4.4034781102362199
20
5.6335489763779529
11
-4.4036261811023625
21
5.63279031496063
0
LINE
8
BLACK
6
CONTINUOUS
10
-4.4036261811023625
20
5.63279031496063
11
-4.4038142519685035
21
5.6317839763779522
0
LINE
8
BLACK
6
CONTINUOUS
10
-4.4038142519685035
20
5.6317839763779522
11
-4.4040203937007876
21
5.6306524803149607
0
LINE
8
BLACK
6
CONTINUOUS
10
-4.4040203937007876
20
5.6306524803149607
11
-4.4042224409448814
21
5.6295183070866139
0
LINE
8
BLACK
6
CONTINUOUS
10
-4.4042224409448814
20
5.6295183070866139
11
-4.4043985039370082
21
5.628503976377953
0
LINE
8
BLACK
6
CONTINUOUS
10
-4.4043985039370082
20
5.628503976377953
11
-4.4045264566929134
21
5.6277318897637798
0
LINE
8
BLACK
6
CONTINUOUS
10
-4.4045264566929134
20
5.6277318897637798
11
-4.4045843307086612
21
5.6273246456692911
0
LINE
8
BLACK
6
CONTINUOUS
10
-4.4045843307086612
20
5.6273246456692911
11
-4.4045855905511813
21
5.6273010236220475
0
LINE
8
BLACK
6
CONTINUOUS
10
-4.4045855905511813
20
5.6273010236220475
11
-4.404832322834646
21
5.6272625984251965
0
LINE
8
BLACK
6
CONTINUOUS
10
-4.404832322834646
20
5.6272625984251965
11
-4.4055266535433066
21
5.6272281102362207
0
LINE
8
BLACK
6
CONTINUOUS
10
-4.4055266535433066
20
5.6272281102362207
11
-4.4065998031496063
21
5.6271990551181101
0
LINE
8
BLACK
6
CONTINUOUS
10
-4.4065998031496063
20
5.6271990551181101
11
-4.4079829527559058
21
5.627176968503937
0
LINE
8
BLACK
6
CONTINUOUS
10
-4.4079829527559058
20
5.627176968503937
11
-4.4096073228346455
21
5.6271632677165355
0
LINE
8
BLACK
6
CONTINUOUS
10
-4.4096073228346455
20
5.6271632677165355
11
-4.4111050787401576
21
5.6271594094488186
0
LINE
8
BLACK
6
CONTINUOUS
10
-4.4111050787401576
20
5.6271594094488186
11
-4.4176245669291339
21
5.6271590157480311
0
LINE
8
BLACK
6
CONTINUOUS
10
-4.4176245669291339
20
5.6271590157480311
11
-4.4186177559055118
21
5.621414488188976
0
LINE
8
BLACK
6
CONTINUOUS
10
-4.4186177559055118
20
5.621414488188976
11
-4.4189454724409449
21
5.6195209055118109
0
LINE
8
BLACK
6
CONTINUOUS
10
-4.4189454724409449
20
5.6195209055118109
11
-4.419281377952756
21
5.6175830708661412
0
LINE
8
BLACK
6
CONTINUOUS
10
-4.419281377952756
20
5.6175830708661412
11
-4.4196025196850393
21
5.6157330708661419
0
LINE
8
BLACK
6
CONTINUOUS
10
-4.4196025196850393
20
5.6157330708661419
11
-4.4198860236220474
21
5.6141030708661415
0
LINE
8
BLACK
6
CONTINUOUS
10
-4.4198860236220474
20
5.6141030708661415
11
-4.4201089370078739
21
5.612825157480315
0
LINE
8
BLACK
6
CONTINUOUS
10
-4.4201089370078739
20
5.612825157480315
11
-4.4201419685039367
21
5.6126361811023617
0
LINE
8
BLACK
6
CONTINUOUS
10
-4.4201419685039367
20
5.6126361811023617
11
-4.4206730314960625
21
5.6096023622047246
0
LINE
8
BLACK
6
CONTINUOUS
10
-4.4206730314960625
20
5.6096023622047246
11
-4.4244074015748032
21
5.6096023622047246
0
LINE
8
BLACK
6
CONTINUOUS
10
-4.4244074015748032
20
5.6096023622047246
11
-4.4258626771653544
21
5.6096044094488189
0
LINE
8
BLACK
6
CONTINUOUS
10
-4.4258626771653544
20
5.6096044094488189
11
-4.4268776377952754
21
5.6096187007874017
0
LINE
8
BLACK
6
CONTINUOUS
10
-4.4268776377952754
20
5.6096187007874017
11
-4.4275284251968499
21
5.6096574015748031
0
LINE
8
BLACK
6
CONTINUOUS
10
-4.4275284251968499
20
5.6096574015748031
11
-4.4278911811023622
21
5.6097327559055117
0
LINE
8
BLACK
6
CONTINUOUS
10
-4.4278911811023622
20
5.6097327559055117
11
-4.4280420472440944
21
5.6098568897637797
0
LINE
8
BLACK
6
CONTINUOUS
10
-4.4280420472440944
20
5.6098568897637797
11
-4.4280570472440948
21
5.6100420472440939
0
LINE
8
BLACK
6
CONTINUOUS
10
-4.4280570472440948
20
5.6100420472440939
11
-4.428033307086614
21
5.6101833070866141
0
LINE
8
BLACK
6
CONTINUOUS
10
-4.428033307086614
20
5.6101833070866141
11
-4.427972440944882
21
5.6105247244094487
0
LINE
8
BLACK
6
CONTINUOUS
10
-4.427972440944882
20
5.6105247244094487
11
-4.4278295275590551
21
5.6113346850393704
0
LINE
8
BLACK
6
CONTINUOUS
10
-4.4278295275590551
20
5.6113346850393704
11
-4.4276115748031497
21
5.6125731102362204
0
LINE
8
BLACK
6
CONTINUOUS
10
-4.4276115748031497
20
5.6125731102362204
11
-4.4273257086614173
21
5.6141999212598428
0
LINE
8
BLACK
6
CONTINUOUS
10
-4.4273257086614173
20
5.6141999212598428
11
-4.4269788976377953
21
5.6161750000000001
0
LINE
8
BLACK
6
CONTINUOUS
10
-4.4269788976377953
20
5.6161750000000001
11
-4.4265781889763778
21
5.6184582283464568
0
LINE
8
BLACK
6
CONTINUOUS
10
-4.4265781889763778
20
5.6184582283464568
11
-4.4261306299212597
21
5.621009527559055
0
LINE
8
BLACK
6
CONTINUOUS
10
-4.4261306299212597
20
5.621009527559055
11
-4.4256432677165352
21
5.6237888188976379
0
LINE
8
BLACK
6
CONTINUOUS
10
-4.4256432677165352
20
5.6237888188976379
11
-4.4251231102362203
21
5.6267559842519681
0
LINE
8
BLACK
6
CONTINUOUS
10
-4.4251231102362203
20
5.6267559842519681
11
-4.4245772440944879
21
5.6298709448818895
0
LINE
8
BLACK
6
CONTINUOUS
10
-4.4245772440944879
20
5.6298709448818895
11
-4.4244529921259845
21
5.6305801968503939
0
LINE
8
BLACK
6
CONTINUOUS
10
-4.4244529921259845
20
5.6305801968503939
11
-4.4209811417322831
21
5.6503961811023622
0
LINE
8
BLACK
6
CONTINUOUS
10
-4.4209811417322831
20
5.6503961811023622
11
-4.4089103937007872
21
5.6503968897637797
0
LINE
8
BLACK
6
CONTINUOUS
10
-4.4089103937007872
20
5.6503968897637797
11
-4.406468976377953
21
5.6503930314960629
0
LINE
8
BLACK
6
CONTINUOUS
10
-4.3883241338582675
20
5.6503479527559053
11
-4.3878913385826772
21
5.6503403543307087
0
LINE
8
BLACK
6
CONTINUOUS
10
-4.3878913385826772
20
5.6503403543307087
11
-4.3842937007874019
21
5.6502685039370073
0
LINE
8
BLACK
6
CONTINUOUS
10
-4.3842937007874019
20
5.6502685039370073
11
-4.3870567716535431
21
5.6345184645669288
0
LINE
8
BLACK
6
CONTINUOUS
10
-4.3870567716535431
20
5.6345184645669288
11
-4.3875499606299213
21
5.6317060236220469
0
LINE
8
BLACK
6
CONTINUOUS
10
-4.3875499606299213
20
5.6317060236220469
11
-4.3880199606299213
21
5.6290233464566928
0
LINE
8
BLACK
6
CONTINUOUS
10
-4.3880199606299213
20
5.6290233464566928
11
-4.3884586220472439
21
5.6265173228346459
0
LINE
8
BLACK
6
CONTINUOUS
10
-4.3884586220472439
20
5.6265173228346459
11
-4.3888577559055113
21
5.6242348425196846
0
LINE
8
BLACK
6
CONTINUOUS
10
-4.3888577559055113
20
5.6242348425196846
11
-4.3892091338582677
21
5.6222227559055113
0
LINE
8
BLACK
6
CONTINUOUS
10
-4.3892091338582677
20
5.6222227559055113
11
-4.3895046062992122
21
5.6205279527559053
0
LINE
8
BLACK
6
CONTINUOUS
10
-4.3895046062992122
20
5.6205279527559053
11
-4.3897359842519688
21
5.6191973228346459
0
LINE
8
BLACK
6
CONTINUOUS
10
-4.3897359842519688
20
5.6191973228346459
11
-4.3898950393700789
21
5.6182777559055115
0
LINE
8
BLACK
6
CONTINUOUS
10
-4.3898950393700789
20
5.6182777559055115
11
-4.389973661417323
21
5.6178161023622044
0
LINE
8
BLACK
6
CONTINUOUS
10
-4.389973661417323
20
5.6178161023622044
11
-4.3899762598425198
21
5.6178001574803149
0
LINE
8
BLACK
6
CONTINUOUS
10
-4.3899762598425198
20
5.6178001574803149
11
-4.3901326377952756
21
5.6168318897637795
0
LINE
8
BLACK
6
CONTINUOUS
10
-4.3901326377952756
20
5.6168318897637795
11
-4.3831582283464563
21
5.6168318897637795
0
LINE
8
BLACK
6
CONTINUOUS
10
-4.3831582283464563
20
5.6168318897637795
11
-4.3810683858267714
21
5.6168294094488189
0
LINE
8
BLACK
6
CONTINUOUS
10
-4.3810683858267714
20
5.6168294094488189
11
-4.3794388188976381
21
5.6168196062992122
0
LINE
8
BLACK
6
CONTINUOUS
10
-4.3794388188976381
20
5.6168196062992122
11
-4.378213385826772
21
5.6167991338582679
0
LINE
8
BLACK
6
CONTINUOUS
10
-4.378213385826772
20
5.6167991338582679
11
-4.3773359448818896
21
5.6167646062992125
0
LINE
8
BLACK
6
CONTINUOUS
10
-4.3773359448818896
20
5.6167646062992125
11
-4.376750393700787
21
5.6167126377952759
0
LINE
8
BLACK
6
CONTINUOUS
10
-4.376750393700787
20
5.6167126377952759
11
-4.3764006299212594
21
5.6166398031496065
0
LINE
8
BLACK
6
CONTINUOUS
10
-4.3764006299212594
20
5.6166398031496065
11
-4.3762305118110234
21
5.6165427165354327
0
LINE
8
BLACK
6
CONTINUOUS
10
-4.3762305118110234
20
5.6165427165354327
11
-4.3761839370078741
21
5.616418031496063
0
LINE
8
BLACK
6
CONTINUOUS
10
-4.3761839370078741
20
5.616418031496063
11
-4.3761838582677166
21
5.6164105118110239
0
LINE
8
BLACK
6
CONTINUOUS
10
-4.3761838582677166
20
5.6164105118110239
11
-4.3762270472440941
21
5.6160040551181103
0
LINE
8
BLACK
6
CONTINUOUS
10
-4.3762270472440941
20
5.6160040551181103
11
-4.3763448031496059
21
5.6152030708661416
0
LINE
8
BLACK
6
CONTINUOUS
10
-4.3763448031496059
20
5.6152030708661416
11
-4.3765194881889764
21
5.6141211023622049
0
LINE
8
BLACK
6
CONTINUOUS
10
-4.3765194881889764
20
5.6141211023622049
11
-4.3767333858267712
21
5.6128716929133855
0
LINE
8
BLACK
6
CONTINUOUS
10
-4.3767333858267712
20
5.6128716929133855
11
-4.3767467322834648
21
5.6127957086614169
0
LINE
8
BLACK
6
CONTINUOUS
10
-4.3767467322834648
20
5.6127957086614169
11
-4.3773096456692908
21
5.6096023622047246
0
LINE
8
BLACK
6
CONTINUOUS
10
-4.3773096456692908
20
5.6096023622047246
11
-4.3881074409448821
21
5.6096023622047246
0
LINE
8
BLACK
6
CONTINUOUS
10
-4.3881074409448821
20
5.6096023622047246
11
-4.3904119685039369
21
5.6096038582677163
0
LINE
8
BLACK
6
CONTINUOUS
10
-4.3904119685039369
20
5.6096038582677163
11
-4.3925479527559057
21
5.6096081102362207
0
LINE
8
BLACK
6
CONTINUOUS
10
-4.3925479527559057
20
5.6096081102362207
11
-4.394462007874016
21
5.609614803149606
0
LINE
8
BLACK
6
CONTINUOUS
10
-4.394462007874016
20
5.609614803149606
11
-4.3961007874015747
21
5.6096236614173227
0
LINE
8
BLACK
6
CONTINUOUS
10
-4.3961007874015747
20
5.6096236614173227
11
-4.3974108267716536
21
5.6096342913385824
0
LINE
8
BLACK
6
CONTINUOUS
10
-4.3974108267716536
20
5.6096342913385824
11
-4.3983387401574801
21
5.6096464173228346
0
LINE
8
BLACK
6
CONTINUOUS
10
-4.3983387401574801
20
5.6096464173228346
11
-4.3988311023622044
21
5.6096597244094486
0
LINE
8
BLACK
6
CONTINUOUS
10
-4.3988311023622044
20
5.6096597244094486
11
-4.398897322834646
21
5.6096669291338586
0
LINE
8
BLACK
6
CONTINUOUS
10
-4.398897322834646
20
5.6096669291338586
11
-4.3988299212598427
21
5.6101032677165357
0
LINE
8
BLACK
6
CONTINUOUS
10
-4.3988299212598427
20
5.6101032677165357
11
-4.3986818897637798
21
5.610984251968504
0
LINE
8
BLACK
6
CONTINUOUS
10
-4.3986818897637798
20
5.610984251968504
11
-4.398461614173228
21
5.6122632677165356
0
LINE
8
BLACK
6
CONTINUOUS
10
-4.398461614173228
20
5.6122632677165356
11
-4.3981774015748032
21
5.6138937401574802
0
LINE
8
BLACK
6
CONTINUOUS
10
-4.3981774015748032
20
5.6138937401574802
11
-4.3978376377952753
21
5.6158290157480311
0
LINE
8
BLACK
6
CONTINUOUS
10
-4.3978376377952753
20
5.6158290157480311
11
-4.3974505905511814
21
5.6180224803149601
0
LINE
8
BLACK
6
CONTINUOUS
10
-4.3974505905511814
20
5.6180224803149601
11
-4.3970246456692914
21
5.620427559055118
0
LINE
8
BLACK
6
CONTINUOUS
10
-4.3970246456692914
20
5.620427559055118
11
-4.3965681496062992
21
5.6229975984251963
0
LINE
8
BLACK
6
CONTINUOUS
10
-4.3965681496062992
20
5.6229975984251963
11
-4.3960894094488188
21
5.6256860236220474
0
LINE
8
BLACK
6
CONTINUOUS
10
-4.3960894094488188
20
5.6256860236220474
11
-4.3955968110236219
21
5.6284461811023618
0
LINE
8
BLACK
6
CONTINUOUS
10
-4.3955968110236219
20
5.6284461811023618
11
-4.3950986614173226
21
5.6312314960629921
0
LINE
8
BLACK
6
CONTINUOUS
10
-4.3950986614173226
20
5.6312314960629921
11
-4.394603307086614
21
5.6339953149606297
0
LINE
8
BLACK
6
CONTINUOUS
10
-4.394603307086614
20
5.6339953149606297
11
-4.3941190944881887
21
5.6366910629921261
0
LINE
8
BLACK
6
CONTINUOUS
10
-4.3941190944881887
20
5.6366910629921261
11
-4.3936543700787398
21
5.6392720866141728
0
LINE
8
BLACK
6
CONTINUOUS
10
-4.3936543700787398
20
5.6392720866141728
11
-4.3932174803149602
21
5.6416918110236223
0
LINE
8
BLACK
6
CONTINUOUS
10
-4.3932174803149602
20
5.6416918110236223
11
-4.3928167322834648
21
5.6439036220472438
0
LINE
8
BLACK
6
CONTINUOUS
10
-4.3928167322834648
20
5.6439036220472438
11
-4.3924604724409448
21
5.6458609055118112
0
LINE
8
BLACK
6
CONTINUOUS
10
-4.3924604724409448
20
5.6458609055118112
11
-4.3921570866141728
21
5.6475170078740158
0
LINE
8
BLACK
6
CONTINUOUS
10
-4.3921570866141728
20
5.6475170078740158
11
-4.391914842519685
21
5.6488253937007871
0
LINE
8
BLACK
6
CONTINUOUS
10
-4.391914842519685
20
5.6488253937007871
11
-4.3917421653543309
21
5.6497393700787404
0
LINE
8
BLACK
6
CONTINUOUS
10
-4.3917421653543309
20
5.6497393700787404
11
-4.391647322834646
21
5.6502123622047247
0
LINE
8
BLACK
6
CONTINUOUS
10
-4.391647322834646
20
5.6502123622047247
11
-4.3916322834645669
21
5.6502688976377948
0
LINE
8
BLACK
6
CONTINUOUS
10
-4.3916322834645669
20
5.6502688976377948
11
-4.3913357086614173
21
5.6503158267716538
0
LINE
8
BLACK
6
CONTINUOUS
10
-4.3913357086614173
20
5.6503158267716538
11
-4.3906204724409452
21
5.650345905511811
0
LINE
8
BLACK
6
CONTINUOUS
10
-4.3906204724409452
20
5.650345905511811
11
-4.389584094488189
21
5.6503572440944883
0
LINE
8
BLACK
6
CONTINUOUS
10
-4.389584094488189
20
5.6503572440944883
11
-4.3883241338582675
21
5.6503479527559053
0
LINE
8
BLACK
6
CONTINUOUS
10
-4.3434039370078743
20
5.6503819685039369
11
-4.3422841338582678
21
5.6503503149606296
0
LINE
8
BLACK
6
CONTINUOUS
10
-4.3422841338582678
20
5.6503503149606296
11
-4.3415833858267714
21
5.6502902755905513
0
LINE
8
BLACK
6
CONTINUOUS
10
-4.3415833858267714
20
5.6502902755905513
11
-4.3412532283464564
21
5.6501980708661419
0
LINE
8
BLACK
6
CONTINUOUS
10
-4.3412532283464564
20
5.6501980708661419
11
-4.3412249606299209
21
5.650095866141732
0
LINE
8
BLACK
6
CONTINUOUS
10
-4.3412249606299209
20
5.650095866141732
11
-4.3414146456692908
21
5.6498394881889764
0
LINE
8
BLACK
6
CONTINUOUS
10
-4.3414146456692908
20
5.6498394881889764
11
-4.3418909842519682
21
5.6492138976377948
0
LINE
8
BLACK
6
CONTINUOUS
10
-4.3418909842519682
20
5.6492138976377948
11
-4.3426240944881886
21
5.6482579133858266
0
LINE
8
BLACK
6
CONTINUOUS
10
-4.3426240944881886
20
5.6482579133858266
11
-4.3435841338582675
21
5.6470102362204724
0
LINE
8
BLACK
6
CONTINUOUS
10
-4.3435841338582675
20
5.6470102362204724
11
-4.3447411417322837
21
5.6455097244094485
0
LINE
8
BLACK
6
CONTINUOUS
10
-4.3447411417322837
20
5.6455097244094485
11
-4.3460653149606294
21
5.6437951181102362
0
LINE
8
BLACK
6
CONTINUOUS
10
-4.3460653149606294
20
5.6437951181102362
11
-4.3475266929133856
21
5.6419051968503933
0
LINE
8
BLACK
6
CONTINUOUS
10
-4.3475266929133856
20
5.6419051968503933
11
-4.3490954330708664
21
5.6398787401574806
0
LINE
8
BLACK
6
CONTINUOUS
10
-4.3490954330708664
20
5.6398787401574806
11
-4.3498476771653545
21
5.6389077952755908
0
LINE
8
BLACK
6
CONTINUOUS
10
-4.3498476771653545
20
5.6389077952755908
11
-4.3514542519685042
21
5.6368337401574804
0
LINE
8
BLACK
6
CONTINUOUS
10
-4.3514542519685042
20
5.6368337401574804
11
-4.3529661417322831
21
5.6348802362204724
0
LINE
8
BLACK
6
CONTINUOUS
10
-4.3529661417322831
20
5.6348802362204724
11
-4.3543535826771649
21
5.6330858267716533
0
LINE
8
BLACK
6
CONTINUOUS
10
-4.3543535826771649
20
5.6330858267716533
11
-4.355586850393701
21
5.6314889763779528
0
LINE
8
BLACK
6
CONTINUOUS
10
-4.355586850393701
20
5.6314889763779528
11
-4.3566362992125987
21
5.6301282283464564
0
LINE
8
BLACK
6
CONTINUOUS
10
-4.3566362992125987
20
5.6301282283464564
11
-4.3574722047244094
21
5.6290420472440941
0
LINE
8
BLACK
6
CONTINUOUS
10
-4.3574722047244094
20
5.6290420472440941
11
-4.3580648818897636
21
5.6282689370078742
0
LINE
8
BLACK
6
CONTINUOUS
10
-4.3580648818897636
20
5.6282689370078742
11
-4.3583846062992126
21
5.627847362204724
0
LINE
8
BLACK
6
CONTINUOUS
10
-4.3583846062992126
20
5.627847362204724
11
-4.3584320472440945
21
5.6277817716535434
0
LINE
8
BLACK
6
CONTINUOUS
10
-4.3584320472440945
20
5.6277817716535434
11
-4.3585002755905506
21
5.6274985433070865
0
LINE
8
BLACK
6
CONTINUOUS
10
-4.3585002755905506
20
5.6274985433070865
11
-4.358645826771653
21
5.6267776771653546
0
LINE
8
BLACK
6
CONTINUOUS
10
-4.358645826771653
20
5.6267776771653546
11
-4.3588558267716531
21
5.6256899999999996
0
LINE
8
BLACK
6
CONTINUOUS
10
-4.3588558267716531
20
5.6256899999999996
11
-4.3591173622047243
21
5.624306377952756
0
LINE
8
BLACK
6
CONTINUOUS
10
-4.3591173622047243
20
5.624306377952756
11
-4.359417440944882
21
5.6226976377952758
0
LINE
8
BLACK
6
CONTINUOUS
10
-4.359417440944882
20
5.6226976377952758
11
-4.3597431889763776
21
5.6209346062992127
0
LINE
8
BLACK
6
CONTINUOUS
10
-4.3597431889763776
20
5.6209346062992127
11
-4.3600816535433067
21
5.6190880708661419
0
LINE
8
BLACK
6
CONTINUOUS
10
-4.3600816535433067
20
5.6190880708661419
11
-4.3604199606299208
21
5.6172288976377951
0
LINE
8
BLACK
6
CONTINUOUS
10
-4.3604199606299208
20
5.6172288976377951
11
-4.3607451181102359
21
5.6154279133858269
0
LINE
8
BLACK
6
CONTINUOUS
10
-4.3607451181102359
20
5.6154279133858269
11
-4.3610442519685035
21
5.6137559055118107
0
LINE
8
BLACK
6
CONTINUOUS
10
-4.3610442519685035
20
5.6137559055118107
11
-4.3613044488188972
21
5.6122837795275586
0
LINE
8
BLACK
6
CONTINUOUS
10
-4.3613044488188972
20
5.6122837795275586
11
-4.3615127559055118
21
5.6110822834645671
0
LINE
8
BLACK
6
CONTINUOUS
10
-4.3615127559055118
20
5.6110822834645671
11
-4.3616562204724412
21
5.6102222834645668
0
LINE
8
BLACK
6
CONTINUOUS
10
-4.3616562204724412
20
5.6102222834645668
11
-4.3617219685039368
21
5.6097746062992124
0
LINE
8
BLACK
6
CONTINUOUS
10
-4.3617219685039368
20
5.6097746062992124
11
-4.3617247637795273
21
5.6097359448818898
0
LINE
8
BLACK
6
CONTINUOUS
10
-4.3617247637795273
20
5.6097359448818898
11
-4.361967834645669
21
5.6096887401574804
0
LINE
8
BLACK
6
CONTINUOUS
10
-4.361967834645669
20
5.6096887401574804
11
-4.3626365748031493
21
5.6096488582677164
0
LINE
8
BLACK
6
CONTINUOUS
10
-4.3626365748031493
20
5.6096488582677164
11
-4.3636402362204727
21
5.6096195275590546
0
LINE
8
BLACK
6
CONTINUOUS
10
-4.3636402362204727
20
5.6096195275590546
11
-4.3648881496062995
21
5.6096040157480314
0
LINE
8
BLACK
6
CONTINUOUS
10
-4.3648881496062995
20
5.6096040157480314
11
-4.3654735433070861
21
5.6096023622047246
0
LINE
8
BLACK
6
CONTINUOUS
10
-4.3654735433070861
20
5.6096023622047246
11
-4.3692223228346458
21
5.6096023622047246
0
LINE
8
BLACK
6
CONTINUOUS
10
-4.3692223228346458
20
5.6096023622047246
11
-4.3690872834645669
21
5.6101833070866141
0
LINE
8
BLACK
6
CONTINUOUS
10
-4.3690872834645669
20
5.6101833070866141
11
-4.3689922047244094
21
5.6106572834645672
0
LINE
8
BLACK
6
CONTINUOUS
10
-4.3689922047244094
20
5.6106572834645672
11
-4.3688286220472436
21
5.6115429133858266
0
LINE
8
BLACK
6
CONTINUOUS
10
-4.3688286220472436
20
5.6115429133858266
11
-4.3686092125984253
21
5.6127664960629922
0
LINE
8
BLACK
6
CONTINUOUS
10
-4.3686092125984253
20
5.6127664960629922
11
-4.3683466141732286
21
5.6142544881889762
0
LINE
8
BLACK
6
CONTINUOUS
10
-4.3683466141732286
20
5.6142544881889762
11
-4.3680534645669287
21
5.6159332677165352
0
LINE
8
BLACK
6
CONTINUOUS
10
-4.3680534645669287
20
5.6159332677165352
11
-4.3677423622047247
21
5.6177291338582673
0
LINE
8
BLACK
6
CONTINUOUS
10
-4.3677423622047247
20
5.6177291338582673
11
-4.3674260236220475
21
5.6195685039370078
0
LINE
8
BLACK
6
CONTINUOUS
10
-4.3674260236220475
20
5.6195685039370078
11
-4.3671170078740156
21
5.6213777165354326
0
LINE
8
BLACK
6
CONTINUOUS
10
-4.3671170078740156
20
5.6213777165354326
11
-4.3668280314960626
21
5.6230832283464567
0
LINE
8
BLACK
6
CONTINUOUS
10
-4.3668280314960626
20
5.6230832283464567
11
-4.3665716929133858
21
5.6246113385826773
0
LINE
8
BLACK
6
CONTINUOUS
10
-4.3665716929133858
20
5.6246113385826773
11
-4.3663606299212594
21
5.62588842519685
0
LINE
8
BLACK
6
CONTINUOUS
10
-4.3663606299212594
20
5.62588842519685
11
-4.3662075196850392
21
5.6268409055118109
0
LINE
8
BLACK
6
CONTINUOUS
10
-4.3662075196850392
20
5.6268409055118109
11
-4.3661250000000003
21
5.6273951181102362
0
LINE
8
BLACK
6
CONTINUOUS
10
-4.3661250000000003
20
5.6273951181102362
11
-4.3661141338582672
21
5.6274997637795279
0
LINE
8
BLACK
6
CONTINUOUS
10
-4.3661141338582672
20
5.6274997637795279
11
-4.3662116929133861
21
5.6278111811023619
0
LINE
8
BLACK
6
CONTINUOUS
10
-4.3662116929133861
20
5.6278111811023619
11
-4.3664909448818898
21
5.6285484251968505
0
LINE
8
BLACK
6
CONTINUOUS
10
-4.3664909448818898
20
5.6285484251968505
11
-4.366931771653543
21
5.6296620866141733
0
LINE
8
BLACK
6
CONTINUOUS
10
-4.366931771653543
20
5.6296620866141733
11
-4.3675140944881887
21
5.6311025984251968
0
LINE
8
BLACK
6
CONTINUOUS
10
-4.3675140944881887
20
5.6311025984251968
11
-4.368217755905512
21
5.6328205118110235
0
LINE
8
BLACK
6
CONTINUOUS
10
-4.368217755905512
20
5.6328205118110235
11
-4.3690226377952754
21
5.6347663779527561
0
LINE
8
BLACK
6
CONTINUOUS
10
-4.3690226377952754
20
5.6347663779527561
11
-4.3699086220472436
21
5.6368907086614168
0
LINE
8
BLACK
6
CONTINUOUS
10
-4.3699086220472436
20
5.6368907086614168
11
-4.3706645275590548
21
5.6386907086614171
0
LINE
8
BLACK
6
CONTINUOUS
10
-4.3706645275590548
20
5.6386907086614171
11
-4.3716048425196847
21
5.6409263779527556
0
LINE
8
BLACK
6
CONTINUOUS
10
-4.3716048425196847
20
5.6409263779527556
11
-4.3724851574803152
21
5.643025748031496
0
LINE
8
BLACK
6
CONTINUOUS
10
-4.3724851574803152
20
5.643025748031496
11
-4.3732847637795276
21
5.644938897637795
0
LINE
8
BLACK
6
CONTINUOUS
10
-4.3732847637795276
20
5.644938897637795
11
-4.3739828740157476
21
5.6466158267716535
0
LINE
8
BLACK
6
CONTINUOUS
10
-4.3739828740157476
20
5.6466158267716535
11
-4.3745587401574806
21
5.6480066141732284
0
LINE
8
BLACK
6
CONTINUOUS
10
-4.3745587401574806
20
5.6480066141732284
11
-4.3749916141732283
21
5.6490612992125984
0
LINE
8
BLACK
6
CONTINUOUS
10
-4.3749916141732283
20
5.6490612992125984
11
-4.3752607480314962
21
5.6497299212598424
0
LINE
8
BLACK
6
CONTINUOUS
10
-4.3752607480314962
20
5.6497299212598424
11
-4.3753440157480314
21
5.6499526771653539
0
LINE
8
BLACK
6
CONTINUOUS
10
-4.3753440157480314
20
5.6499526771653539
11
-4.375360275590551
21
5.6501272047244093
0
LINE
8
BLACK
6
CONTINUOUS
10
-4.375360275590551
20
5.6501272047244093
11
-4.3752459842519684
21
5.6502484645669293
0
LINE
8
BLACK
6
CONTINUOUS
10
-4.3752459842519684
20
5.6502484645669293
11
-4.3749282677165358
21
5.6503238582677167
0
LINE
8
BLACK
6
CONTINUOUS
10
-4.3749282677165358
20
5.6503238582677167
11
-4.374334251968504
21
5.6503607086614176
0
LINE
8
BLACK
6
CONTINUOUS
10
-4.374334251968504
20
5.6503607086614176
11
-4.3733911811023622
21
5.6503665354330703
0
LINE
8
BLACK
6
CONTINUOUS
10
-4.3733911811023622
20
5.6503665354330703
11
-4.3720261811023624
21
5.6503486614173228
0
LINE
8
BLACK
6
CONTINUOUS
10
-4.3720261811023624
20
5.6503486614173228
11
-4.371533188976378
21
5.6503399606299212
0
LINE
8
BLACK
6
CONTINUOUS
10
-4.371533188976378
20
5.6503399606299212
11
-4.3675933070866142
21
5.6502685039370073
0
LINE
8
BLACK
6
CONTINUOUS
10
-4.3675933070866142
20
5.6502685039370073
11
-4.3643678346456696
21
5.642328937007874
0
LINE
8
BLACK
6
CONTINUOUS
10
-4.3643678346456696
20
5.642328937007874
11
-4.3635924803149608
21
5.6404327559055121
0
LINE
8
BLACK
6
CONTINUOUS
10
-4.3635924803149608
20
5.6404327559055121
11
-4.3628737401574806
21
5.6386987795275587
0
LINE
8
BLACK
6
CONTINUOUS
10
-4.3628737401574806
20
5.6386987795275587
11
-4.3622354724409451
21
5.6371827559055117
0
LINE
8
BLACK
6
CONTINUOUS
10
-4.3622354724409451
20
5.6371827559055117
11
-4.3617015748031491
21
5.6359404724409448
0
LINE
8
BLACK
6
CONTINUOUS
10
-4.3617015748031491
20
5.6359404724409448
11
-4.3612959055118106
21
5.6350275590551178
0
LINE
8
BLACK
6
CONTINUOUS
10
-4.3612959055118106
20
5.6350275590551178
11
-4.3610422834645668
21
5.6344998031496063
0
LINE
8
BLACK
6
CONTINUOUS
10
-4.3610422834645668
20
5.6344998031496063
11
-4.3609685039370074
21
5.6343893700787397
0
LINE
8
BLACK
6
CONTINUOUS
10
-4.3609685039370074
20
5.6343893700787397
11
-4.3607812992125981
21
5.6345898031496064
0
LINE
8
BLACK
6
CONTINUOUS
10
-4.3607812992125981
20
5.6345898031496064
11
-4.360322204724409
21
5.6351611811023616
0
LINE
8
BLACK
6
CONTINUOUS
10
-4.360322204724409
20
5.6351611811023616
11
-4.3596253937007869
21
5.6360586614173229
0
LINE
8
BLACK
6
CONTINUOUS
10
-4.3596253937007869
20
5.6360586614173229
11
-4.3587251574803147
21
5.6372372834645672
0
LINE
8
BLACK
6
CONTINUOUS
10
-4.3587251574803147
20
5.6372372834645672
11
-4.3576557480314957
21
5.6386522047244094
0
LINE
8
BLACK
6
CONTINUOUS
10
-4.3576557480314957
20
5.6386522047244094
11
-4.3564513779527561
21
5.6402585433070866
0
LINE
8
BLACK
6
CONTINUOUS
10
-4.3564513779527561
20
5.6402585433070866
11
-4.3551462992125982
21
5.6420113779527554
0
LINE
8
BLACK
6
CONTINUOUS
10
-4.3551462992125982
20
5.6420113779527554
11
-4.3548692913385825
21
5.6423849212598425
0
LINE
8
BLACK
6
CONTINUOUS
10
-4.3548692913385825
20
5.6423849212598425
11
-4.3489439763779529
21
5.6503804724409443
0
LINE
8
BLACK
6
CONTINUOUS
10
-4.3489439763779529
20
5.6503804724409443
11
-4.3449912204724406
21
5.6503890551181097
0
LINE
8
BLACK
6
CONTINUOUS
10
-4.3449912204724406
20
5.6503890551181097
11
-4.3434039370078743
21
5.6503819685039369
0
LINE
8
BLACK
6
CONTINUOUS
10
-4.2465303543307087
20
5.6563850000000002
11
-4.2431982283464569
21
5.6532133858267715
0
LINE
8
BLACK
6
CONTINUOUS
10
-4.2431982283464569
20
5.6532133858267715
11
-4.2424637795275588
21
5.6523184645669291
0
LINE
8
BLACK
6
CONTINUOUS
10
-4.2424637795275588
20
5.6523184645669291
11
-4.2423825984251966
21
5.6521224409448818
0
LINE
8
BLACK
6
CONTINUOUS
10
-4.2423825984251966
20
5.6521224409448818
11
-4.2422435039370079
21
5.6519620866141729
0
LINE
8
BLACK
6
CONTINUOUS
10
-4.2422435039370079
20
5.6519620866141729
11
-4.241864173228346
21
5.6508708267716532
0
LINE
8
BLACK
6
CONTINUOUS
10
-4.241864173228346
20
5.6508708267716532
11
-4.2415820078740154
21
5.6501896456692915
0
LINE
8
BLACK
6
CONTINUOUS
10
-4.2415820078740154
20
5.6501896456692915
11
-4.2415820078740154
21
5.6500591338582673
0
LINE
8
BLACK
6
CONTINUOUS
10
-4.2415820078740154
20
5.6500591338582673
11
-4.2393343700787405
21
5.6435933858267715
0
LINE
8
BLACK
6
CONTINUOUS
10
-4.2393343700787405
20
5.6435933858267715
11
-4.2392045275590551
21
5.6430221259842517
0
LINE
8
BLACK
6
CONTINUOUS
10
-4.2392045275590551
20
5.6430221259842517
11
-4.239144803149606
21
5.6428780314960632
0
LINE
8
BLACK
6
CONTINUOUS
10
-4.239144803149606
20
5.6428780314960632
11
-4.2391424015748029
21
5.6427488582677165
0
LINE
8
BLACK
6
CONTINUOUS
10
-4.2391424015748029
20
5.6427488582677165
11
-4.2390777165354327
21
5.6424644881889758
0
LINE
8
BLACK
6
CONTINUOUS
10
-4.2390777165354327
20
5.6424644881889758
11
-4.2391246062992121
21
5.641804803149606
0
LINE
8
BLACK
6
CONTINUOUS
10
-4.2391246062992121
20
5.641804803149606
11
-4.2390313385826772
21
5.6368515354330704
0
LINE
8
BLACK
6
CONTINUOUS
10
-4.2390313385826772
20
5.6368515354330704
11
-4.2390887795275587
21
5.6362686220472442
0
LINE
8
BLACK
6
CONTINUOUS
10
-4.2390887795275587
20
5.6362686220472442
11
-4.239077677165354
21
5.6361129527559051
0
LINE
8
BLACK
6
CONTINUOUS
10
-4.239077677165354
20
5.6361129527559051
11
-4.2391158661417325
21
5.6359933070866139
0
LINE
8
BLACK
6
CONTINUOUS
10
-4.2391158661417325
20
5.6359933070866139
11
-4.239144803149606
21
5.6356994094488186
0
LINE
8
BLACK
6
CONTINUOUS
10
-4.239144803149606
20
5.6356994094488186
11
-4.2394274409448816
21
5.6350171259842519
0
LINE
8
BLACK
6
CONTINUOUS
10
-4.2394274409448816
20
5.6350171259842519
11
-4.2417715354330712
21
5.6276724803149607
0
LINE
8
BLACK
6
CONTINUOUS
10
-4.2417715354330712
20
5.6276724803149607
11
-4.2422435039370079
21
5.6266153543307089
0
LINE
8
BLACK
6
CONTINUOUS
10
-4.2422435039370079
20
5.6266153543307089
11
-4.2423825984251966
21
5.626455
0
LINE
8
BLACK
6
CONTINUOUS
10
-4.2423825984251966
20
5.626455
11
-4.2424637401574801
21
5.6262590551181102
0
LINE
8
BLACK
6
CONTINUOUS
10
-4.2424637401574801
20
5.6262590551181102
11
-4.2432869685039369
21
5.6254122440944885
0
LINE
8
BLACK
6
CONTINUOUS
10
-4.2432869685039369
20
5.6254122440944885
11
-4.243753267716535
21
5.6248746456692915
0
LINE
8
BLACK
6
CONTINUOUS
10
-4.243753267716535
20
5.6248746456692915
11
-4.2438629921259841
21
5.6248197637795272
0
LINE
8
BLACK
6
CONTINUOUS
10
-4.2438629921259841
20
5.6248197637795272
11
-4.248072598425197
21
5.6204897244094489
0
LINE
8
BLACK
6
CONTINUOUS
10
-4.248072598425197
20
5.6204897244094489
11
-4.2485254330708662
21
5.6201181102362208
0
LINE
8
BLACK
6
CONTINUOUS
10
-4.2485254330708662
20
5.6201181102362208
11
-4.2486276377952752
21
5.6200002362204726
0
LINE
8
BLACK
6
CONTINUOUS
10
-4.2486276377952752
20
5.6200002362204726
11
-4.2487412992125986
21
5.6199409448818898
0
LINE
8
BLACK
6
CONTINUOUS
10
-4.2487412992125986
20
5.6199409448818898
11
-4.2489675196850394
21
5.6197552755905509
0
LINE
8
BLACK
6
CONTINUOUS
10
-4.2489675196850394
20
5.6197552755905509
11
-4.249597125984252
21
5.6194944881889759
0
LINE
8
BLACK
6
CONTINUOUS
10
-4.249597125984252
20
5.6194944881889759
11
-4.2544818110236218
21
5.6169462992125982
0
LINE
8
BLACK
6
CONTINUOUS
10
-4.2544818110236218
20
5.6169462992125982
11
-4.2545660236220471
21
5.6169140551181105
0
LINE
8
BLACK
6
CONTINUOUS
10
-4.2545660236220471
20
5.6169140551181105
11
-4.25460031496063
21
5.616888661417323
0
LINE
8
BLACK
6
CONTINUOUS
10
-4.25460031496063
20
5.616888661417323
11
-4.2547011023622048
21
5.6168623622047242
0
LINE
8
BLACK
6
CONTINUOUS
10
-4.2547011023622048
20
5.6168623622047242
11
-4.2555630314960631
21
5.6165325196850393
0
LINE
8
BLACK
6
CONTINUOUS
10
-4.2555630314960631
20
5.6165325196850393
11
-4.2561168897637796
21
5.6164931496062991
0
LINE
8
BLACK
6
CONTINUOUS
10
-4.2561168897637796
20
5.6164931496062991
11
-4.2654393307086611
21
5.6140620078740158
0
LINE
8
BLACK
6
CONTINUOUS
10
-4.2654393307086611
20
5.6140620078740158
11
-4.2656390157480315
21
5.6140324803149602
0
LINE
8
BLACK
6
CONTINUOUS
10
-4.2656390157480315
20
5.6140324803149602
11
-4.2657194881889762
21
5.6139991338582673
0
LINE
8
BLACK
6
CONTINUOUS
10
-4.2657194881889762
20
5.6139991338582673
11
-4.2658789370078738
21
5.6139969685039368
0
LINE
8
BLACK
6
CONTINUOUS
10
-4.2658789370078738
20
5.6139969685039368
11
-4.2665845669291338
21
5.6138926377952751
0
LINE
8
BLACK
6
CONTINUOUS
10
-4.2665845669291338
20
5.6138926377952751
11
-4.2671695669291339
21
5.6139796850393697
0
LINE
8
BLACK
6
CONTINUOUS
10
-4.2671695669291339
20
5.6139796850393697
11
-4.2741831889763775
21
5.6138856692913386
0
LINE
8
BLACK
6
CONTINUOUS
10
-4.2741831889763775
20
5.6138856692913386
11
-4.2743840944881892
21
5.6139054330708662
0
LINE
8
BLACK
6
CONTINUOUS
10
-4.2743840944881892
20
5.6139054330708662
11
-4.2744701968503938
21
5.6138926377952751
0
LINE
8
BLACK
6
CONTINUOUS
10
-4.2744701968503938
20
5.6138926377952751
11
-4.2746214960629922
21
5.6139288188976373
0
LINE
8
BLACK
6
CONTINUOUS
10
-4.2746214960629922
20
5.6139288188976373
11
-4.2753353149606301
21
5.6139991338582673
0
LINE
8
BLACK
6
CONTINUOUS
10
-4.2753353149606301
20
5.6139991338582673
11
-4.2759097244094484
21
5.6142370472440941
0
LINE
8
BLACK
6
CONTINUOUS
10
-4.2759097244094484
20
5.6142370472440941
11
-4.2853642519685042
21
5.6164991732283465
0
LINE
8
BLACK
6
CONTINUOUS
10
-4.2853642519685042
20
5.6164991732283465
11
-4.2854491338582674
21
5.6165294488188975
0
LINE
8
BLACK
6
CONTINUOUS
10
-4.2854491338582674
20
5.6165294488188975
11
-4.2854917716535432
21
5.6165325196850393
0
LINE
8
BLACK
6
CONTINUOUS
10
-4.2854917716535432
20
5.6165325196850393
11
-4.2855923622047243
21
5.6165806299212599
0
LINE
8
BLACK
6
CONTINUOUS
10
-4.2855923622047243
20
5.6165806299212599
11
-4.2864544488188976
21
5.616888661417323
0
LINE
8
BLACK
6
CONTINUOUS
10
-4.2864544488188976
20
5.616888661417323
11
-4.28685374015748
21
5.6171844881889763
0
LINE
8
BLACK
6
CONTINUOUS
10
-4.28685374015748
20
5.6171844881889763
11
-4.2914473622047247
21
5.6193835039370077
0
LINE
8
BLACK
6
CONTINUOUS
10
-4.2914473622047247
20
5.6193835039370077
11
-4.2919431889763775
21
5.6196955905511814
0
LINE
8
BLACK
6
CONTINUOUS
10
-4.2919431889763775
20
5.6196955905511814
11
-4.2920872440944882
21
5.6197552755905509
0
LINE
8
BLACK
6
CONTINUOUS
10
-4.2920872440944882
20
5.6197552755905509
11
-4.2921777559055121
21
5.6198432283464568
0
LINE
8
BLACK
6
CONTINUOUS
10
-4.2921777559055121
20
5.6198432283464568
11
-4.2924271259842515
21
5.6200002362204726
0
LINE
8
BLACK
6
CONTINUOUS
10
-4.2924271259842515
20
5.6200002362204726
11
-4.2928997637795279
21
5.6205451574803149
0
LINE
8
BLACK
6
CONTINUOUS
10
-4.2928997637795279
20
5.6205451574803149
11
-4.2978565748031494
21
5.6253641338582678
0
LINE
8
BLACK
6
CONTINUOUS
10
-4.2978565748031494
20
5.6253641338582678
11
-4.2985910236220475
21
5.6262590551181102
0
LINE
8
BLACK
6
CONTINUOUS
10
-4.2985910236220475
20
5.6262590551181102
11
-4.2986722440944884
21
5.6264550787401575
0
LINE
8
BLACK
6
CONTINUOUS
10
-4.2986722440944884
20
5.6264550787401575
11
-4.2988112204724409
21
5.6266153543307089
0
LINE
8
BLACK
6
CONTINUOUS
10
-4.2988112204724409
20
5.6266153543307089
11
-4.2991903543307082
21
5.6277059448818898
0
LINE
8
BLACK
6
CONTINUOUS
10
-4.2991903543307082
20
5.6277059448818898
11
-4.2994727952755909
21
5.6283878740157478
0
LINE
8
BLACK
6
CONTINUOUS
10
-4.2994727952755909
20
5.6283878740157478
11
-4.2994727952755909
21
5.6285184645669286
0
LINE
8
BLACK
6
CONTINUOUS
10
-4.2994727952755909
20
5.6285184645669286
11
-4.3017203937007871
21
5.6349840551181103
0
LINE
8
BLACK
6
CONTINUOUS
10
-4.3017203937007871
20
5.6349840551181103
11
-4.3018502755905512
21
5.6355551968503939
0
LINE
8
BLACK
6
CONTINUOUS
10
-4.3018502755905512
20
5.6355551968503939
11
-4.3019100000000003
21
5.6356994094488186
0
LINE
8
BLACK
6
CONTINUOUS
10
-4.3019100000000003
20
5.6356994094488186
11
-4.3019124409448821
21
5.6358285433070865
0
LINE
8
BLACK
6
CONTINUOUS
10
-4.3019124409448821
20
5.6358285433070865
11
-4.3019770866141736
21
5.6361129133858263
0
LINE
8
BLACK
6
CONTINUOUS
10
-4.3019770866141736
20
5.6361129133858263
11
-4.3019302362204721
21
5.6367725590551183
0
LINE
8
BLACK
6
CONTINUOUS
10
-4.3019302362204721
20
5.6367725590551183
11
-4.3020234645669291
21
5.6417259055118105
0
LINE
8
BLACK
6
CONTINUOUS
10
-4.3020234645669291
20
5.6417259055118105
11
-4.3019660629921255
21
5.6423090157480313
0
LINE
8
BLACK
6
CONTINUOUS
10
-4.3019660629921255
20
5.6423090157480313
11
-4.3019770866141736
21
5.6424645275590546
0
LINE
8
BLACK
6
CONTINUOUS
10
-4.3019770866141736
20
5.6424645275590546
11
-4.3019389763779525
21
5.6425839763779528
0
LINE
8
BLACK
6
CONTINUOUS
10
-4.3019389763779525
20
5.6425839763779528
11
-4.3019100000000003
21
5.6428780314960632
0
LINE
8
BLACK
6
CONTINUOUS
10
-4.3019100000000003
20
5.6428780314960632
11
-4.3016272834645672
21
5.64356062992126
0
LINE
8
BLACK
6
CONTINUOUS
10
-4.3016272834645672
20
5.64356062992126
11
-4.2992831889763776
21
5.6509049999999998
0
LINE
8
BLACK
6
CONTINUOUS
10
-4.2992831889763776
20
5.6509049999999998
11
-4.2988112204724409
21
5.6519621259842516
0
LINE
8
BLACK
6
CONTINUOUS
10
-4.2988112204724409
20
5.6519621259842516
11
-4.2986722047244097
21
5.6521224015748031
0
LINE
8
BLACK
6
CONTINUOUS
10
-4.2986722047244097
20
5.6521224015748031
11
-4.2985909842519687
21
5.6523184645669291
0
LINE
8
BLACK
6
CONTINUOUS
10
-4.2985909842519687
20
5.6523184645669291
11
-4.2975913779527559
21
5.6533686220472443
0
LINE
8
BLACK
6
CONTINUOUS
10
-4.2975913779527559
20
5.6533686220472443
11
-4.2973014960629916
21
5.6537028740157478
0
LINE
8
BLACK
6
CONTINUOUS
10
-4.2973014960629916
20
5.6537028740157478
11
-4.297247598425197
21
5.6537298031496066
0
LINE
8
BLACK
6
CONTINUOUS
10
-4.297247598425197
20
5.6537298031496066
11
-4.2954193307086612
21
5.6556505511811022
0
LINE
8
BLACK
6
CONTINUOUS
10
-4.2954193307086612
20
5.6556505511811022
11
-4.2945244094488189
21
5.6563849606299215
0
LINE
8
BLACK
6
CONTINUOUS
10
-4.2945244094488189
20
5.6563849606299215
11
-4.2923955905511813
21
5.657266732283464
0
LINE
8
BLACK
6
CONTINUOUS
10
-4.2923955905511813
20
5.657266732283464
11
-4.2900914173228344
21
5.6572666929133861
0
LINE
8
BLACK
6
CONTINUOUS
10
-4.2900914173228344
20
5.6572666929133861
11
-4.2879625984251968
21
5.6563849212598427
0
LINE
8
BLACK
6
CONTINUOUS
10
-4.2879625984251968
20
5.6563849212598427
11
-4.2863332677165351
21
5.6547555511811023
0
LINE
8
BLACK
6
CONTINUOUS
10
-4.2863332677165351
20
5.6547555511811023
11
-4.2854514960629917
21
5.6526267322834647
0
LINE
8
BLACK
6
CONTINUOUS
10
-4.2854514960629917
20
5.6526267322834647
11
-4.2854515354330704
21
5.6503225590551178
0
LINE
8
BLACK
6
CONTINUOUS
10
-4.2854515354330704
20
5.6503225590551178
11
-4.2863333070866139
21
5.6481937401574802
0
LINE
8
BLACK
6
CONTINUOUS
10
-4.2863333070866139
20
5.6481937401574802
11
-4.2886228740157479
21
5.6457883464566931
0
LINE
8
BLACK
6
CONTINUOUS
10
-4.2886228740157479
20
5.6457883464566931
11
-4.2902827952755906
21
5.6405875984251965
0
LINE
8
BLACK
6
CONTINUOUS
10
-4.2902827952755906
20
5.6405875984251965
11
-4.2902262992125983
21
5.6375864173228347
0
LINE
8
BLACK
6
CONTINUOUS
10
-4.2902262992125983
20
5.6375864173228347
11
-4.2884909448818895
21
5.632594409448819
0
LINE
8
BLACK
6
CONTINUOUS
10
-4.2884909448818895
20
5.632594409448819
11
-4.2851729527559055
21
5.6293687007874018
0
LINE
8
BLACK
6
CONTINUOUS
10
-4.2851729527559055
20
5.6293687007874018
11
-4.2815133858267718
21
5.627616850393701
0
LINE
8
BLACK
6
CONTINUOUS
10
-4.2815133858267718
20
5.627616850393701
11
-4.2731368897637791
21
5.6256126771653543
0
LINE
8
BLACK
6
CONTINUOUS
10
-4.2731368897637791
20
5.6256126771653543
11
-4.2672435826771649
21
5.625691692913386
0
LINE
8
BLACK
6
CONTINUOUS
10
-4.2672435826771649
20
5.625691692913386
11
-4.2588532677165354
21
5.6278798031496065
0
LINE
8
BLACK
6
CONTINUOUS
10
-4.2588532677165354
20
5.6278798031496065
11
-4.2555464173228348
21
5.6296048818897635
0
LINE
8
BLACK
6
CONTINUOUS
10
-4.2555464173228348
20
5.6296048818897635
11
-4.2524227165354329
21
5.6328179133858267
0
LINE
8
BLACK
6
CONTINUOUS
10
-4.2524227165354329
20
5.6328179133858267
11
-4.2507720472440944
21
5.6379899212598428
0
LINE
8
BLACK
6
CONTINUOUS
10
-4.2507720472440944
20
5.6379899212598428
11
-4.2508285433070867
21
5.6409909842519683
0
LINE
8
BLACK
6
CONTINUOUS
10
-4.2508285433070867
20
5.6409909842519683
11
-4.2525437401574804
21
5.6459250393700788
0
LINE
8
BLACK
6
CONTINUOUS
10
-4.2525437401574804
20
5.6459250393700788
11
-4.2539870078740156
21
5.6472988188976379
0
LINE
8
BLACK
6
CONTINUOUS
10
-4.2539870078740156
20
5.6472988188976379
11
-4.2547214566929137
21
5.6481937401574802
0
LINE
8
BLACK
6
CONTINUOUS
10
-4.2547214566929137
20
5.6481937401574802
11
-4.255603267716535
21
5.6503225590551178
0
LINE
8
BLACK
6
CONTINUOUS
10
-4.255603267716535
20
5.6503225590551178
11
-4.255603267716535
21
5.6526267322834647
0
LINE
8
BLACK
6
CONTINUOUS
10
-4.255603267716535
20
5.6526267322834647
11
-4.2547215354330712
21
5.6547555511811023
0
LINE
8
BLACK
6
CONTINUOUS
10
-4.2547215354330712
20
5.6547555511811023
11
-4.2530921653543308
21
5.6563849212598427
0
LINE
8
BLACK
6
CONTINUOUS
10
-4.2530921653543308
20
5.6563849212598427
11
-4.2509633464566932
21
5.657266732283464
0
LINE
8
BLACK
6
CONTINUOUS
10
-4.2509633464566932
20
5.657266732283464
11
-4.2486591732283463
21
5.657266732283464
0
LINE
8
BLACK
6
CONTINUOUS
10
-4.2486591732283463
20
5.657266732283464
11
-4.2465303543307087
21
5.6563850000000002
0
LINE
8
BLACK
6
CONTINUOUS
10
-4.873050826771653
20
5.6748006299212594
11
-4.8729730708661414
21
5.6748061811023618
0
LINE
8
BLACK
6
CONTINUOUS
10
-4.8729730708661414
20
5.6748061811023618
11
-4.8729145669291336
21
5.6747872047244092
0
LINE
8
BLACK
6
CONTINUOUS
10
-4.8729145669291336
20
5.6747872047244092
11
-4.8727662992125982
21
5.6747726377952752
0
LINE
8
BLACK
6
CONTINUOUS
10
-4.8727662992125982
20
5.6747726377952752
11
-4.8723976771653543
21
5.6746199212598425
0
LINE
8
BLACK
6
CONTINUOUS
10
-4.8723976771653543
20
5.6746199212598425
11
-4.8667843307086613
21
5.6728030708661414
0
LINE
8
BLACK
6
CONTINUOUS
10
-4.8667843307086613
20
5.6728030708661414
11
-4.8662557874015748
21
5.6725670866141735
0
LINE
8
BLACK
6
CONTINUOUS
10
-4.8662557874015748
20
5.6725670866141735
11
-4.8661757086614168
21
5.6724975984251964
0
LINE
8
BLACK
6
CONTINUOUS
10
-4.8661757086614168
20
5.6724975984251964
11
-4.8660776377952759
21
5.6724570078740157
0
LINE
8
BLACK
6
CONTINUOUS
10
-4.8660776377952759
20
5.6724570078740157
11
-4.865686299212598
21
5.672073149606299
0
LINE
8
BLACK
6
CONTINUOUS
10
-4.865686299212598
20
5.672073149606299
11
-4.8653854330708661
21
5.6718122047244091
0
LINE
8
BLACK
6
CONTINUOUS
10
-4.8653854330708661
20
5.6718122047244091
11
-4.8653519291338583
21
5.6717451574803146
0
LINE
8
BLACK
6
CONTINUOUS
10
-4.8653519291338583
20
5.6717451574803146
11
-4.8618805905511806
21
5.6683402362204722
0
LINE
8
BLACK
6
CONTINUOUS
10
-4.8618805905511806
20
5.6683402362204722
11
-4.8615133464566931
21
5.6678927952755904
0
LINE
8
BLACK
6
CONTINUOUS
10
-4.8615133464566931
20
5.6678927952755904
11
-4.8614727559055115
21
5.6677947244094486
0
LINE
8
BLACK
6
CONTINUOUS
10
-4.8614727559055115
20
5.6677947244094486
11
-4.8614032677165353
21
5.6677146456692915
0
LINE
8
BLACK
6
CONTINUOUS
10
-4.8614032677165353
20
5.6677146456692915
11
-4.8612282677165357
21
5.6672044488188975
0
LINE
8
BLACK
6
CONTINUOUS
10
-4.8612282677165357
20
5.6672044488188975
11
-4.8610724803149603
21
5.6668283858267712
0
LINE
8
BLACK
6
CONTINUOUS
10
-4.8610724803149603
20
5.6668283858267712
11
-4.8610724803149603
21
5.666750393700787
0
LINE
8
BLACK
6
CONTINUOUS
10
-4.8610724803149603
20
5.666750393700787
11
-4.8592925196850389
21
5.6615618110236223
0
LINE
8
BLACK
6
CONTINUOUS
10
-4.8592925196850389
20
5.6615618110236223
11
-4.8592275984251971
21
5.6612761417322837
0
LINE
8
BLACK
6
CONTINUOUS
10
-4.8592275984251971
20
5.6612761417322837
11
-4.8591977165354328
21
5.6612040944881885
0
LINE
8
BLACK
6
CONTINUOUS
10
-4.8591977165354328
20
5.6612040944881885
11
-4.8591969291338586
21
5.6611412204724409
0
LINE
8
BLACK
6
CONTINUOUS
10
-4.8591969291338586
20
5.6611412204724409
11
-4.8591641732283462
21
5.660997362204724
0
LINE
8
BLACK
6
CONTINUOUS
10
-4.8591641732283462
20
5.660997362204724
11
-4.8591902362204724
21
5.660631181102362
0
LINE
8
BLACK
6
CONTINUOUS
10
-4.8591902362204724
20
5.660631181102362
11
-4.8591409842519688
21
5.6568785039370075
0
LINE
8
BLACK
6
CONTINUOUS
10
-4.8591409842519688
20
5.6568785039370075
11
-4.8591977165354328
21
5.6563024409448817
0
LINE
8
BLACK
6
CONTINUOUS
10
-4.8591977165354328
20
5.6563024409448817
11
-4.8596386220472443
21
5.6552380314960633
0
LINE
8
BLACK
6
CONTINUOUS
10
-4.8596386220472443
20
5.6552380314960633
11
-4.8604532677165357
21
5.6544233858267718
0
LINE
8
BLACK
6
CONTINUOUS
10
-4.8604532677165357
20
5.6544233858267718
11
-4.8615176771653541
21
5.6539824803149603
0
LINE
8
BLACK
6
CONTINUOUS
10
-4.8615176771653541
20
5.6539824803149603
11
-4.8626698031496058
21
5.6539824803149603
0
LINE
8
BLACK
6
CONTINUOUS
10
-4.8626698031496058
20
5.6539824803149603
11
-4.8637342125984251
21
5.6544233858267718
0
LINE
8
BLACK
6
CONTINUOUS
10
-4.8637342125984251
20
5.6544233858267718
11
-4.8645488582677165
21
5.6552380314960633
0
LINE
8
BLACK
6
CONTINUOUS
10
-4.8645488582677165
20
5.6552380314960633
11
-4.8649897637795272
21
5.6563024409448817
0
LINE
8
BLACK
6
CONTINUOUS
10
-4.8649897637795272
20
5.6563024409448817
11
-4.8650419685039372
21
5.660282125984252
0
LINE
8
BLACK
6
CONTINUOUS
10
-4.8650419685039372
20
5.660282125984252
11
-4.866571811023622
21
5.6647415748031493
0
LINE
8
BLACK
6
CONTINUOUS
10
-4.866571811023622
20
5.6647415748031493
11
-4.8693717322834642
21
5.6674879527559057
0
LINE
8
BLACK
6
CONTINUOUS
10
-4.8693717322834642
20
5.6674879527559057
11
-4.8739758267716535
21
5.6689781889763777
0
LINE
8
BLACK
6
CONTINUOUS
10
-4.8739758267716535
20
5.6689781889763777
11
-4.9014638188976374
21
5.6689238582677168
0
LINE
8
BLACK
6
CONTINUOUS
10
-4.9014638188976374
20
5.6689238582677168
11
-4.9020398818897633
21
5.6689805905511808
0
LINE
8
BLACK
6
CONTINUOUS
10
-4.9020398818897633
20
5.6689805905511808
11
-4.9031042913385825
21
5.6694214960629923
0
LINE
8
BLACK
6
CONTINUOUS
10
-4.9031042913385825
20
5.6694214960629923
11
-4.903918937007874
21
5.6702361417322837
0
LINE
8
BLACK
6
CONTINUOUS
10
-4.903918937007874
20
5.6702361417322837
11
-4.9043598425196846
21
5.6713005511811021
0
LINE
8
BLACK
6
CONTINUOUS
10
-4.9043598425196846
20
5.6713005511811021
11
-4.9043598425196846
21
5.6724526771653538
0
LINE
8
BLACK
6
CONTINUOUS
10
-4.9043598425196846
20
5.6724526771653538
11
-4.903918937007874
21
5.6735170866141731
0
LINE
8
BLACK
6
CONTINUOUS
10
-4.903918937007874
20
5.6735170866141731
11
-4.9031042913385825
21
5.6743317322834645
0
LINE
8
BLACK
6
CONTINUOUS
10
-4.9031042913385825
20
5.6743317322834645
11
-4.9020398818897633
21
5.6747726377952752
0
LINE
8
BLACK
6
CONTINUOUS
10
-4.9020398818897633
20
5.6747726377952752
11
-4.8733423622047241
21
5.67482937007874
0
LINE
8
BLACK
6
CONTINUOUS
10
-4.8733423622047241
20
5.67482937007874
11
-4.873050826771653
21
5.6748006299212594
0
LINE
8
BLACK
6
CONTINUOUS
10
-4.4047109842519685
20
5.7006816141732282
11
-4.4047762992125987
21
5.7003388582677168
0
LINE
8
BLACK
6
CONTINUOUS
10
-4.4047762992125987
20
5.7003388582677168
11
-4.4049231102362203
21
5.6995281496062988
0
LINE
8
BLACK
6
CONTINUOUS
10
-4.4049231102362203
20
5.6995281496062988
11
-4.405144212598425
21
5.6982901968503938
0
LINE
8
BLACK
6
CONTINUOUS
10
-4.405144212598425
20
5.6982901968503938
11
-4.4054324409448817
21
5.6966657874015745
0
LINE
8
BLACK
6
CONTINUOUS
10
-4.4054324409448817
20
5.6966657874015745
11
-4.4057806299212601
21
5.6946956692913382
0
LINE
8
BLACK
6
CONTINUOUS
10
-4.4057806299212601
20
5.6946956692913382
11
-4.4061815354330705
21
5.6924205905511807
0
LINE
8
BLACK
6
CONTINUOUS
10
-4.4061815354330705
20
5.6924205905511807
11
-4.4066279921259843
21
5.6898812992125984
0
LINE
8
BLACK
6
CONTINUOUS
10
-4.4066279921259843
20
5.6898812992125984
11
-4.4071128346456696
21
5.6871185433070863
0
LINE
8
BLACK
6
CONTINUOUS
10
-4.4071128346456696
20
5.6871185433070863
11
-4.4076288188976376
21
5.6841730708661418
0
LINE
8
BLACK
6
CONTINUOUS
10
-4.4076288188976376
20
5.6841730708661418
11
-4.4081688188976376
21
5.6810856299212595
0
LINE
8
BLACK
6
CONTINUOUS
10
-4.4081688188976376
20
5.6810856299212595
11
-4.408207362204724
21
5.6808649606299211
0
LINE
8
BLACK
6
CONTINUOUS
10
-4.408207362204724
20
5.6808649606299211
11
-4.4087492519685041
21
5.6777651968503937
0
LINE
8
BLACK
6
CONTINUOUS
10
-4.4087492519685041
20
5.6777651968503937
11
-4.4092678346456688
21
5.6748016141732283
0
LINE
8
BLACK
6
CONTINUOUS
10
-4.4092678346456688
20
5.6748016141732283
11
-4.409755905511811
21
5.6720152755905513
0
LINE
8
BLACK
6
CONTINUOUS
10
-4.409755905511811
20
5.6720152755905513
11
-4.4102062204724408
21
5.6694473228346451
0
LINE
8
BLACK
6
CONTINUOUS
10
-4.4102062204724408
20
5.6694473228346451
11
-4.4106115354330706
21
5.667138858267716
0
LINE
8
BLACK
6
CONTINUOUS
10
-4.4106115354330706
20
5.667138858267716
11
-4.41096468503937
21
5.6651309448818896
0
LINE
8
BLACK
6
CONTINUOUS
10
-4.41096468503937
20
5.6651309448818896
11
-4.4112583858267715
21
5.663464763779527
0
LINE
8
BLACK
6
CONTINUOUS
10
-4.4112583858267715
20
5.663464763779527
11
-4.4114854330708662
21
5.6621813779527557
0
LINE
8
BLACK
6
CONTINUOUS
10
-4.4114854330708662
20
5.6621813779527557
11
-4.4116386220472439
21
5.6613219291338579
0
LINE
8
BLACK
6
CONTINUOUS
10
-4.4116386220472439
20
5.6613219291338579
11
-4.4117107086614169
21
5.6609274803149603
0
LINE
8
BLACK
6
CONTINUOUS
10
-4.4117107086614169
20
5.6609274803149603
11
-4.4117123622047245
21
5.6609191732283461
0
LINE
8
BLACK
6
CONTINUOUS
10
-4.4117123622047245
20
5.6609191732283461
11
-4.4118561811023618
21
5.6602091338582676
0
LINE
8
BLACK
6
CONTINUOUS
10
-4.4118561811023618
20
5.6602091338582676
11
-4.4193588582677164
21
5.6602091338582676
0
LINE
8
BLACK
6
CONTINUOUS
10
-4.4193588582677164
20
5.6602091338582676
11
-4.4192188582677163
21
5.660790078740157
0
LINE
8
BLACK
6
CONTINUOUS
10
-4.4192188582677163
20
5.660790078740157
11
-4.4191524015748032
21
5.6611343700787398
0
LINE
8
BLACK
6
CONTINUOUS
10
-4.4191524015748032
20
5.6611343700787398
11
-4.4190046062992128
21
5.6619458661417319
0
LINE
8
BLACK
6
CONTINUOUS
10
-4.4190046062992128
20
5.6619458661417319
11
-4.4187827952755905
21
5.6631830314960627
0
LINE
8
BLACK
6
CONTINUOUS
10
-4.4187827952755905
20
5.6631830314960627
11
-4.4184943307086613
21
5.6648044488188978
0
LINE
8
BLACK
6
CONTINUOUS
10
-4.4184943307086613
20
5.6648044488188978
11
-4.4181464960629917
21
5.6667685039370079
0
LINE
8
BLACK
6
CONTINUOUS
10
-4.4181464960629917
20
5.6667685039370079
11
-4.4177466929133855
21
5.66903374015748
0
LINE
8
BLACK
6
CONTINUOUS
10
-4.4177466929133855
20
5.66903374015748
11
-4.417302244094488
21
5.6715586614173228
0
LINE
8
BLACK
6
CONTINUOUS
10
-4.417302244094488
20
5.6715586614173228
11
-4.4168204724409446
21
5.674301692913386
0
LINE
8
BLACK
6
CONTINUOUS
10
-4.4168204724409446
20
5.674301692913386
11
-4.4163087007874013
21
5.6772213779527556
0
LINE
8
BLACK
6
CONTINUOUS
10
-4.4163087007874013
20
5.6772213779527556
11
-4.4158293700787397
21
5.6799612598425195
0
LINE
8
BLACK
6
CONTINUOUS
10
-4.4158293700787397
20
5.6799612598425195
11
-4.4152927165354328
21
5.6830287401574804
0
LINE
8
BLACK
6
CONTINUOUS
10
-4.4152927165354328
20
5.6830287401574804
11
-4.4147763385826773
21
5.6859751968503938
0
LINE
8
BLACK
6
CONTINUOUS
10
-4.4147763385826773
20
5.6859751968503938
11
-4.4142879133858264
21
5.6887568503937009
0
LINE
8
BLACK
6
CONTINUOUS
10
-4.4142879133858264
20
5.6887568503937009
11
-4.413835275590551
21
5.6913299212598423
0
LINE
8
BLACK
6
CONTINUOUS
10
-4.413835275590551
20
5.6913299212598423
11
-4.4134260629921256
21
5.6936505905511812
0
LINE
8
BLACK
6
CONTINUOUS
10
-4.4134260629921256
20
5.6936505905511812
11
-4.4130680314960626
21
5.6956750393700784
0
LINE
8
BLACK
6
CONTINUOUS
10
-4.4130680314960626
20
5.6956750393700784
11
-4.4127689370078738
21
5.6973595275590547
0
LINE
8
BLACK
6
CONTINUOUS
10
-4.4127689370078738
20
5.6973595275590547
11
-4.4125365354330706
21
5.6986601968503932
0
LINE
8
BLACK
6
CONTINUOUS
10
-4.4125365354330706
20
5.6986601968503932
11
-4.4123784645669293
21
5.6995333070866137
0
LINE
8
BLACK
6
CONTINUOUS
10
-4.4123784645669293
20
5.6995333070866137
11
-4.4123082677165355
21
5.6999070472440945
0
LINE
8
BLACK
6
CONTINUOUS
10
-4.4123082677165355
20
5.6999070472440945
11
-4.4120367322834646
21
5.7012625590551176
0
LINE
8
BLACK
6
CONTINUOUS
10
-4.4120367322834646
20
5.7012625590551176
11
-4.4045757480314958
21
5.7012625590551176
0
LINE
8
BLACK
6
CONTINUOUS
10
-4.4045757480314958
20
5.7012625590551176
11
-4.4047109842519685
21
5.7006816141732282
0
LINE
8
BLACK
6
CONTINUOUS
10
-4.3481133464566932
20
5.7012555511811023
11
-4.3470009842519683
21
5.7012362204724409
0
LINE
8
BLACK
6
CONTINUOUS
10
-4.3470009842519683
20
5.7012362204724409
11
-4.3461855905511806
21
5.7012072440944879
0
LINE
8
BLACK
6
CONTINUOUS
10
-4.3461855905511806
20
5.7012072440944879
11
-4.3457583464566927
21
5.7011712204724407
0
LINE
8
BLACK
6
CONTINUOUS
10
-4.3457583464566927
20
5.7011712204724407
11
-4.3457164960629919
21
5.701155157480315
0
LINE
8
BLACK
6
CONTINUOUS
10
-4.3457164960629919
20
5.701155157480315
11
-4.3457600787401578
21
5.7008803543307085
0
LINE
8
BLACK
6
CONTINUOUS
10
-4.3457600787401578
20
5.7008803543307085
11
-4.34588531496063
21
5.7001440157480312
0
LINE
8
BLACK
6
CONTINUOUS
10
-4.34588531496063
20
5.7001440157480312
11
-4.3460839763779529
21
5.6989931102362199
0
LINE
8
BLACK
6
CONTINUOUS
10
-4.3460839763779529
20
5.6989931102362199
11
-4.3463477559055121
21
5.6974745275590548
0
LINE
8
BLACK
6
CONTINUOUS
10
-4.3463477559055121
20
5.6974745275590548
11
-4.3466684251968504
21
5.6956353149606294
0
LINE
8
BLACK
6
CONTINUOUS
10
-4.3466684251968504
20
5.6956353149606294
11
-4.347037716535433
21
5.6935223228346459
0
LINE
8
BLACK
6
CONTINUOUS
10
-4.347037716535433
20
5.6935223228346459
11
-4.3474473622047247
21
5.6911825984251969
0
LINE
8
BLACK
6
CONTINUOUS
10
-4.3474473622047247
20
5.6911825984251969
11
-4.3478890944881892
21
5.6886630314960627
0
LINE
8
BLACK
6
CONTINUOUS
10
-4.3478890944881892
20
5.6886630314960627
11
-4.348354645669291
21
5.6860106299212596
0
LINE
8
BLACK
6
CONTINUOUS
10
-4.348354645669291
20
5.6860106299212596
11
-4.3488357874015744
21
5.6832723228346458
0
LINE
8
BLACK
6
CONTINUOUS
10
-4.3488357874015744
20
5.6832723228346458
11
-4.349324251968504
21
5.6804950787401571
0
LINE
8
BLACK
6
CONTINUOUS
10
-4.349324251968504
20
5.6804950787401571
11
-4.3498117716535436
21
5.6777258661417322
0
LINE
8
BLACK
6
CONTINUOUS
10
-4.3498117716535436
20
5.6777258661417322
11
-4.3502900787401577
21
5.6750116141732283
0
LINE
8
BLACK
6
CONTINUOUS
10
-4.3502900787401577
20
5.6750116141732283
11
-4.350750905511811
21
5.6723992519685034
0
LINE
8
BLACK
6
CONTINUOUS
10
-4.350750905511811
20
5.6723992519685034
11
-4.3511860236220468
21
5.6699358267716535
0
LINE
8
BLACK
6
CONTINUOUS
10
-4.3511860236220468
20
5.6699358267716535
11
-4.3515871653543305
21
5.6676681889763776
0
LINE
8
BLACK
6
CONTINUOUS
10
-4.3515871653543305
20
5.6676681889763776
11
-4.3519460236220473
21
5.6656433858267716
0
LINE
8
BLACK
6
CONTINUOUS
10
-4.3519460236220473
20
5.6656433858267716
11
-4.3522543700787404
21
5.6639083070866141
0
LINE
8
BLACK
6
CONTINUOUS
10
-4.3522543700787404
20
5.6639083070866141
11
-4.3525039370078735
21
5.6625099606299214
0
LINE
8
BLACK
6
CONTINUOUS
10
-4.3525039370078735
20
5.6625099606299214
11
-4.3526864960629918
21
5.6614952755905508
0
LINE
8
BLACK
6
CONTINUOUS
10
-4.3526864960629918
20
5.6614952755905508
11
-4.3527937401574803
21
5.660911181102362
0
LINE
8
BLACK
6
CONTINUOUS
10
-4.3527937401574803
20
5.660911181102362
11
-4.3528177559055115
21
5.660790078740157
0
LINE
8
BLACK
6
CONTINUOUS
10
-4.3528177559055115
20
5.660790078740157
11
-4.3528903149606295
21
5.6605629921259837
0
LINE
8
BLACK
6
CONTINUOUS
10
-4.3528903149606295
20
5.6605629921259837
11
-4.3530361811023619
21
5.6604044488188974
0
LINE
8
BLACK
6
CONTINUOUS
10
-4.3530361811023619
20
5.6604044488188974
11
-4.3533369291338584
21
5.6603020866141733
0
LINE
8
BLACK
6
CONTINUOUS
10
-4.3533369291338584
20
5.6603020866141733
11
-4.3538740551181103
21
5.6602437007874018
0
LINE
8
BLACK
6
CONTINUOUS
10
-4.3538740551181103
20
5.6602437007874018
11
-4.3547292125984249
21
5.660216929133858
0
LINE
8
BLACK
6
CONTINUOUS
10
-4.3547292125984249
20
5.660216929133858
11
-4.3559838976377954
21
5.6602094488188976
0
LINE
8
BLACK
6
CONTINUOUS
10
-4.3559838976377954
20
5.6602094488188976
11
-4.3566706692913382
21
5.6602091338582676
0
LINE
8
BLACK
6
CONTINUOUS
10
-4.3566706692913382
20
5.6602091338582676
11
-4.3581258267716532
21
5.6602138188976374
0
LINE
8
BLACK
6
CONTINUOUS
10
-4.3581258267716532
20
5.6602138188976374
11
-4.3591395669291337
21
5.6602341338582676
0
LINE
8
BLACK
6
CONTINUOUS
10
-4.3591395669291337
20
5.6602341338582676
11
-4.3597868897637797
21
5.6602794488188977
0
LINE
8
BLACK
6
CONTINUOUS
10
-4.3597868897637797
20
5.6602794488188977
11
-4.3601427559055121
21
5.660359173228346
0
LINE
8
BLACK
6
CONTINUOUS
10
-4.3601427559055121
20
5.660359173228346
11
-4.3602821259842521
21
5.660482677165354
0
LINE
8
BLACK
6
CONTINUOUS
10
-4.3602821259842521
20
5.660482677165354
11
-4.3602799606299207
21
5.66065937007874
0
LINE
8
BLACK
6
CONTINUOUS
10
-4.3602799606299207
20
5.66065937007874
11
-4.3602796062992129
21
5.660660984251968
0
LINE
8
BLACK
6
CONTINUOUS
10
-4.3602796062992129
20
5.660660984251968
11
-4.3602190551181099
21
5.6609825590551184
0
LINE
8
BLACK
6
CONTINUOUS
10
-4.3602190551181099
20
5.6609825590551184
11
-4.3600768503937006
21
5.6617724803149603
0
LINE
8
BLACK
6
CONTINUOUS
10
-4.3600768503937006
20
5.6617724803149603
11
-4.3598601181102365
21
5.6629903149606298
0
LINE
8
BLACK
6
CONTINUOUS
10
-4.3598601181102365
20
5.6629903149606298
11
-4.3595759448818896
21
5.6645956692913382
0
LINE
8
BLACK
6
CONTINUOUS
10
-4.3595759448818896
20
5.6645956692913382
11
-4.3592314566929131
21
5.6665481496062995
0
LINE
8
BLACK
6
CONTINUOUS
10
-4.3592314566929131
20
5.6665481496062995
11
-4.3588337795275587
21
5.6688074015748029
0
LINE
8
BLACK
6
CONTINUOUS
10
-4.3588337795275587
20
5.6688074015748029
11
-4.35839
21
5.6713329527559058
0
LINE
8
BLACK
6
CONTINUOUS
10
-4.35839
20
5.6713329527559058
11
-4.3579072834645665
21
5.674084488188976
0
LINE
8
BLACK
6
CONTINUOUS
10
-4.3579072834645665
20
5.674084488188976
11
-4.3573927165354327
21
5.6770215748031498
0
LINE
8
BLACK
6
CONTINUOUS
10
-4.3573927165354327
20
5.6770215748031498
11
-4.356853464566929
21
5.6801038188976376
0
LINE
8
BLACK
6
CONTINUOUS
10
-4.356853464566929
20
5.6801038188976376
11
-4.3568106692913382
21
5.6803485433070868
0
LINE
8
BLACK
6
CONTINUOUS
10
-4.3568106692913382
20
5.6803485433070868
11
-4.3562679921259839
21
5.6834522047244089
0
LINE
8
BLACK
6
CONTINUOUS
10
-4.3562679921259839
20
5.6834522047244089
11
-4.3557485039370079
21
5.6864226377952756
0
LINE
8
BLACK
6
CONTINUOUS
10
-4.3557485039370079
20
5.6864226377952756
11
-4.3552594881889766
21
5.6892184251968505
0
LINE
8
BLACK
6
CONTINUOUS
10
-4.3552594881889766
20
5.6892184251968505
11
-4.3548081496062991
21
5.6917980708661418
0
LINE
8
BLACK
6
CONTINUOUS
10
-4.3548081496062991
20
5.6917980708661418
11
-4.3544018110236218
21
5.6941200787401574
0
LINE
8
BLACK
6
CONTINUOUS
10
-4.3544018110236218
20
5.6941200787401574
11
-4.3540477165354332
21
5.6961430708661416
0
LINE
8
BLACK
6
CONTINUOUS
10
-4.3540477165354332
20
5.6961430708661416
11
-4.3537530708661416
21
5.6978255118110237
0
LINE
8
BLACK
6
CONTINUOUS
10
-4.3537530708661416
20
5.6978255118110237
11
-4.3535251968503932
21
5.6991259842519684
0
LINE
8
BLACK
6
CONTINUOUS
10
-4.3535251968503932
20
5.6991259842519684
11
-4.3533712992125979
21
5.7000029527559057
0
LINE
8
BLACK
6
CONTINUOUS
10
-4.3533712992125979
20
5.7000029527559057
11
-4.3532986614173224
21
5.7004150393700783
0
LINE
8
BLACK
6
CONTINUOUS
10
-4.3532986614173224
20
5.7004150393700783
11
-4.3532971653543306
21
5.70042342519685
0
LINE
8
BLACK
6
CONTINUOUS
10
-4.3532971653543306
20
5.70042342519685
11
-4.3531467716535435
21
5.7012625590551176
0
LINE
8
BLACK
6
CONTINUOUS
10
-4.3531467716535435
20
5.7012625590551176
11
-4.3494316535433066
21
5.7012625590551176
0
LINE
8
BLACK
6
CONTINUOUS
10
-4.3494316535433066
20
5.7012625590551176
11
-4.3481133464566932
21
5.7012555511811023
0
LINE
8
BLACK
6
CONTINUOUS
10
-4.3754572047244089
20
5.7005525196850391
11
-4.3755178740157481
21
5.7001902755905514
0
LINE
8
BLACK
6
CONTINUOUS
10
-4.3755178740157481
20
5.7001902755905514
11
-4.3756607086614174
21
5.6993598031496058
0
LINE
8
BLACK
6
CONTINUOUS
10
-4.3756607086614174
20
5.6993598031496058
11
-4.3758787401574804
21
5.6981016141732281
0
LINE
8
BLACK
6
CONTINUOUS
10
-4.3758787401574804
20
5.6981016141732281
11
-4.3761648031496065
21
5.6964561023622045
0
LINE
8
BLACK
6
CONTINUOUS
10
-4.3761648031496065
20
5.6964561023622045
11
-4.3765119291338586
21
5.6944637007874013
0
LINE
8
BLACK
6
CONTINUOUS
10
-4.3765119291338586
20
5.6944637007874013
11
-4.3769130708661415
21
5.6921648425196851
0
LINE
8
BLACK
6
CONTINUOUS
10
-4.3769130708661415
20
5.6921648425196851
11
-4.3773611023622045
21
5.6895999606299208
0
LINE
8
BLACK
6
CONTINUOUS
10
-4.3773611023622045
20
5.6895999606299208
11
-4.3778490551181104
21
5.6868095275590553
0
LINE
8
BLACK
6
CONTINUOUS
10
-4.3778490551181104
20
5.6868095275590553
11
-4.3783698031496066
21
5.6838339370078739
0
LINE
8
BLACK
6
CONTINUOUS
10
-4.3783698031496066
20
5.6838339370078739
11
-4.3789163385826768
21
5.6807136614173226
0
LINE
8
BLACK
6
CONTINUOUS
10
-4.3789163385826768
20
5.6807136614173226
11
-4.3790367322834642
21
5.6800267322834648
0
LINE
8
BLACK
6
CONTINUOUS
10
-4.3790367322834642
20
5.6800267322834648
11
-4.3825096850393699
21
5.6602109842519681
0
LINE
8
BLACK
6
CONTINUOUS
10
-4.3825096850393699
20
5.6602109842519681
11
-4.3861890157480312
21
5.6602100393700789
0
LINE
8
BLACK
6
CONTINUOUS
10
-4.3861890157480312
20
5.6602100393700789
11
-4.3876981496062992
21
5.6602198818897635
0
LINE
8
BLACK
6
CONTINUOUS
10
-4.3876981496062992
20
5.6602198818897635
11
-4.3887559055118111
21
5.6602541732283465
0
LINE
8
BLACK
6
CONTINUOUS
10
-4.3887559055118111
20
5.6602541732283465
11
-4.3894269685039369
21
5.6603189370078741
0
LINE
8
BLACK
6
CONTINUOUS
10
-4.3894269685039369
20
5.6603189370078741
11
-4.3897760236220469
21
5.6604202362204727
0
LINE
8
BLACK
6
CONTINUOUS
10
-4.3897760236220469
20
5.6604202362204727
11
-4.3898683070866138
21
5.6605509055118111
0
LINE
8
BLACK
6
CONTINUOUS
10
-4.3898683070866138
20
5.6605509055118111
11
-4.3898245275590551
21
5.6608604330708658
0
LINE
8
BLACK
6
CONTINUOUS
10
-4.3898245275590551
20
5.6608604330708658
11
-4.389698779527559
21
5.661630905511811
0
LINE
8
BLACK
6
CONTINUOUS
10
-4.389698779527559
20
5.661630905511811
11
-4.3894992913385824
21
5.6628149212598426
0
LINE
8
BLACK
6
CONTINUOUS
10
-4.3894992913385824
20
5.6628149212598426
11
-4.3892344488188977
21
5.6643651968503939
0
LINE
8
BLACK
6
CONTINUOUS
10
-4.3892344488188977
20
5.6643651968503939
11
-4.3889125590551181
21
5.6662342913385828
0
LINE
8
BLACK
6
CONTINUOUS
10
-4.3889125590551181
20
5.6662342913385828
11
-4.3885419685039366
21
5.6683748818897639
0
LINE
8
BLACK
6
CONTINUOUS
10
-4.3885419685039366
20
5.6683748818897639
11
-4.3881309448818895
21
5.6707396456692916
0
LINE
8
BLACK
6
CONTINUOUS
10
-4.3881309448818895
20
5.6707396456692916
11
-4.3876878346456696
21
5.673281141732283
0
LINE
8
BLACK
6
CONTINUOUS
10
-4.3876878346456696
20
5.673281141732283
11
-4.387220984251968
21
5.6759520078740158
0
LINE
8
BLACK
6
CONTINUOUS
10
-4.387220984251968
20
5.6759520078740158
11
-4.3867386614173229
21
5.6787049606299211
0
LINE
8
BLACK
6
CONTINUOUS
10
-4.3867386614173229
20
5.6787049606299211
11
-4.3862492125984254
21
5.6814925590551182
0
LINE
8
BLACK
6
CONTINUOUS
10
-4.3862492125984254
20
5.6814925590551182
11
-4.3857609448818895
21
5.6842674803149604
0
LINE
8
BLACK
6
CONTINUOUS
10
-4.3857609448818895
20
5.6842674803149604
11
-4.3852822440944879
21
5.6869823622047244
0
LINE
8
BLACK
6
CONTINUOUS
10
-4.3852822440944879
20
5.6869823622047244
11
-4.3848213385826771
21
5.6895898031496062
0
LINE
8
BLACK
6
CONTINUOUS
10
-4.3848213385826771
20
5.6895898031496062
11
-4.3843865748031492
21
5.6920424803149601
0
LINE
8
BLACK
6
CONTINUOUS
10
-4.3843865748031492
20
5.6920424803149601
11
-4.383986299212598
21
5.6942930314960627
0
LINE
8
BLACK
6
CONTINUOUS
10
-4.383986299212598
20
5.6942930314960627
11
-4.3836288188976376
21
5.69629405511811
0
LINE
8
BLACK
6
CONTINUOUS
10
-4.3836288188976376
20
5.69629405511811
11
-4.3833224803149609
21
5.6979982283464565
0
LINE
8
BLACK
6
CONTINUOUS
10
-4.3833224803149609
20
5.6979982283464565
11
-4.3830755511811024
21
5.6993581496062991
0
LINE
8
BLACK
6
CONTINUOUS
10
-4.3830755511811024
20
5.6993581496062991
11
-4.3828963779527559
21
5.700326496062992
0
LINE
8
BLACK
6
CONTINUOUS
10
-4.3828963779527559
20
5.700326496062992
11
-4.3827932677165355
21
5.7008558661417323
0
LINE
8
BLACK
6
CONTINUOUS
10
-4.3827932677165355
20
5.7008558661417323
11
-4.3827733858267717
21
5.7009398425196851
0
LINE
8
BLACK
6
CONTINUOUS
10
-4.3827733858267717
20
5.7009398425196851
11
-4.3825666141732285
21
5.7010780314960625
0
LINE
8
BLACK
6
CONTINUOUS
10
-4.3825666141732285
20
5.7010780314960625
11
-4.3820284251968502
21
5.7011744094488188
0
LINE
8
BLACK
6
CONTINUOUS
10
-4.3820284251968502
20
5.7011744094488188
11
-4.3811051181102361
21
5.7012335433070866
0
LINE
8
BLACK
6
CONTINUOUS
10
-4.3811051181102361
20
5.7012335433070866
11
-4.3797429921259843
21
5.7012600787401571
0
LINE
8
BLACK
6
CONTINUOUS
10
-4.3797429921259843
20
5.7012600787401571
11
-4.3790028346456689
21
5.7012625590551176
0
LINE
8
BLACK
6
CONTINUOUS
10
-4.3790028346456689
20
5.7012625590551176
11
-4.3753506299212601
21
5.7012625590551176
0
LINE
8
BLACK
6
CONTINUOUS
10
-4.3753506299212601
20
5.7012625590551176
11
-4.3754572047244089
21
5.7005525196850391
0
LINE
8
BLACK
6
CONTINUOUS
10
-4.2928370078740157
20
5.7026916535433072
11
-4.2912077165354328
21
5.7010623622047243
0
LINE
8
BLACK
6
CONTINUOUS
10
-4.2912077165354328
20
5.7010623622047243
11
-4.2903259055118106
21
5.6989335433070867
0
LINE
8
BLACK
6
CONTINUOUS
10
-4.2903259055118106
20
5.6989335433070867
11
-4.2902382677165356
21
5.6792167322834644
0
LINE
8
BLACK
6
CONTINUOUS
10
-4.2902382677165356
20
5.6792167322834644
11
-4.2775815748031496
21
5.6792441732283461
0
LINE
8
BLACK
6
CONTINUOUS
10
-4.2775815748031496
20
5.6792441732283461
11
-4.2776514960629921
21
5.6904698425196854
0
LINE
8
BLACK
6
CONTINUOUS
10
-4.2776514960629921
20
5.6904698425196854
11
-4.2775380314960625
21
5.6916219685039371
0
LINE
8
BLACK
6
CONTINUOUS
10
-4.2775380314960625
20
5.6916219685039371
11
-4.2766562204724412
21
5.6937507874015747
0
LINE
8
BLACK
6
CONTINUOUS
10
-4.2766562204724412
20
5.6937507874015747
11
-4.2750269291338583
21
5.6953800787401576
0
LINE
8
BLACK
6
CONTINUOUS
10
-4.2750269291338583
20
5.6953800787401576
11
-4.2728981102362207
21
5.6962618897637798
0
LINE
8
BLACK
6
CONTINUOUS
10
-4.2728981102362207
20
5.6962618897637798
11
-4.2705938582677163
21
5.6962618897637798
0
LINE
8
BLACK
6
CONTINUOUS
10
-4.2705938582677163
20
5.6962618897637798
11
-4.2684650393700787
21
5.6953800787401576
0
LINE
8
BLACK
6
CONTINUOUS
10
-4.2684650393700787
20
5.6953800787401576
11
-4.2668357480314958
21
5.6937507874015747
0
LINE
8
BLACK
6
CONTINUOUS
10
-4.2668357480314958
20
5.6937507874015747
11
-4.2659539370078736
21
5.6916219685039371
0
LINE
8
BLACK
6
CONTINUOUS
10
-4.2659539370078736
20
5.6916219685039371
11
-4.2658770078740158
21
5.6792695275590548
0
LINE
8
BLACK
6
CONTINUOUS
10
-4.2658770078740158
20
5.6792695275590548
11
-4.2507602362204722
21
5.679302322834646
0
LINE
8
BLACK
6
CONTINUOUS
10
-4.2507602362204722
20
5.679302322834646
11
-4.2508423622047244
21
5.6977814173228349
0
LINE
8
BLACK
6
CONTINUOUS
10
-4.2508423622047244
20
5.6977814173228349
11
-4.2507288976377948
21
5.6989335433070867
0
LINE
8
BLACK
6
CONTINUOUS
10
-4.2507288976377948
20
5.6989335433070867
11
-4.2498470866141735
21
5.7010623622047243
0
LINE
8
BLACK
6
CONTINUOUS
10
-4.2498470866141735
20
5.7010623622047243
11
-4.2482177952755906
21
5.7026916535433072
0
LINE
8
BLACK
6
CONTINUOUS
10
-4.2482177952755906
20
5.7026916535433072
11
-4.246088976377953
21
5.7035734645669294
0
LINE
8
BLACK
6
CONTINUOUS
10
-4.246088976377953
20
5.7035734645669294
11
-4.2437847244094486
21
5.7035734645669294
0
LINE
8
BLACK
6
CONTINUOUS
10
-4.2437847244094486
20
5.7035734645669294
11
-4.241655905511811
21
5.7026916535433072
0
LINE
8
BLACK
6
CONTINUOUS
10
-4.241655905511811
20
5.7026916535433072
11
-4.2400266141732281
21
5.7010623622047243
0
LINE
8
BLACK
6
CONTINUOUS
10
-4.2400266141732281
20
5.7010623622047243
11
-4.239144803149606
21
5.6989335433070867
0
LINE
8
BLACK
6
CONTINUOUS
10
-4.239144803149606
20
5.6989335433070867
11
-4.2390313385826772
21
5.6734094488188971
0
LINE
8
BLACK
6
CONTINUOUS
10
-4.2390313385826772
20
5.6734094488188971
11
-4.239144803149606
21
5.6722573228346453
0
LINE
8
BLACK
6
CONTINUOUS
10
-4.239144803149606
20
5.6722573228346453
11
-4.2400266141732281
21
5.6701285039370077
0
LINE
8
BLACK
6
CONTINUOUS
10
-4.2400266141732281
20
5.6701285039370077
11
-4.241655905511811
21
5.6684992125984248
0
LINE
8
BLACK
6
CONTINUOUS
10
-4.241655905511811
20
5.6684992125984248
11
-4.2437847244094486
21
5.6676174015748026
0
LINE
8
BLACK
6
CONTINUOUS
10
-4.2437847244094486
20
5.6676174015748026
11
-4.296117952755905
21
5.6675039370078739
0
LINE
8
BLACK
6
CONTINUOUS
10
-4.296117952755905
20
5.6675039370078739
11
-4.2972700787401577
21
5.6676174015748026
0
LINE
8
BLACK
6
CONTINUOUS
10
-4.2972700787401577
20
5.6676174015748026
11
-4.2993988976377953
21
5.6684992125984248
0
LINE
8
BLACK
6
CONTINUOUS
10
-4.2993988976377953
20
5.6684992125984248
11
-4.3010281889763782
21
5.6701285039370077
0
LINE
8
BLACK
6
CONTINUOUS
10
-4.3010281889763782
20
5.6701285039370077
11
-4.3019100000000003
21
5.6722573228346453
0
LINE
8
BLACK
6
CONTINUOUS
10
-4.3019100000000003
20
5.6722573228346453
11
-4.3020234645669291
21
5.6977814173228349
0
LINE
8
BLACK
6
CONTINUOUS
10
-4.3020234645669291
20
5.6977814173228349
11
-4.3019100000000003
21
5.6989335433070867
0
LINE
8
BLACK
6
CONTINUOUS
10
-4.3019100000000003
20
5.6989335433070867
11
-4.3010281889763782
21
5.7010623622047243
0
LINE
8
BLACK
6
CONTINUOUS
10
-4.3010281889763782
20
5.7010623622047243
11
-4.2993988976377953
21
5.7026916535433072
0
LINE
8
BLACK
6
CONTINUOUS
10
-4.2993988976377953
20
5.7026916535433072
11
-4.2972700787401577
21
5.7035734645669294
0
LINE
8
BLACK
6
CONTINUOUS
10
-4.2972700787401577
20
5.7035734645669294
11
-4.2949658267716533
21
5.7035734645669294
0
LINE
8
BLACK
6
CONTINUOUS
10
-4.2949658267716533
20
5.7035734645669294
11
-4.2928370078740157
21
5.7026916535433072
0
LINE
8
BLACK
6
CONTINUOUS
10
-4.0980508267716536
20
5.7018006299212596
11
-4.0979730708661419
21
5.7018061811023619
0
LINE
8
BLACK
6
CONTINUOUS
10
-4.0979730708661419
20
5.7018061811023619
11
-4.0979145669291341
21
5.7017872047244094
0
LINE
8
BLACK
6
CONTINUOUS
10
-4.0979145669291341
20
5.7017872047244094
11
-4.0977662992125987
21
5.7017726377952753
0
LINE
8
BLACK
6
CONTINUOUS
10
-4.0977662992125987
20
5.7017726377952753
11
-4.097397677165354
21
5.7016199212598426
0
LINE
8
BLACK
6
CONTINUOUS
10
-4.097397677165354
20
5.7016199212598426
11
-4.091784330708661
21
5.6998030708661416
0
LINE
8
BLACK
6
CONTINUOUS
10
-4.091784330708661
20
5.6998030708661416
11
-4.0912557874015745
21
5.6995670866141728
0
LINE
8
BLACK
6
CONTINUOUS
10
-4.0912557874015745
20
5.6995670866141728
11
-4.0911757086614173
21
5.6994975984251965
0
LINE
8
BLACK
6
CONTINUOUS
10
-4.0911757086614173
20
5.6994975984251965
11
-4.0910776377952756
21
5.6994570078740159
0
LINE
8
BLACK
6
CONTINUOUS
10
-4.0910776377952756
20
5.6994570078740159
11
-4.0906862992125985
21
5.6990731496062992
0
LINE
8
BLACK
6
CONTINUOUS
10
-4.0906862992125985
20
5.6990731496062992
11
-4.0903854330708658
21
5.6988122047244092
0
LINE
8
BLACK
6
CONTINUOUS
10
-4.0903854330708658
20
5.6988122047244092
11
-4.0903519291338579
21
5.6987451574803147
0
LINE
8
BLACK
6
CONTINUOUS
10
-4.0903519291338579
20
5.6987451574803147
11
-4.0868805905511811
21
5.6953402362204724
0
LINE
8
BLACK
6
CONTINUOUS
10
-4.0868805905511811
20
5.6953402362204724
11
-4.0865133464566927
21
5.6948927952755906
0
LINE
8
BLACK
6
CONTINUOUS
10
-4.0865133464566927
20
5.6948927952755906
11
-4.0864727559055121
21
5.6947947244094488
0
LINE
8
BLACK
6
CONTINUOUS
10
-4.0864727559055121
20
5.6947947244094488
11
-4.0864032677165349
21
5.6947146456692916
0
LINE
8
BLACK
6
CONTINUOUS
10
-4.0864032677165349
20
5.6947146456692916
11
-4.0862282677165354
21
5.6942044488188976
0
LINE
8
BLACK
6
CONTINUOUS
10
-4.0862282677165354
20
5.6942044488188976
11
-4.0860724803149608
21
5.6938283858267713
0
LINE
8
BLACK
6
CONTINUOUS
10
-4.0860724803149608
20
5.6938283858267713
11
-4.0860724803149608
21
5.6937503937007872
0
LINE
8
BLACK
6
CONTINUOUS
10
-4.0860724803149608
20
5.6937503937007872
11
-4.0842925196850395
21
5.6885618110236216
0
LINE
8
BLACK
6
CONTINUOUS
10
-4.0842925196850395
20
5.6885618110236216
11
-4.0842275984251968
21
5.6882761417322829
0
LINE
8
BLACK
6
CONTINUOUS
10
-4.0842275984251968
20
5.6882761417322829
11
-4.0841977165354333
21
5.6882040944881886
0
LINE
8
BLACK
6
CONTINUOUS
10
-4.0841977165354333
20
5.6882040944881886
11
-4.0841969291338582
21
5.6881412204724411
0
LINE
8
BLACK
6
CONTINUOUS
10
-4.0841969291338582
20
5.6881412204724411
11
-4.0841641732283467
21
5.6879973622047242
0
LINE
8
BLACK
6
CONTINUOUS
10
-4.0841641732283467
20
5.6879973622047242
11
-4.0841902362204721
21
5.6876311811023621
0
LINE
8
BLACK
6
CONTINUOUS
10
-4.0841902362204721
20
5.6876311811023621
11
-4.0841409842519685
21
5.6838785039370077
0
LINE
8
BLACK
6
CONTINUOUS
10
-4.0841409842519685
20
5.6838785039370077
11
-4.0841977165354333
21
5.6833024409448818
0
LINE
8
BLACK
6
CONTINUOUS
10
-4.0841977165354333
20
5.6833024409448818
11
-4.0846386220472439
21
5.6822380314960625
0
LINE
8
BLACK
6
CONTINUOUS
10
-4.0846386220472439
20
5.6822380314960625
11
-4.0854532677165354
21
5.6814233858267711
0
LINE
8
BLACK
6
CONTINUOUS
10
-4.0854532677165354
20
5.6814233858267711
11
-4.0865176771653546
21
5.6809824803149604
0
LINE
8
BLACK
6
CONTINUOUS
10
-4.0865176771653546
20
5.6809824803149604
11
-4.0876698031496064
21
5.6809824803149604
0
LINE
8
BLACK
6
CONTINUOUS
10
-4.0876698031496064
20
5.6809824803149604
11
-4.0887342125984247
21
5.6814233858267711
0
LINE
8
BLACK
6
CONTINUOUS
10
-4.0887342125984247
20
5.6814233858267711
11
-4.0895488582677162
21
5.6822380314960625
0
LINE
8
BLACK
6
CONTINUOUS
10
-4.0895488582677162
20
5.6822380314960625
11
-4.0899897637795277
21
5.6833024409448818
0
LINE
8
BLACK
6
CONTINUOUS
10
-4.0899897637795277
20
5.6833024409448818
11
-4.0900419685039369
21
5.6872821259842521
0
LINE
8
BLACK
6
CONTINUOUS
10
-4.0900419685039369
20
5.6872821259842521
11
-4.0915718110236217
21
5.6917415748031495
0
LINE
8
BLACK
6
CONTINUOUS
10
-4.0915718110236217
20
5.6917415748031495
11
-4.0943717322834647
21
5.6944879527559058
0
LINE
8
BLACK
6
CONTINUOUS
10
-4.0943717322834647
20
5.6944879527559058
11
-4.0989758267716532
21
5.6959781889763779
0
LINE
8
BLACK
6
CONTINUOUS
10
-4.0989758267716532
20
5.6959781889763779
11
-4.1264638188976379
21
5.6959238582677161
0
LINE
8
BLACK
6
CONTINUOUS
10
-4.1264638188976379
20
5.6959238582677161
11
-4.1270398818897638
21
5.6959805905511809
0
LINE
8
BLACK
6
CONTINUOUS
10
-4.1270398818897638
20
5.6959805905511809
11
-4.1281042913385821
21
5.6964214960629924
0
LINE
8
BLACK
6
CONTINUOUS
10
-4.1281042913385821
20
5.6964214960629924
11
-4.1289189370078736
21
5.697236141732283
0
LINE
8
BLACK
6
CONTINUOUS
10
-4.1289189370078736
20
5.697236141732283
11
-4.1293598425196851
21
5.6983005511811022
0
LINE
8
BLACK
6
CONTINUOUS
10
-4.1293598425196851
20
5.6983005511811022
11
-4.1293598425196851
21
5.699452677165354
0
LINE
8
BLACK
6
CONTINUOUS
10
-4.1293598425196851
20
5.699452677165354
11
-4.1289189370078736
21
5.7005170866141732
0
LINE
8
BLACK
6
CONTINUOUS
10
-4.1289189370078736
20
5.7005170866141732
11
-4.1281042913385821
21
5.7013317322834647
0
LINE
8
BLACK
6
CONTINUOUS
10
-4.1281042913385821
20
5.7013317322834647
11
-4.1270398818897638
21
5.7017726377952753
0
LINE
8
BLACK
6
CONTINUOUS
10
-4.1270398818897638
20
5.7017726377952753
11
-4.0983423622047246
21
5.7018293700787401
0
LINE
8
BLACK
6
CONTINUOUS
10
-4.0983423622047246
20
5.7018293700787401
11
-4.0980508267716536
21
5.7018006299212596
0
LINE
8
BLACK
6
CONTINUOUS
10
-4.8899237007874019
20
5.7141707086614169
11
-4.8898459448818894
21
5.7141762598425192
0
LINE
8
BLACK
6
CONTINUOUS
10
-4.8898459448818894
20
5.7141762598425192
11
-4.8897874409448816
21
5.7141572834645666
0
LINE
8
BLACK
6
CONTINUOUS
10
-4.8897874409448816
20
5.7141572834645666
11
-4.8896391732283462
21
5.7141427165354326
0
LINE
8
BLACK
6
CONTINUOUS
10
-4.8896391732283462
20
5.7141427165354326
11
-4.8892705511811023
21
5.7139899999999999
0
LINE
8
BLACK
6
CONTINUOUS
10
-4.8892705511811023
20
5.7139899999999999
11
-4.8836572047244093
21
5.7121731496062988
0
LINE
8
BLACK
6
CONTINUOUS
10
-4.8836572047244093
20
5.7121731496062988
11
-4.8831286614173228
21
5.7119371653543309
0
LINE
8
BLACK
6
CONTINUOUS
10
-4.8831286614173228
20
5.7119371653543309
11
-4.8830485433070869
21
5.7118676377952751
0
LINE
8
BLACK
6
CONTINUOUS
10
-4.8830485433070869
20
5.7118676377952751
11
-4.8829504724409452
21
5.7118270472440944
0
LINE
8
BLACK
6
CONTINUOUS
10
-4.8829504724409452
20
5.7118270472440944
11
-4.8826065354330703
21
5.7114842913385822
0
LINE
8
BLACK
6
CONTINUOUS
10
-4.8826065354330703
20
5.7114842913385822
11
-4.8822583070866141
21
5.7111822834645665
0
LINE
8
BLACK
6
CONTINUOUS
10
-4.8822583070866141
20
5.7111822834645665
11
-4.8822135039370078
21
5.7110925984251963
0
LINE
8
BLACK
6
CONTINUOUS
10
-4.8822135039370078
20
5.7110925984251963
11
-4.8650071653543305
21
5.693946496062992
0
LINE
8
BLACK
6
CONTINUOUS
10
-4.8650071653543305
20
5.693946496062992
11
-4.865046496062992
21
5.7112466929133854
0
LINE
8
BLACK
6
CONTINUOUS
10
-4.865046496062992
20
5.7112466929133854
11
-4.8649897637795272
21
5.7118227559055113
0
LINE
8
BLACK
6
CONTINUOUS
10
-4.8649897637795272
20
5.7118227559055113
11
-4.8645488582677165
21
5.7128871653543305
0
LINE
8
BLACK
6
CONTINUOUS
10
-4.8645488582677165
20
5.7128871653543305
11
-4.8637342125984251
21
5.713701811023622
0
LINE
8
BLACK
6
CONTINUOUS
10
-4.8637342125984251
20
5.713701811023622
11
-4.8626698031496058
21
5.7141427165354326
0
LINE
8
BLACK
6
CONTINUOUS
10
-4.8626698031496058
20
5.7141427165354326
11
-4.8615176771653541
21
5.7141427165354326
0
LINE
8
BLACK
6
CONTINUOUS
10
-4.8615176771653541
20
5.7141427165354326
11
-4.8604532677165357
21
5.713701811023622
0
LINE
8
BLACK
6
CONTINUOUS
10
-4.8604532677165357
20
5.713701811023622
11
-4.8596386220472443
21
5.7128871653543305
0
LINE
8
BLACK
6
CONTINUOUS
10
-4.8596386220472443
20
5.7128871653543305
11
-4.8591977165354328
21
5.7118227559055113
0
LINE
8
BLACK
6
CONTINUOUS
10
-4.8591977165354328
20
5.7118227559055113
11
-4.8591409842519688
21
5.6868747637795272
0
LINE
8
BLACK
6
CONTINUOUS
10
-4.8591409842519688
20
5.6868747637795272
11
-4.8591977165354328
21
5.6862987007874013
0
LINE
8
BLACK
6
CONTINUOUS
10
-4.8591977165354328
20
5.6862987007874013
11
-4.8593268503937006
21
5.6859869291338585
0
LINE
8
BLACK
6
CONTINUOUS
10
-4.8593268503937006
20
5.6859869291338585
11
-4.8596385826771655
21
5.6852342913385829
0
LINE
8
BLACK
6
CONTINUOUS
10
-4.8596385826771655
20
5.6852342913385829
11
-4.8604532677165357
21
5.6844196456692915
0
LINE
8
BLACK
6
CONTINUOUS
10
-4.8604532677165357
20
5.6844196456692915
11
-4.8615176771653541
21
5.6839787401574799
0
LINE
8
BLACK
6
CONTINUOUS
10
-4.8615176771653541
20
5.6839787401574799
11
-4.8626697637795271
21
5.6839787401574799
0
LINE
8
BLACK
6
CONTINUOUS
10
-4.8626697637795271
20
5.6839787401574799
11
-4.8626698031496058
21
5.6839787401574799
0
LINE
8
BLACK
6
CONTINUOUS
10
-4.8626698031496058
20
5.6839787401574799
11
-4.8629815748031495
21
5.684107834645669
0
LINE
8
BLACK
6
CONTINUOUS
10
-4.8629815748031495
20
5.684107834645669
11
-4.8637342125984251
21
5.6844196062992127
0
LINE
8
BLACK
6
CONTINUOUS
10
-4.8637342125984251
20
5.6844196062992127
11
-4.886254724409449
21
5.7068612992125987
0
LINE
8
BLACK
6
CONTINUOUS
10
-4.886254724409449
20
5.7068612992125987
11
-4.8908087007874013
21
5.70833531496063
0
LINE
8
BLACK
6
CONTINUOUS
10
-4.8908087007874013
20
5.70833531496063
11
-4.8933426771653545
21
5.7083020866141734
0
LINE
8
BLACK
6
CONTINUOUS
10
-4.8933426771653545
20
5.7083020866141734
11
-4.8960584645669289
21
5.7069035826771648
0
LINE
8
BLACK
6
CONTINUOUS
10
-4.8960584645669289
20
5.7069035826771648
11
-4.8972491732283467
21
5.7056702362204721
0
LINE
8
BLACK
6
CONTINUOUS
10
-4.8972491732283467
20
5.7056702362204721
11
-4.8985600787401573
21
5.7029685826771654
0
LINE
8
BLACK
6
CONTINUOUS
10
-4.8985600787401573
20
5.7029685826771654
11
-4.8985145669291335
21
5.6949868503937005
0
LINE
8
BLACK
6
CONTINUOUS
10
-4.8985145669291335
20
5.6949868503937005
11
-4.8971207480314956
21
5.6922801181102365
0
LINE
8
BLACK
6
CONTINUOUS
10
-4.8971207480314956
20
5.6922801181102365
11
-4.8956263779527562
21
5.6908374409448816
0
LINE
8
BLACK
6
CONTINUOUS
10
-4.8956263779527562
20
5.6908374409448816
11
-4.8952591732283466
21
5.6903899999999998
0
LINE
8
BLACK
6
CONTINUOUS
10
-4.8952591732283466
20
5.6903899999999998
11
-4.8948182677165351
21
5.6893255905511806
0
LINE
8
BLACK
6
CONTINUOUS
10
-4.8948182677165351
20
5.6893255905511806
11
-4.8948182677165351
21
5.6881735039370076
0
LINE
8
BLACK
6
CONTINUOUS
10
-4.8948182677165351
20
5.6881735039370076
11
-4.8952591732283466
21
5.6871090944881892
0
LINE
8
BLACK
6
CONTINUOUS
10
-4.8952591732283466
20
5.6871090944881892
11
-4.8960738582677168
21
5.686294409448819
0
LINE
8
BLACK
6
CONTINUOUS
10
-4.8960738582677168
20
5.686294409448819
11
-4.8971382677165352
21
5.6858535039370075
0
LINE
8
BLACK
6
CONTINUOUS
10
-4.8971382677165352
20
5.6858535039370075
11
-4.8982903543307081
21
5.6858535039370075
0
LINE
8
BLACK
6
CONTINUOUS
10
-4.8982903543307081
20
5.6858535039370075
11
-4.8993547637795274
21
5.686294409448819
0
LINE
8
BLACK
6
CONTINUOUS
10
-4.8993547637795274
20
5.686294409448819
11
-4.9016769685039367
21
5.6885363779527554
0
LINE
8
BLACK
6
CONTINUOUS
10
-4.9016769685039367
20
5.6885363779527554
11
-4.9018627559055119
21
5.6887627165354333
0
LINE
8
BLACK
6
CONTINUOUS
10
-4.9018627559055119
20
5.6887627165354333
11
-4.9019217322834647
21
5.6888138976377949
0
LINE
8
BLACK
6
CONTINUOUS
10
-4.9019217322834647
20
5.6888138976377949
11
-4.9019503937007869
21
5.6888695275590546
0
LINE
8
BLACK
6
CONTINUOUS
10
-4.9019503937007869
20
5.6888695275590546
11
-4.9020441732283464
21
5.688983818897638
0
LINE
8
BLACK
6
CONTINUOUS
10
-4.9020441732283464
20
5.688983818897638
11
-4.9021878346456695
21
5.6893305905511813
0
LINE
8
BLACK
6
CONTINUOUS
10
-4.9021878346456695
20
5.6893305905511813
11
-4.9041048425196854
21
5.6930533070866138
0
LINE
8
BLACK
6
CONTINUOUS
10
-4.9041048425196854
20
5.6930533070866138
11
-4.9043117322834648
21
5.6935939370078739
0
LINE
8
BLACK
6
CONTINUOUS
10
-4.9043117322834648
20
5.6935939370078739
11
-4.9043192519685039
21
5.6936997244094485
0
LINE
8
BLACK
6
CONTINUOUS
10
-4.9043192519685039
20
5.6936997244094485
11
-4.9043598425196846
21
5.6937977559055115
0
LINE
8
BLACK
6
CONTINUOUS
10
-4.9043598425196846
20
5.6937977559055115
11
-4.9043627952755902
21
5.6943123228346453
0
LINE
8
BLACK
6
CONTINUOUS
10
-4.9043627952755902
20
5.6943123228346453
11
-4.9043933858267712
21
5.6947431496062988
0
LINE
8
BLACK
6
CONTINUOUS
10
-4.9043933858267712
20
5.6947431496062988
11
-4.904365708661417
21
5.6948261811023624
0
LINE
8
BLACK
6
CONTINUOUS
10
-4.904365708661417
20
5.6948261811023624
11
-4.9044165748031494
21
5.7037476377952752
0
LINE
8
BLACK
6
CONTINUOUS
10
-4.9044165748031494
20
5.7037476377952752
11
-4.9043598425196846
21
5.704323700787401
0
LINE
8
BLACK
6
CONTINUOUS
10
-4.9043598425196846
20
5.704323700787401
11
-4.9043192519685039
21
5.7044216929133853
0
LINE
8
BLACK
6
CONTINUOUS
10
-4.9043192519685039
20
5.7044216929133853
11
-4.9043117322834648
21
5.7045275196850396
0
LINE
8
BLACK
6
CONTINUOUS
10
-4.9043117322834648
20
5.7045275196850396
11
-4.9040635433070863
21
5.7050390551181103
0
LINE
8
BLACK
6
CONTINUOUS
10
-4.9040635433070863
20
5.7050390551181103
11
-4.903918937007874
21
5.7053881102362203
0
LINE
8
BLACK
6
CONTINUOUS
10
-4.903918937007874
20
5.7053881102362203
11
-4.9038708267716533
21
5.7054362204724409
0
LINE
8
BLACK
6
CONTINUOUS
10
-4.9038708267716533
20
5.7054362204724409
11
-4.9022300787401569
21
5.7088176771653538
0
LINE
8
BLACK
6
CONTINUOUS
10
-4.9022300787401569
20
5.7088176771653538
11
-4.9020740157480311
21
5.7090656692913386
0
LINE
8
BLACK
6
CONTINUOUS
10
-4.9020740157480311
20
5.7090656692913386
11
-4.9020441732283464
21
5.7091376377952754
0
LINE
8
BLACK
6
CONTINUOUS
10
-4.9020441732283464
20
5.7091376377952754
11
-4.9019996850393701
21
5.7091837007874018
0
LINE
8
BLACK
6
CONTINUOUS
10
-4.9019996850393701
20
5.7091837007874018
11
-4.9019217322834647
21
5.7093075590551177
0
LINE
8
BLACK
6
CONTINUOUS
10
-4.9019217322834647
20
5.7093075590551177
11
-4.9016660629921258
21
5.7095292913385824
0
LINE
8
BLACK
6
CONTINUOUS
10
-4.9016660629921258
20
5.7095292913385824
11
-4.8998022047244092
21
5.7114598425196847
0
LINE
8
BLACK
6
CONTINUOUS
10
-4.8998022047244092
20
5.7114598425196847
11
-4.8995758661417321
21
5.7116455905511812
0
LINE
8
BLACK
6
CONTINUOUS
10
-4.8995758661417321
20
5.7116455905511812
11
-4.8995246850393697
21
5.7117046062992127
0
LINE
8
BLACK
6
CONTINUOUS
10
-4.8995246850393697
20
5.7117046062992127
11
-4.8994690551181099
21
5.7117332283464561
0
LINE
8
BLACK
6
CONTINUOUS
10
-4.8994690551181099
20
5.7117332283464561
11
-4.8993547637795274
21
5.7118270472440944
0
LINE
8
BLACK
6
CONTINUOUS
10
-4.8993547637795274
20
5.7118270472440944
11
-4.8990079133858266
21
5.7119707086614175
0
LINE
8
BLACK
6
CONTINUOUS
10
-4.8990079133858266
20
5.7119707086614175
11
-4.8952852755905507
21
5.7138877165354334
0
LINE
8
BLACK
6
CONTINUOUS
10
-4.8952852755905507
20
5.7138877165354334
11
-4.8947446850393703
21
5.7140946062992128
0
LINE
8
BLACK
6
CONTINUOUS
10
-4.8947446850393703
20
5.7140946062992128
11
-4.8946388188976373
21
5.7141021259842519
0
LINE
8
BLACK
6
CONTINUOUS
10
-4.8946388188976373
20
5.7141021259842519
11
-4.894540826771653
21
5.7141427165354326
0
LINE
8
BLACK
6
CONTINUOUS
10
-4.894540826771653
20
5.7141427165354326
11
-4.8939604724409449
21
5.7141503149606301
0
LINE
8
BLACK
6
CONTINUOUS
10
-4.8939604724409449
20
5.7141503149606301
11
-4.8935954724409445
21
5.7141762598425192
0
LINE
8
BLACK
6
CONTINUOUS
10
-4.8935954724409445
20
5.7141762598425192
11
-4.8935344488188974
21
5.7141559055118112
0
LINE
8
BLACK
6
CONTINUOUS
10
-4.8935344488188974
20
5.7141559055118112
11
-4.8902152362204721
21
5.7141994488188974
0
LINE
8
BLACK
6
CONTINUOUS
10
-4.8902152362204721
20
5.7141994488188974
11
-4.8899237007874019
21
5.7141707086614169
0
LINE
8
BLACK
6
CONTINUOUS
10
-4.4743296850393701
20
5.7216703543307084
11
-4.4738175984251969
21
5.7209039763779526
0
LINE
8
BLACK
6
CONTINUOUS
10
-4.4738175984251969
20
5.7209039763779526
11
-4.4738175984251969
21
5.7204039763779528
0
LINE
8
BLACK
6
CONTINUOUS
10
-4.4738175984251969
20
5.7204039763779528
11
-4.4738175984251969
21
5.7185960236220472
0
LINE
8
BLACK
6
CONTINUOUS
10
-4.4738175984251969
20
5.7185960236220472
11
-4.4913296850393696
21
5.7008296850393698
0
LINE
8
BLACK
6
CONTINUOUS
10
-4.4913296850393696
20
5.7008296850393698
11
-4.4920960236220475
21
5.7003175984251966
0
LINE
8
BLACK
6
CONTINUOUS
10
-4.4920960236220475
20
5.7003175984251966
11
-4.4939039763779522
21
5.7003175984251966
0
LINE
8
BLACK
6
CONTINUOUS
10
-4.4939039763779522
20
5.7003175984251966
11
-4.4951824015748034
21
5.7015960236220469
0
LINE
8
BLACK
6
CONTINUOUS
10
-4.4951824015748034
20
5.7015960236220469
11
-4.4951824015748034
21
5.7034039763779525
0
LINE
8
BLACK
6
CONTINUOUS
10
-4.4951824015748034
20
5.7034039763779525
11
-4.4809838976377954
21
5.7178086614173225
0
LINE
8
BLACK
6
CONTINUOUS
10
-4.4809838976377954
20
5.7178086614173225
11
-4.5940000000000003
21
5.7176377952755901
0
LINE
8
BLACK
6
CONTINUOUS
10
-4.5940000000000003
20
5.7176377952755901
11
-4.5949039763779522
21
5.7178175984251967
0
LINE
8
BLACK
6
CONTINUOUS
10
-4.5949039763779522
20
5.7178175984251967
11
-4.5961824015748034
21
5.7190960236220469
0
LINE
8
BLACK
6
CONTINUOUS
10
-4.5961824015748034
20
5.7190960236220469
11
-4.5961824015748034
21
5.7209039763779526
0
LINE
8
BLACK
6
CONTINUOUS
10
-4.5961824015748034
20
5.7209039763779526
11
-4.5949039763779522
21
5.7221824015748028
0
LINE
8
BLACK
6
CONTINUOUS
10
-4.5949039763779522
20
5.7221824015748028
11
-4.4815061417322832
21
5.7223538582677165
0
LINE
8
BLACK
6
CONTINUOUS
10
-4.4815061417322832
20
5.7223538582677165
11
-4.4946703149606302
21
5.7353296850393702
0
LINE
8
BLACK
6
CONTINUOUS
10
-4.4946703149606302
20
5.7353296850393702
11
-4.4951824015748034
21
5.7360960236220473
0
LINE
8
BLACK
6
CONTINUOUS
10
-4.4951824015748034
20
5.7360960236220473
11
-4.4951824015748034
21
5.7379039763779529
0
LINE
8
BLACK
6
CONTINUOUS
10
-4.4951824015748034
20
5.7379039763779529
11
-4.4939039763779522
21
5.7391824015748032
0
LINE
8
BLACK
6
CONTINUOUS
10
-4.4939039763779522
20
5.7391824015748032
11
-4.4920960236220475
21
5.7391824015748032
0
LINE
8
BLACK
6
CONTINUOUS
10
-4.4920960236220475
20
5.7391824015748032
11
-4.4743296850393701
21
5.7216703543307084
0
LINE
8
BLACK
6
CONTINUOUS
10
-4.2426712204724408
20
5.7544161023622049
11
-4.2407566535433068
21
5.753133937007874
0
LINE
8
BLACK
6
CONTINUOUS
10
-4.2407566535433068
20
5.753133937007874
11
-4.2394785039370078
21
5.7512166929133857
0
LINE
8
BLACK
6
CONTINUOUS
10
-4.2394785039370078
20
5.7512166929133857
11
-4.2390313385826772
21
5.7489562598425197
0
LINE
8
BLACK
6
CONTINUOUS
10
-4.2390313385826772
20
5.7489562598425197
11
-4.2394832283464563
21
5.7466968503937004
0
LINE
8
BLACK
6
CONTINUOUS
10
-4.2394832283464563
20
5.7466968503937004
11
-4.2407653937007872
21
5.7447822834645672
0
LINE
8
BLACK
6
CONTINUOUS
10
-4.2407653937007872
20
5.7447822834645672
11
-4.259981535433071
21
5.731921220472441
0
LINE
8
BLACK
6
CONTINUOUS
10
-4.259981535433071
20
5.731921220472441
11
-4.2416610629921259
21
5.7197554724409452
0
LINE
8
BLACK
6
CONTINUOUS
10
-4.2416610629921259
20
5.7197554724409452
11
-4.2407653937007872
21
5.7190219685039372
0
LINE
8
BLACK
6
CONTINUOUS
10
-4.2407653937007872
20
5.7190219685039372
11
-4.2394832283464563
21
5.7171074015748031
0
LINE
8
BLACK
6
CONTINUOUS
10
-4.2394832283464563
20
5.7171074015748031
11
-4.2390313385826772
21
5.7148479921259838
0
LINE
8
BLACK
6
CONTINUOUS
10
-4.2390313385826772
20
5.7148479921259838
11
-4.2394785039370078
21
5.7125875590551178
0
LINE
8
BLACK
6
CONTINUOUS
10
-4.2394785039370078
20
5.7125875590551178
11
-4.2407566535433068
21
5.7106703149606295
0
LINE
8
BLACK
6
CONTINUOUS
10
-4.2407566535433068
20
5.7106703149606295
11
-4.2426712204724408
21
5.7093881496062995
0
LINE
8
BLACK
6
CONTINUOUS
10
-4.2426712204724408
20
5.7093881496062995
11
-4.2449306692913389
21
5.7089362598425195
0
LINE
8
BLACK
6
CONTINUOUS
10
-4.2449306692913389
20
5.7089362598425195
11
-4.2471910629921261
21
5.70938342519685
0
LINE
8
BLACK
6
CONTINUOUS
10
-4.2471910629921261
20
5.70938342519685
11
-4.2705146850393696
21
5.7248715354330706
0
LINE
8
BLACK
6
CONTINUOUS
10
-4.2705146850393696
20
5.7248715354330706
11
-4.2928421653543305
21
5.709928070866142
0
LINE
8
BLACK
6
CONTINUOUS
10
-4.2928421653543305
20
5.709928070866142
11
-4.2938637401574802
21
5.70938342519685
0
LINE
8
BLACK
6
CONTINUOUS
10
-4.2938637401574802
20
5.70938342519685
11
-4.2961241732283462
21
5.7089362598425195
0
LINE
8
BLACK
6
CONTINUOUS
10
-4.2961241732283462
20
5.7089362598425195
11
-4.2983835826771655
21
5.7093881496062995
0
LINE
8
BLACK
6
CONTINUOUS
10
-4.2983835826771655
20
5.7093881496062995
11
-4.3002981496062995
21
5.7106703149606295
0
LINE
8
BLACK
6
CONTINUOUS
10
-4.3002981496062995
20
5.7106703149606295
11
-4.3015762992125985
21
5.7125875590551178
0
LINE
8
BLACK
6
CONTINUOUS
10
-4.3015762992125985
20
5.7125875590551178
11
-4.3020234645669291
21
5.7148479921259838
0
LINE
8
BLACK
6
CONTINUOUS
10
-4.3020234645669291
20
5.7148479921259838
11
-4.3015715748031491
21
5.7171074015748031
0
LINE
8
BLACK
6
CONTINUOUS
10
-4.3015715748031491
20
5.7171074015748031
11
-4.3002894094488191
21
5.7190219685039372
0
LINE
8
BLACK
6
CONTINUOUS
10
-4.3002894094488191
20
5.7190219685039372
11
-4.281073307086614
21
5.7318829921259837
0
LINE
8
BLACK
6
CONTINUOUS
10
-4.281073307086614
20
5.7318829921259837
11
-4.2993937401574804
21
5.7440487795275592
0
LINE
8
BLACK
6
CONTINUOUS
10
-4.2993937401574804
20
5.7440487795275592
11
-4.3002894094488191
21
5.7447822834645672
0
LINE
8
BLACK
6
CONTINUOUS
10
-4.3002894094488191
20
5.7447822834645672
11
-4.3015715748031491
21
5.7466968503937004
0
LINE
8
BLACK
6
CONTINUOUS
10
-4.3015715748031491
20
5.7466968503937004
11
-4.3020234645669291
21
5.7489562598425197
0
LINE
8
BLACK
6
CONTINUOUS
10
-4.3020234645669291
20
5.7489562598425197
11
-4.3015762992125985
21
5.7512166929133857
0
LINE
8
BLACK
6
CONTINUOUS
10
-4.3015762992125985
20
5.7512166929133857
11
-4.3002981496062995
21
5.753133937007874
0
LINE
8
BLACK
6
CONTINUOUS
10
-4.3002981496062995
20
5.753133937007874
11
-4.2983835826771655
21
5.7544161023622049
0
LINE
8
BLACK
6
CONTINUOUS
10
-4.2983835826771655
20
5.7544161023622049
11
-4.2961241732283462
21
5.754867992125984
0
LINE
8
BLACK
6
CONTINUOUS
10
-4.2961241732283462
20
5.754867992125984
11
-4.2938637401574802
21
5.7544208267716535
0
LINE
8
BLACK
6
CONTINUOUS
10
-4.2938637401574802
20
5.7544208267716535
11
-4.2705401574803146
21
5.7389326771653542
0
LINE
8
BLACK
6
CONTINUOUS
10
-4.2705401574803146
20
5.7389326771653542
11
-4.2482126377952758
21
5.7538761417322837
0
LINE
8
BLACK
6
CONTINUOUS
10
-4.2482126377952758
20
5.7538761417322837
11
-4.2471910629921261
21
5.7544208267716535
0
LINE
8
BLACK
6
CONTINUOUS
10
-4.2471910629921261
20
5.7544208267716535
11
-4.2449306692913389
21
5.754867992125984
0
LINE
8
BLACK
6
CONTINUOUS
10
-4.2449306692913389
20
5.754867992125984
11
-4.2426712204724408
21
5.7544161023622049
0
LINE
8
BLACK
6
CONTINUOUS
10
-4.098576653543307
20
5.7425765748031496
11
-4.0977620078740156
21
5.7417619291338582
0
LINE
8
BLACK
6
CONTINUOUS
10
-4.0977620078740156
20
5.7417619291338582
11
-4.0973211023622049
21
5.7406975196850389
0
LINE
8
BLACK
6
CONTINUOUS
10
-4.0973211023622049
20
5.7406975196850389
11
-4.0973137007874012
21
5.7374282677165356
0
LINE
8
BLACK
6
CONTINUOUS
10
-4.0973137007874012
20
5.7374282677165356
11
-4.0870937401574805
21
5.7374499212598424
0
LINE
8
BLACK
6
CONTINUOUS
10
-4.0870937401574805
20
5.7374499212598424
11
-4.0865176771653546
21
5.7373931889763776
0
LINE
8
BLACK
6
CONTINUOUS
10
-4.0865176771653546
20
5.7373931889763776
11
-4.0854532677165354
21
5.736952283464567
0
LINE
8
BLACK
6
CONTINUOUS
10
-4.0854532677165354
20
5.736952283464567
11
-4.0846386220472439
21
5.7361376377952755
0
LINE
8
BLACK
6
CONTINUOUS
10
-4.0846386220472439
20
5.7361376377952755
11
-4.0841977165354333
21
5.7350732283464563
0
LINE
8
BLACK
6
CONTINUOUS
10
-4.0841977165354333
20
5.7350732283464563
11
-4.0841977165354333
21
5.7339211023622045
0
LINE
8
BLACK
6
CONTINUOUS
10
-4.0841977165354333
20
5.7339211023622045
11
-4.0846386220472439
21
5.7328566929133853
0
LINE
8
BLACK
6
CONTINUOUS
10
-4.0846386220472439
20
5.7328566929133853
11
-4.0854532677165354
21
5.7320420472440947
0
LINE
8
BLACK
6
CONTINUOUS
10
-4.0854532677165354
20
5.7320420472440947
11
-4.0865176771653546
21
5.7316011417322832
0
LINE
8
BLACK
6
CONTINUOUS
10
-4.0865176771653546
20
5.7316011417322832
11
-4.0973003937007872
21
5.7315783070866138
0
LINE
8
BLACK
6
CONTINUOUS
10
-4.0973003937007872
20
5.7315783070866138
11
-4.0972643700787401
21
5.7157495275590549
0
LINE
8
BLACK
6
CONTINUOUS
10
-4.0972643700787401
20
5.7157495275590549
11
-4.0972931102362207
21
5.7154579527559051
0
LINE
8
BLACK
6
CONTINUOUS
10
-4.0972931102362207
20
5.7154579527559051
11
-4.0972875590551183
21
5.7153802362204722
0
LINE
8
BLACK
6
CONTINUOUS
10
-4.0972875590551183
20
5.7153802362204722
11
-4.0973062992125984
21
5.7153240944881887
0
LINE
8
BLACK
6
CONTINUOUS
10
-4.0973062992125984
20
5.7153240944881887
11
-4.0973211023622049
21
5.715173464566929
0
LINE
8
BLACK
6
CONTINUOUS
10
-4.0973211023622049
20
5.715173464566929
11
-4.0975022834645669
21
5.7147360629921256
0
LINE
8
BLACK
6
CONTINUOUS
10
-4.0975022834645669
20
5.7147360629921256
11
-4.097651889763779
21
5.7142872440944883
0
LINE
8
BLACK
6
CONTINUOUS
10
-4.097651889763779
20
5.7142872440944883
11
-4.0977214173228349
21
5.7142070866141728
0
LINE
8
BLACK
6
CONTINUOUS
10
-4.0977214173228349
20
5.7142070866141728
11
-4.0977620078740156
21
5.7141090551181097
0
LINE
8
BLACK
6
CONTINUOUS
10
-4.0977620078740156
20
5.7141090551181097
11
-4.0980967716535428
21
5.7137742913385825
0
LINE
8
BLACK
6
CONTINUOUS
10
-4.0980967716535428
20
5.7137742913385825
11
-4.0984067716535435
21
5.7134168503937008
0
LINE
8
BLACK
6
CONTINUOUS
10
-4.0984067716535435
20
5.7134168503937008
11
-4.0985016535433072
21
5.713369409448819
0
LINE
8
BLACK
6
CONTINUOUS
10
-4.0985016535433072
20
5.713369409448819
11
-4.098576653543307
21
5.7132944094488192
0
LINE
8
BLACK
6
CONTINUOUS
10
-4.098576653543307
20
5.7132944094488192
11
-4.099014133858268
21
5.7131131889763775
0
LINE
8
BLACK
6
CONTINUOUS
10
-4.099014133858268
20
5.7131131889763775
11
-4.0994372440944877
21
5.712901653543307
0
LINE
8
BLACK
6
CONTINUOUS
10
-4.0994372440944877
20
5.712901653543307
11
-4.0995429921259845
21
5.7128941338582679
0
LINE
8
BLACK
6
CONTINUOUS
10
-4.0995429921259845
20
5.7128941338582679
11
-4.0996410629921263
21
5.7128535039370076
0
LINE
8
BLACK
6
CONTINUOUS
10
-4.0996410629921263
20
5.7128535039370076
11
-4.1001146062992122
21
5.7128535039370076
0
LINE
8
BLACK
6
CONTINUOUS
10
-4.1001146062992122
20
5.7128535039370076
11
-4.1005864566929136
21
5.712819960629921
0
LINE
8
BLACK
6
CONTINUOUS
10
-4.1005864566929136
20
5.712819960629921
11
-4.1006877165354334
21
5.7128535039370076
0
LINE
8
BLACK
6
CONTINUOUS
10
-4.1006877165354334
20
5.7128535039370076
11
-4.100793188976378
21
5.7128535039370076
0
LINE
8
BLACK
6
CONTINUOUS
10
-4.100793188976378
20
5.7128535039370076
11
-4.1012142519685035
21
5.7130278740157481
0
LINE
8
BLACK
6
CONTINUOUS
10
-4.1012142519685035
20
5.7130278740157481
11
-4.1292723228346455
21
5.7223221259842516
0
LINE
8
BLACK
6
CONTINUOUS
10
-4.1292723228346455
20
5.7223221259842516
11
-4.1298009055118108
21
5.7225581102362204
0
LINE
8
BLACK
6
CONTINUOUS
10
-4.1298009055118108
20
5.7225581102362204
11
-4.1306712598425195
21
5.723312992125984
0
LINE
8
BLACK
6
CONTINUOUS
10
-4.1306712598425195
20
5.723312992125984
11
-4.1311864566929133
21
5.7243434251968504
0
LINE
8
BLACK
6
CONTINUOUS
10
-4.1311864566929133
20
5.7243434251968504
11
-4.1312681496062993
21
5.7254926377952753
0
LINE
8
BLACK
6
CONTINUOUS
10
-4.1312681496062993
20
5.7254926377952753
11
-4.1309038188976377
21
5.7265856692913388
0
LINE
8
BLACK
6
CONTINUOUS
10
-4.1309038188976377
20
5.7265856692913388
11
-4.1301489370078741
21
5.7274560236220475
0
LINE
8
BLACK
6
CONTINUOUS
10
-4.1301489370078741
20
5.7274560236220475
11
-4.1291185039370077
21
5.7279712204724405
0
LINE
8
BLACK
6
CONTINUOUS
10
-4.1291185039370077
20
5.7279712204724405
11
-4.1279692913385828
21
5.7280529133858265
0
LINE
8
BLACK
6
CONTINUOUS
10
-4.1279692913385828
20
5.7280529133858265
11
-4.1031237401574803
21
5.7198228346456688
0
LINE
8
BLACK
6
CONTINUOUS
10
-4.1031237401574803
20
5.7198228346456688
11
-4.1031504330708657
21
5.7315659448818899
0
LINE
8
BLACK
6
CONTINUOUS
10
-4.1031504330708657
20
5.7315659448818899
11
-4.113340472440945
21
5.7315444094488184
0
LINE
8
BLACK
6
CONTINUOUS
10
-4.113340472440945
20
5.7315444094488184
11
-4.1139165354330709
21
5.7316011417322832
0
LINE
8
BLACK
6
CONTINUOUS
10
-4.1139165354330709
20
5.7316011417322832
11
-4.1149809448818893
21
5.7320420472440947
0
LINE
8
BLACK
6
CONTINUOUS
10
-4.1149809448818893
20
5.7320420472440947
11
-4.1157955905511807
21
5.7328566929133853
0
LINE
8
BLACK
6
CONTINUOUS
10
-4.1157955905511807
20
5.7328566929133853
11
-4.1162364960629922
21
5.7339211023622045
0
LINE
8
BLACK
6
CONTINUOUS
10
-4.1162364960629922
20
5.7339211023622045
11
-4.1162364960629922
21
5.7350732283464563
0
LINE
8
BLACK
6
CONTINUOUS
10
-4.1162364960629922
20
5.7350732283464563
11
-4.1157955905511807
21
5.7361376377952755
0
LINE
8
BLACK
6
CONTINUOUS
10
-4.1157955905511807
20
5.7361376377952755
11
-4.1149809448818893
21
5.736952283464567
0
LINE
8
BLACK
6
CONTINUOUS
10
-4.1149809448818893
20
5.736952283464567
11
-4.1139165354330709
21
5.7373931889763776
0
LINE
8
BLACK
6
CONTINUOUS
10
-4.1139165354330709
20
5.7373931889763776
11
-4.1031637401574805
21
5.7374159055118108
0
LINE
8
BLACK
6
CONTINUOUS
10
-4.1031637401574805
20
5.7374159055118108
11
-4.1031698818897633
21
5.7401214566929131
0
LINE
8
BLACK
6
CONTINUOUS
10
-4.1031698818897633
20
5.7401214566929131
11
-4.1031131496062994
21
5.7406975196850389
0
LINE
8
BLACK
6
CONTINUOUS
10
-4.1031131496062994
20
5.7406975196850389
11
-4.1026722440944878
21
5.7417619291338582
0
LINE
8
BLACK
6
CONTINUOUS
10
-4.1026722440944878
20
5.7417619291338582
11
-4.1018575984251964
21
5.7425765748031496
0
LINE
8
BLACK
6
CONTINUOUS
10
-4.1018575984251964
20
5.7425765748031496
11
-4.100793188976378
21
5.7430174803149603
0
LINE
8
BLACK
6
CONTINUOUS
10
-4.100793188976378
20
5.7430174803149603
11
-4.0996410629921263
21
5.7430174803149603
0
LINE
8
BLACK
6
CONTINUOUS
10
-4.0996410629921263
20
5.7430174803149603
11
-4.098576653543307
21
5.7425765748031496
0
LINE
8
BLACK
6
CONTINUOUS
10
-4.6940616929133858
20
5.7893877952755908
11
-4.6939839370078742
21
5.7893933464566931
0
LINE
8
BLACK
6
CONTINUOUS
10
-4.6939839370078742
20
5.7893933464566931
11
-4.6939254330708664
21
5.7893743700787397
0
LINE
8
BLACK
6
CONTINUOUS
10
-4.6939254330708664
20
5.7893743700787397
11
-4.693777165354331
21
5.7893598031496065
0
LINE
8
BLACK
6
CONTINUOUS
10
-4.693777165354331
20
5.7893598031496065
11
-4.6934085433070862
21
5.7892070866141729
0
LINE
8
BLACK
6
CONTINUOUS
10
-4.6934085433070862
20
5.7892070866141729
11
-4.6877951968503933
21
5.7873902362204719
0
LINE
8
BLACK
6
CONTINUOUS
10
-4.6877951968503933
20
5.7873902362204719
11
-4.6872666535433067
21
5.787154251968504
0
LINE
8
BLACK
6
CONTINUOUS
10
-4.6872666535433067
20
5.787154251968504
11
-4.686396299212598
21
5.7863993700787404
0
LINE
8
BLACK
6
CONTINUOUS
10
-4.686396299212598
20
5.7863993700787404
11
-4.6858810629921255
21
5.785368937007874
0
LINE
8
BLACK
6
CONTINUOUS
10
-4.6858810629921255
20
5.785368937007874
11
-4.6857993700787404
21
5.7842197244094491
0
LINE
8
BLACK
6
CONTINUOUS
10
-4.6857993700787404
20
5.7842197244094491
11
-4.6861637007874011
21
5.7831267322834643
0
LINE
8
BLACK
6
CONTINUOUS
10
-4.6861637007874011
20
5.7831267322834643
11
-4.6869185826771655
21
5.7822563385826768
0
LINE
8
BLACK
6
CONTINUOUS
10
-4.6869185826771655
20
5.7822563385826768
11
-4.6879490551181098
21
5.781741141732283
0
LINE
8
BLACK
6
CONTINUOUS
10
-4.6879490551181098
20
5.781741141732283
11
-4.6890982677165356
21
5.7816594488188979
0
LINE
8
BLACK
6
CONTINUOUS
10
-4.6890982677165356
20
5.7816594488188979
11
-4.6949730314960627
21
5.7835609055118109
0
LINE
8
BLACK
6
CONTINUOUS
10
-4.6949730314960627
20
5.7835609055118109
11
-4.7031140157480316
21
5.7835144881889766
0
LINE
8
BLACK
6
CONTINUOUS
10
-4.7031140157480316
20
5.7835144881889766
11
-4.7058207480314955
21
5.7821206692913387
0
LINE
8
BLACK
6
CONTINUOUS
10
-4.7058207480314955
20
5.7821206692913387
11
-4.7070114566929133
21
5.7808873228346451
0
LINE
8
BLACK
6
CONTINUOUS
10
-4.7070114566929133
20
5.7808873228346451
11
-4.7083125984251968
21
5.7782058267716536
0
LINE
8
BLACK
6
CONTINUOUS
10
-4.7083125984251968
20
5.7782058267716536
11
-4.7082815354330707
21
5.7758372834645666
0
LINE
8
BLACK
6
CONTINUOUS
10
-4.7082815354330707
20
5.7758372834645666
11
-4.706883031496063
21
5.7731214960629922
0
LINE
8
BLACK
6
CONTINUOUS
10
-4.706883031496063
20
5.7731214960629922
11
-4.7056496456692916
21
5.7719307480314956
0
LINE
8
BLACK
6
CONTINUOUS
10
-4.7056496456692916
20
5.7719307480314956
11
-4.7024994094488184
21
5.7704022047244097
0
LINE
8
BLACK
6
CONTINUOUS
10
-4.7024994094488184
20
5.7704022047244097
11
-4.695511850393701
21
5.7687059842519686
0
LINE
8
BLACK
6
CONTINUOUS
10
-4.695511850393701
20
5.7687059842519686
11
-4.6954693700787402
21
5.7686907874015745
0
LINE
8
BLACK
6
CONTINUOUS
10
-4.6954693700787402
20
5.7686907874015745
11
-4.69544811023622
21
5.7686892913385828
0
LINE
8
BLACK
6
CONTINUOUS
10
-4.69544811023622
20
5.7686892913385828
11
-4.6954005905511806
21
5.7686662204724408
0
LINE
8
BLACK
6
CONTINUOUS
10
-4.6954005905511806
20
5.7686662204724408
11
-4.6949667322834641
21
5.7685112204724405
0
LINE
8
BLACK
6
CONTINUOUS
10
-4.6949667322834641
20
5.7685112204724405
11
-4.6947497637795275
21
5.7683503937007874
0
LINE
8
BLACK
6
CONTINUOUS
10
-4.6947497637795275
20
5.7683503937007874
11
-4.6911579527559057
21
5.7666076377952757
0
LINE
8
BLACK
6
CONTINUOUS
10
-4.6911579527559057
20
5.7666076377952757
11
-4.6909099606299209
21
5.7664515354330703
0
LINE
8
BLACK
6
CONTINUOUS
10
-4.6909099606299209
20
5.7664515354330703
11
-4.6908379921259842
21
5.7664217322834643
0
LINE
8
BLACK
6
CONTINUOUS
10
-4.6908379921259842
20
5.7664217322834643
11
-4.6907919291338578
21
5.7663772047244093
0
LINE
8
BLACK
6
CONTINUOUS
10
-4.6907919291338578
20
5.7663772047244093
11
-4.6906680708661419
21
5.7662992913385827
0
LINE
8
BLACK
6
CONTINUOUS
10
-4.6906680708661419
20
5.7662992913385827
11
-4.6904463385826771
21
5.766043582677165
0
LINE
8
BLACK
6
CONTINUOUS
10
-4.6904463385826771
20
5.766043582677165
11
-4.6885157874015748
21
5.7641797637795271
0
LINE
8
BLACK
6
CONTINUOUS
10
-4.6885157874015748
20
5.7641797637795271
11
-4.6883300393700784
21
5.7639533858267713
0
LINE
8
BLACK
6
CONTINUOUS
10
-4.6883300393700784
20
5.7639533858267713
11
-4.6882710236220468
21
5.7639022440944885
0
LINE
8
BLACK
6
CONTINUOUS
10
-4.6882710236220468
20
5.7639022440944885
11
-4.6882424015748034
21
5.7638465748031491
0
LINE
8
BLACK
6
CONTINUOUS
10
-4.6882424015748034
20
5.7638465748031491
11
-4.6881485826771652
21
5.7637323228346453
0
LINE
8
BLACK
6
CONTINUOUS
10
-4.6881485826771652
20
5.7637323228346453
11
-4.688004921259842
21
5.7633854330708658
0
LINE
8
BLACK
6
CONTINUOUS
10
-4.688004921259842
20
5.7633854330708658
11
-4.6860879133858271
21
5.7596628346456695
0
LINE
8
BLACK
6
CONTINUOUS
10
-4.6860879133858271
20
5.7596628346456695
11
-4.6858810236220467
21
5.7591222440944883
0
LINE
8
BLACK
6
CONTINUOUS
10
-4.6858810236220467
20
5.7591222440944883
11
-4.6858735039370076
21
5.7590163385826774
0
LINE
8
BLACK
6
CONTINUOUS
10
-4.6858735039370076
20
5.7590163385826774
11
-4.685832913385827
21
5.7589183858267718
0
LINE
8
BLACK
6
CONTINUOUS
10
-4.685832913385827
20
5.7589183858267718
11
-4.6858253149606295
21
5.7583379921259841
0
LINE
8
BLACK
6
CONTINUOUS
10
-4.6858253149606295
20
5.7583379921259841
11
-4.6857993700787404
21
5.7579730314960624
0
LINE
8
BLACK
6
CONTINUOUS
10
-4.6857993700787404
20
5.7579730314960624
11
-4.6858197244094484
21
5.7579119685039366
0
LINE
8
BLACK
6
CONTINUOUS
10
-4.6858197244094484
20
5.7579119685039366
11
-4.6857761811023622
21
5.75459279527559
0
LINE
8
BLACK
6
CONTINUOUS
10
-4.6857761811023622
20
5.75459279527559
11
-4.685832913385827
21
5.7540167322834641
0
LINE
8
BLACK
6
CONTINUOUS
10
-4.685832913385827
20
5.7540167322834641
11
-4.6858735039370076
21
5.7539187401574798
0
LINE
8
BLACK
6
CONTINUOUS
10
-4.6858735039370076
20
5.7539187401574798
11
-4.6858810236220467
21
5.7538128740157477
0
LINE
8
BLACK
6
CONTINUOUS
10
-4.6858810236220467
20
5.7538128740157477
11
-4.6861293700787403
21
5.7533011023622045
0
LINE
8
BLACK
6
CONTINUOUS
10
-4.6861293700787403
20
5.7533011023622045
11
-4.6862738188976376
21
5.7529523228346457
0
LINE
8
BLACK
6
CONTINUOUS
10
-4.6862738188976376
20
5.7529523228346457
11
-4.6863219291338583
21
5.7529042125984251
0
LINE
8
BLACK
6
CONTINUOUS
10
-4.6863219291338583
20
5.7529042125984251
11
-4.6879626771653546
21
5.7495227559055113
0
LINE
8
BLACK
6
CONTINUOUS
10
-4.6879626771653546
20
5.7495227559055113
11
-4.6881187795275592
21
5.7492747244094486
0
LINE
8
BLACK
6
CONTINUOUS
10
-4.6881187795275592
20
5.7492747244094486
11
-4.6881485826771652
21
5.7492027952755906
0
LINE
8
BLACK
6
CONTINUOUS
10
-4.6881485826771652
20
5.7492027952755906
11
-4.6881931102362202
21
5.7491566929133855
0
LINE
8
BLACK
6
CONTINUOUS
10
-4.6881931102362202
20
5.7491566929133855
11
-4.6882710236220468
21
5.7490328740157475
0
LINE
8
BLACK
6
CONTINUOUS
10
-4.6882710236220468
20
5.7490328740157475
11
-4.6885267322834645
21
5.7488111023622048
0
LINE
8
BLACK
6
CONTINUOUS
10
-4.6885267322834645
20
5.7488111023622048
11
-4.6903905511811024
21
5.7468805905511813
0
LINE
8
BLACK
6
CONTINUOUS
10
-4.6903905511811024
20
5.7468805905511813
11
-4.6906168897637794
21
5.7466948425196849
0
LINE
8
BLACK
6
CONTINUOUS
10
-4.6906168897637794
20
5.7466948425196849
11
-4.6906680314960632
21
5.7466358661417321
0
LINE
8
BLACK
6
CONTINUOUS
10
-4.6906680314960632
20
5.7466358661417321
11
-4.6907236614173229
21
5.746607204724409
0
LINE
8
BLACK
6
CONTINUOUS
10
-4.6907236614173229
20
5.746607204724409
11
-4.6908379921259842
21
5.7465133858267716
0
LINE
8
BLACK
6
CONTINUOUS
10
-4.6908379921259842
20
5.7465133858267716
11
-4.6911849212598424
21
5.7463696850393697
0
LINE
8
BLACK
6
CONTINUOUS
10
-4.6911849212598424
20
5.7463696850393697
11
-4.6949074409448821
21
5.7444526771653539
0
LINE
8
BLACK
6
CONTINUOUS
10
-4.6949074409448821
20
5.7444526771653539
11
-4.6954480708661412
21
5.7442457874015744
0
LINE
8
BLACK
6
CONTINUOUS
10
-4.6954480708661412
20
5.7442457874015744
11
-4.695553976377953
21
5.7442382283464566
0
LINE
8
BLACK
6
CONTINUOUS
10
-4.695553976377953
20
5.7442382283464566
11
-4.6956519291338585
21
5.7441976771653538
0
LINE
8
BLACK
6
CONTINUOUS
10
-4.6956519291338585
20
5.7441976771653538
11
-4.6961664960629923
21
5.7441947244094491
0
LINE
8
BLACK
6
CONTINUOUS
10
-4.6961664960629923
20
5.7441947244094491
11
-4.6965972834645671
21
5.7441641338582672
0
LINE
8
BLACK
6
CONTINUOUS
10
-4.6965972834645671
20
5.7441641338582672
11
-4.6966803543307085
21
5.7441918110236223
0
LINE
8
BLACK
6
CONTINUOUS
10
-4.6966803543307085
20
5.7441918110236223
11
-4.7056018110236222
21
5.7441409448818899
0
LINE
8
BLACK
6
CONTINUOUS
10
-4.7056018110236222
20
5.7441409448818899
11
-4.705893385826772
21
5.7441696456692908
0
LINE
8
BLACK
6
CONTINUOUS
10
-4.705893385826772
20
5.7441696456692908
11
-4.7059711417322836
21
5.7441641338582672
0
LINE
8
BLACK
6
CONTINUOUS
10
-4.7059711417322836
20
5.7441641338582672
11
-4.7060297244094489
21
5.7441830708661419
0
LINE
8
BLACK
6
CONTINUOUS
10
-4.7060297244094489
20
5.7441830708661419
11
-4.7061778740157481
21
5.7441976771653538
0
LINE
8
BLACK
6
CONTINUOUS
10
-4.7061778740157481
20
5.7441976771653538
11
-4.7065464173228344
21
5.7443503149606299
0
LINE
8
BLACK
6
CONTINUOUS
10
-4.7065464173228344
20
5.7443503149606299
11
-4.7121598818897636
21
5.7461672834645672
0
LINE
8
BLACK
6
CONTINUOUS
10
-4.7121598818897636
20
5.7461672834645672
11
-4.7126884251968502
21
5.7464032677165351
0
LINE
8
BLACK
6
CONTINUOUS
10
-4.7126884251968502
20
5.7464032677165351
11
-4.7135587795275589
21
5.7471581496062987
0
LINE
8
BLACK
6
CONTINUOUS
10
-4.7135587795275589
20
5.7471581496062987
11
-4.7140740157480314
21
5.7481886220472438
0
LINE
8
BLACK
6
CONTINUOUS
10
-4.7140740157480314
20
5.7481886220472438
11
-4.7141556692913387
21
5.7493378346456687
0
LINE
8
BLACK
6
CONTINUOUS
10
-4.7141556692913387
20
5.7493378346456687
11
-4.7137913385826771
21
5.7504308267716535
0
LINE
8
BLACK
6
CONTINUOUS
10
-4.7137913385826771
20
5.7504308267716535
11
-4.7130364566929135
21
5.7513011811023622
0
LINE
8
BLACK
6
CONTINUOUS
10
-4.7130364566929135
20
5.7513011811023622
11
-4.7120059842519684
21
5.7518164173228348
0
LINE
8
BLACK
6
CONTINUOUS
10
-4.7120059842519684
20
5.7518164173228348
11
-4.7108567716535434
21
5.751898070866142
0
LINE
8
BLACK
6
CONTINUOUS
10
-4.7108567716535434
20
5.751898070866142
11
-4.7049820078740154
21
5.7499965354330707
0
LINE
8
BLACK
6
CONTINUOUS
10
-4.7049820078740154
20
5.7499965354330707
11
-4.6968410236220475
21
5.7500429527559058
0
LINE
8
BLACK
6
CONTINUOUS
10
-4.6968410236220475
20
5.7500429527559058
11
-4.6941343700787401
21
5.7514368110236216
0
LINE
8
BLACK
6
CONTINUOUS
10
-4.6941343700787401
20
5.7514368110236216
11
-4.6929435826771648
21
5.7526701968503939
0
LINE
8
BLACK
6
CONTINUOUS
10
-4.6929435826771648
20
5.7526701968503939
11
-4.6916424803149601
21
5.7553516535433067
0
LINE
8
BLACK
6
CONTINUOUS
10
-4.6916424803149601
20
5.7553516535433067
11
-4.6916735433070862
21
5.7577201968503937
0
LINE
8
BLACK
6
CONTINUOUS
10
-4.6916735433070862
20
5.7577201968503937
11
-4.6930720472440948
21
5.7604359842519681
0
LINE
8
BLACK
6
CONTINUOUS
10
-4.6930720472440948
20
5.7604359842519681
11
-4.6943053937007875
21
5.7616266929133859
0
LINE
8
BLACK
6
CONTINUOUS
10
-4.6943053937007875
20
5.7616266929133859
11
-4.6974556692913385
21
5.7631552755905506
0
LINE
8
BLACK
6
CONTINUOUS
10
-4.6974556692913385
20
5.7631552755905506
11
-4.704443188976378
21
5.7648515354330705
0
LINE
8
BLACK
6
CONTINUOUS
10
-4.704443188976378
20
5.7648515354330705
11
-4.7044857086614176
21
5.7648666929133858
0
LINE
8
BLACK
6
CONTINUOUS
10
-4.7044857086614176
20
5.7648666929133858
11
-4.7045069685039369
21
5.7648682283464563
0
LINE
8
BLACK
6
CONTINUOUS
10
-4.7045069685039369
20
5.7648682283464563
11
-4.7045546456692913
21
5.764891338582677
0
LINE
8
BLACK
6
CONTINUOUS
10
-4.7045546456692913
20
5.764891338582677
11
-4.7049883070866141
21
5.7650462992125986
0
LINE
8
BLACK
6
CONTINUOUS
10
-4.7049883070866141
20
5.7650462992125986
11
-4.7052052755905507
21
5.7652070078740154
0
LINE
8
BLACK
6
CONTINUOUS
10
-4.7052052755905507
20
5.7652070078740154
11
-4.7087970866141733
21
5.7669498818897633
0
LINE
8
BLACK
6
CONTINUOUS
10
-4.7087970866141733
20
5.7669498818897633
11
-4.709045118110236
21
5.76710594488189
0
LINE
8
BLACK
6
CONTINUOUS
10
-4.709045118110236
20
5.76710594488189
11
-4.709117047244094
21
5.7671357874015747
0
LINE
8
BLACK
6
CONTINUOUS
10
-4.709117047244094
20
5.7671357874015747
11
-4.7091631496062991
21
5.767180275590551
0
LINE
8
BLACK
6
CONTINUOUS
10
-4.7091631496062991
20
5.767180275590551
11
-4.7092869685039371
21
5.7672582283464564
0
LINE
8
BLACK
6
CONTINUOUS
10
-4.7092869685039371
20
5.7672582283464564
11
-4.7095087401574798
21
5.7675138976377953
0
LINE
8
BLACK
6
CONTINUOUS
10
-4.7095087401574798
20
5.7675138976377953
11
-4.7114392519685042
21
5.7693777559055119
0
LINE
8
BLACK
6
CONTINUOUS
10
-4.7114392519685042
20
5.7693777559055119
11
-4.7116250393700785
21
5.769604094488189
0
LINE
8
BLACK
6
CONTINUOUS
10
-4.7116250393700785
20
5.769604094488189
11
-4.7116840157480313
21
5.7696552755905515
0
LINE
8
BLACK
6
CONTINUOUS
10
-4.7116840157480313
20
5.7696552755905515
11
-4.7117126771653544
21
5.7697109055118112
0
LINE
8
BLACK
6
CONTINUOUS
10
-4.7117126771653544
20
5.7697109055118112
11
-4.711806456692913
21
5.7698251968503937
0
LINE
8
BLACK
6
CONTINUOUS
10
-4.711806456692913
20
5.7698251968503937
11
-4.7119501181102361
21
5.770171968503937
0
LINE
8
BLACK
6
CONTINUOUS
10
-4.7119501181102361
20
5.770171968503937
11
-4.7138671259842519
21
5.7738946850393695
0
LINE
8
BLACK
6
CONTINUOUS
10
-4.7138671259842519
20
5.7738946850393695
11
-4.7140740157480314
21
5.7744353149606296
0
LINE
8
BLACK
6
CONTINUOUS
10
-4.7140740157480314
20
5.7744353149606296
11
-4.7140815354330705
21
5.7745411023622042
0
LINE
8
BLACK
6
CONTINUOUS
10
-4.7140815354330705
20
5.7745411023622042
11
-4.7141221259842521
21
5.7746391338582672
0
LINE
8
BLACK
6
CONTINUOUS
10
-4.7141221259842521
20
5.7746391338582672
11
-4.7141297637795274
21
5.7752195669291337
0
LINE
8
BLACK
6
CONTINUOUS
10
-4.7141297637795274
20
5.7752195669291337
11
-4.7141556692913387
21
5.7755845275590554
0
LINE
8
BLACK
6
CONTINUOUS
10
-4.7141556692913387
20
5.7755845275590554
11
-4.7141353543307085
21
5.7756455511811025
0
LINE
8
BLACK
6
CONTINUOUS
10
-4.7141353543307085
20
5.7756455511811025
11
-4.714178858267716
21
5.7789647244094491
0
LINE
8
BLACK
6
CONTINUOUS
10
-4.714178858267716
20
5.7789647244094491
11
-4.7141221259842521
21
5.779540787401575
0
LINE
8
BLACK
6
CONTINUOUS
10
-4.7141221259842521
20
5.779540787401575
11
-4.7140815354330705
21
5.7796387795275592
0
LINE
8
BLACK
6
CONTINUOUS
10
-4.7140815354330705
20
5.7796387795275592
11
-4.7140740157480314
21
5.7797446062992126
0
LINE
8
BLACK
6
CONTINUOUS
10
-4.7140740157480314
20
5.7797446062992126
11
-4.7138258267716537
21
5.7802561417322833
0
LINE
8
BLACK
6
CONTINUOUS
10
-4.7138258267716537
20
5.7802561417322833
11
-4.7136812204724405
21
5.7806051968503933
0
LINE
8
BLACK
6
CONTINUOUS
10
-4.7136812204724405
20
5.7806051968503933
11
-4.7136331102362208
21
5.780653307086614
0
LINE
8
BLACK
6
CONTINUOUS
10
-4.7136331102362208
20
5.780653307086614
11
-4.7119923622047244
21
5.7840347637795277
0
LINE
8
BLACK
6
CONTINUOUS
10
-4.7119923622047244
20
5.7840347637795277
11
-4.7118362992125986
21
5.7842827559055117
0
LINE
8
BLACK
6
CONTINUOUS
10
-4.7118362992125986
20
5.7842827559055117
11
-4.711806456692913
21
5.7843547244094484
0
LINE
8
BLACK
6
CONTINUOUS
10
-4.711806456692913
20
5.7843547244094484
11
-4.7117619685039367
21
5.7844007874015748
0
LINE
8
BLACK
6
CONTINUOUS
10
-4.7117619685039367
20
5.7844007874015748
11
-4.7116840157480313
21
5.7845246456692916
0
LINE
8
BLACK
6
CONTINUOUS
10
-4.7116840157480313
20
5.7845246456692916
11
-4.7114283464566924
21
5.7847463779527555
0
LINE
8
BLACK
6
CONTINUOUS
10
-4.7114283464566924
20
5.7847463779527555
11
-4.7095644881889767
21
5.7866769291338578
0
LINE
8
BLACK
6
CONTINUOUS
10
-4.7095644881889767
20
5.7866769291338578
11
-4.7093381496062987
21
5.7868626771653542
0
LINE
8
BLACK
6
CONTINUOUS
10
-4.7093381496062987
20
5.7868626771653542
11
-4.7092869685039371
21
5.7869216929133858
0
LINE
8
BLACK
6
CONTINUOUS
10
-4.7092869685039371
20
5.7869216929133858
11
-4.7092313385826774
21
5.7869503149606301
0
LINE
8
BLACK
6
CONTINUOUS
10
-4.7092313385826774
20
5.7869503149606301
11
-4.709117047244094
21
5.7870441338582674
0
LINE
8
BLACK
6
CONTINUOUS
10
-4.709117047244094
20
5.7870441338582674
11
-4.7087701968503932
21
5.7871877952755906
0
LINE
8
BLACK
6
CONTINUOUS
10
-4.7087701968503932
20
5.7871877952755906
11
-4.7050475590551182
21
5.7891048031496064
0
LINE
8
BLACK
6
CONTINUOUS
10
-4.7050475590551182
20
5.7891048031496064
11
-4.7045069685039369
21
5.7893116929133859
0
LINE
8
BLACK
6
CONTINUOUS
10
-4.7045069685039369
20
5.7893116929133859
11
-4.7044011023622048
21
5.789319212598425
0
LINE
8
BLACK
6
CONTINUOUS
10
-4.7044011023622048
20
5.789319212598425
11
-4.7043031102362205
21
5.7893598031496065
0
LINE
8
BLACK
6
CONTINUOUS
10
-4.7043031102362205
20
5.7893598031496065
11
-4.7037885826771655
21
5.7893627165354333
0
LINE
8
BLACK
6
CONTINUOUS
10
-4.7037885826771655
20
5.7893627165354333
11
-4.703357755905512
21
5.7893933464566931
0
LINE
8
BLACK
6
CONTINUOUS
10
-4.703357755905512
20
5.7893933464566931
11
-4.7032747244094484
21
5.7893656299212601
0
LINE
8
BLACK
6
CONTINUOUS
10
-4.7032747244094484
20
5.7893656299212601
11
-4.6943532283464569
21
5.7894165354330704
0
LINE
8
BLACK
6
CONTINUOUS
10
-4.6943532283464569
20
5.7894165354330704
11
-4.6940616929133858
21
5.7893877952755908
0
LINE
8
BLACK
6
CONTINUOUS
10
-4.656566377952756
20
5.7893877952755908
11
-4.6564886220472443
21
5.7893933464566931
0
LINE
8
BLACK
6
CONTINUOUS
10
-4.6564886220472443
20
5.7893933464566931
11
-4.6564301181102365
21
5.7893743700787397
0
LINE
8
BLACK
6
CONTINUOUS
10
-4.6564301181102365
20
5.7893743700787397
11
-4.6562818503937002
21
5.7893598031496065
0
LINE
8
BLACK
6
CONTINUOUS
10
-4.6562818503937002
20
5.7893598031496065
11
-4.6559132283464564
21
5.7892070866141729
0
LINE
8
BLACK
6
CONTINUOUS
10
-4.6559132283464564
20
5.7892070866141729
11
-4.6502998818897634
21
5.7873902362204719
0
LINE
8
BLACK
6
CONTINUOUS
10
-4.6502998818897634
20
5.7873902362204719
11
-4.6497713385826769
21
5.787154251968504
0
LINE
8
BLACK
6
CONTINUOUS
10
-4.6497713385826769
20
5.787154251968504
11
-4.649691220472441
21
5.787084724409449
0
LINE
8
BLACK
6
CONTINUOUS
10
-4.649691220472441
20
5.787084724409449
11
-4.6495931496062992
21
5.7870441338582674
0
LINE
8
BLACK
6
CONTINUOUS
10
-4.6495931496062992
20
5.7870441338582674
11
-4.6491403543307088
21
5.7866069685039365
0
LINE
8
BLACK
6
CONTINUOUS
10
-4.6491403543307088
20
5.7866069685039365
11
-4.6489009842519682
21
5.7863993700787404
0
LINE
8
BLACK
6
CONTINUOUS
10
-4.6489009842519682
20
5.7863993700787404
11
-4.6488783070866138
21
5.786353937007874
0
LINE
8
BLACK
6
CONTINUOUS
10
-4.6488783070866138
20
5.786353937007874
11
-4.6472709448818899
21
5.7848021653543302
0
LINE
8
BLACK
6
CONTINUOUS
10
-4.6472709448818899
20
5.7848021653543302
11
-4.6469037401574802
21
5.7843547244094484
0
LINE
8
BLACK
6
CONTINUOUS
10
-4.6469037401574802
20
5.7843547244094484
11
-4.6464628346456696
21
5.7832903149606301
0
LINE
8
BLACK
6
CONTINUOUS
10
-4.6464628346456696
20
5.7832903149606301
11
-4.6464628346456696
21
5.7821382283464562
0
LINE
8
BLACK
6
CONTINUOUS
10
-4.6464628346456696
20
5.7821382283464562
11
-4.6469037401574802
21
5.7810738188976378
0
LINE
8
BLACK
6
CONTINUOUS
10
-4.6469037401574802
20
5.7810738188976378
11
-4.6477184251968504
21
5.7802591338582676
0
LINE
8
BLACK
6
CONTINUOUS
10
-4.6477184251968504
20
5.7802591338582676
11
-4.6487828346456688
21
5.779818228346457
0
LINE
8
BLACK
6
CONTINUOUS
10
-4.6487828346456688
20
5.779818228346457
11
-4.6499349212598426
21
5.779818228346457
0
LINE
8
BLACK
6
CONTINUOUS
10
-4.6499349212598426
20
5.779818228346457
11
-4.650999330708661
21
5.7802591338582676
0
LINE
8
BLACK
6
CONTINUOUS
10
-4.650999330708661
20
5.7802591338582676
11
-4.6528768503937004
21
5.7820717322834643
0
LINE
8
BLACK
6
CONTINUOUS
10
-4.6528768503937004
20
5.7820717322834643
11
-4.6574513779527562
21
5.783552401574803
0
LINE
8
BLACK
6
CONTINUOUS
10
-4.6574513779527562
20
5.783552401574803
11
-4.6602615748031493
21
5.7835155511811021
0
LINE
8
BLACK
6
CONTINUOUS
10
-4.6602615748031493
20
5.7835155511811021
11
-4.6647209842519688
21
5.7819857086614173
0
LINE
8
BLACK
6
CONTINUOUS
10
-4.6647209842519688
20
5.7819857086614173
11
-4.6676453543307082
21
5.7790044094488184
0
LINE
8
BLACK
6
CONTINUOUS
10
-4.6676453543307082
20
5.7790044094488184
11
-4.6691699606299215
21
5.7758622834645665
0
LINE
8
BLACK
6
CONTINUOUS
10
-4.6691699606299215
20
5.7758622834645665
11
-4.6708245275590548
21
5.7690464173228344
0
LINE
8
BLACK
6
CONTINUOUS
10
-4.6708245275590548
20
5.7690464173228344
11
-4.6707795669291334
21
5.7641341338582679
0
LINE
8
BLACK
6
CONTINUOUS
10
-4.6707795669291334
20
5.7641341338582679
11
-4.6690229527559053
21
5.7573061811023623
0
LINE
8
BLACK
6
CONTINUOUS
10
-4.6690229527559053
20
5.7573061811023623
11
-4.6674996456692917
21
5.7543480708661416
0
LINE
8
BLACK
6
CONTINUOUS
10
-4.6674996456692917
20
5.7543480708661416
11
-4.664578070866142
21
5.7514823228346454
0
LINE
8
BLACK
6
CONTINUOUS
10
-4.664578070866142
20
5.7514823228346454
11
-4.6600139763779529
21
5.7500050393700786
0
LINE
8
BLACK
6
CONTINUOUS
10
-4.6600139763779529
20
5.7500050393700786
11
-4.6572038582677164
21
5.7500418897637795
0
LINE
8
BLACK
6
CONTINUOUS
10
-4.6572038582677164
20
5.7500418897637795
11
-4.6527665748031497
21
5.7515641338582677
0
LINE
8
BLACK
6
CONTINUOUS
10
-4.6527665748031497
20
5.7515641338582677
11
-4.6514467716535428
21
5.7529311811023618
0
LINE
8
BLACK
6
CONTINUOUS
10
-4.6514467716535428
20
5.7529311811023618
11
-4.650999330708661
21
5.7532983858267714
0
LINE
8
BLACK
6
CONTINUOUS
10
-4.650999330708661
20
5.7532983858267714
11
-4.6499349212598426
21
5.753739291338583
0
LINE
8
BLACK
6
CONTINUOUS
10
-4.6499349212598426
20
5.753739291338583
11
-4.6487828346456688
21
5.753739291338583
0
LINE
8
BLACK
6
CONTINUOUS
10
-4.6487828346456688
20
5.753739291338583
11
-4.6477184251968504
21
5.7532983858267714
0
LINE
8
BLACK
6
CONTINUOUS
10
-4.6477184251968504
20
5.7532983858267714
11
-4.6469037401574802
21
5.7524837007874012
0
LINE
8
BLACK
6
CONTINUOUS
10
-4.6469037401574802
20
5.7524837007874012
11
-4.6464628346456696
21
5.7514192913385829
0
LINE
8
BLACK
6
CONTINUOUS
10
-4.6464628346456696
20
5.7514192913385829
11
-4.6464628346456696
21
5.750267204724409
0
LINE
8
BLACK
6
CONTINUOUS
10
-4.6464628346456696
20
5.750267204724409
11
-4.6469037401574802
21
5.7492027952755906
0
LINE
8
BLACK
6
CONTINUOUS
10
-4.6469037401574802
20
5.7492027952755906
11
-4.6491457086614174
21
5.7468805905511813
0
LINE
8
BLACK
6
CONTINUOUS
10
-4.6491457086614174
20
5.7468805905511813
11
-4.6495931496062992
21
5.7465133858267716
0
LINE
8
BLACK
6
CONTINUOUS
10
-4.6495931496062992
20
5.7465133858267716
11
-4.6496911417322835
21
5.7464727952755901
0
LINE
8
BLACK
6
CONTINUOUS
10
-4.6496911417322835
20
5.7464727952755901
11
-4.6497712992125981
21
5.7464032677165351
0
LINE
8
BLACK
6
CONTINUOUS
10
-4.6497712992125981
20
5.7464032677165351
11
-4.6502818897637797
21
5.7462281102362205
0
LINE
8
BLACK
6
CONTINUOUS
10
-4.6502818897637797
20
5.7462281102362205
11
-4.6506575984251963
21
5.7460724803149601
0
LINE
8
BLACK
6
CONTINUOUS
10
-4.6506575984251963
20
5.7460724803149601
11
-4.6507355118110238
21
5.7460724803149601
0
LINE
8
BLACK
6
CONTINUOUS
10
-4.6507355118110238
20
5.7460724803149601
11
-4.6559241338582673
21
5.7442924803149609
0
LINE
8
BLACK
6
CONTINUOUS
10
-4.6559241338582673
20
5.7442924803149609
11
-4.656209803149606
21
5.7442275196850394
0
LINE
8
BLACK
6
CONTINUOUS
10
-4.656209803149606
20
5.7442275196850394
11
-4.6562818503937002
21
5.7441976771653538
0
LINE
8
BLACK
6
CONTINUOUS
10
-4.6562818503937002
20
5.7441976771653538
11
-4.6563447244094487
21
5.7441968503937009
0
LINE
8
BLACK
6
CONTINUOUS
10
-4.6563447244094487
20
5.7441968503937009
11
-4.6564885826771656
21
5.7441641338582672
0
LINE
8
BLACK
6
CONTINUOUS
10
-4.6564885826771656
20
5.7441641338582672
11
-4.6568549212598427
21
5.7441901574803147
0
LINE
8
BLACK
6
CONTINUOUS
10
-4.6568549212598427
20
5.7441901574803147
11
-4.6606074409448821
21
5.7441409448818899
0
LINE
8
BLACK
6
CONTINUOUS
10
-4.6606074409448821
20
5.7441409448818899
11
-4.660899015748031
21
5.7441696456692908
0
LINE
8
BLACK
6
CONTINUOUS
10
-4.660899015748031
20
5.7441696456692908
11
-4.6609767716535435
21
5.7441641338582672
0
LINE
8
BLACK
6
CONTINUOUS
10
-4.6609767716535435
20
5.7441641338582672
11
-4.6610353543307088
21
5.7441830708661419
0
LINE
8
BLACK
6
CONTINUOUS
10
-4.6610353543307088
20
5.7441830708661419
11
-4.661183503937008
21
5.7441976771653538
0
LINE
8
BLACK
6
CONTINUOUS
10
-4.661183503937008
20
5.7441976771653538
11
-4.6615520472440943
21
5.7443503149606299
0
LINE
8
BLACK
6
CONTINUOUS
10
-4.6615520472440943
20
5.7443503149606299
11
-4.6671655118110236
21
5.7461672834645672
0
LINE
8
BLACK
6
CONTINUOUS
10
-4.6671655118110236
20
5.7461672834645672
11
-4.6676940551181101
21
5.7464032677165351
0
LINE
8
BLACK
6
CONTINUOUS
10
-4.6676940551181101
20
5.7464032677165351
11
-4.667774173228346
21
5.7464727165354326
0
LINE
8
BLACK
6
CONTINUOUS
10
-4.667774173228346
20
5.7464727165354326
11
-4.667872204724409
21
5.7465133464566929
0
LINE
8
BLACK
6
CONTINUOUS
10
-4.667872204724409
20
5.7465133464566929
11
-4.6682635039370082
21
5.7468971259842521
0
LINE
8
BLACK
6
CONTINUOUS
10
-4.6682635039370082
20
5.7468971259842521
11
-4.6685644094488188
21
5.7471581496062987
0
LINE
8
BLACK
6
CONTINUOUS
10
-4.6685644094488188
20
5.7471581496062987
11
-4.6685979527559054
21
5.747225196850394
0
LINE
8
BLACK
6
CONTINUOUS
10
-4.6685979527559054
20
5.747225196850394
11
-4.6720691732283459
21
5.7506301181102364
0
LINE
8
BLACK
6
CONTINUOUS
10
-4.6720691732283459
20
5.7506301181102364
11
-4.6722549606299211
21
5.7508564566929135
0
LINE
8
BLACK
6
CONTINUOUS
10
-4.6722549606299211
20
5.7508564566929135
11
-4.6723139370078739
21
5.750907637795275
0
LINE
8
BLACK
6
CONTINUOUS
10
-4.6723139370078739
20
5.750907637795275
11
-4.6723425984251969
21
5.7509632677165357
0
LINE
8
BLACK
6
CONTINUOUS
10
-4.6723425984251969
20
5.7509632677165357
11
-4.6724363779527556
21
5.7510775590551182
0
LINE
8
BLACK
6
CONTINUOUS
10
-4.6724363779527556
20
5.7510775590551182
11
-4.6725800393700787
21
5.7514243307086614
0
LINE
8
BLACK
6
CONTINUOUS
10
-4.6725800393700787
20
5.7514243307086614
11
-4.6744970472440945
21
5.755147047244094
0
LINE
8
BLACK
6
CONTINUOUS
10
-4.6744970472440945
20
5.755147047244094
11
-4.6745131889763778
21
5.7551891338582672
0
LINE
8
BLACK
6
CONTINUOUS
10
-4.6745131889763778
20
5.7551891338582672
11
-4.6745258661417326
21
5.7552062992125981
0
LINE
8
BLACK
6
CONTINUOUS
10
-4.6745258661417326
20
5.7552062992125981
11
-4.6745385039370078
21
5.7552552755905513
0
LINE
8
BLACK
6
CONTINUOUS
10
-4.6745385039370078
20
5.7552552755905513
11
-4.674703937007874
21
5.755687677165354
0
LINE
8
BLACK
6
CONTINUOUS
10
-4.674703937007874
20
5.755687677165354
11
-4.6747246456692908
21
5.7559788582677163
0
LINE
8
BLACK
6
CONTINUOUS
10
-4.6747246456692908
20
5.7559788582677163
11
-4.6765953937007874
21
5.7632504724409443
0
LINE
8
BLACK
6
CONTINUOUS
10
-4.6765953937007874
20
5.7632504724409443
11
-4.6766101968503939
21
5.76335031496063
0
LINE
8
BLACK
6
CONTINUOUS
10
-4.6766101968503939
20
5.76335031496063
11
-4.6766268110236222
21
5.7633905511811019
0
LINE
8
BLACK
6
CONTINUOUS
10
-4.6766268110236222
20
5.7633905511811019
11
-4.6766275196850389
21
5.7634677559055119
0
LINE
8
BLACK
6
CONTINUOUS
10
-4.6766275196850389
20
5.7634677559055119
11
-4.6766800393700789
21
5.7638230708661418
0
LINE
8
BLACK
6
CONTINUOUS
10
-4.6766800393700789
20
5.7638230708661418
11
-4.6766336614173225
21
5.7641349999999996
0
LINE
8
BLACK
6
CONTINUOUS
10
-4.6766336614173225
20
5.7641349999999996
11
-4.6766835433070861
21
5.7695909055118113
0
LINE
8
BLACK
6
CONTINUOUS
10
-4.6766835433070861
20
5.7695909055118113
11
-4.6766736614173228
21
5.7696914173228349
0
LINE
8
BLACK
6
CONTINUOUS
10
-4.6766736614173228
20
5.7696914173228349
11
-4.6766800393700789
21
5.7697344488188973
0
LINE
8
BLACK
6
CONTINUOUS
10
-4.6766800393700789
20
5.7697344488188973
11
-4.6766621653543305
21
5.7698081102362204
0
LINE
8
BLACK
6
CONTINUOUS
10
-4.6766621653543305
20
5.7698081102362204
11
-4.6766268110236222
21
5.7701669685039372
0
LINE
8
BLACK
6
CONTINUOUS
10
-4.6766268110236222
20
5.7701669685039372
11
-4.6765017716535429
21
5.7704688582677166
0
LINE
8
BLACK
6
CONTINUOUS
10
-4.6765017716535429
20
5.7704688582677166
11
-4.6747206299212598
21
5.7778061023622049
0
LINE
8
BLACK
6
CONTINUOUS
10
-4.6747206299212598
20
5.7778061023622049
11
-4.6747054724409445
21
5.7778485826771648
0
LINE
8
BLACK
6
CONTINUOUS
10
-4.6747054724409445
20
5.7778485826771648
11
-4.674703937007874
21
5.7778698425196851
0
LINE
8
BLACK
6
CONTINUOUS
10
-4.674703937007874
20
5.7778698425196851
11
-4.6746809055118108
21
5.7779173622047244
0
LINE
8
BLACK
6
CONTINUOUS
10
-4.6746809055118108
20
5.7779173622047244
11
-4.6745258661417326
21
5.778351220472441
0
LINE
8
BLACK
6
CONTINUOUS
10
-4.6745258661417326
20
5.778351220472441
11
-4.6743650787401574
21
5.7785681889763776
0
LINE
8
BLACK
6
CONTINUOUS
10
-4.6743650787401574
20
5.7785681889763776
11
-4.672622283464567
21
5.7821600000000002
0
LINE
8
BLACK
6
CONTINUOUS
10
-4.672622283464567
20
5.7821600000000002
11
-4.6724662204724412
21
5.7824079921259841
0
LINE
8
BLACK
6
CONTINUOUS
10
-4.6724662204724412
20
5.7824079921259841
11
-4.6724363779527556
21
5.7824799606299209
0
LINE
8
BLACK
6
CONTINUOUS
10
-4.6724363779527556
20
5.7824799606299209
11
-4.6723931889763781
21
5.7825240157480318
0
LINE
8
BLACK
6
CONTINUOUS
10
-4.6723931889763781
20
5.7825240157480318
11
-4.6723139370078739
21
5.782649881889764
0
LINE
8
BLACK
6
CONTINUOUS
10
-4.6723139370078739
20
5.782649881889764
11
-4.6720177559055118
21
5.7829067322834646
0
LINE
8
BLACK
6
CONTINUOUS
10
-4.6720177559055118
20
5.7829067322834646
11
-4.6683196456692908
21
5.7866769291338578
0
LINE
8
BLACK
6
CONTINUOUS
10
-4.6683196456692908
20
5.7866769291338578
11
-4.667872204724409
21
5.7870441732283462
0
LINE
8
BLACK
6
CONTINUOUS
10
-4.667872204724409
20
5.7870441732283462
11
-4.667774173228346
21
5.7870847637795277
0
LINE
8
BLACK
6
CONTINUOUS
10
-4.667774173228346
20
5.7870847637795277
11
-4.6676940551181101
21
5.787154251968504
0
LINE
8
BLACK
6
CONTINUOUS
10
-4.6676940551181101
20
5.787154251968504
11
-4.6671837401574798
21
5.7873292913385823
0
LINE
8
BLACK
6
CONTINUOUS
10
-4.6671837401574798
20
5.7873292913385823
11
-4.6668077559055119
21
5.787485039370079
0
LINE
8
BLACK
6
CONTINUOUS
10
-4.6668077559055119
20
5.787485039370079
11
-4.6667298031496065
21
5.787485039370079
0
LINE
8
BLACK
6
CONTINUOUS
10
-4.6667298031496065
20
5.787485039370079
11
-4.6615412204724409
21
5.7892649999999994
0
LINE
8
BLACK
6
CONTINUOUS
10
-4.6615412204724409
20
5.7892649999999994
11
-4.661255590551181
21
5.7893299212598421
0
LINE
8
BLACK
6
CONTINUOUS
10
-4.661255590551181
20
5.7893299212598421
11
-4.661183503937008
21
5.7893598031496065
0
LINE
8
BLACK
6
CONTINUOUS
10
-4.661183503937008
20
5.7893598031496065
11
-4.6611206692913383
21
5.7893605905511807
0
LINE
8
BLACK
6
CONTINUOUS
10
-4.6611206692913383
20
5.7893605905511807
11
-4.6609767716535435
21
5.7893933464566931
0
LINE
8
BLACK
6
CONTINUOUS
10
-4.6609767716535435
20
5.7893933464566931
11
-4.6606106299212593
21
5.7893672834645669
0
LINE
8
BLACK
6
CONTINUOUS
10
-4.6606106299212593
20
5.7893672834645669
11
-4.656857913385827
21
5.7894165354330704
0
LINE
8
BLACK
6
CONTINUOUS
10
-4.656857913385827
20
5.7894165354330704
11
-4.656566377952756
21
5.7893877952755908
0
LINE
8
BLACK
6
CONTINUOUS
10
-4.6308454724409449
20
5.788918897637795
11
-4.6300308267716535
21
5.7881042519685035
0
LINE
8
BLACK
6
CONTINUOUS
10
-4.6300308267716535
20
5.7881042519685035
11
-4.6295899212598428
21
5.7870398425196852
0
LINE
8
BLACK
6
CONTINUOUS
10
-4.6295899212598428
20
5.7870398425196852
11
-4.6295373228346453
21
5.7500000393700788
0
LINE
8
BLACK
6
CONTINUOUS
10
-4.6295373228346453
20
5.7500000393700788
11
-4.6137383070866145
21
5.750046456692913
0
LINE
8
BLACK
6
CONTINUOUS
10
-4.6137383070866145
20
5.750046456692913
11
-4.6131622440944877
21
5.7499897244094491
0
LINE
8
BLACK
6
CONTINUOUS
10
-4.6131622440944877
20
5.7499897244094491
11
-4.6120978346456694
21
5.7495488188976376
0
LINE
8
BLACK
6
CONTINUOUS
10
-4.6120978346456694
20
5.7495488188976376
11
-4.6112831889763779
21
5.7487341732283461
0
LINE
8
BLACK
6
CONTINUOUS
10
-4.6112831889763779
20
5.7487341732283461
11
-4.6108422834645673
21
5.7476697637795278
0
LINE
8
BLACK
6
CONTINUOUS
10
-4.6108422834645673
20
5.7476697637795278
11
-4.6108422834645673
21
5.7465176377952751
0
LINE
8
BLACK
6
CONTINUOUS
10
-4.6108422834645673
20
5.7465176377952751
11
-4.6112831889763779
21
5.7454532283464568
0
LINE
8
BLACK
6
CONTINUOUS
10
-4.6112831889763779
20
5.7454532283464568
11
-4.6120978346456694
21
5.7446385826771653
0
LINE
8
BLACK
6
CONTINUOUS
10
-4.6120978346456694
20
5.7446385826771653
11
-4.6131622440944877
21
5.7441976771653538
0
LINE
8
BLACK
6
CONTINUOUS
10
-4.6131622440944877
20
5.7441976771653538
11
-4.63248594488189
21
5.7441409448818899
0
LINE
8
BLACK
6
CONTINUOUS
10
-4.63248594488189
20
5.7441409448818899
11
-4.6330620078740159
21
5.7441976771653538
0
LINE
8
BLACK
6
CONTINUOUS
10
-4.6330620078740159
20
5.7441976771653538
11
-4.6341264173228343
21
5.7446385826771653
0
LINE
8
BLACK
6
CONTINUOUS
10
-4.6341264173228343
20
5.7446385826771653
11
-4.6349410629921257
21
5.7454532283464568
0
LINE
8
BLACK
6
CONTINUOUS
10
-4.6349410629921257
20
5.7454532283464568
11
-4.6353819685039372
21
5.7465176377952751
0
LINE
8
BLACK
6
CONTINUOUS
10
-4.6353819685039372
20
5.7465176377952751
11
-4.6354387007874012
21
5.7864637795275593
0
LINE
8
BLACK
6
CONTINUOUS
10
-4.6354387007874012
20
5.7864637795275593
11
-4.6353819685039372
21
5.7870398425196852
0
LINE
8
BLACK
6
CONTINUOUS
10
-4.6353819685039372
20
5.7870398425196852
11
-4.6349410629921257
21
5.7881042519685035
0
LINE
8
BLACK
6
CONTINUOUS
10
-4.6349410629921257
20
5.7881042519685035
11
-4.6341264173228343
21
5.788918897637795
0
LINE
8
BLACK
6
CONTINUOUS
10
-4.6341264173228343
20
5.788918897637795
11
-4.6330620078740159
21
5.7893598031496065
0
LINE
8
BLACK
6
CONTINUOUS
10
-4.6330620078740159
20
5.7893598031496065
11
-4.6319098818897633
21
5.7893598031496065
0
LINE
8
BLACK
6
CONTINUOUS
10
-4.6319098818897633
20
5.7893598031496065
11
-4.6308454724409449
21
5.788918897637795
0
LINE
8
BLACK
6
CONTINUOUS
10
-4.5521053149606301
20
5.788918897637795
11
-4.5512906692913386
21
5.7881042519685035
0
LINE
8
BLACK
6
CONTINUOUS
10
-4.5512906692913386
20
5.7881042519685035
11
-4.5508497637795271
21
5.7870398425196852
0
LINE
8
BLACK
6
CONTINUOUS
10
-4.5508497637795271
20
5.7870398425196852
11
-4.5508282283464565
21
5.7718709842519687
0
LINE
8
BLACK
6
CONTINUOUS
10
-4.5508282283464565
20
5.7718709842519687
11
-4.5508162204724405
21
5.7718350000000003
0
LINE
8
BLACK
6
CONTINUOUS
10
-4.5508162204724405
20
5.7718350000000003
11
-4.5508279527559052
21
5.7716701181102357
0
LINE
8
BLACK
6
CONTINUOUS
10
-4.5508279527559052
20
5.7716701181102357
11
-4.5507930314960632
21
5.747093700787401
0
LINE
8
BLACK
6
CONTINUOUS
10
-4.5507930314960632
20
5.747093700787401
11
-4.5508497637795271
21
5.7465176377952751
0
LINE
8
BLACK
6
CONTINUOUS
10
-4.5508497637795271
20
5.7465176377952751
11
-4.5512906692913386
21
5.7454532283464568
0
LINE
8
BLACK
6
CONTINUOUS
10
-4.5512906692913386
20
5.7454532283464568
11
-4.5521053149606301
21
5.7446385826771653
0
LINE
8
BLACK
6
CONTINUOUS
10
-4.5521053149606301
20
5.7446385826771653
11
-4.5531697244094484
21
5.7441976771653538
0
LINE
8
BLACK
6
CONTINUOUS
10
-4.5531697244094484
20
5.7441976771653538
11
-4.5543218503937011
21
5.7441976771653538
0
LINE
8
BLACK
6
CONTINUOUS
10
-4.5543218503937011
20
5.7441976771653538
11
-4.5553862598425194
21
5.7446385826771653
0
LINE
8
BLACK
6
CONTINUOUS
10
-4.5553862598425194
20
5.7446385826771653
11
-4.555531614173228
21
5.7447838976377952
0
LINE
8
BLACK
6
CONTINUOUS
10
-4.555531614173228
20
5.7447838976377952
11
-4.5561747637795271
21
5.7444526771653539
0
LINE
8
BLACK
6
CONTINUOUS
10
-4.5561747637795271
20
5.7444526771653539
11
-4.5567153937007872
21
5.7442457874015744
0
LINE
8
BLACK
6
CONTINUOUS
10
-4.5567153937007872
20
5.7442457874015744
11
-4.556821299212598
21
5.7442382283464566
0
LINE
8
BLACK
6
CONTINUOUS
10
-4.556821299212598
20
5.7442382283464566
11
-4.5569192519685036
21
5.7441976771653538
0
LINE
8
BLACK
6
CONTINUOUS
10
-4.5569192519685036
20
5.7441976771653538
11
-4.5574444488188979
21
5.7441939763779528
0
LINE
8
BLACK
6
CONTINUOUS
10
-4.5574444488188979
20
5.7441939763779528
11
-4.5578646062992121
21
5.7441641338582672
0
LINE
8
BLACK
6
CONTINUOUS
10
-4.5578646062992121
20
5.7441641338582672
11
-4.5579436614173225
21
5.7441904724409447
0
LINE
8
BLACK
6
CONTINUOUS
10
-4.5579436614173225
20
5.7441904724409447
11
-4.5649943700787396
21
5.7441409448818899
0
LINE
8
BLACK
6
CONTINUOUS
10
-4.5649943700787396
20
5.7441409448818899
11
-4.5655704330708664
21
5.7441976771653538
0
LINE
8
BLACK
6
CONTINUOUS
10
-4.5655704330708664
20
5.7441976771653538
11
-4.5656684251968507
21
5.7442382283464566
0
LINE
8
BLACK
6
CONTINUOUS
10
-4.5656684251968507
20
5.7442382283464566
11
-4.5657742913385828
21
5.7442457874015744
0
LINE
8
BLACK
6
CONTINUOUS
10
-4.5657742913385828
20
5.7442457874015744
11
-4.566286062992126
21
5.7444940551181105
0
LINE
8
BLACK
6
CONTINUOUS
10
-4.566286062992126
20
5.7444940551181105
11
-4.5666348425196848
21
5.7446385826771653
0
LINE
8
BLACK
6
CONTINUOUS
10
-4.5666348425196848
20
5.7446385826771653
11
-4.5666829527559054
21
5.7446866535433072
0
LINE
8
BLACK
6
CONTINUOUS
10
-4.5666829527559054
20
5.7446866535433072
11
-4.570064448818898
21
5.7463274803149602
0
LINE
8
BLACK
6
CONTINUOUS
10
-4.570064448818898
20
5.7463274803149602
11
-4.5703124015748031
21
5.7464835433070869
0
LINE
8
BLACK
6
CONTINUOUS
10
-4.5703124015748031
20
5.7464835433070869
11
-4.5703843700787399
21
5.7465133858267716
0
LINE
8
BLACK
6
CONTINUOUS
10
-4.5703843700787399
20
5.7465133858267716
11
-4.5704305511811025
21
5.7465579133858267
0
LINE
8
BLACK
6
CONTINUOUS
10
-4.5704305511811025
20
5.7465579133858267
11
-4.5705542913385822
21
5.7466358661417321
0
LINE
8
BLACK
6
CONTINUOUS
10
-4.5705542913385822
20
5.7466358661417321
11
-4.5707759448818894
21
5.746891377952756
0
LINE
8
BLACK
6
CONTINUOUS
10
-4.5707759448818894
20
5.746891377952756
11
-4.5727065748031492
21
5.7487553543307088
0
LINE
8
BLACK
6
CONTINUOUS
10
-4.5727065748031492
20
5.7487553543307088
11
-4.5728923622047244
21
5.7489816929133859
0
LINE
8
BLACK
6
CONTINUOUS
10
-4.5728923622047244
20
5.7489816929133859
11
-4.5729513385826772
21
5.7490328740157475
0
LINE
8
BLACK
6
CONTINUOUS
10
-4.5729513385826772
20
5.7490328740157475
11
-4.5729800000000003
21
5.7490885039370081
0
LINE
8
BLACK
6
CONTINUOUS
10
-4.5729800000000003
20
5.7490885039370081
11
-4.5730737795275589
21
5.7492027952755906
0
LINE
8
BLACK
6
CONTINUOUS
10
-4.5730737795275589
20
5.7492027952755906
11
-4.573217440944882
21
5.7495495669291339
0
LINE
8
BLACK
6
CONTINUOUS
10
-4.573217440944882
20
5.7495495669291339
11
-4.5751344488188979
21
5.7532722834645664
0
LINE
8
BLACK
6
CONTINUOUS
10
-4.5751344488188979
20
5.7532722834645664
11
-4.5753413385826773
21
5.7538129133858265
0
LINE
8
BLACK
6
CONTINUOUS
10
-4.5753413385826773
20
5.7538129133858265
11
-4.5753488582677164
21
5.7539187007874011
0
LINE
8
BLACK
6
CONTINUOUS
10
-4.5753488582677164
20
5.7539187007874011
11
-4.575389448818898
21
5.7540167322834641
0
LINE
8
BLACK
6
CONTINUOUS
10
-4.575389448818898
20
5.7540167322834641
11
-4.5753918897637798
21
5.7545242913385826
0
LINE
8
BLACK
6
CONTINUOUS
10
-4.5753918897637798
20
5.7545242913385826
11
-4.5754229921259846
21
5.7549621259842523
0
LINE
8
BLACK
6
CONTINUOUS
10
-4.5754229921259846
20
5.7549621259842523
11
-4.575394409448819
21
5.755047874015748
0
LINE
8
BLACK
6
CONTINUOUS
10
-4.575394409448819
20
5.755047874015748
11
-4.5754461811023619
21
5.7658413779527562
0
LINE
8
BLACK
6
CONTINUOUS
10
-4.5754461811023619
20
5.7658413779527562
11
-4.575389448818898
21
5.7664174409448821
0
LINE
8
BLACK
6
CONTINUOUS
10
-4.575389448818898
20
5.7664174409448821
11
-4.5753488582677164
21
5.7665154330708663
0
LINE
8
BLACK
6
CONTINUOUS
10
-4.5753488582677164
20
5.7665154330708663
11
-4.5753413385826773
21
5.7666212598425197
0
LINE
8
BLACK
6
CONTINUOUS
10
-4.5753413385826773
20
5.7666212598425197
11
-4.5750931496062988
21
5.7671327952755904
0
LINE
8
BLACK
6
CONTINUOUS
10
-4.5750931496062988
20
5.7671327952755904
11
-4.5749485433070864
21
5.7674818503937004
0
LINE
8
BLACK
6
CONTINUOUS
10
-4.5749485433070864
20
5.7674818503937004
11
-4.5749004330708658
21
5.7675299606299211
0
LINE
8
BLACK
6
CONTINUOUS
10
-4.5749004330708658
20
5.7675299606299211
11
-4.5732596850393703
21
5.7709114173228349
0
LINE
8
BLACK
6
CONTINUOUS
10
-4.5732596850393703
20
5.7709114173228349
11
-4.5731036220472436
21
5.7711594094488188
0
LINE
8
BLACK
6
CONTINUOUS
10
-4.5731036220472436
20
5.7711594094488188
11
-4.5730737795275589
21
5.7712313779527555
0
LINE
8
BLACK
6
CONTINUOUS
10
-4.5730737795275589
20
5.7712313779527555
11
-4.5730292913385826
21
5.7712774409448819
0
LINE
8
BLACK
6
CONTINUOUS
10
-4.5730292913385826
20
5.7712774409448819
11
-4.5729513385826772
21
5.7714012992125987
0
LINE
8
BLACK
6
CONTINUOUS
10
-4.5729513385826772
20
5.7714012992125987
11
-4.5726956692913383
21
5.7716230314960626
0
LINE
8
BLACK
6
CONTINUOUS
10
-4.5726956692913383
20
5.7716230314960626
11
-4.5708318110236217
21
5.7735535826771649
0
LINE
8
BLACK
6
CONTINUOUS
10
-4.5708318110236217
20
5.7735535826771649
11
-4.5706054724409446
21
5.7737393307086613
0
LINE
8
BLACK
6
CONTINUOUS
10
-4.5706054724409446
20
5.7737393307086613
11
-4.5705542913385822
21
5.7737983464566929
0
LINE
8
BLACK
6
CONTINUOUS
10
-4.5705542913385822
20
5.7737983464566929
11
-4.5704986614173224
21
5.7738269685039372
0
LINE
8
BLACK
6
CONTINUOUS
10
-4.5704986614173224
20
5.7738269685039372
11
-4.5703843700787399
21
5.7739207874015746
0
LINE
8
BLACK
6
CONTINUOUS
10
-4.5703843700787399
20
5.7739207874015746
11
-4.5700375196850391
21
5.7740644488188977
0
LINE
8
BLACK
6
CONTINUOUS
10
-4.5700375196850391
20
5.7740644488188977
11
-4.5663148818897641
21
5.7759814566929135
0
LINE
8
BLACK
6
CONTINUOUS
10
-4.5663148818897641
20
5.7759814566929135
11
-4.5657742913385828
21
5.776188346456693
0
LINE
8
BLACK
6
CONTINUOUS
10
-4.5657742913385828
20
5.776188346456693
11
-4.5656684251968507
21
5.7761958661417321
0
LINE
8
BLACK
6
CONTINUOUS
10
-4.5656684251968507
20
5.7761958661417321
11
-4.5655704330708664
21
5.7762364566929136
0
LINE
8
BLACK
6
CONTINUOUS
10
-4.5655704330708664
20
5.7762364566929136
11
-4.5650452755905508
21
5.7762401181102359
0
LINE
8
BLACK
6
CONTINUOUS
10
-4.5650452755905508
20
5.7762401181102359
11
-4.564625078740157
21
5.7762700000000002
0
LINE
8
BLACK
6
CONTINUOUS
10
-4.564625078740157
20
5.7762700000000002
11
-4.5645460629921262
21
5.776243622047244
0
LINE
8
BLACK
6
CONTINUOUS
10
-4.5645460629921262
20
5.776243622047244
11
-4.5574953149606294
21
5.7762931889763776
0
LINE
8
BLACK
6
CONTINUOUS
10
-4.5574953149606294
20
5.7762931889763776
11
-4.5569192519685036
21
5.7762364566929136
0
LINE
8
BLACK
6
CONTINUOUS
10
-4.5569192519685036
20
5.7762364566929136
11
-4.5568212598425193
21
5.7761958267716533
0
LINE
8
BLACK
6
CONTINUOUS
10
-4.5568212598425193
20
5.7761958267716533
11
-4.5567154330708659
21
5.776188346456693
0
LINE
8
BLACK
6
CONTINUOUS
10
-4.5567154330708659
20
5.776188346456693
11
-4.5566839370078736
21
5.7761730314960626
0
LINE
8
BLACK
6
CONTINUOUS
10
-4.5566839370078736
20
5.7761730314960626
11
-4.5566985433070863
21
5.7864637795275593
0
LINE
8
BLACK
6
CONTINUOUS
10
-4.5566985433070863
20
5.7864637795275593
11
-4.5566418110236215
21
5.7870398425196852
0
LINE
8
BLACK
6
CONTINUOUS
10
-4.5566418110236215
20
5.7870398425196852
11
-4.5562009055118109
21
5.7881042519685035
0
LINE
8
BLACK
6
CONTINUOUS
10
-4.5562009055118109
20
5.7881042519685035
11
-4.5553862598425194
21
5.788918897637795
0
LINE
8
BLACK
6
CONTINUOUS
10
-4.5553862598425194
20
5.788918897637795
11
-4.5543218503937011
21
5.7893598031496065
0
LINE
8
BLACK
6
CONTINUOUS
10
-4.5543218503937011
20
5.7893598031496065
11
-4.5531697244094484
21
5.7893598031496065
0
LINE
8
BLACK
6
CONTINUOUS
10
-4.5531697244094484
20
5.7893598031496065
11
-4.5521053149606301
21
5.788918897637795
0
LINE
8
BLACK
6
CONTINUOUS
10
-4.5643797637795274
20
5.7703919685039367
11
-4.5670880708661414
21
5.7689973228346458
0
LINE
8
BLACK
6
CONTINUOUS
10
-4.5670880708661414
20
5.7689973228346458
11
-4.5682787795275592
21
5.7677639763779522
0
LINE
8
BLACK
6
CONTINUOUS
10
-4.5682787795275592
20
5.7677639763779522
11
-4.5695909055118111
21
5.7650598031496063
0
LINE
8
BLACK
6
CONTINUOUS
10
-4.5695909055118111
20
5.7650598031496063
11
-4.5695436220472443
21
5.7552047244094489
0
LINE
8
BLACK
6
CONTINUOUS
10
-4.5695436220472443
20
5.7552047244094489
11
-4.5681503543307089
21
5.7524990944881891
0
LINE
8
BLACK
6
CONTINUOUS
10
-4.5681503543307089
20
5.7524990944881891
11
-4.5669169685039366
21
5.7513083464566925
0
LINE
8
BLACK
6
CONTINUOUS
10
-4.5669169685039366
20
5.7513083464566925
11
-4.5642189370078743
21
5.7499992125984249
0
LINE
8
BLACK
6
CONTINUOUS
10
-4.5642189370078743
20
5.7499992125984249
11
-4.5581099606299214
21
5.750042125984252
0
LINE
8
BLACK
6
CONTINUOUS
10
-4.5581099606299214
20
5.750042125984252
11
-4.5566479133858264
21
5.7507950393700789
0
LINE
8
BLACK
6
CONTINUOUS
10
-4.5566479133858264
20
5.7507950393700789
11
-4.5566746850393702
21
5.769660472440945
0
LINE
8
BLACK
6
CONTINUOUS
10
-4.5566746850393702
20
5.769660472440945
11
-4.5582707480314957
21
5.7704348818897637
0
LINE
8
BLACK
6
CONTINUOUS
10
-4.5582707480314957
20
5.7704348818897637
11
-4.5643797637795274
21
5.7703919685039367
0
LINE
8
BLACK
6
CONTINUOUS
10
-4.4800538582677163
20
5.7762364566929136
11
-4.479955866141732
21
5.7761958267716533
0
LINE
8
BLACK
6
CONTINUOUS
10
-4.479955866141732
20
5.7761958267716533
11
-4.4798500393700786
21
5.776188346456693
0
LINE
8
BLACK
6
CONTINUOUS
10
-4.4798500393700786
20
5.776188346456693
11
-4.4793385039370079
21
5.7759401181102357
0
LINE
8
BLACK
6
CONTINUOUS
10
-4.4793385039370079
20
5.7759401181102357
11
-4.4789894488188979
21
5.7757955511811021
0
LINE
8
BLACK
6
CONTINUOUS
10
-4.4789894488188979
20
5.7757955511811021
11
-4.4789413385826773
21
5.7757474015748027
0
LINE
8
BLACK
6
CONTINUOUS
10
-4.4789413385826773
20
5.7757474015748027
11
-4.4755598818897635
21
5.774106692913386
0
LINE
8
BLACK
6
CONTINUOUS
10
-4.4755598818897635
20
5.774106692913386
11
-4.4754635433070868
21
5.7740460236220468
0
LINE
8
BLACK
6
CONTINUOUS
10
-4.4754635433070868
20
5.7740460236220468
11
-4.4754181102362205
21
5.7740309055118111
0
LINE
8
BLACK
6
CONTINUOUS
10
-4.4754181102362205
20
5.7740309055118111
11
-4.4753615748031494
21
5.7739818503937004
0
LINE
8
BLACK
6
CONTINUOUS
10
-4.4753615748031494
20
5.7739818503937004
11
-4.4750699999999997
21
5.7737983464566929
0
LINE
8
BLACK
6
CONTINUOUS
10
-4.4750699999999997
20
5.7737983464566929
11
-4.4748274409448818
21
5.7735186220472441
0
LINE
8
BLACK
6
CONTINUOUS
10
-4.4748274409448818
20
5.7735186220472441
11
-4.474547716535433
21
5.7732760629921263
0
LINE
8
BLACK
6
CONTINUOUS
10
-4.474547716535433
20
5.7732760629921263
11
-4.4744463779527557
21
5.7730792125984252
0
LINE
8
BLACK
6
CONTINUOUS
10
-4.4744463779527557
20
5.7730792125984252
11
-4.4743151574803148
21
5.7729279527559054
0
LINE
8
BLACK
6
CONTINUOUS
10
-4.4743151574803148
20
5.7729279527559054
11
-4.4742173622047243
21
5.7726344488188976
0
LINE
8
BLACK
6
CONTINUOUS
10
-4.4742173622047243
20
5.7726344488188976
11
-4.4723646062992124
21
5.7690366535433073
0
LINE
8
BLACK
6
CONTINUOUS
10
-4.4723646062992124
20
5.7690366535433073
11
-4.4721577165354329
21
5.768496062992126
0
LINE
8
BLACK
6
CONTINUOUS
10
-4.4721577165354329
20
5.768496062992126
11
-4.4721501968503938
21
5.7683901574803151
0
LINE
8
BLACK
6
CONTINUOUS
10
-4.4721501968503938
20
5.7683901574803151
11
-4.4721096062992123
21
5.7682922047244096
0
LINE
8
BLACK
6
CONTINUOUS
10
-4.4721096062992123
20
5.7682922047244096
11
-4.4721020078740157
21
5.7677118110236218
0
LINE
8
BLACK
6
CONTINUOUS
10
-4.4721020078740157
20
5.7677118110236218
11
-4.4720760629921257
21
5.7673468503937011
0
LINE
8
BLACK
6
CONTINUOUS
10
-4.4720760629921257
20
5.7673468503937011
11
-4.4720964173228346
21
5.7672857874015744
0
LINE
8
BLACK
6
CONTINUOUS
10
-4.4720964173228346
20
5.7672857874015744
11
-4.472052952755905
21
5.7639698818897633
0
LINE
8
BLACK
6
CONTINUOUS
10
-4.472052952755905
20
5.7639698818897633
11
-4.4720528740157484
21
5.7639696850393696
0
LINE
8
BLACK
6
CONTINUOUS
10
-4.4720528740157484
20
5.7639696850393696
11
-4.4720529133858271
21
5.7639694881889758
0
LINE
8
BLACK
6
CONTINUOUS
10
-4.4720529133858271
20
5.7639694881889758
11
-4.4720528740157484
21
5.7639666141732286
0
LINE
8
BLACK
6
CONTINUOUS
10
-4.4720528740157484
20
5.7639666141732286
11
-4.4721096062992123
21
5.7633905511811019
0
LINE
8
BLACK
6
CONTINUOUS
10
-4.4721096062992123
20
5.7633905511811019
11
-4.4722203937007876
21
5.7631231496062991
0
LINE
8
BLACK
6
CONTINUOUS
10
-4.4722203937007876
20
5.7631231496062991
11
-4.4722764960629924
21
5.762839488188976
0
LINE
8
BLACK
6
CONTINUOUS
10
-4.4722764960629924
20
5.762839488188976
11
-4.4724385826771655
21
5.7625963385826768
0
LINE
8
BLACK
6
CONTINUOUS
10
-4.4724385826771655
20
5.7625963385826768
11
-4.4725505118110238
21
5.7623261417322835
0
LINE
8
BLACK
6
CONTINUOUS
10
-4.4725505118110238
20
5.7623261417322835
11
-4.4727551574803153
21
5.7621214960629921
0
LINE
8
BLACK
6
CONTINUOUS
10
-4.4727551574803153
20
5.7621214960629921
11
-4.4729155511811021
21
5.761880905511811
0
LINE
8
BLACK
6
CONTINUOUS
10
-4.4729155511811021
20
5.761880905511811
11
-4.4731583858267712
21
5.7617182677165353
0
LINE
8
BLACK
6
CONTINUOUS
10
-4.4731583858267712
20
5.7617182677165353
11
-4.4733651574803153
21
5.7615114960629921
0
LINE
8
BLACK
6
CONTINUOUS
10
-4.4733651574803153
20
5.7615114960629921
11
-4.4736324409448818
21
5.7614007480314955
0
LINE
8
BLACK
6
CONTINUOUS
10
-4.4736324409448818
20
5.7614007480314955
11
-4.4738727952755903
21
5.7612398031496062
0
LINE
8
BLACK
6
CONTINUOUS
10
-4.4738727952755903
20
5.7612398031496062
11
-4.4741635826771651
21
5.7611807480314958
0
LINE
8
BLACK
6
CONTINUOUS
10
-4.4741635826771651
20
5.7611807480314958
11
-4.4744295669291336
21
5.7610705905511805
0
LINE
8
BLACK
6
CONTINUOUS
10
-4.4744295669291336
20
5.7610705905511805
11
-4.4747063779527556
21
5.7610705905511805
0
LINE
8
BLACK
6
CONTINUOUS
10
-4.4747063779527556
20
5.7610705905511805
11
-4.4908190551181102
21
5.7577997244094483
0
LINE
8
BLACK
6
CONTINUOUS
10
-4.4908190551181102
20
5.7577997244094483
11
-4.4908027559055119
21
5.753328582677165
0
LINE
8
BLACK
6
CONTINUOUS
10
-4.4908027559055119
20
5.753328582677165
11
-4.4896661023622046
21
5.7511212992125982
0
LINE
8
BLACK
6
CONTINUOUS
10
-4.4896661023622046
20
5.7511212992125982
11
-4.4873535433070861
21
5.7499992125984249
0
LINE
8
BLACK
6
CONTINUOUS
10
-4.4873535433070861
20
5.7499992125984249
11
-4.4812445669291341
21
5.750042125984252
0
LINE
8
BLACK
6
CONTINUOUS
10
-4.4812445669291341
20
5.750042125984252
11
-4.4782009055118106
21
5.7516095275590553
0
LINE
8
BLACK
6
CONTINUOUS
10
-4.4782009055118106
20
5.7516095275590553
11
-4.4776603149606302
21
5.7518164173228348
0
LINE
8
BLACK
6
CONTINUOUS
10
-4.4776603149606302
20
5.7518164173228348
11
-4.4765111023622044
21
5.751898070866142
0
LINE
8
BLACK
6
CONTINUOUS
10
-4.4765111023622044
20
5.751898070866142
11
-4.4754181102362205
21
5.7515337795275592
0
LINE
8
BLACK
6
CONTINUOUS
10
-4.4754181102362205
20
5.7515337795275592
11
-4.4745477559055118
21
5.7507788976377947
0
LINE
8
BLACK
6
CONTINUOUS
10
-4.4745477559055118
20
5.7507788976377947
11
-4.4740324803149605
21
5.7497484251968505
0
LINE
8
BLACK
6
CONTINUOUS
10
-4.4740324803149605
20
5.7497484251968505
11
-4.4739508267716532
21
5.7485992125984247
0
LINE
8
BLACK
6
CONTINUOUS
10
-4.4739508267716532
20
5.7485992125984247
11
-4.4743151181102361
21
5.7475062598425195
0
LINE
8
BLACK
6
CONTINUOUS
10
-4.4743151181102361
20
5.7475062598425195
11
-4.4750699606299209
21
5.7466358661417321
0
LINE
8
BLACK
6
CONTINUOUS
10
-4.4750699606299209
20
5.7466358661417321
11
-4.4793093700787399
21
5.7444526771653539
0
LINE
8
BLACK
6
CONTINUOUS
10
-4.4793093700787399
20
5.7444526771653539
11
-4.4798499999999999
21
5.7442457874015744
0
LINE
8
BLACK
6
CONTINUOUS
10
-4.4798499999999999
20
5.7442457874015744
11
-4.4799559055118108
21
5.7442382283464566
0
LINE
8
BLACK
6
CONTINUOUS
10
-4.4799559055118108
20
5.7442382283464566
11
-4.4800538582677163
21
5.7441976771653538
0
LINE
8
BLACK
6
CONTINUOUS
10
-4.4800538582677163
20
5.7441976771653538
11
-4.4805790551181097
21
5.7441939763779528
0
LINE
8
BLACK
6
CONTINUOUS
10
-4.4805790551181097
20
5.7441939763779528
11
-4.4809992125984248
21
5.7441641338582672
0
LINE
8
BLACK
6
CONTINUOUS
10
-4.4809992125984248
20
5.7441641338582672
11
-4.4810782677165353
21
5.7441904724409447
0
LINE
8
BLACK
6
CONTINUOUS
10
-4.4810782677165353
20
5.7441904724409447
11
-4.4881289763779524
21
5.7441409448818899
0
LINE
8
BLACK
6
CONTINUOUS
10
-4.4881289763779524
20
5.7441409448818899
11
-4.4887050393700783
21
5.7441976771653538
0
LINE
8
BLACK
6
CONTINUOUS
10
-4.4887050393700783
20
5.7441976771653538
11
-4.4888030314960625
21
5.7442382283464566
0
LINE
8
BLACK
6
CONTINUOUS
10
-4.4888030314960625
20
5.7442382283464566
11
-4.4889088976377955
21
5.7442457874015744
0
LINE
8
BLACK
6
CONTINUOUS
10
-4.4889088976377955
20
5.7442457874015744
11
-4.4894206692913388
21
5.7444940551181105
0
LINE
8
BLACK
6
CONTINUOUS
10
-4.4894206692913388
20
5.7444940551181105
11
-4.4897694488188975
21
5.7446385826771653
0
LINE
8
BLACK
6
CONTINUOUS
10
-4.4897694488188975
20
5.7446385826771653
11
-4.4898175590551181
21
5.7446866535433072
0
LINE
8
BLACK
6
CONTINUOUS
10
-4.4898175590551181
20
5.7446866535433072
11
-4.4931990551181098
21
5.7463274803149602
0
LINE
8
BLACK
6
CONTINUOUS
10
-4.4931990551181098
20
5.7463274803149602
11
-4.4932954330708661
21
5.7463881102362206
0
LINE
8
BLACK
6
CONTINUOUS
10
-4.4932954330708661
20
5.7463881102362206
11
-4.4933407874015749
21
5.7464032677165351
0
LINE
8
BLACK
6
CONTINUOUS
10
-4.4933407874015749
20
5.7464032677165351
11
-4.4933973622047247
21
5.746452283464567
0
LINE
8
BLACK
6
CONTINUOUS
10
-4.4933973622047247
20
5.746452283464567
11
-4.4936888976377949
21
5.7466358661417321
0
LINE
8
BLACK
6
CONTINUOUS
10
-4.4936888976377949
20
5.7466358661417321
11
-4.4939314173228349
21
5.7469154330708658
0
LINE
8
BLACK
6
CONTINUOUS
10
-4.4939314173228349
20
5.7469154330708658
11
-4.4942111811023624
21
5.7471581102362199
0
LINE
8
BLACK
6
CONTINUOUS
10
-4.4942111811023624
20
5.7471581102362199
11
-4.4943125590551176
21
5.7473549212598423
0
LINE
8
BLACK
6
CONTINUOUS
10
-4.4943125590551176
20
5.7473549212598423
11
-4.4944437795275594
21
5.7475062598425195
0
LINE
8
BLACK
6
CONTINUOUS
10
-4.4944437795275594
20
5.7475062598425195
11
-4.4945416141732286
21
5.7477997637795273
0
LINE
8
BLACK
6
CONTINUOUS
10
-4.4945416141732286
20
5.7477997637795273
11
-4.4963942913385821
21
5.7513975196850389
0
LINE
8
BLACK
6
CONTINUOUS
10
-4.4963942913385821
20
5.7513975196850389
11
-4.4966011811023625
21
5.7519381496062989
0
LINE
8
BLACK
6
CONTINUOUS
10
-4.4966011811023625
20
5.7519381496062989
11
-4.4966087007874016
21
5.7520439370078735
0
LINE
8
BLACK
6
CONTINUOUS
10
-4.4966087007874016
20
5.7520439370078735
11
-4.4966492913385823
21
5.7521419685039366
0
LINE
8
BLACK
6
CONTINUOUS
10
-4.4966492913385823
20
5.7521419685039366
11
-4.4966511417322836
21
5.7526408267716533
0
LINE
8
BLACK
6
CONTINUOUS
10
-4.4966511417322836
20
5.7526408267716533
11
-4.4966828346456689
21
5.7530873622047247
0
LINE
8
BLACK
6
CONTINUOUS
10
-4.4966828346456689
20
5.7530873622047247
11
-4.4966530708661416
21
5.7531766535433073
0
LINE
8
BLACK
6
CONTINUOUS
10
-4.4966530708661416
20
5.7531766535433073
11
-4.4966781889763778
21
5.7600748031496058
0
LINE
8
BLACK
6
CONTINUOUS
10
-4.4966781889763778
20
5.7600748031496058
11
-4.4967060236220471
21
5.7602140157480317
0
LINE
8
BLACK
6
CONTINUOUS
10
-4.4967060236220471
20
5.7602140157480317
11
-4.4966792125984254
21
5.7603496456692911
0
LINE
8
BLACK
6
CONTINUOUS
10
-4.4966792125984254
20
5.7603496456692911
11
-4.4967060236220471
21
5.7677161417322838
0
LINE
8
BLACK
6
CONTINUOUS
10
-4.4967060236220471
20
5.7677161417322838
11
-4.4966492913385823
21
5.7682922047244096
0
LINE
8
BLACK
6
CONTINUOUS
10
-4.4966492913385823
20
5.7682922047244096
11
-4.4966087007874016
21
5.7683901968503939
0
LINE
8
BLACK
6
CONTINUOUS
10
-4.4966087007874016
20
5.7683901968503939
11
-4.4966011811023625
21
5.7684960236220473
0
LINE
8
BLACK
6
CONTINUOUS
10
-4.4966011811023625
20
5.7684960236220473
11
-4.4963529921259839
21
5.769007559055118
0
LINE
8
BLACK
6
CONTINUOUS
10
-4.4963529921259839
20
5.769007559055118
11
-4.4962083858267716
21
5.769356614173228
0
LINE
8
BLACK
6
CONTINUOUS
10
-4.4962083858267716
20
5.769356614173228
11
-4.496160275590551
21
5.7694047244094486
0
LINE
8
BLACK
6
CONTINUOUS
10
-4.496160275590551
20
5.7694047244094486
11
-4.4945195275590546
21
5.7727861811023624
0
LINE
8
BLACK
6
CONTINUOUS
10
-4.4945195275590546
20
5.7727861811023624
11
-4.494458897637795
21
5.7728825196850391
0
LINE
8
BLACK
6
CONTINUOUS
10
-4.494458897637795
20
5.7728825196850391
11
-4.4944437401574806
21
5.7729279527559054
0
LINE
8
BLACK
6
CONTINUOUS
10
-4.4944437401574806
20
5.7729279527559054
11
-4.4943947244094486
21
5.7729844881889765
0
LINE
8
BLACK
6
CONTINUOUS
10
-4.4943947244094486
20
5.7729844881889765
11
-4.4942111811023624
21
5.7732760629921263
0
LINE
8
BLACK
6
CONTINUOUS
10
-4.4942111811023624
20
5.7732760629921263
11
-4.4939314960629924
21
5.7735186220472441
0
LINE
8
BLACK
6
CONTINUOUS
10
-4.4939314960629924
20
5.7735186220472441
11
-4.4936888976377949
21
5.7737983464566929
0
LINE
8
BLACK
6
CONTINUOUS
10
-4.4936888976377949
20
5.7737983464566929
11
-4.4934920866141734
21
5.7738996850393702
0
LINE
8
BLACK
6
CONTINUOUS
10
-4.4934920866141734
20
5.7738996850393702
11
-4.4933407874015749
21
5.7740309055118111
0
LINE
8
BLACK
6
CONTINUOUS
10
-4.4933407874015749
20
5.7740309055118111
11
-4.4930473228346459
21
5.7741287007874016
0
LINE
8
BLACK
6
CONTINUOUS
10
-4.4930473228346459
20
5.7741287007874016
11
-4.4894494881889759
21
5.7759814566929135
0
LINE
8
BLACK
6
CONTINUOUS
10
-4.4894494881889759
20
5.7759814566929135
11
-4.4889088976377955
21
5.776188346456693
0
LINE
8
BLACK
6
CONTINUOUS
10
-4.4889088976377955
20
5.776188346456693
11
-4.4888030314960625
21
5.7761958661417321
0
LINE
8
BLACK
6
CONTINUOUS
10
-4.4888030314960625
20
5.7761958661417321
11
-4.4887050393700783
21
5.7762364566929136
0
LINE
8
BLACK
6
CONTINUOUS
10
-4.4887050393700783
20
5.7762364566929136
11
-4.4881798818897636
21
5.7762401181102359
0
LINE
8
BLACK
6
CONTINUOUS
10
-4.4881798818897636
20
5.7762401181102359
11
-4.4877596850393697
21
5.7762700000000002
0
LINE
8
BLACK
6
CONTINUOUS
10
-4.4877596850393697
20
5.7762700000000002
11
-4.4876806692913389
21
5.776243622047244
0
LINE
8
BLACK
6
CONTINUOUS
10
-4.4876806692913389
20
5.776243622047244
11
-4.4806299212598422
21
5.7762931889763776
0
LINE
8
BLACK
6
CONTINUOUS
10
-4.4806299212598422
20
5.7762931889763776
11
-4.4800538582677163
21
5.7762364566929136
0
LINE
8
BLACK
6
CONTINUOUS
10
-4.4875143700787401
20
5.7703919685039367
11
-4.4897256692913388
21
5.7692532283464564
0
LINE
8
BLACK
6
CONTINUOUS
10
-4.4897256692913388
20
5.7692532283464564
11
-4.4908523228346455
21
5.7669313779527558
0
LINE
8
BLACK
6
CONTINUOUS
10
-4.4908523228346455
20
5.7669313779527558
11
-4.4908407874015746
21
5.7637650787401578
0
LINE
8
BLACK
6
CONTINUOUS
10
-4.4908407874015746
20
5.7637650787401578
11
-4.4779409448818894
21
5.7663837007874017
0
LINE
8
BLACK
6
CONTINUOUS
10
-4.4779409448818894
20
5.7663837007874017
11
-4.4779502362204724
21
5.7670940157480315
0
LINE
8
BLACK
6
CONTINUOUS
10
-4.4779502362204724
20
5.7670940157480315
11
-4.4790928346456695
21
5.7693127952755905
0
LINE
8
BLACK
6
CONTINUOUS
10
-4.4790928346456695
20
5.7693127952755905
11
-4.4814053543307084
21
5.7704348818897637
0
LINE
8
BLACK
6
CONTINUOUS
10
-4.4814053543307084
20
5.7704348818897637
11
-4.4875143700787401
21
5.7703919685039367
0
LINE
8
BLACK
6
CONTINUOUS
10
-4.444433307086614
20
5.7762364566929136
11
-4.4443353149606297
21
5.7761958267716533
0
LINE
8
BLACK
6
CONTINUOUS
10
-4.4443353149606297
20
5.7761958267716533
11
-4.4442294881889763
21
5.776188346456693
0
LINE
8
BLACK
6
CONTINUOUS
10
-4.4442294881889763
20
5.776188346456693
11
-4.4437179527559056
21
5.7759401181102357
0
LINE
8
BLACK
6
CONTINUOUS
10
-4.4437179527559056
20
5.7759401181102357
11
-4.4433688976377947
21
5.7757955511811021
0
LINE
8
BLACK
6
CONTINUOUS
10
-4.4433688976377947
20
5.7757955511811021
11
-4.443320787401575
21
5.7757474015748027
0
LINE
8
BLACK
6
CONTINUOUS
10
-4.443320787401575
20
5.7757474015748027
11
-4.4399393307086612
21
5.774106692913386
0
LINE
8
BLACK
6
CONTINUOUS
10
-4.4399393307086612
20
5.774106692913386
11
-4.4394494488188974
21
5.7737983464566929
0
LINE
8
BLACK
6
CONTINUOUS
10
-4.4394494488188974
20
5.7737983464566929
11
-4.4386946062992125
21
5.7729279527559054
0
LINE
8
BLACK
6
CONTINUOUS
10
-4.4386946062992125
20
5.7729279527559054
11
-4.4383302755905509
21
5.7718350000000003
0
LINE
8
BLACK
6
CONTINUOUS
10
-4.4383302755905509
20
5.7718350000000003
11
-4.4384119291338582
21
5.7706857874015745
0
LINE
8
BLACK
6
CONTINUOUS
10
-4.4384119291338582
20
5.7706857874015745
11
-4.4389272047244095
21
5.7696552755905515
0
LINE
8
BLACK
6
CONTINUOUS
10
-4.4389272047244095
20
5.7696552755905515
11
-4.4397975590551182
21
5.7689004330708658
0
LINE
8
BLACK
6
CONTINUOUS
10
-4.4397975590551182
20
5.7689004330708658
11
-4.4408905511811021
21
5.7685361023622042
0
LINE
8
BLACK
6
CONTINUOUS
10
-4.4408905511811021
20
5.7685361023622042
11
-4.442039763779527
21
5.7686177559055114
0
LINE
8
BLACK
6
CONTINUOUS
10
-4.442039763779527
20
5.7686177559055114
11
-4.4457848031496061
21
5.7704348818897637
0
LINE
8
BLACK
6
CONTINUOUS
10
-4.4457848031496061
20
5.7704348818897637
11
-4.4518938188976378
21
5.7703919685039367
0
LINE
8
BLACK
6
CONTINUOUS
10
-4.4518938188976378
20
5.7703919685039367
11
-4.4546021259842519
21
5.7689973228346458
0
LINE
8
BLACK
6
CONTINUOUS
10
-4.4546021259842519
20
5.7689973228346458
11
-4.4557928346456688
21
5.7677639763779522
0
LINE
8
BLACK
6
CONTINUOUS
10
-4.4557928346456688
20
5.7677639763779522
11
-4.4571049606299216
21
5.7650598031496063
0
LINE
8
BLACK
6
CONTINUOUS
10
-4.4571049606299216
20
5.7650598031496063
11
-4.4570576771653538
21
5.7552047244094489
0
LINE
8
BLACK
6
CONTINUOUS
10
-4.4570576771653538
20
5.7552047244094489
11
-4.4556644094488185
21
5.7524990944881891
0
LINE
8
BLACK
6
CONTINUOUS
10
-4.4556644094488185
20
5.7524990944881891
11
-4.454431023622047
21
5.7513083464566925
0
LINE
8
BLACK
6
CONTINUOUS
10
-4.454431023622047
20
5.7513083464566925
11
-4.4517329921259838
21
5.7499992125984249
0
LINE
8
BLACK
6
CONTINUOUS
10
-4.4517329921259838
20
5.7499992125984249
11
-4.4456240157480318
21
5.750042125984252
0
LINE
8
BLACK
6
CONTINUOUS
10
-4.4456240157480318
20
5.750042125984252
11
-4.4425803543307083
21
5.7516095275590553
0
LINE
8
BLACK
6
CONTINUOUS
10
-4.4425803543307083
20
5.7516095275590553
11
-4.442039763779527
21
5.7518164173228348
0
LINE
8
BLACK
6
CONTINUOUS
10
-4.442039763779527
20
5.7518164173228348
11
-4.4408905511811021
21
5.751898070866142
0
LINE
8
BLACK
6
CONTINUOUS
10
-4.4408905511811021
20
5.751898070866142
11
-4.4397975590551182
21
5.7515337795275592
0
LINE
8
BLACK
6
CONTINUOUS
10
-4.4397975590551182
20
5.7515337795275592
11
-4.4389272047244095
21
5.7507788976377947
0
LINE
8
BLACK
6
CONTINUOUS
10
-4.4389272047244095
20
5.7507788976377947
11
-4.4384119291338582
21
5.7497484251968505
0
LINE
8
BLACK
6
CONTINUOUS
10
-4.4384119291338582
20
5.7497484251968505
11
-4.4383302755905509
21
5.7485992125984247
0
LINE
8
BLACK
6
CONTINUOUS
10
-4.4383302755905509
20
5.7485992125984247
11
-4.4386945669291338
21
5.7475062598425195
0
LINE
8
BLACK
6
CONTINUOUS
10
-4.4386945669291338
20
5.7475062598425195
11
-4.4394494094488186
21
5.7466358661417321
0
LINE
8
BLACK
6
CONTINUOUS
10
-4.4394494094488186
20
5.7466358661417321
11
-4.4436888188976376
21
5.7444526771653539
0
LINE
8
BLACK
6
CONTINUOUS
10
-4.4436888188976376
20
5.7444526771653539
11
-4.4442294488188976
21
5.7442457874015744
0
LINE
8
BLACK
6
CONTINUOUS
10
-4.4442294488188976
20
5.7442457874015744
11
-4.4443353543307085
21
5.7442382283464566
0
LINE
8
BLACK
6
CONTINUOUS
10
-4.4443353543307085
20
5.7442382283464566
11
-4.444433307086614
21
5.7441976771653538
0
LINE
8
BLACK
6
CONTINUOUS
10
-4.444433307086614
20
5.7441976771653538
11
-4.4449585039370074
21
5.7441939763779528
0
LINE
8
BLACK
6
CONTINUOUS
10
-4.4449585039370074
20
5.7441939763779528
11
-4.4453786614173225
21
5.7441641338582672
0
LINE
8
BLACK
6
CONTINUOUS
10
-4.4453786614173225
20
5.7441641338582672
11
-4.445457716535433
21
5.7441904724409447
0
LINE
8
BLACK
6
CONTINUOUS
10
-4.445457716535433
20
5.7441904724409447
11
-4.4525084251968501
21
5.7441409448818899
0
LINE
8
BLACK
6
CONTINUOUS
10
-4.4525084251968501
20
5.7441409448818899
11
-4.453084488188976
21
5.7441976771653538
0
LINE
8
BLACK
6
CONTINUOUS
10
-4.453084488188976
20
5.7441976771653538
11
-4.4531824803149602
21
5.7442382283464566
0
LINE
8
BLACK
6
CONTINUOUS
10
-4.4531824803149602
20
5.7442382283464566
11
-4.4532883464566932
21
5.7442457874015744
0
LINE
8
BLACK
6
CONTINUOUS
10
-4.4532883464566932
20
5.7442457874015744
11
-4.4538001181102365
21
5.7444940551181105
0
LINE
8
BLACK
6
CONTINUOUS
10
-4.4538001181102365
20
5.7444940551181105
11
-4.4541488976377952
21
5.7446385826771653
0
LINE
8
BLACK
6
CONTINUOUS
10
-4.4541488976377952
20
5.7446385826771653
11
-4.4541970078740158
21
5.7446866535433072
0
LINE
8
BLACK
6
CONTINUOUS
10
-4.4541970078740158
20
5.7446866535433072
11
-4.4575785039370075
21
5.7463274803149602
0
LINE
8
BLACK
6
CONTINUOUS
10
-4.4575785039370075
20
5.7463274803149602
11
-4.4578264566929136
21
5.7464835433070869
0
LINE
8
BLACK
6
CONTINUOUS
10
-4.4578264566929136
20
5.7464835433070869
11
-4.4578984251968503
21
5.7465133858267716
0
LINE
8
BLACK
6
CONTINUOUS
10
-4.4578984251968503
20
5.7465133858267716
11
-4.4579446062992121
21
5.7465579133858267
0
LINE
8
BLACK
6
CONTINUOUS
10
-4.4579446062992121
20
5.7465579133858267
11
-4.4580683464566926
21
5.7466358661417321
0
LINE
8
BLACK
6
CONTINUOUS
10
-4.4580683464566926
20
5.7466358661417321
11
-4.4582899999999999
21
5.746891377952756
0
LINE
8
BLACK
6
CONTINUOUS
10
-4.4582899999999999
20
5.746891377952756
11
-4.4602206299212597
21
5.7487553543307088
0
LINE
8
BLACK
6
CONTINUOUS
10
-4.4602206299212597
20
5.7487553543307088
11
-4.4604064173228348
21
5.7489816929133859
0
LINE
8
BLACK
6
CONTINUOUS
10
-4.4604064173228348
20
5.7489816929133859
11
-4.4604653937007877
21
5.7490328740157475
0
LINE
8
BLACK
6
CONTINUOUS
10
-4.4604653937007877
20
5.7490328740157475
11
-4.4604940551181098
21
5.7490885039370081
0
LINE
8
BLACK
6
CONTINUOUS
10
-4.4604940551181098
20
5.7490885039370081
11
-4.4605878346456693
21
5.7492027952755906
0
LINE
8
BLACK
6
CONTINUOUS
10
-4.4605878346456693
20
5.7492027952755906
11
-4.4607314960629925
21
5.7495495669291339
0
LINE
8
BLACK
6
CONTINUOUS
10
-4.4607314960629925
20
5.7495495669291339
11
-4.4626485039370074
21
5.7532722834645664
0
LINE
8
BLACK
6
CONTINUOUS
10
-4.4626485039370074
20
5.7532722834645664
11
-4.4628553937007869
21
5.7538129133858265
0
LINE
8
BLACK
6
CONTINUOUS
10
-4.4628553937007869
20
5.7538129133858265
11
-4.4628629133858269
21
5.7539187007874011
0
LINE
8
BLACK
6
CONTINUOUS
10
-4.4628629133858269
20
5.7539187007874011
11
-4.4629035039370075
21
5.7540167322834641
0
LINE
8
BLACK
6
CONTINUOUS
10
-4.4629035039370075
20
5.7540167322834641
11
-4.4629059448818893
21
5.7545242913385826
0
LINE
8
BLACK
6
CONTINUOUS
10
-4.4629059448818893
20
5.7545242913385826
11
-4.4629370472440941
21
5.7549621259842523
0
LINE
8
BLACK
6
CONTINUOUS
10
-4.4629370472440941
20
5.7549621259842523
11
-4.4629084645669295
21
5.755047874015748
0
LINE
8
BLACK
6
CONTINUOUS
10
-4.4629084645669295
20
5.755047874015748
11
-4.4629602362204723
21
5.7658413779527562
0
LINE
8
BLACK
6
CONTINUOUS
10
-4.4629602362204723
20
5.7658413779527562
11
-4.4629035039370075
21
5.7664174409448821
0
LINE
8
BLACK
6
CONTINUOUS
10
-4.4629035039370075
20
5.7664174409448821
11
-4.4628629133858269
21
5.7665154330708663
0
LINE
8
BLACK
6
CONTINUOUS
10
-4.4628629133858269
20
5.7665154330708663
11
-4.4628553937007869
21
5.7666212598425197
0
LINE
8
BLACK
6
CONTINUOUS
10
-4.4628553937007869
20
5.7666212598425197
11
-4.4626072047244092
21
5.7671327952755904
0
LINE
8
BLACK
6
CONTINUOUS
10
-4.4626072047244092
20
5.7671327952755904
11
-4.4624625984251969
21
5.7674818503937004
0
LINE
8
BLACK
6
CONTINUOUS
10
-4.4624625984251969
20
5.7674818503937004
11
-4.4624144881889762
21
5.7675299606299211
0
LINE
8
BLACK
6
CONTINUOUS
10
-4.4624144881889762
20
5.7675299606299211
11
-4.4607737401574798
21
5.7709114173228349
0
LINE
8
BLACK
6
CONTINUOUS
10
-4.4607737401574798
20
5.7709114173228349
11
-4.4606176771653541
21
5.7711594094488188
0
LINE
8
BLACK
6
CONTINUOUS
10
-4.4606176771653541
20
5.7711594094488188
11
-4.4605878346456693
21
5.7712313779527555
0
LINE
8
BLACK
6
CONTINUOUS
10
-4.4605878346456693
20
5.7712313779527555
11
-4.460543346456693
21
5.7712774409448819
0
LINE
8
BLACK
6
CONTINUOUS
10
-4.460543346456693
20
5.7712774409448819
11
-4.4604653937007877
21
5.7714012992125987
0
LINE
8
BLACK
6
CONTINUOUS
10
-4.4604653937007877
20
5.7714012992125987
11
-4.4602097244094487
21
5.7716230314960626
0
LINE
8
BLACK
6
CONTINUOUS
10
-4.4602097244094487
20
5.7716230314960626
11
-4.4583458661417321
21
5.7735535826771649
0
LINE
8
BLACK
6
CONTINUOUS
10
-4.4583458661417321
20
5.7735535826771649
11
-4.4581195275590551
21
5.7737393307086613
0
LINE
8
BLACK
6
CONTINUOUS
10
-4.4581195275590551
20
5.7737393307086613
11
-4.4580683464566926
21
5.7737983464566929
0
LINE
8
BLACK
6
CONTINUOUS
10
-4.4580683464566926
20
5.7737983464566929
11
-4.4580127165354329
21
5.7738269685039372
0
LINE
8
BLACK
6
CONTINUOUS
10
-4.4580127165354329
20
5.7738269685039372
11
-4.4578984251968503
21
5.7739207874015746
0
LINE
8
BLACK
6
CONTINUOUS
10
-4.4578984251968503
20
5.7739207874015746
11
-4.4575515748031496
21
5.7740644488188977
0
LINE
8
BLACK
6
CONTINUOUS
10
-4.4575515748031496
20
5.7740644488188977
11
-4.4538289370078736
21
5.7759814566929135
0
LINE
8
BLACK
6
CONTINUOUS
10
-4.4538289370078736
20
5.7759814566929135
11
-4.4532883464566932
21
5.776188346456693
0
LINE
8
BLACK
6
CONTINUOUS
10
-4.4532883464566932
20
5.776188346456693
11
-4.4531824803149602
21
5.7761958661417321
0
LINE
8
BLACK
6
CONTINUOUS
10
-4.4531824803149602
20
5.7761958661417321
11
-4.453084488188976
21
5.7762364566929136
0
LINE
8
BLACK
6
CONTINUOUS
10
-4.453084488188976
20
5.7762364566929136
11
-4.4525593307086613
21
5.7762401181102359
0
LINE
8
BLACK
6
CONTINUOUS
10
-4.4525593307086613
20
5.7762401181102359
11
-4.4521391338582674
21
5.7762700000000002
0
LINE
8
BLACK
6
CONTINUOUS
10
-4.4521391338582674
20
5.7762700000000002
11
-4.4520601181102357
21
5.776243622047244
0
LINE
8
BLACK
6
CONTINUOUS
10
-4.4520601181102357
20
5.776243622047244
11
-4.4450093700787399
21
5.7762931889763776
0
LINE
8
BLACK
6
CONTINUOUS
10
-4.4450093700787399
20
5.7762931889763776
11
-4.444433307086614
21
5.7762364566929136
0
LINE
8
BLACK
6
CONTINUOUS
10
-4.4227464566929129
20
5.788918897637795
11
-4.4219318110236223
21
5.7881042519685035
0
LINE
8
BLACK
6
CONTINUOUS
10
-4.4219318110236223
20
5.7881042519685035
11
-4.4214909055118108
21
5.7870398425196852
0
LINE
8
BLACK
6
CONTINUOUS
10
-4.4214909055118108
20
5.7870398425196852
11
-4.4214731102362208
21
5.7762696456692915
0
LINE
8
BLACK
6
CONTINUOUS
10
-4.4214731102362208
20
5.7762696456692915
11
-4.4150131102362202
21
5.7762931889763776
0
LINE
8
BLACK
6
CONTINUOUS
10
-4.4150131102362202
20
5.7762931889763776
11
-4.4144370472440944
21
5.7762364566929136
0
LINE
8
BLACK
6
CONTINUOUS
10
-4.4144370472440944
20
5.7762364566929136
11
-4.4133726377952751
21
5.7757955511811021
0
LINE
8
BLACK
6
CONTINUOUS
10
-4.4133726377952751
20
5.7757955511811021
11
-4.4125579921259845
21
5.7749809055118106
0
LINE
8
BLACK
6
CONTINUOUS
10
-4.4125579921259845
20
5.7749809055118106
11
-4.412117086614173
21
5.7739164960629923
0
LINE
8
BLACK
6
CONTINUOUS
10
-4.412117086614173
20
5.7739164960629923
11
-4.412117086614173
21
5.7727643700787397
0
LINE
8
BLACK
6
CONTINUOUS
10
-4.412117086614173
20
5.7727643700787397
11
-4.4125579921259845
21
5.7716999606299213
0
LINE
8
BLACK
6
CONTINUOUS
10
-4.4125579921259845
20
5.7716999606299213
11
-4.4133726377952751
21
5.7708853149606298
0
LINE
8
BLACK
6
CONTINUOUS
10
-4.4133726377952751
20
5.7708853149606298
11
-4.4144370472440944
21
5.7704444094488192
0
LINE
8
BLACK
6
CONTINUOUS
10
-4.4144370472440944
20
5.7704444094488192
11
-4.4214634645669291
21
5.7704187795275592
0
LINE
8
BLACK
6
CONTINUOUS
10
-4.4214634645669291
20
5.7704187795275592
11
-4.4214351968503935
21
5.7533262204724407
0
LINE
8
BLACK
6
CONTINUOUS
10
-4.4214351968503935
20
5.7533262204724407
11
-4.4202997637795276
21
5.7511212992125982
0
LINE
8
BLACK
6
CONTINUOUS
10
-4.4202997637795276
20
5.7511212992125982
11
-4.4180037007874011
21
5.7500072047244091
0
LINE
8
BLACK
6
CONTINUOUS
10
-4.4180037007874011
20
5.7500072047244091
11
-4.4150131102362202
21
5.750046456692913
0
LINE
8
BLACK
6
CONTINUOUS
10
-4.4150131102362202
20
5.750046456692913
11
-4.4144370472440944
21
5.7499897244094491
0
LINE
8
BLACK
6
CONTINUOUS
10
-4.4144370472440944
20
5.7499897244094491
11
-4.4133726377952751
21
5.7495488188976376
0
LINE
8
BLACK
6
CONTINUOUS
10
-4.4133726377952751
20
5.7495488188976376
11
-4.4125579921259845
21
5.7487341732283461
0
LINE
8
BLACK
6
CONTINUOUS
10
-4.4125579921259845
20
5.7487341732283461
11
-4.412117086614173
21
5.7476697637795278
0
LINE
8
BLACK
6
CONTINUOUS
10
-4.412117086614173
20
5.7476697637795278
11
-4.412117086614173
21
5.7465176377952751
0
LINE
8
BLACK
6
CONTINUOUS
10
-4.412117086614173
20
5.7465176377952751
11
-4.4125579921259845
21
5.7454532283464568
0
LINE
8
BLACK
6
CONTINUOUS
10
-4.4125579921259845
20
5.7454532283464568
11
-4.4133726377952751
21
5.7446385826771653
0
LINE
8
BLACK
6
CONTINUOUS
10
-4.4133726377952751
20
5.7446385826771653
11
-4.4144370472440944
21
5.7441976771653538
0
LINE
8
BLACK
6
CONTINUOUS
10
-4.4144370472440944
20
5.7441976771653538
11
-4.4187626377952753
21
5.7441409448818899
0
LINE
8
BLACK
6
CONTINUOUS
10
-4.4187626377952753
20
5.7441409448818899
11
-4.4193387007874012
21
5.7441976771653538
0
LINE
8
BLACK
6
CONTINUOUS
10
-4.4193387007874012
20
5.7441976771653538
11
-4.4194366929133855
21
5.7442382283464566
0
LINE
8
BLACK
6
CONTINUOUS
10
-4.4194366929133855
20
5.7442382283464566
11
-4.4195425590551176
21
5.7442457874015744
0
LINE
8
BLACK
6
CONTINUOUS
10
-4.4195425590551176
20
5.7442457874015744
11
-4.4200543307086617
21
5.7444940551181105
0
LINE
8
BLACK
6
CONTINUOUS
10
-4.4200543307086617
20
5.7444940551181105
11
-4.4204031102362205
21
5.7446385826771653
0
LINE
8
BLACK
6
CONTINUOUS
10
-4.4204031102362205
20
5.7446385826771653
11
-4.4204512204724411
21
5.7446866535433072
0
LINE
8
BLACK
6
CONTINUOUS
10
-4.4204512204724411
20
5.7446866535433072
11
-4.4238327165354328
21
5.7463274803149602
0
LINE
8
BLACK
6
CONTINUOUS
10
-4.4238327165354328
20
5.7463274803149602
11
-4.4239290944881891
21
5.7463881102362206
0
LINE
8
BLACK
6
CONTINUOUS
10
-4.4239290944881891
20
5.7463881102362206
11
-4.4239744488188979
21
5.7464032677165351
0
LINE
8
BLACK
6
CONTINUOUS
10
-4.4239744488188979
20
5.7464032677165351
11
-4.4240310236220468
21
5.746452283464567
0
LINE
8
BLACK
6
CONTINUOUS
10
-4.4240310236220468
20
5.746452283464567
11
-4.4243225590551178
21
5.7466358661417321
0
LINE
8
BLACK
6
CONTINUOUS
10
-4.4243225590551178
20
5.7466358661417321
11
-4.4245650787401578
21
5.7469154330708658
0
LINE
8
BLACK
6
CONTINUOUS
10
-4.4245650787401578
20
5.7469154330708658
11
-4.4248448425196854
21
5.7471581102362199
0
LINE
8
BLACK
6
CONTINUOUS
10
-4.4248448425196854
20
5.7471581102362199
11
-4.4249462204724406
21
5.7473549212598423
0
LINE
8
BLACK
6
CONTINUOUS
10
-4.4249462204724406
20
5.7473549212598423
11
-4.4250774409448814
21
5.7475062598425195
0
LINE
8
BLACK
6
CONTINUOUS
10
-4.4250774409448814
20
5.7475062598425195
11
-4.4251752755905507
21
5.7477997637795273
0
LINE
8
BLACK
6
CONTINUOUS
10
-4.4251752755905507
20
5.7477997637795273
11
-4.4270279527559051
21
5.7513975196850389
0
LINE
8
BLACK
6
CONTINUOUS
10
-4.4270279527559051
20
5.7513975196850389
11
-4.4272348425196846
21
5.7519381496062989
0
LINE
8
BLACK
6
CONTINUOUS
10
-4.4272348425196846
20
5.7519381496062989
11
-4.4272423622047246
21
5.7520439370078735
0
LINE
8
BLACK
6
CONTINUOUS
10
-4.4272423622047246
20
5.7520439370078735
11
-4.4272829527559052
21
5.7521419685039366
0
LINE
8
BLACK
6
CONTINUOUS
10
-4.4272829527559052
20
5.7521419685039366
11
-4.427283779527559
21
5.7526265354330706
0
LINE
8
BLACK
6
CONTINUOUS
10
-4.427283779527559
20
5.7526265354330706
11
-4.4273164960629918
21
5.7530873622047247
0
LINE
8
BLACK
6
CONTINUOUS
10
-4.4273164960629918
20
5.7530873622047247
11
-4.4272846850393703
21
5.7531827952755901
0
LINE
8
BLACK
6
CONTINUOUS
10
-4.4272846850393703
20
5.7531827952755901
11
-4.4273131496062987
21
5.7703974803149602
0
LINE
8
BLACK
6
CONTINUOUS
10
-4.4273131496062987
20
5.7703974803149602
11
-4.4300112204724407
21
5.7703876771653544
0
LINE
8
BLACK
6
CONTINUOUS
10
-4.4300112204724407
20
5.7703876771653544
11
-4.4305872834645665
21
5.7704444094488192
0
LINE
8
BLACK
6
CONTINUOUS
10
-4.4305872834645665
20
5.7704444094488192
11
-4.4316516929133858
21
5.7708853149606298
0
LINE
8
BLACK
6
CONTINUOUS
10
-4.4316516929133858
20
5.7708853149606298
11
-4.4324663385826772
21
5.7716999606299213
0
LINE
8
BLACK
6
CONTINUOUS
10
-4.4324663385826772
20
5.7716999606299213
11
-4.4329072440944879
21
5.7727643700787397
0
LINE
8
BLACK
6
CONTINUOUS
10
-4.4329072440944879
20
5.7727643700787397
11
-4.4329072440944879
21
5.7739164960629923
0
LINE
8
BLACK
6
CONTINUOUS
10
-4.4329072440944879
20
5.7739164960629923
11
-4.4324663385826772
21
5.7749809055118106
0
LINE
8
BLACK
6
CONTINUOUS
10
-4.4324663385826772
20
5.7749809055118106
11
-4.4316516929133858
21
5.7757955511811021
0
LINE
8
BLACK
6
CONTINUOUS
10
-4.4316516929133858
20
5.7757955511811021
11
-4.4305872834645665
21
5.7762364566929136
0
LINE
8
BLACK
6
CONTINUOUS
10
-4.4305872834645665
20
5.7762364566929136
11
-4.4273228346456692
21
5.7762483464566925
0
LINE
8
BLACK
6
CONTINUOUS
10
-4.4273228346456692
20
5.7762483464566925
11
-4.42733968503937
21
5.7864637795275593
0
LINE
8
BLACK
6
CONTINUOUS
10
-4.42733968503937
20
5.7864637795275593
11
-4.4272829527559052
21
5.7870398425196852
0
LINE
8
BLACK
6
CONTINUOUS
10
-4.4272829527559052
20
5.7870398425196852
11
-4.4268420472440946
21
5.7881042519685035
0
LINE
8
BLACK
6
CONTINUOUS
10
-4.4268420472440946
20
5.7881042519685035
11
-4.4260274015748031
21
5.788918897637795
0
LINE
8
BLACK
6
CONTINUOUS
10
-4.4260274015748031
20
5.788918897637795
11
-4.4249629921259839
21
5.7893598031496065
0
LINE
8
BLACK
6
CONTINUOUS
10
-4.4249629921259839
20
5.7893598031496065
11
-4.4238108661417321
21
5.7893598031496065
0
LINE
8
BLACK
6
CONTINUOUS
10
-4.4238108661417321
20
5.7893598031496065
11
-4.4227464566929129
21
5.788918897637795
0
LINE
8
BLACK
6
CONTINUOUS
10
-4.3713174409448818
20
5.7762364566929136
11
-4.3712194488188976
21
5.7761958267716533
0
LINE
8
BLACK
6
CONTINUOUS
10
-4.3712194488188976
20
5.7761958267716533
11
-4.3711136220472442
21
5.776188346456693
0
LINE
8
BLACK
6
CONTINUOUS
10
-4.3711136220472442
20
5.776188346456693
11
-4.3706020866141735
21
5.7759401181102357
0
LINE
8
BLACK
6
CONTINUOUS
10
-4.3706020866141735
20
5.7759401181102357
11
-4.3702530314960626
21
5.7757955511811021
0
LINE
8
BLACK
6
CONTINUOUS
10
-4.3702530314960626
20
5.7757955511811021
11
-4.3702049212598428
21
5.7757474015748027
0
LINE
8
BLACK
6
CONTINUOUS
10
-4.3702049212598428
20
5.7757474015748027
11
-4.366823464566929
21
5.774106692913386
0
LINE
8
BLACK
6
CONTINUOUS
10
-4.366823464566929
20
5.774106692913386
11
-4.3665754724409451
21
5.7739505905511805
0
LINE
8
BLACK
6
CONTINUOUS
10
-4.3665754724409451
20
5.7739505905511805
11
-4.3665035039370075
21
5.7739207874015746
0
LINE
8
BLACK
6
CONTINUOUS
10
-4.3665035039370075
20
5.7739207874015746
11
-4.366457440944882
21
5.7738762598425195
0
LINE
8
BLACK
6
CONTINUOUS
10
-4.366457440944882
20
5.7738762598425195
11
-4.3663335826771652
21
5.7737983464566929
0
LINE
8
BLACK
6
CONTINUOUS
10
-4.3663335826771652
20
5.7737983464566929
11
-4.3661118503937004
21
5.7735426377952752
0
LINE
8
BLACK
6
CONTINUOUS
10
-4.3661118503937004
20
5.7735426377952752
11
-4.3641812992125981
21
5.7716788188976373
0
LINE
8
BLACK
6
CONTINUOUS
10
-4.3641812992125981
20
5.7716788188976373
11
-4.3639955511811026
21
5.7714524409448815
0
LINE
8
BLACK
6
CONTINUOUS
10
-4.3639955511811026
20
5.7714524409448815
11
-4.363936535433071
21
5.7714012992125987
0
LINE
8
BLACK
6
CONTINUOUS
10
-4.363936535433071
20
5.7714012992125987
11
-4.3639079133858267
21
5.7713456299212593
0
LINE
8
BLACK
6
CONTINUOUS
10
-4.3639079133858267
20
5.7713456299212593
11
-4.3638140944881885
21
5.7712313779527555
0
LINE
8
BLACK
6
CONTINUOUS
10
-4.3638140944881885
20
5.7712313779527555
11
-4.3636704330708662
21
5.770884488188976
0
LINE
8
BLACK
6
CONTINUOUS
10
-4.3636704330708662
20
5.770884488188976
11
-4.3617534251968504
21
5.7671618897637797
0
LINE
8
BLACK
6
CONTINUOUS
10
-4.3617534251968504
20
5.7671618897637797
11
-4.3615465354330709
21
5.7666212992125985
0
LINE
8
BLACK
6
CONTINUOUS
10
-4.3615465354330709
20
5.7666212992125985
11
-4.3615390157480318
21
5.7665153937007876
0
LINE
8
BLACK
6
CONTINUOUS
10
-4.3615390157480318
20
5.7665153937007876
11
-4.3614984251968503
21
5.7664174409448821
0
LINE
8
BLACK
6
CONTINUOUS
10
-4.3614984251968503
20
5.7664174409448821
11
-4.3614960236220472
21
5.7659098818897636
0
LINE
8
BLACK
6
CONTINUOUS
10
-4.3614960236220472
20
5.7659098818897636
11
-4.3614648818897637
21
5.7654720866141727
0
LINE
8
BLACK
6
CONTINUOUS
10
-4.3614648818897637
20
5.7654720866141727
11
-4.361493503937008
21
5.7653862598425194
0
LINE
8
BLACK
6
CONTINUOUS
10
-4.361493503937008
20
5.7653862598425194
11
-4.3614416929133855
21
5.75459279527559
0
LINE
8
BLACK
6
CONTINUOUS
10
-4.3614416929133855
20
5.75459279527559
11
-4.3614984251968503
21
5.7540167322834641
0
LINE
8
BLACK
6
CONTINUOUS
10
-4.3614984251968503
20
5.7540167322834641
11
-4.3615390157480318
21
5.7539187401574798
0
LINE
8
BLACK
6
CONTINUOUS
10
-4.3615390157480318
20
5.7539187401574798
11
-4.3615465354330709
21
5.7538128740157477
0
LINE
8
BLACK
6
CONTINUOUS
10
-4.3615465354330709
20
5.7538128740157477
11
-4.3617948818897636
21
5.7533011023622045
0
LINE
8
BLACK
6
CONTINUOUS
10
-4.3617948818897636
20
5.7533011023622045
11
-4.3619393307086609
21
5.7529523228346457
0
LINE
8
BLACK
6
CONTINUOUS
10
-4.3619393307086609
20
5.7529523228346457
11
-4.3619874409448816
21
5.7529042125984251
0
LINE
8
BLACK
6
CONTINUOUS
10
-4.3619874409448816
20
5.7529042125984251
11
-4.3636281889763779
21
5.7495227559055113
0
LINE
8
BLACK
6
CONTINUOUS
10
-4.3636281889763779
20
5.7495227559055113
11
-4.3637842913385825
21
5.7492747244094486
0
LINE
8
BLACK
6
CONTINUOUS
10
-4.3637842913385825
20
5.7492747244094486
11
-4.3638140944881885
21
5.7492027952755906
0
LINE
8
BLACK
6
CONTINUOUS
10
-4.3638140944881885
20
5.7492027952755906
11
-4.3638586220472444
21
5.7491566929133855
0
LINE
8
BLACK
6
CONTINUOUS
10
-4.3638586220472444
20
5.7491566929133855
11
-4.363936535433071
21
5.7490328740157475
0
LINE
8
BLACK
6
CONTINUOUS
10
-4.363936535433071
20
5.7490328740157475
11
-4.3641922440944878
21
5.7488111023622048
0
LINE
8
BLACK
6
CONTINUOUS
10
-4.3641922440944878
20
5.7488111023622048
11
-4.3660560629921257
21
5.7468805905511813
0
LINE
8
BLACK
6
CONTINUOUS
10
-4.3660560629921257
20
5.7468805905511813
11
-4.3662824015748027
21
5.7466948425196849
0
LINE
8
BLACK
6
CONTINUOUS
10
-4.3662824015748027
20
5.7466948425196849
11
-4.3663335433070865
21
5.7466358661417321
0
LINE
8
BLACK
6
CONTINUOUS
10
-4.3663335433070865
20
5.7466358661417321
11
-4.3663891732283462
21
5.746607204724409
0
LINE
8
BLACK
6
CONTINUOUS
10
-4.3663891732283462
20
5.746607204724409
11
-4.3665035039370075
21
5.7465133858267716
0
LINE
8
BLACK
6
CONTINUOUS
10
-4.3665035039370075
20
5.7465133858267716
11
-4.3668504330708657
21
5.7463696850393697
0
LINE
8
BLACK
6
CONTINUOUS
10
-4.3668504330708657
20
5.7463696850393697
11
-4.3705729527559054
21
5.7444526771653539
0
LINE
8
BLACK
6
CONTINUOUS
10
-4.3705729527559054
20
5.7444526771653539
11
-4.3711135826771654
21
5.7442457874015744
0
LINE
8
BLACK
6
CONTINUOUS
10
-4.3711135826771654
20
5.7442457874015744
11
-4.3712194881889763
21
5.7442382283464566
0
LINE
8
BLACK
6
CONTINUOUS
10
-4.3712194881889763
20
5.7442382283464566
11
-4.3713174409448818
21
5.7441976771653538
0
LINE
8
BLACK
6
CONTINUOUS
10
-4.3713174409448818
20
5.7441976771653538
11
-4.3718606692913387
21
5.744192677165354
0
LINE
8
BLACK
6
CONTINUOUS
10
-4.3718606692913387
20
5.744192677165354
11
-4.3722627952755904
21
5.7441641338582672
0
LINE
8
BLACK
6
CONTINUOUS
10
-4.3722627952755904
20
5.7441641338582672
11
-4.3723355118110234
21
5.744188346456693
0
LINE
8
BLACK
6
CONTINUOUS
10
-4.3723355118110234
20
5.744188346456693
11
-4.3775177952755904
21
5.7441409448818899
0
LINE
8
BLACK
6
CONTINUOUS
10
-4.3775177952755904
20
5.7441409448818899
11
-4.3780938582677162
21
5.7441976771653538
0
LINE
8
BLACK
6
CONTINUOUS
10
-4.3780938582677162
20
5.7441976771653538
11
-4.3781918503937005
21
5.7442382283464566
0
LINE
8
BLACK
6
CONTINUOUS
10
-4.3781918503937005
20
5.7442382283464566
11
-4.3782977165354326
21
5.7442457874015744
0
LINE
8
BLACK
6
CONTINUOUS
10
-4.3782977165354326
20
5.7442457874015744
11
-4.3788094881889759
21
5.7444940551181105
0
LINE
8
BLACK
6
CONTINUOUS
10
-4.3788094881889759
20
5.7444940551181105
11
-4.3791582677165355
21
5.7446385826771653
0
LINE
8
BLACK
6
CONTINUOUS
10
-4.3791582677165355
20
5.7446385826771653
11
-4.3792063779527561
21
5.7446866535433072
0
LINE
8
BLACK
6
CONTINUOUS
10
-4.3792063779527561
20
5.7446866535433072
11
-4.3825878740157478
21
5.7463274803149602
0
LINE
8
BLACK
6
CONTINUOUS
10
-4.3825878740157478
20
5.7463274803149602
11
-4.3828358267716538
21
5.7464835433070869
0
LINE
8
BLACK
6
CONTINUOUS
10
-4.3828358267716538
20
5.7464835433070869
11
-4.3829077952755906
21
5.7465133858267716
0
LINE
8
BLACK
6
CONTINUOUS
10
-4.3829077952755906
20
5.7465133858267716
11
-4.3829539763779524
21
5.7465579133858267
0
LINE
8
BLACK
6
CONTINUOUS
10
-4.3829539763779524
20
5.7465579133858267
11
-4.3830777165354329
21
5.7466358661417321
0
LINE
8
BLACK
6
CONTINUOUS
10
-4.3830777165354329
20
5.7466358661417321
11
-4.3832993700787402
21
5.746891377952756
0
LINE
8
BLACK
6
CONTINUOUS
10
-4.3832993700787402
20
5.746891377952756
11
-4.38523
21
5.7487553543307088
0
LINE
8
BLACK
6
CONTINUOUS
10
-4.38523
20
5.7487553543307088
11
-4.3854157874015751
21
5.7489816929133859
0
LINE
8
BLACK
6
CONTINUOUS
10
-4.3854157874015751
20
5.7489816929133859
11
-4.3854747637795271
21
5.7490328740157475
0
LINE
8
BLACK
6
CONTINUOUS
10
-4.3854747637795271
20
5.7490328740157475
11
-4.3855034251968501
21
5.7490885039370081
0
LINE
8
BLACK
6
CONTINUOUS
10
-4.3855034251968501
20
5.7490885039370081
11
-4.3855972047244096
21
5.7492027952755906
0
LINE
8
BLACK
6
CONTINUOUS
10
-4.3855972047244096
20
5.7492027952755906
11
-4.3857408661417319
21
5.7495495669291339
0
LINE
8
BLACK
6
CONTINUOUS
10
-4.3857408661417319
20
5.7495495669291339
11
-4.3876578740157477
21
5.7532722834645664
0
LINE
8
BLACK
6
CONTINUOUS
10
-4.3876578740157477
20
5.7532722834645664
11
-4.3878647637795272
21
5.7538129133858265
0
LINE
8
BLACK
6
CONTINUOUS
10
-4.3878647637795272
20
5.7538129133858265
11
-4.3878722834645671
21
5.7539187007874011
0
LINE
8
BLACK
6
CONTINUOUS
10
-4.3878722834645671
20
5.7539187007874011
11
-4.3879128740157478
21
5.7540167322834641
0
LINE
8
BLACK
6
CONTINUOUS
10
-4.3879128740157478
20
5.7540167322834641
11
-4.3879153149606296
21
5.7545242913385826
0
LINE
8
BLACK
6
CONTINUOUS
10
-4.3879153149606296
20
5.7545242913385826
11
-4.3879464173228344
21
5.7549621259842523
0
LINE
8
BLACK
6
CONTINUOUS
10
-4.3879464173228344
20
5.7549621259842523
11
-4.3879178346456689
21
5.755047874015748
0
LINE
8
BLACK
6
CONTINUOUS
10
-4.3879178346456689
20
5.755047874015748
11
-4.3879696062992126
21
5.7658413779527562
0
LINE
8
BLACK
6
CONTINUOUS
10
-4.3879696062992126
20
5.7658413779527562
11
-4.3879128740157478
21
5.7664174409448821
0
LINE
8
BLACK
6
CONTINUOUS
10
-4.3879128740157478
20
5.7664174409448821
11
-4.3878722834645671
21
5.7665154330708663
0
LINE
8
BLACK
6
CONTINUOUS
10
-4.3878722834645671
20
5.7665154330708663
11
-4.3878647637795272
21
5.7666212598425197
0
LINE
8
BLACK
6
CONTINUOUS
10
-4.3878647637795272
20
5.7666212598425197
11
-4.3876165748031495
21
5.7671327952755904
0
LINE
8
BLACK
6
CONTINUOUS
10
-4.3876165748031495
20
5.7671327952755904
11
-4.3874719685039372
21
5.7674818503937004
0
LINE
8
BLACK
6
CONTINUOUS
10
-4.3874719685039372
20
5.7674818503937004
11
-4.3874238582677165
21
5.7675299606299211
0
LINE
8
BLACK
6
CONTINUOUS
10
-4.3874238582677165
20
5.7675299606299211
11
-4.3857831102362201
21
5.7709114173228349
0
LINE
8
BLACK
6
CONTINUOUS
10
-4.3857831102362201
20
5.7709114173228349
11
-4.3856270472440944
21
5.7711594094488188
0
LINE
8
BLACK
6
CONTINUOUS
10
-4.3856270472440944
20
5.7711594094488188
11
-4.3855972047244096
21
5.7712313779527555
0
LINE
8
BLACK
6
CONTINUOUS
10
-4.3855972047244096
20
5.7712313779527555
11
-4.3855527165354333
21
5.7712774409448819
0
LINE
8
BLACK
6
CONTINUOUS
10
-4.3855527165354333
20
5.7712774409448819
11
-4.3854747637795271
21
5.7714012992125987
0
LINE
8
BLACK
6
CONTINUOUS
10
-4.3854747637795271
20
5.7714012992125987
11
-4.385219094488189
21
5.7716230314960626
0
LINE
8
BLACK
6
CONTINUOUS
10
-4.385219094488189
20
5.7716230314960626
11
-4.3833552362204724
21
5.7735535826771649
0
LINE
8
BLACK
6
CONTINUOUS
10
-4.3833552362204724
20
5.7735535826771649
11
-4.3831288976377953
21
5.7737393307086613
0
LINE
8
BLACK
6
CONTINUOUS
10
-4.3831288976377953
20
5.7737393307086613
11
-4.3830777165354329
21
5.7737983464566929
0
LINE
8
BLACK
6
CONTINUOUS
10
-4.3830777165354329
20
5.7737983464566929
11
-4.3830220866141731
21
5.7738269685039372
0
LINE
8
BLACK
6
CONTINUOUS
10
-4.3830220866141731
20
5.7738269685039372
11
-4.3829077952755906
21
5.7739207874015746
0
LINE
8
BLACK
6
CONTINUOUS
10
-4.3829077952755906
20
5.7739207874015746
11
-4.3825609448818899
21
5.7740644488188977
0
LINE
8
BLACK
6
CONTINUOUS
10
-4.3825609448818899
20
5.7740644488188977
11
-4.3788383070866139
21
5.7759814566929135
0
LINE
8
BLACK
6
CONTINUOUS
10
-4.3788383070866139
20
5.7759814566929135
11
-4.3782977165354326
21
5.776188346456693
0
LINE
8
BLACK
6
CONTINUOUS
10
-4.3782977165354326
20
5.776188346456693
11
-4.3781918503937005
21
5.7761958661417321
0
LINE
8
BLACK
6
CONTINUOUS
10
-4.3781918503937005
20
5.7761958661417321
11
-4.3780938582677162
21
5.7762364566929136
0
LINE
8
BLACK
6
CONTINUOUS
10
-4.3780938582677162
20
5.7762364566929136
11
-4.3775506692913382
21
5.7762414173228347
0
LINE
8
BLACK
6
CONTINUOUS
10
-4.3775506692913382
20
5.7762414173228347
11
-4.3771485039370077
21
5.7762700000000002
0
LINE
8
BLACK
6
CONTINUOUS
10
-4.3771485039370077
20
5.7762700000000002
11
-4.3770758267716534
21
5.7762457480314957
0
LINE
8
BLACK
6
CONTINUOUS
10
-4.3770758267716534
20
5.7762457480314957
11
-4.3718935039370077
21
5.7762931889763776
0
LINE
8
BLACK
6
CONTINUOUS
10
-4.3718935039370077
20
5.7762931889763776
11
-4.3713174409448818
21
5.7762364566929136
0
LINE
8
BLACK
6
CONTINUOUS
10
-4.3769005905511813
20
5.7703933070866142
11
-4.3796114960629922
21
5.7689973228346458
0
LINE
8
BLACK
6
CONTINUOUS
10
-4.3796114960629922
20
5.7689973228346458
11
-4.3808022047244091
21
5.7677639763779522
0
LINE
8
BLACK
6
CONTINUOUS
10
-4.3808022047244091
20
5.7677639763779522
11
-4.382114330708661
21
5.7650598031496063
0
LINE
8
BLACK
6
CONTINUOUS
10
-4.382114330708661
20
5.7650598031496063
11
-4.3820670472440941
21
5.7552047244094489
0
LINE
8
BLACK
6
CONTINUOUS
10
-4.3820670472440941
20
5.7552047244094489
11
-4.3806737795275588
21
5.7524990944881891
0
LINE
8
BLACK
6
CONTINUOUS
10
-4.3806737795275588
20
5.7524990944881891
11
-4.3794403937007873
21
5.7513083464566925
0
LINE
8
BLACK
6
CONTINUOUS
10
-4.3794403937007873
20
5.7513083464566925
11
-4.376748149606299
21
5.7500020078740155
0
LINE
8
BLACK
6
CONTINUOUS
10
-4.376748149606299
20
5.7500020078740155
11
-4.3725107086614177
21
5.7500407874015744
0
LINE
8
BLACK
6
CONTINUOUS
10
-4.3725107086614177
20
5.7500407874015744
11
-4.3697998818897634
21
5.7514368110236216
0
LINE
8
BLACK
6
CONTINUOUS
10
-4.3697998818897634
20
5.7514368110236216
11
-4.368609094488189
21
5.7526701968503939
0
LINE
8
BLACK
6
CONTINUOUS
10
-4.368609094488189
20
5.7526701968503939
11
-4.3672970078740159
21
5.7553743307086611
0
LINE
8
BLACK
6
CONTINUOUS
10
-4.3672970078740159
20
5.7553743307086611
11
-4.3673442913385827
21
5.7652294094488186
0
LINE
8
BLACK
6
CONTINUOUS
10
-4.3673442913385827
20
5.7652294094488186
11
-4.3687375590551181
21
5.7679350393700783
0
LINE
8
BLACK
6
CONTINUOUS
10
-4.3687375590551181
20
5.7679350393700783
11
-4.3699709055118108
21
5.7691257480314961
0
LINE
8
BLACK
6
CONTINUOUS
10
-4.3699709055118108
20
5.7691257480314961
11
-4.3726631102362203
21
5.7704320866141732
0
LINE
8
BLACK
6
CONTINUOUS
10
-4.3726631102362203
20
5.7704320866141732
11
-4.3769005905511813
21
5.7703933070866142
0
LINE
8
BLACK
6
CONTINUOUS
10
-4.5333576377952758
20
5.7757955511811021
11
-4.5325429921259843
21
5.7749809055118106
0
LINE
8
BLACK
6
CONTINUOUS
10
-4.5325429921259843
20
5.7749809055118106
11
-4.5321020866141728
21
5.7739164960629923
0
LINE
8
BLACK
6
CONTINUOUS
10
-4.5321020866141728
20
5.7739164960629923
11
-4.5320453543307089
21
5.747093700787401
0
LINE
8
BLACK
6
CONTINUOUS
10
-4.5320453543307089
20
5.747093700787401
11
-4.5321020866141728
21
5.7465176377952751
0
LINE
8
BLACK
6
CONTINUOUS
10
-4.5321020866141728
20
5.7465176377952751
11
-4.5325429921259843
21
5.7454532283464568
0
LINE
8
BLACK
6
CONTINUOUS
10
-4.5325429921259843
20
5.7454532283464568
11
-4.5333576377952758
21
5.7446385826771653
0
LINE
8
BLACK
6
CONTINUOUS
10
-4.5333576377952758
20
5.7446385826771653
11
-4.5344220472440941
21
5.7441976771653538
0
LINE
8
BLACK
6
CONTINUOUS
10
-4.5344220472440941
20
5.7441976771653538
11
-4.5355741732283468
21
5.7441976771653538
0
LINE
8
BLACK
6
CONTINUOUS
10
-4.5355741732283468
20
5.7441976771653538
11
-4.5366385826771651
21
5.7446385826771653
0
LINE
8
BLACK
6
CONTINUOUS
10
-4.5366385826771651
20
5.7446385826771653
11
-4.5374532283464566
21
5.7454532283464568
0
LINE
8
BLACK
6
CONTINUOUS
10
-4.5374532283464566
20
5.7454532283464568
11
-4.5378941338582672
21
5.7465176377952751
0
LINE
8
BLACK
6
CONTINUOUS
10
-4.5378941338582672
20
5.7465176377952751
11
-4.537950866141732
21
5.7733404330708664
0
LINE
8
BLACK
6
CONTINUOUS
10
-4.537950866141732
20
5.7733404330708664
11
-4.5378941338582672
21
5.7739164960629923
0
LINE
8
BLACK
6
CONTINUOUS
10
-4.5378941338582672
20
5.7739164960629923
11
-4.5374532283464566
21
5.7749809055118106
0
LINE
8
BLACK
6
CONTINUOUS
10
-4.5374532283464566
20
5.7749809055118106
11
-4.5366385826771651
21
5.7757955511811021
0
LINE
8
BLACK
6
CONTINUOUS
10
-4.5366385826771651
20
5.7757955511811021
11
-4.5355741732283468
21
5.7762364566929136
0
LINE
8
BLACK
6
CONTINUOUS
10
-4.5355741732283468
20
5.7762364566929136
11
-4.5344220472440941
21
5.7762364566929136
0
LINE
8
BLACK
6
CONTINUOUS
10
-4.5344220472440941
20
5.7762364566929136
11
-4.5333576377952758
21
5.7757955511811021
0
LINE
8
BLACK
6
CONTINUOUS
10
-4.5044258267716533
20
5.7762364566929136
11
-4.5033614173228349
21
5.7757955511811021
0
LINE
8
BLACK
6
CONTINUOUS
10
-4.5033614173228349
20
5.7757955511811021
11
-4.5025467716535434
21
5.7749809055118106
0
LINE
8
BLACK
6
CONTINUOUS
10
-4.5025467716535434
20
5.7749809055118106
11
-4.5021058661417319
21
5.7739164960629923
0
LINE
8
BLACK
6
CONTINUOUS
10
-4.5021058661417319
20
5.7739164960629923
11
-4.5021058661417319
21
5.7727643700787397
0
LINE
8
BLACK
6
CONTINUOUS
10
-4.5021058661417319
20
5.7727643700787397
11
-4.5025467716535434
21
5.7716999606299213
0
LINE
8
BLACK
6
CONTINUOUS
10
-4.5025467716535434
20
5.7716999606299213
11
-4.5033614173228349
21
5.7708853149606298
0
LINE
8
BLACK
6
CONTINUOUS
10
-4.5033614173228349
20
5.7708853149606298
11
-4.5044258267716533
21
5.7704444094488192
0
LINE
8
BLACK
6
CONTINUOUS
10
-4.5044258267716533
20
5.7704444094488192
11
-4.5081293307086616
21
5.7703958267716535
0
LINE
8
BLACK
6
CONTINUOUS
10
-4.5081293307086616
20
5.7703958267716535
11
-4.510845118110236
21
5.7689973228346458
0
LINE
8
BLACK
6
CONTINUOUS
10
-4.510845118110236
20
5.7689973228346458
11
-4.5120358267716538
21
5.7677639763779522
0
LINE
8
BLACK
6
CONTINUOUS
10
-4.5120358267716538
20
5.7677639763779522
11
-4.5133357874015747
21
5.7650848818897638
0
LINE
8
BLACK
6
CONTINUOUS
10
-4.5133357874015747
20
5.7650848818897638
11
-4.5132977165354333
21
5.747093700787401
0
LINE
8
BLACK
6
CONTINUOUS
10
-4.5132977165354333
20
5.747093700787401
11
-4.5133544488188972
21
5.7465176377952751
0
LINE
8
BLACK
6
CONTINUOUS
10
-4.5133544488188972
20
5.7465176377952751
11
-4.5137953543307088
21
5.7454532283464568
0
LINE
8
BLACK
6
CONTINUOUS
10
-4.5137953543307088
20
5.7454532283464568
11
-4.5146100000000002
21
5.7446385826771653
0
LINE
8
BLACK
6
CONTINUOUS
10
-4.5146100000000002
20
5.7446385826771653
11
-4.5156744094488186
21
5.7441976771653538
0
LINE
8
BLACK
6
CONTINUOUS
10
-4.5156744094488186
20
5.7441976771653538
11
-4.5168265354330703
21
5.7441976771653538
0
LINE
8
BLACK
6
CONTINUOUS
10
-4.5168265354330703
20
5.7441976771653538
11
-4.5178909448818896
21
5.7446385826771653
0
LINE
8
BLACK
6
CONTINUOUS
10
-4.5178909448818896
20
5.7446385826771653
11
-4.518705590551181
21
5.7454532283464568
0
LINE
8
BLACK
6
CONTINUOUS
10
-4.518705590551181
20
5.7454532283464568
11
-4.5191464960629917
21
5.7465176377952751
0
LINE
8
BLACK
6
CONTINUOUS
10
-4.5191464960629917
20
5.7465176377952751
11
-4.5192032283464565
21
5.7733404330708664
0
LINE
8
BLACK
6
CONTINUOUS
10
-4.5192032283464565
20
5.7733404330708664
11
-4.5191464960629917
21
5.7739164960629923
0
LINE
8
BLACK
6
CONTINUOUS
10
-4.5191464960629917
20
5.7739164960629923
11
-4.518705590551181
21
5.7749809055118106
0
LINE
8
BLACK
6
CONTINUOUS
10
-4.518705590551181
20
5.7749809055118106
11
-4.5178909448818896
21
5.7757955511811021
0
LINE
8
BLACK
6
CONTINUOUS
10
-4.5178909448818896
20
5.7757955511811021
11
-4.5168265354330703
21
5.7762364566929136
0
LINE
8
BLACK
6
CONTINUOUS
10
-4.5168265354330703
20
5.7762364566929136
11
-4.5156744094488186
21
5.7762364566929136
0
LINE
8
BLACK
6
CONTINUOUS
10
-4.5156744094488186
20
5.7762364566929136
11
-4.5146100000000002
21
5.7757955511811021
0
LINE
8
BLACK
6
CONTINUOUS
10
-4.5146100000000002
20
5.7757955511811021
11
-4.5137953543307088
21
5.7749809055118106
0
LINE
8
BLACK
6
CONTINUOUS
10
-4.5137953543307088
20
5.7749809055118106
11
-4.5134823622047247
21
5.774225236220472
0
LINE
8
BLACK
6
CONTINUOUS
10
-4.5134823622047247
20
5.774225236220472
11
-4.5100719291338578
21
5.7759814566929135
0
LINE
8
BLACK
6
CONTINUOUS
10
-4.5100719291338578
20
5.7759814566929135
11
-4.5095313385826774
21
5.776188346456693
0
LINE
8
BLACK
6
CONTINUOUS
10
-4.5095313385826774
20
5.776188346456693
11
-4.5094254724409444
21
5.7761958661417321
0
LINE
8
BLACK
6
CONTINUOUS
10
-4.5094254724409444
20
5.7761958661417321
11
-4.5093274803149601
21
5.7762364566929136
0
LINE
8
BLACK
6
CONTINUOUS
10
-4.5093274803149601
20
5.7762364566929136
11
-4.508747125984252
21
5.7762440551181102
0
LINE
8
BLACK
6
CONTINUOUS
10
-4.508747125984252
20
5.7762440551181102
11
-4.5083821259842516
21
5.7762700000000002
0
LINE
8
BLACK
6
CONTINUOUS
10
-4.5083821259842516
20
5.7762700000000002
11
-4.5083211023622045
21
5.7762496456692913
0
LINE
8
BLACK
6
CONTINUOUS
10
-4.5083211023622045
20
5.7762496456692913
11
-4.5050018897637791
21
5.7762931889763776
0
LINE
8
BLACK
6
CONTINUOUS
10
-4.5050018897637791
20
5.7762931889763776
11
-4.5044258267716533
21
5.7762364566929136
0
LINE
8
BLACK
6
CONTINUOUS
10
-4.4002492519685035
20
5.7757955511811021
11
-4.3994346062992129
21
5.7749809055118106
0
LINE
8
BLACK
6
CONTINUOUS
10
-4.3994346062992129
20
5.7749809055118106
11
-4.3989937007874014
21
5.7739164960629923
0
LINE
8
BLACK
6
CONTINUOUS
10
-4.3989937007874014
20
5.7739164960629923
11
-4.3989369685039366
21
5.747093700787401
0
LINE
8
BLACK
6
CONTINUOUS
10
-4.3989369685039366
20
5.747093700787401
11
-4.3989937007874014
21
5.7465176377952751
0
LINE
8
BLACK
6
CONTINUOUS
10
-4.3989937007874014
20
5.7465176377952751
11
-4.3994346062992129
21
5.7454532283464568
0
LINE
8
BLACK
6
CONTINUOUS
10
-4.3994346062992129
20
5.7454532283464568
11
-4.4002492519685035
21
5.7446385826771653
0
LINE
8
BLACK
6
CONTINUOUS
10
-4.4002492519685035
20
5.7446385826771653
11
-4.4013136614173227
21
5.7441976771653538
0
LINE
8
BLACK
6
CONTINUOUS
10
-4.4013136614173227
20
5.7441976771653538
11
-4.4024657874015745
21
5.7441976771653538
0
LINE
8
BLACK
6
CONTINUOUS
10
-4.4024657874015745
20
5.7441976771653538
11
-4.4035301968503937
21
5.7446385826771653
0
LINE
8
BLACK
6
CONTINUOUS
10
-4.4035301968503937
20
5.7446385826771653
11
-4.4043448425196852
21
5.7454532283464568
0
LINE
8
BLACK
6
CONTINUOUS
10
-4.4043448425196852
20
5.7454532283464568
11
-4.4047857480314958
21
5.7465176377952751
0
LINE
8
BLACK
6
CONTINUOUS
10
-4.4047857480314958
20
5.7465176377952751
11
-4.4048424803149606
21
5.7733404330708664
0
LINE
8
BLACK
6
CONTINUOUS
10
-4.4048424803149606
20
5.7733404330708664
11
-4.4047857480314958
21
5.7739164960629923
0
LINE
8
BLACK
6
CONTINUOUS
10
-4.4047857480314958
20
5.7739164960629923
11
-4.4043448425196852
21
5.7749809055118106
0
LINE
8
BLACK
6
CONTINUOUS
10
-4.4043448425196852
20
5.7749809055118106
11
-4.4035301968503937
21
5.7757955511811021
0
LINE
8
BLACK
6
CONTINUOUS
10
-4.4035301968503937
20
5.7757955511811021
11
-4.4024657874015745
21
5.7762364566929136
0
LINE
8
BLACK
6
CONTINUOUS
10
-4.4024657874015745
20
5.7762364566929136
11
-4.4013136614173227
21
5.7762364566929136
0
LINE
8
BLACK
6
CONTINUOUS
10
-4.4013136614173227
20
5.7762364566929136
11
-4.4002492519685035
21
5.7757955511811021
0
LINE
8
BLACK
6
CONTINUOUS
10
-4.3356968897637795
20
5.7762364566929136
11
-4.3355988976377953
21
5.7761958267716533
0
LINE
8
BLACK
6
CONTINUOUS
10
-4.3355988976377953
20
5.7761958267716533
11
-4.3354930708661419
21
5.776188346456693
0
LINE
8
BLACK
6
CONTINUOUS
10
-4.3354930708661419
20
5.776188346456693
11
-4.3349815354330712
21
5.7759401181102357
0
LINE
8
BLACK
6
CONTINUOUS
10
-4.3349815354330712
20
5.7759401181102357
11
-4.3346324803149603
21
5.7757955511811021
0
LINE
8
BLACK
6
CONTINUOUS
10
-4.3346324803149603
20
5.7757955511811021
11
-4.3345843700787396
21
5.7757474015748027
0
LINE
8
BLACK
6
CONTINUOUS
10
-4.3345843700787396
20
5.7757474015748027
11
-4.3312029133858267
21
5.774106692913386
0
LINE
8
BLACK
6
CONTINUOUS
10
-4.3312029133858267
20
5.774106692913386
11
-4.3311065748031492
21
5.7740460236220468
0
LINE
8
BLACK
6
CONTINUOUS
10
-4.3311065748031492
20
5.7740460236220468
11
-4.3310611417322837
21
5.7740309055118111
0
LINE
8
BLACK
6
CONTINUOUS
10
-4.3310611417322837
20
5.7740309055118111
11
-4.3310046062992127
21
5.7739818503937004
0
LINE
8
BLACK
6
CONTINUOUS
10
-4.3310046062992127
20
5.7739818503937004
11
-4.3307130314960629
21
5.7737983464566929
0
LINE
8
BLACK
6
CONTINUOUS
10
-4.3307130314960629
20
5.7737983464566929
11
-4.3304704724409451
21
5.7735186220472441
0
LINE
8
BLACK
6
CONTINUOUS
10
-4.3304704724409451
20
5.7735186220472441
11
-4.3301907480314963
21
5.7732760629921263
0
LINE
8
BLACK
6
CONTINUOUS
10
-4.3301907480314963
20
5.7732760629921263
11
-4.3300894094488189
21
5.7730792125984252
0
LINE
8
BLACK
6
CONTINUOUS
10
-4.3300894094488189
20
5.7730792125984252
11
-4.3299581889763781
21
5.7729279527559054
0
LINE
8
BLACK
6
CONTINUOUS
10
-4.3299581889763781
20
5.7729279527559054
11
-4.3298603937007876
21
5.7726344488188976
0
LINE
8
BLACK
6
CONTINUOUS
10
-4.3298603937007876
20
5.7726344488188976
11
-4.3280076377952756
21
5.7690366535433073
0
LINE
8
BLACK
6
CONTINUOUS
10
-4.3280076377952756
20
5.7690366535433073
11
-4.3278007480314962
21
5.768496062992126
0
LINE
8
BLACK
6
CONTINUOUS
10
-4.3278007480314962
20
5.768496062992126
11
-4.3277932283464562
21
5.7683901574803151
0
LINE
8
BLACK
6
CONTINUOUS
10
-4.3277932283464562
20
5.7683901574803151
11
-4.3277526377952755
21
5.7682922047244096
0
LINE
8
BLACK
6
CONTINUOUS
10
-4.3277526377952755
20
5.7682922047244096
11
-4.3277513385826767
21
5.7678003937007869
0
LINE
8
BLACK
6
CONTINUOUS
10
-4.3277513385826767
20
5.7678003937007869
11
-4.3277190944881889
21
5.7673468503937011
0
LINE
8
BLACK
6
CONTINUOUS
10
-4.3277190944881889
20
5.7673468503937011
11
-4.3277498818897637
21
5.7672545275590545
0
LINE
8
BLACK
6
CONTINUOUS
10
-4.3277498818897637
20
5.7672545275590545
11
-4.3276959055118107
21
5.747093700787401
0
LINE
8
BLACK
6
CONTINUOUS
10
-4.3276959055118107
20
5.747093700787401
11
-4.3277526377952755
21
5.7465176377952751
0
LINE
8
BLACK
6
CONTINUOUS
10
-4.3277526377952755
20
5.7465176377952751
11
-4.3281935433070862
21
5.7454532283464568
0
LINE
8
BLACK
6
CONTINUOUS
10
-4.3281935433070862
20
5.7454532283464568
11
-4.3290081889763776
21
5.7446385826771653
0
LINE
8
BLACK
6
CONTINUOUS
10
-4.3290081889763776
20
5.7446385826771653
11
-4.3300725984251969
21
5.7441976771653538
0
LINE
8
BLACK
6
CONTINUOUS
10
-4.3300725984251969
20
5.7441976771653538
11
-4.3312247244094486
21
5.7441976771653538
0
LINE
8
BLACK
6
CONTINUOUS
10
-4.3312247244094486
20
5.7441976771653538
11
-4.3322891338582679
21
5.7446385826771653
0
LINE
8
BLACK
6
CONTINUOUS
10
-4.3322891338582679
20
5.7446385826771653
11
-4.3331037795275593
21
5.7454532283464568
0
LINE
8
BLACK
6
CONTINUOUS
10
-4.3331037795275593
20
5.7454532283464568
11
-4.33354468503937
21
5.7465176377952751
0
LINE
8
BLACK
6
CONTINUOUS
10
-4.33354468503937
20
5.7465176377952751
11
-4.3335998031496059
21
5.7671066929133854
0
LINE
8
BLACK
6
CONTINUOUS
10
-4.3335998031496059
20
5.7671066929133854
11
-4.3347358661417319
21
5.7693127952755905
0
LINE
8
BLACK
6
CONTINUOUS
10
-4.3347358661417319
20
5.7693127952755905
11
-4.337042559055118
21
5.7704320866141732
0
LINE
8
BLACK
6
CONTINUOUS
10
-4.337042559055118
20
5.7704320866141732
11
-4.341280039370079
21
5.7703933070866142
0
LINE
8
BLACK
6
CONTINUOUS
10
-4.341280039370079
20
5.7703933070866142
11
-4.3439909448818899
21
5.7689973228346458
0
LINE
8
BLACK
6
CONTINUOUS
10
-4.3439909448818899
20
5.7689973228346458
11
-4.3446137795275588
21
5.7683522047244091
0
LINE
8
BLACK
6
CONTINUOUS
10
-4.3446137795275588
20
5.7683522047244091
11
-4.3445687795275587
21
5.747093700787401
0
LINE
8
BLACK
6
CONTINUOUS
10
-4.3445687795275587
20
5.747093700787401
11
-4.3446255118110235
21
5.7465176377952751
0
LINE
8
BLACK
6
CONTINUOUS
10
-4.3446255118110235
20
5.7465176377952751
11
-4.3450664173228342
21
5.7454532283464568
0
LINE
8
BLACK
6
CONTINUOUS
10
-4.3450664173228342
20
5.7454532283464568
11
-4.3458810629921256
21
5.7446385826771653
0
LINE
8
BLACK
6
CONTINUOUS
10
-4.3458810629921256
20
5.7446385826771653
11
-4.3469454724409449
21
5.7441976771653538
0
LINE
8
BLACK
6
CONTINUOUS
10
-4.3469454724409449
20
5.7441976771653538
11
-4.3480975984251966
21
5.7441976771653538
0
LINE
8
BLACK
6
CONTINUOUS
10
-4.3480975984251966
20
5.7441976771653538
11
-4.3491620078740159
21
5.7446385826771653
0
LINE
8
BLACK
6
CONTINUOUS
10
-4.3491620078740159
20
5.7446385826771653
11
-4.3499766535433073
21
5.7454532283464568
0
LINE
8
BLACK
6
CONTINUOUS
10
-4.3499766535433073
20
5.7454532283464568
11
-4.350417559055118
21
5.7465176377952751
0
LINE
8
BLACK
6
CONTINUOUS
10
-4.350417559055118
20
5.7465176377952751
11
-4.3504742913385828
21
5.7733404330708664
0
LINE
8
BLACK
6
CONTINUOUS
10
-4.3504742913385828
20
5.7733404330708664
11
-4.350417559055118
21
5.7739164960629923
0
LINE
8
BLACK
6
CONTINUOUS
10
-4.350417559055118
20
5.7739164960629923
11
-4.3499766535433073
21
5.7749809055118106
0
LINE
8
BLACK
6
CONTINUOUS
10
-4.3499766535433073
20
5.7749809055118106
11
-4.3491620078740159
21
5.7757955511811021
0
LINE
8
BLACK
6
CONTINUOUS
10
-4.3491620078740159
20
5.7757955511811021
11
-4.3480975984251966
21
5.7762364566929136
0
LINE
8
BLACK
6
CONTINUOUS
10
-4.3480975984251966
20
5.7762364566929136
11
-4.3469454724409449
21
5.7762364566929136
0
LINE
8
BLACK
6
CONTINUOUS
10
-4.3469454724409449
20
5.7762364566929136
11
-4.3458810629921256
21
5.7757955511811021
0
LINE
8
BLACK
6
CONTINUOUS
10
-4.3458810629921256
20
5.7757955511811021
11
-4.3450985039370078
21
5.7750129527559055
0
LINE
8
BLACK
6
CONTINUOUS
10
-4.3450985039370078
20
5.7750129527559055
11
-4.3432177559055116
21
5.7759814566929135
0
LINE
8
BLACK
6
CONTINUOUS
10
-4.3432177559055116
20
5.7759814566929135
11
-4.3426771653543303
21
5.776188346456693
0
LINE
8
BLACK
6
CONTINUOUS
10
-4.3426771653543303
20
5.776188346456693
11
-4.3425712992125982
21
5.7761958661417321
0
LINE
8
BLACK
6
CONTINUOUS
10
-4.3425712992125982
20
5.7761958661417321
11
-4.3424733070866139
21
5.7762364566929136
0
LINE
8
BLACK
6
CONTINUOUS
10
-4.3424733070866139
20
5.7762364566929136
11
-4.3419301181102359
21
5.7762414173228347
0
LINE
8
BLACK
6
CONTINUOUS
10
-4.3419301181102359
20
5.7762414173228347
11
-4.3415279527559054
21
5.7762700000000002
0
LINE
8
BLACK
6
CONTINUOUS
10
-4.3415279527559054
20
5.7762700000000002
11
-4.3414552755905511
21
5.7762457480314957
0
LINE
8
BLACK
6
CONTINUOUS
10
-4.3414552755905511
20
5.7762457480314957
11
-4.3362729527559054
21
5.7762931889763776
0
LINE
8
BLACK
6
CONTINUOUS
10
-4.3362729527559054
20
5.7762931889763776
11
-4.3356968897637795
21
5.7762364566929136
0
LINE
8
BLACK
6
CONTINUOUS
10
-4.2928370078740157
20
5.7953050393700787
11
-4.2912077165354328
21
5.7936757480314958
0
LINE
8
BLACK
6
CONTINUOUS
10
-4.2912077165354328
20
5.7936757480314958
11
-4.2903259055118106
21
5.7915469291338582
0
LINE
8
BLACK
6
CONTINUOUS
10
-4.2903259055118106
20
5.7915469291338582
11
-4.2902887007874018
21
5.7815788188976374
0
LINE
8
BLACK
6
CONTINUOUS
10
-4.2902887007874018
20
5.7815788188976374
11
-4.2449368503937004
21
5.7816771653543304
0
LINE
8
BLACK
6
CONTINUOUS
10
-4.2449368503937004
20
5.7816771653543304
11
-4.2437847244094486
21
5.7815637007874017
0
LINE
8
BLACK
6
CONTINUOUS
10
-4.2437847244094486
20
5.7815637007874017
11
-4.241655905511811
21
5.7806818897637795
0
LINE
8
BLACK
6
CONTINUOUS
10
-4.241655905511811
20
5.7806818897637795
11
-4.2400266141732281
21
5.7790525984251966
0
LINE
8
BLACK
6
CONTINUOUS
10
-4.2400266141732281
20
5.7790525984251966
11
-4.239144803149606
21
5.776923779527559
0
LINE
8
BLACK
6
CONTINUOUS
10
-4.239144803149606
20
5.776923779527559
11
-4.239144803149606
21
5.7746195275590546
0
LINE
8
BLACK
6
CONTINUOUS
10
-4.239144803149606
20
5.7746195275590546
11
-4.2400266141732281
21
5.772490708661417
0
LINE
8
BLACK
6
CONTINUOUS
10
-4.2400266141732281
20
5.772490708661417
11
-4.241655905511811
21
5.7708614173228341
0
LINE
8
BLACK
6
CONTINUOUS
10
-4.241655905511811
20
5.7708614173228341
11
-4.2437847244094486
21
5.7699796062992128
0
LINE
8
BLACK
6
CONTINUOUS
10
-4.2437847244094486
20
5.7699796062992128
11
-4.2902450393700784
21
5.7698788582677167
0
LINE
8
BLACK
6
CONTINUOUS
10
-4.2902450393700784
20
5.7698788582677167
11
-4.2902124409448819
21
5.7611484645669293
0
LINE
8
BLACK
6
CONTINUOUS
10
-4.2902124409448819
20
5.7611484645669293
11
-4.2903259055118106
21
5.7599963385826767
0
LINE
8
BLACK
6
CONTINUOUS
10
-4.2903259055118106
20
5.7599963385826767
11
-4.2912077165354328
21
5.7578675196850391
0
LINE
8
BLACK
6
CONTINUOUS
10
-4.2912077165354328
20
5.7578675196850391
11
-4.2928370078740157
21
5.7562382283464562
0
LINE
8
BLACK
6
CONTINUOUS
10
-4.2928370078740157
20
5.7562382283464562
11
-4.2949658267716533
21
5.7553564173228349
0
LINE
8
BLACK
6
CONTINUOUS
10
-4.2949658267716533
20
5.7553564173228349
11
-4.2972700787401577
21
5.7553564173228349
0
LINE
8
BLACK
6
CONTINUOUS
10
-4.2972700787401577
20
5.7553564173228349
11
-4.2993988976377953
21
5.7562382283464562
0
LINE
8
BLACK
6
CONTINUOUS
10
-4.2993988976377953
20
5.7562382283464562
11
-4.3010281889763782
21
5.7578675196850391
0
LINE
8
BLACK
6
CONTINUOUS
10
-4.3010281889763782
20
5.7578675196850391
11
-4.3019100000000003
21
5.7599963385826767
0
LINE
8
BLACK
6
CONTINUOUS
10
-4.3019100000000003
20
5.7599963385826767
11
-4.3020234645669291
21
5.7903948031496064
0
LINE
8
BLACK
6
CONTINUOUS
10
-4.3020234645669291
20
5.7903948031496064
11
-4.3019100000000003
21
5.7915469291338582
0
LINE
8
BLACK
6
CONTINUOUS
10
-4.3019100000000003
20
5.7915469291338582
11
-4.3010281889763782
21
5.7936757480314958
0
LINE
8
BLACK
6
CONTINUOUS
10
-4.3010281889763782
20
5.7936757480314958
11
-4.2993988976377953
21
5.7953050393700787
0
LINE
8
BLACK
6
CONTINUOUS
10
-4.2993988976377953
20
5.7953050393700787
11
-4.2972700787401577
21
5.7961868503937009
0
LINE
8
BLACK
6
CONTINUOUS
10
-4.2972700787401577
20
5.7961868503937009
11
-4.2949658267716533
21
5.7961868503937009
0
LINE
8
BLACK
6
CONTINUOUS
10
-4.2949658267716533
20
5.7961868503937009
11
-4.2928370078740157
21
5.7953050393700787
0
LINE
8
BLACK
6
CONTINUOUS
10
-4.8115369685039369
20
5.8541902755905513
11
-4.8102585433070866
21
5.852911850393701
0
LINE
8
BLACK
6
CONTINUOUS
10
-4.8102585433070866
20
5.852911850393701
11
-4.8100842519685036
21
5.7833388188976373
0
LINE
8
BLACK
6
CONTINUOUS
10
-4.8100842519685036
20
5.7833388188976373
11
-4.7734645669291336
21
5.7835039370078736
0
LINE
8
BLACK
6
CONTINUOUS
10
-4.7734645669291336
20
5.7835039370078736
11
-4.7725605905511808
21
5.7833241338582679
0
LINE
8
BLACK
6
CONTINUOUS
10
-4.7725605905511808
20
5.7833241338582679
11
-4.7712821653543305
21
5.7820457086614168
0
LINE
8
BLACK
6
CONTINUOUS
10
-4.7712821653543305
20
5.7820457086614168
11
-4.7712821653543305
21
5.780237755905512
0
LINE
8
BLACK
6
CONTINUOUS
10
-4.7712821653543305
20
5.780237755905512
11
-4.7725605905511808
21
5.7789593307086609
0
LINE
8
BLACK
6
CONTINUOUS
10
-4.7725605905511808
20
5.7789593307086609
11
-4.8124409448818897
21
5.7787795275590552
0
LINE
8
BLACK
6
CONTINUOUS
10
-4.8124409448818897
20
5.7787795275590552
11
-4.8133449212598425
21
5.7789593307086609
0
LINE
8
BLACK
6
CONTINUOUS
10
-4.8133449212598425
20
5.7789593307086609
11
-4.8146233464566928
21
5.780237755905512
0
LINE
8
BLACK
6
CONTINUOUS
10
-4.8146233464566928
20
5.780237755905512
11
-4.8147976771653545
21
5.8498153543307083
0
LINE
8
BLACK
6
CONTINUOUS
10
-4.8147976771653545
20
5.8498153543307083
11
-4.8695275590551184
21
5.8496456692913386
0
LINE
8
BLACK
6
CONTINUOUS
10
-4.8695275590551184
20
5.8496456692913386
11
-4.8704315354330712
21
5.8498254724409451
0
LINE
8
BLACK
6
CONTINUOUS
10
-4.8704315354330712
20
5.8498254724409451
11
-4.8717099606299215
21
5.8511038976377954
0
LINE
8
BLACK
6
CONTINUOUS
10
-4.8717099606299215
20
5.8511038976377954
11
-4.8717099606299215
21
5.852911850393701
0
LINE
8
BLACK
6
CONTINUOUS
10
-4.8717099606299215
20
5.852911850393701
11
-4.8704315354330712
21
5.8541902755905513
0
LINE
8
BLACK
6
CONTINUOUS
10
-4.8704315354330712
20
5.8541902755905513
11
-4.8124409448818897
21
5.8543700787401569
0
LINE
8
BLACK
6
CONTINUOUS
10
-4.8124409448818897
20
5.8543700787401569
11
-4.8115369685039369
21
5.8541902755905513
0
LINE
8
BLACK
6
CONTINUOUS
10
-4.1253164960629922
20
5.8541902755905513
11
-4.1240380708661419
21
5.852911850393701
0
LINE
8
BLACK
6
CONTINUOUS
10
-4.1240380708661419
20
5.852911850393701
11
-4.1240380708661419
21
5.8511038976377954
0
LINE
8
BLACK
6
CONTINUOUS
10
-4.1240380708661419
20
5.8511038976377954
11
-4.1253164960629922
21
5.8498254724409451
0
LINE
8
BLACK
6
CONTINUOUS
10
-4.1253164960629922
20
5.8498254724409451
11
-4.1811165354330706
21
5.8496524409448813
0
LINE
8
BLACK
6
CONTINUOUS
10
-4.1811165354330706
20
5.8496524409448813
11
-4.1809448818897641
21
5.7811417322834648
0
LINE
8
BLACK
6
CONTINUOUS
10
-4.1809448818897641
20
5.7811417322834648
11
-4.1811246850393697
21
5.780237755905512
0
LINE
8
BLACK
6
CONTINUOUS
10
-4.1811246850393697
20
5.780237755905512
11
-4.18240311023622
21
5.7789593307086609
0
LINE
8
BLACK
6
CONTINUOUS
10
-4.18240311023622
20
5.7789593307086609
11
-4.1842110629921256
21
5.7789593307086609
0
LINE
8
BLACK
6
CONTINUOUS
10
-4.1842110629921256
20
5.7789593307086609
11
-4.1854894881889759
21
5.780237755905512
0
LINE
8
BLACK
6
CONTINUOUS
10
-4.1854894881889759
20
5.780237755905512
11
-4.1856692913385825
21
5.8520078740157482
0
LINE
8
BLACK
6
CONTINUOUS
10
-4.1856692913385825
20
5.8520078740157482
11
-4.1854894881889759
21
5.852911850393701
0
LINE
8
BLACK
6
CONTINUOUS
10
-4.1854894881889759
20
5.852911850393701
11
-4.1842110629921256
21
5.8541902755905513
0
LINE
8
BLACK
6
CONTINUOUS
10
-4.1842110629921256
20
5.8541902755905513
11
-4.126220472440945
21
5.8543700787401569
0
LINE
8
BLACK
6
CONTINUOUS
10
-4.126220472440945
20
5.8543700787401569
11
-4.1253164960629922
21
5.8541902755905513
0
LINE
8
BLACK
6
CONTINUOUS
10
-4.5333576377952758
20
5.788918897637795
11
-4.5310354330708664
21
5.7866769291338578
0
LINE
8
BLACK
6
CONTINUOUS
10
-4.5310354330708664
20
5.7866769291338578
11
-4.5306682283464568
21
5.786229488188976
0
LINE
8
BLACK
6
CONTINUOUS
10
-4.5306682283464568
20
5.786229488188976
11
-4.5304422047244097
21
5.7856838582677161
0
LINE
8
BLACK
6
CONTINUOUS
10
-4.5304422047244097
20
5.7856838582677161
11
-4.5302273228346452
21
5.7851650393700789
0
LINE
8
BLACK
6
CONTINUOUS
10
-4.5302273228346452
20
5.7851650393700789
11
-4.5302273228346452
21
5.784012952755905
0
LINE
8
BLACK
6
CONTINUOUS
10
-4.5302273228346452
20
5.784012952755905
11
-4.5306682283464568
21
5.7829485433070866
0
LINE
8
BLACK
6
CONTINUOUS
10
-4.5306682283464568
20
5.7829485433070866
11
-4.532910196850394
21
5.7806263385826773
0
LINE
8
BLACK
6
CONTINUOUS
10
-4.532910196850394
20
5.7806263385826773
11
-4.5333576377952758
21
5.7802591338582676
0
LINE
8
BLACK
6
CONTINUOUS
10
-4.5333576377952758
20
5.7802591338582676
11
-4.5344220472440941
21
5.779818228346457
0
LINE
8
BLACK
6
CONTINUOUS
10
-4.5344220472440941
20
5.779818228346457
11
-4.5344220866141729
21
5.779818228346457
0
LINE
8
BLACK
6
CONTINUOUS
10
-4.5344220866141729
20
5.779818228346457
11
-4.535574133858268
21
5.779818228346457
0
LINE
8
BLACK
6
CONTINUOUS
10
-4.535574133858268
20
5.779818228346457
11
-4.5355741732283468
21
5.779818228346457
0
LINE
8
BLACK
6
CONTINUOUS
10
-4.5355741732283468
20
5.779818228346457
11
-4.5366385826771651
21
5.7802591338582676
0
LINE
8
BLACK
6
CONTINUOUS
10
-4.5366385826771651
20
5.7802591338582676
11
-4.5389607874015745
21
5.7825011023622048
0
LINE
8
BLACK
6
CONTINUOUS
10
-4.5389607874015745
20
5.7825011023622048
11
-4.5393279921259841
21
5.7829485433070866
0
LINE
8
BLACK
6
CONTINUOUS
10
-4.5393279921259841
20
5.7829485433070866
11
-4.5397688976377948
21
5.7840129921259837
0
LINE
8
BLACK
6
CONTINUOUS
10
-4.5397688976377948
20
5.7840129921259837
11
-4.5397688976377948
21
5.7851650393700789
0
LINE
8
BLACK
6
CONTINUOUS
10
-4.5397688976377948
20
5.7851650393700789
11
-4.5393279921259841
21
5.786229488188976
0
LINE
8
BLACK
6
CONTINUOUS
10
-4.5393279921259841
20
5.786229488188976
11
-4.5370860236220469
21
5.7885516929133853
0
LINE
8
BLACK
6
CONTINUOUS
10
-4.5370860236220469
20
5.7885516929133853
11
-4.5366385826771651
21
5.788918897637795
0
LINE
8
BLACK
6
CONTINUOUS
10
-4.5366385826771651
20
5.788918897637795
11
-4.5355741732283468
21
5.7893598031496065
0
LINE
8
BLACK
6
CONTINUOUS
10
-4.5355741732283468
20
5.7893598031496065
11
-4.5344220866141729
21
5.7893598031496065
0
LINE
8
BLACK
6
CONTINUOUS
10
-4.5344220866141729
20
5.7893598031496065
11
-4.5344220472440941
21
5.7893598031496065
0
LINE
8
BLACK
6
CONTINUOUS
10
-4.5344220472440941
20
5.7893598031496065
11
-4.5333576377952758
21
5.788918897637795
0
LINE
8
BLACK
6
CONTINUOUS
10
-4.4002492519685035
20
5.788918897637795
11
-4.3979270472440941
21
5.7866769291338578
0
LINE
8
BLACK
6
CONTINUOUS
10
-4.3979270472440941
20
5.7866769291338578
11
-4.3975598425196853
21
5.786229488188976
0
LINE
8
BLACK
6
CONTINUOUS
10
-4.3975598425196853
20
5.786229488188976
11
-4.3973338188976374
21
5.7856838582677161
0
LINE
8
BLACK
6
CONTINUOUS
10
-4.3973338188976374
20
5.7856838582677161
11
-4.3971189370078738
21
5.7851650393700789
0
LINE
8
BLACK
6
CONTINUOUS
10
-4.3971189370078738
20
5.7851650393700789
11
-4.3971189370078738
21
5.784012952755905
0
LINE
8
BLACK
6
CONTINUOUS
10
-4.3971189370078738
20
5.784012952755905
11
-4.3975598425196853
21
5.7829485433070866
0
LINE
8
BLACK
6
CONTINUOUS
10
-4.3975598425196853
20
5.7829485433070866
11
-4.3998018110236217
21
5.7806263385826773
0
LINE
8
BLACK
6
CONTINUOUS
10
-4.3998018110236217
20
5.7806263385826773
11
-4.4002492519685035
21
5.7802591338582676
0
LINE
8
BLACK
6
CONTINUOUS
10
-4.4002492519685035
20
5.7802591338582676
11
-4.4013136614173227
21
5.779818228346457
0
LINE
8
BLACK
6
CONTINUOUS
10
-4.4013136614173227
20
5.779818228346457
11
-4.4013137007874015
21
5.779818228346457
0
LINE
8
BLACK
6
CONTINUOUS
10
-4.4013137007874015
20
5.779818228346457
11
-4.4024657480314957
21
5.779818228346457
0
LINE
8
BLACK
6
CONTINUOUS
10
-4.4024657480314957
20
5.779818228346457
11
-4.4024657874015745
21
5.779818228346457
0
LINE
8
BLACK
6
CONTINUOUS
10
-4.4024657874015745
20
5.779818228346457
11
-4.4035301968503937
21
5.7802591338582676
0
LINE
8
BLACK
6
CONTINUOUS
10
-4.4035301968503937
20
5.7802591338582676
11
-4.4058524015748031
21
5.7825011023622048
0
LINE
8
BLACK
6
CONTINUOUS
10
-4.4058524015748031
20
5.7825011023622048
11
-4.4062196062992127
21
5.7829485433070866
0
LINE
8
BLACK
6
CONTINUOUS
10
-4.4062196062992127
20
5.7829485433070866
11
-4.4066605118110234
21
5.7840129921259837
0
LINE
8
BLACK
6
CONTINUOUS
10
-4.4066605118110234
20
5.7840129921259837
11
-4.4066605118110234
21
5.7851650393700789
0
LINE
8
BLACK
6
CONTINUOUS
10
-4.4066605118110234
20
5.7851650393700789
11
-4.4062196062992127
21
5.786229488188976
0
LINE
8
BLACK
6
CONTINUOUS
10
-4.4062196062992127
20
5.786229488188976
11
-4.4039776377952755
21
5.7885516929133853
0
LINE
8
BLACK
6
CONTINUOUS
10
-4.4039776377952755
20
5.7885516929133853
11
-4.4035301968503937
21
5.788918897637795
0
LINE
8
BLACK
6
CONTINUOUS
10
-4.4035301968503937
20
5.788918897637795
11
-4.4024657874015745
21
5.7893598031496065
0
LINE
8
BLACK
6
CONTINUOUS
10
-4.4024657874015745
20
5.7893598031496065
11
-4.4013137007874015
21
5.7893598031496065
0
LINE
8
BLACK
6
CONTINUOUS
10
-4.4013137007874015
20
5.7893598031496065
11
-4.4013136614173227
21
5.7893598031496065
0
LINE
8
BLACK
6
CONTINUOUS
10
-4.4013136614173227
20
5.7893598031496065
11
-4.4002492519685035
21
5.788918897637795
0
LINE
8
BLACK
6
CONTINUOUS
10
-4.2642335039370076
20
5.8401500393700783
11
-4.2641473622047243
21
5.8401628740157481
0
LINE
8
BLACK
6
CONTINUOUS
10
-4.2641473622047243
20
5.8401628740157481
11
-4.2639960629921259
21
5.8401266535433072
0
LINE
8
BLACK
6
CONTINUOUS
10
-4.2639960629921259
20
5.8401266535433072
11
-4.2632822834645667
21
5.8400563779527559
0
LINE
8
BLACK
6
CONTINUOUS
10
-4.2632822834645667
20
5.8400563779527559
11
-4.2627079527559051
21
5.8398184645669291
0
LINE
8
BLACK
6
CONTINUOUS
10
-4.2627079527559051
20
5.8398184645669291
11
-4.2532533070866139
21
5.837556299212598
0
LINE
8
BLACK
6
CONTINUOUS
10
-4.2532533070866139
20
5.837556299212598
11
-4.2531684645669294
21
5.8375259448818895
0
LINE
8
BLACK
6
CONTINUOUS
10
-4.2531684645669294
20
5.8375259448818895
11
-4.2531258267716536
21
5.8375229527559052
0
LINE
8
BLACK
6
CONTINUOUS
10
-4.2531258267716536
20
5.8375229527559052
11
-4.2530253937007876
21
5.8374748425196845
0
LINE
8
BLACK
6
CONTINUOUS
10
-4.2530253937007876
20
5.8374748425196845
11
-4.2521631102362205
21
5.8371668110236223
0
LINE
8
BLACK
6
CONTINUOUS
10
-4.2521631102362205
20
5.8371668110236223
11
-4.2517638582677169
21
5.8368709448818894
0
LINE
8
BLACK
6
CONTINUOUS
10
-4.2517638582677169
20
5.8368709448818894
11
-4.2471701968503934
21
5.8346719685039368
0
LINE
8
BLACK
6
CONTINUOUS
10
-4.2471701968503934
20
5.8346719685039368
11
-4.2466744094488185
21
5.8343598425196852
0
LINE
8
BLACK
6
CONTINUOUS
10
-4.2466744094488185
20
5.8343598425196852
11
-4.2465303149606299
21
5.8343001968503936
0
LINE
8
BLACK
6
CONTINUOUS
10
-4.2465303149606299
20
5.8343001968503936
11
-4.2464341338582674
21
5.8342085826771655
0
LINE
8
BLACK
6
CONTINUOUS
10
-4.2464341338582674
20
5.8342085826771655
11
-4.2461904330708657
21
5.8340552362204727
0
LINE
8
BLACK
6
CONTINUOUS
10
-4.2461904330708657
20
5.8340552362204727
11
-4.2458
21
5.8336049999999995
0
LINE
8
BLACK
6
CONTINUOUS
10
-4.2458
20
5.8336049999999995
11
-4.2431981889763781
21
5.8311285433070861
0
LINE
8
BLACK
6
CONTINUOUS
10
-4.2431981889763781
20
5.8311285433070861
11
-4.2428264960629924
21
5.8306755905511807
0
LINE
8
BLACK
6
CONTINUOUS
10
-4.2428264960629924
20
5.8306755905511807
11
-4.2427087007874018
21
5.8305734645669292
0
LINE
8
BLACK
6
CONTINUOUS
10
-4.2427087007874018
20
5.8305734645669292
11
-4.2426494881889765
21
5.830459921259842
0
LINE
8
BLACK
6
CONTINUOUS
10
-4.2426494881889765
20
5.830459921259842
11
-4.2424637401574801
21
5.8302336220472437
0
LINE
8
BLACK
6
CONTINUOUS
10
-4.2424637401574801
20
5.8302336220472437
11
-4.2422029133858263
21
5.8296038582677161
0
LINE
8
BLACK
6
CONTINUOUS
10
-4.2422029133858263
20
5.8296038582677161
11
-4.2396548031496062
21
5.8247193700787401
0
LINE
8
BLACK
6
CONTINUOUS
10
-4.2396548031496062
20
5.8247193700787401
11
-4.2392410236220472
21
5.8236381496062988
0
LINE
8
BLACK
6
CONTINUOUS
10
-4.2392410236220472
20
5.8236381496062988
11
-4.2392259842519682
21
5.8234264173228345
0
LINE
8
BLACK
6
CONTINUOUS
10
-4.2392259842519682
20
5.8234264173228345
11
-4.239144803149606
21
5.8232304724409447
0
LINE
8
BLACK
6
CONTINUOUS
10
-4.239144803149606
20
5.8232304724409447
11
-4.2391205905511811
21
5.8219425984251965
0
LINE
8
BLACK
6
CONTINUOUS
10
-4.2391205905511811
20
5.8219425984251965
11
-4.2390777165354327
21
5.8213396850393702
0
LINE
8
BLACK
6
CONTINUOUS
10
-4.2390777165354327
20
5.8213396850393702
11
-4.2391075590551184
21
5.8212502362204726
0
LINE
8
BLACK
6
CONTINUOUS
10
-4.2391075590551184
20
5.8212502362204726
11
-4.2390313385826772
21
5.8172039370078741
0
LINE
8
BLACK
6
CONTINUOUS
10
-4.2390313385826772
20
5.8172039370078741
11
-4.239144803149606
21
5.8160518110236223
0
LINE
8
BLACK
6
CONTINUOUS
10
-4.239144803149606
20
5.8160518110236223
11
-4.2392259842519682
21
5.8158558267716538
0
LINE
8
BLACK
6
CONTINUOUS
10
-4.2392259842519682
20
5.8158558267716538
11
-4.2392410236220472
21
5.8156441338582674
0
LINE
8
BLACK
6
CONTINUOUS
10
-4.2392410236220472
20
5.8156441338582674
11
-4.2397804330708659
21
5.8145173228346456
0
LINE
8
BLACK
6
CONTINUOUS
10
-4.2397804330708659
20
5.8145173228346456
11
-4.2400266141732281
21
5.8139229921259838
0
LINE
8
BLACK
6
CONTINUOUS
10
-4.2400266141732281
20
5.8139229921259838
11
-4.240100157480315
21
5.8138494488188979
0
LINE
8
BLACK
6
CONTINUOUS
10
-4.240100157480315
20
5.8138494488188979
11
-4.2420919685039369
21
5.8096885433070868
0
LINE
8
BLACK
6
CONTINUOUS
10
-4.2420919685039369
20
5.8096885433070868
11
-4.2424040551181097
21
5.8091927952755906
0
LINE
8
BLACK
6
CONTINUOUS
10
-4.2424040551181097
20
5.8091927952755906
11
-4.2424637401574801
21
5.8090486614173225
0
LINE
8
BLACK
6
CONTINUOUS
10
-4.2424637401574801
20
5.8090486614173225
11
-4.2425553937007869
21
5.8089523622047246
0
LINE
8
BLACK
6
CONTINUOUS
10
-4.2425553937007869
20
5.8089523622047246
11
-4.2427087007874018
21
5.8087088188976379
0
LINE
8
BLACK
6
CONTINUOUS
10
-4.2427087007874018
20
5.8087088188976379
11
-4.2431587007874016
21
5.8083185433070863
0
LINE
8
BLACK
6
CONTINUOUS
10
-4.2431587007874016
20
5.8083185433070863
11
-4.2456353937007876
21
5.8057165354330706
0
LINE
8
BLACK
6
CONTINUOUS
10
-4.2456353937007876
20
5.8057165354330706
11
-4.2460882283464567
21
5.8053449212598425
0
LINE
8
BLACK
6
CONTINUOUS
10
-4.2460882283464567
20
5.8053449212598425
11
-4.2461904330708657
21
5.8052270472440943
0
LINE
8
BLACK
6
CONTINUOUS
10
-4.2461904330708657
20
5.8052270472440943
11
-4.2463040944881891
21
5.8051677559055115
0
LINE
8
BLACK
6
CONTINUOUS
10
-4.2463040944881891
20
5.8051677559055115
11
-4.2465303149606299
21
5.8049820866141735
0
LINE
8
BLACK
6
CONTINUOUS
10
-4.2465303149606299
20
5.8049820866141735
11
-4.2471599212598425
21
5.8047212992125985
0
LINE
8
BLACK
6
CONTINUOUS
10
-4.2471599212598425
20
5.8047212992125985
11
-4.2520446062992123
21
5.80217311023622
0
LINE
8
BLACK
6
CONTINUOUS
10
-4.2520446062992123
20
5.80217311023622
11
-4.2521288188976376
21
5.8021408661417322
0
LINE
8
BLACK
6
CONTINUOUS
10
-4.2521288188976376
20
5.8021408661417322
11
-4.2521631102362205
21
5.8021154724409447
0
LINE
8
BLACK
6
CONTINUOUS
10
-4.2521631102362205
20
5.8021154724409447
11
-4.2522638976377953
21
5.8020891732283459
0
LINE
8
BLACK
6
CONTINUOUS
10
-4.2522638976377953
20
5.8020891732283459
11
-4.2531258267716536
21
5.801759330708661
0
LINE
8
BLACK
6
CONTINUOUS
10
-4.2531258267716536
20
5.801759330708661
11
-4.2536796850393701
21
5.8017199606299208
0
LINE
8
BLACK
6
CONTINUOUS
10
-4.2536796850393701
20
5.8017199606299208
11
-4.2630021259842517
21
5.7992888188976375
0
LINE
8
BLACK
6
CONTINUOUS
10
-4.2630021259842517
20
5.7992888188976375
11
-4.2632018110236221
21
5.7992592913385828
0
LINE
8
BLACK
6
CONTINUOUS
10
-4.2632018110236221
20
5.7992592913385828
11
-4.2632822834645667
21
5.7992259448818899
0
LINE
8
BLACK
6
CONTINUOUS
10
-4.2632822834645667
20
5.7992259448818899
11
-4.2634361417322832
21
5.7992246062992123
0
LINE
8
BLACK
6
CONTINUOUS
10
-4.2634361417322832
20
5.7992246062992123
11
-4.2641473622047243
21
5.7991194488188977
0
LINE
8
BLACK
6
CONTINUOUS
10
-4.2641473622047243
20
5.7991194488188977
11
-4.2647775196850395
21
5.7992131889763776
0
LINE
8
BLACK
6
CONTINUOUS
10
-4.2647775196850395
20
5.7992131889763776
11
-4.2766203937007869
21
5.7991124803149603
0
LINE
8
BLACK
6
CONTINUOUS
10
-4.2766203937007869
20
5.7991124803149603
11
-4.2768212992125987
21
5.7991322440944879
0
LINE
8
BLACK
6
CONTINUOUS
10
-4.2768212992125987
20
5.7991322440944879
11
-4.2769074015748032
21
5.7991194488188977
0
LINE
8
BLACK
6
CONTINUOUS
10
-4.2769074015748032
20
5.7991194488188977
11
-4.2770587007874017
21
5.7991556299212599
0
LINE
8
BLACK
6
CONTINUOUS
10
-4.2770587007874017
20
5.7991556299212599
11
-4.2777725196850396
21
5.7992259448818899
0
LINE
8
BLACK
6
CONTINUOUS
10
-4.2777725196850396
20
5.7992259448818899
11
-4.2783469291338578
21
5.7994638582677167
0
LINE
8
BLACK
6
CONTINUOUS
10
-4.2783469291338578
20
5.7994638582677167
11
-4.2878014566929137
21
5.8017259842519682
0
LINE
8
BLACK
6
CONTINUOUS
10
-4.2878014566929137
20
5.8017259842519682
11
-4.2878863385826769
21
5.8017562598425192
0
LINE
8
BLACK
6
CONTINUOUS
10
-4.2878863385826769
20
5.8017562598425192
11
-4.2879289763779527
21
5.801759330708661
0
LINE
8
BLACK
6
CONTINUOUS
10
-4.2879289763779527
20
5.801759330708661
11
-4.2880295669291337
21
5.8018074409448817
0
LINE
8
BLACK
6
CONTINUOUS
10
-4.2880295669291337
20
5.8018074409448817
11
-4.288891653543307
21
5.8021154724409447
0
LINE
8
BLACK
6
CONTINUOUS
10
-4.288891653543307
20
5.8021154724409447
11
-4.2892909448818894
21
5.802411299212598
0
LINE
8
BLACK
6
CONTINUOUS
10
-4.2892909448818894
20
5.802411299212598
11
-4.2938845669291341
21
5.8046103149606294
0
LINE
8
BLACK
6
CONTINUOUS
10
-4.2938845669291341
20
5.8046103149606294
11
-4.2943803937007869
21
5.8049224015748031
0
LINE
8
BLACK
6
CONTINUOUS
10
-4.2943803937007869
20
5.8049224015748031
11
-4.2945244488188976
21
5.8049820866141735
0
LINE
8
BLACK
6
CONTINUOUS
10
-4.2945244488188976
20
5.8049820866141735
11
-4.2946206692913389
21
5.8050736614173228
0
LINE
8
BLACK
6
CONTINUOUS
10
-4.2946206692913389
20
5.8050736614173228
11
-4.2948643307086609
21
5.8052270472440943
0
LINE
8
BLACK
6
CONTINUOUS
10
-4.2948643307086609
20
5.8052270472440943
11
-4.2952548031496063
21
5.8056772440944879
0
LINE
8
BLACK
6
CONTINUOUS
10
-4.2952548031496063
20
5.8056772440944879
11
-4.2978565748031494
21
5.8081537401574801
0
LINE
8
BLACK
6
CONTINUOUS
10
-4.2978565748031494
20
5.8081537401574801
11
-4.2982282283464563
21
5.8086065354330705
0
LINE
8
BLACK
6
CONTINUOUS
10
-4.2982282283464563
20
5.8086065354330705
11
-4.2983460629921257
21
5.8087087795275592
0
LINE
8
BLACK
6
CONTINUOUS
10
-4.2983460629921257
20
5.8087087795275592
11
-4.2984053543307086
21
5.8088224015748029
0
LINE
8
BLACK
6
CONTINUOUS
10
-4.2984053543307086
20
5.8088224015748029
11
-4.2985910236220475
21
5.8090486614173225
0
LINE
8
BLACK
6
CONTINUOUS
10
-4.2985910236220475
20
5.8090486614173225
11
-4.2988518110236216
21
5.8096781889763776
0
LINE
8
BLACK
6
CONTINUOUS
10
-4.2988518110236216
20
5.8096781889763776
11
-4.3014000000000001
21
5.814562913385827
0
LINE
8
BLACK
6
CONTINUOUS
10
-4.3014000000000001
20
5.814562913385827
11
-4.3018137401574803
21
5.8156441338582674
0
LINE
8
BLACK
6
CONTINUOUS
10
-4.3018137401574803
20
5.8156441338582674
11
-4.3018287795275594
21
5.8158557086614175
0
LINE
8
BLACK
6
CONTINUOUS
10
-4.3018287795275594
20
5.8158557086614175
11
-4.3019100000000003
21
5.8160518110236223
0
LINE
8
BLACK
6
CONTINUOUS
10
-4.3019100000000003
20
5.8160518110236223
11
-4.301934251968504
21
5.817339803149606
0
LINE
8
BLACK
6
CONTINUOUS
10
-4.301934251968504
20
5.817339803149606
11
-4.3019770866141736
21
5.8179425590551181
0
LINE
8
BLACK
6
CONTINUOUS
10
-4.3019770866141736
20
5.8179425590551181
11
-4.3019472834645667
21
5.818031968503937
0
LINE
8
BLACK
6
CONTINUOUS
10
-4.3019472834645667
20
5.818031968503937
11
-4.3020234645669291
21
5.822078346456693
0
LINE
8
BLACK
6
CONTINUOUS
10
-4.3020234645669291
20
5.822078346456693
11
-4.3019100000000003
21
5.8232304724409447
0
LINE
8
BLACK
6
CONTINUOUS
10
-4.3019100000000003
20
5.8232304724409447
11
-4.3018287795275594
21
5.8234265354330708
0
LINE
8
BLACK
6
CONTINUOUS
10
-4.3018287795275594
20
5.8234265354330708
11
-4.3018137401574803
21
5.8236381496062988
0
LINE
8
BLACK
6
CONTINUOUS
10
-4.3018137401574803
20
5.8236381496062988
11
-4.3012746456692916
21
5.8247643700787401
0
LINE
8
BLACK
6
CONTINUOUS
10
-4.3012746456692916
20
5.8247643700787401
11
-4.3010281889763782
21
5.8253592913385823
0
LINE
8
BLACK
6
CONTINUOUS
10
-4.3010281889763782
20
5.8253592913385823
11
-4.3009546456692913
21
5.8254328346456692
0
LINE
8
BLACK
6
CONTINUOUS
10
-4.3009546456692913
20
5.8254328346456692
11
-4.2989627952755907
21
5.829593779527559
0
LINE
8
BLACK
6
CONTINUOUS
10
-4.2989627952755907
20
5.829593779527559
11
-4.298650708661417
21
5.8300895669291339
0
LINE
8
BLACK
6
CONTINUOUS
10
-4.298650708661417
20
5.8300895669291339
11
-4.2985910236220475
21
5.8302336220472437
0
LINE
8
BLACK
6
CONTINUOUS
10
-4.2985910236220475
20
5.8302336220472437
11
-4.298499488188976
21
5.8303298031496062
0
LINE
8
BLACK
6
CONTINUOUS
10
-4.298499488188976
20
5.8303298031496062
11
-4.2983460629921257
21
5.8305735039370079
0
LINE
8
BLACK
6
CONTINUOUS
10
-4.2983460629921257
20
5.8305735039370079
11
-4.2978959448818896
21
5.8309638976377949
0
LINE
8
BLACK
6
CONTINUOUS
10
-4.2978959448818896
20
5.8309638976377949
11
-4.29541937007874
21
5.8335657480314955
0
LINE
8
BLACK
6
CONTINUOUS
10
-4.29541937007874
20
5.8335657480314955
11
-4.2949665748031496
21
5.8339373228346458
0
LINE
8
BLACK
6
CONTINUOUS
10
-4.2949665748031496
20
5.8339373228346458
11
-4.2948643307086609
21
5.8340552362204727
0
LINE
8
BLACK
6
CONTINUOUS
10
-4.2948643307086609
20
5.8340552362204727
11
-4.2947507086614172
21
5.8341144881889759
0
LINE
8
BLACK
6
CONTINUOUS
10
-4.2947507086614172
20
5.8341144881889759
11
-4.2945244488188976
21
5.8343001968503936
0
LINE
8
BLACK
6
CONTINUOUS
10
-4.2945244488188976
20
5.8343001968503936
11
-4.2938949212598425
21
5.8345609448818898
0
LINE
8
BLACK
6
CONTINUOUS
10
-4.2938949212598425
20
5.8345609448818898
11
-4.289010196850394
21
5.8371091732283462
0
LINE
8
BLACK
6
CONTINUOUS
10
-4.289010196850394
20
5.8371091732283462
11
-4.2889260236220474
21
5.8371413779527561
0
LINE
8
BLACK
6
CONTINUOUS
10
-4.2889260236220474
20
5.8371413779527561
11
-4.2888916929133858
21
5.8371668110236223
0
LINE
8
BLACK
6
CONTINUOUS
10
-4.2888916929133858
20
5.8371668110236223
11
-4.2887909448818897
21
5.8371930708661415
0
LINE
8
BLACK
6
CONTINUOUS
10
-4.2887909448818897
20
5.8371930708661415
11
-4.2879289763779527
21
5.8375229527559052
0
LINE
8
BLACK
6
CONTINUOUS
10
-4.2879289763779527
20
5.8375229527559052
11
-4.2873751968503937
21
5.8375622834645666
0
LINE
8
BLACK
6
CONTINUOUS
10
-4.2873751968503937
20
5.8375622834645666
11
-4.2780526771653546
21
5.8399935039370074
0
LINE
8
BLACK
6
CONTINUOUS
10
-4.2780526771653546
20
5.8399935039370074
11
-4.277853031496063
21
5.8400229921259843
0
LINE
8
BLACK
6
CONTINUOUS
10
-4.277853031496063
20
5.8400229921259843
11
-4.2777725196850396
21
5.8400563779527559
0
LINE
8
BLACK
6
CONTINUOUS
10
-4.2777725196850396
20
5.8400563779527559
11
-4.2776187007874018
21
5.8400576771653538
0
LINE
8
BLACK
6
CONTINUOUS
10
-4.2776187007874018
20
5.8400576771653538
11
-4.276907440944882
21
5.8401628740157481
0
LINE
8
BLACK
6
CONTINUOUS
10
-4.276907440944882
20
5.8401628740157481
11
-4.2762773228346456
21
5.8400690944881886
0
LINE
8
BLACK
6
CONTINUOUS
10
-4.2762773228346456
20
5.8400690944881886
11
-4.2644344094488185
21
5.8401698425196846
0
LINE
8
BLACK
6
CONTINUOUS
10
-4.2644344094488185
20
5.8401698425196846
11
-4.2642335039370076
21
5.8401500393700783
0
LINE
8
BLACK
6
CONTINUOUS
10
-4.2762556692913387
20
5.8283618897637792
11
-4.2846386220472441
21
5.8261757086614168
0
LINE
8
BLACK
6
CONTINUOUS
10
-4.2846386220472441
20
5.8261757086614168
11
-4.2878785826771653
21
5.8244855118110239
0
LINE
8
BLACK
6
CONTINUOUS
10
-4.2878785826771653
20
5.8244855118110239
11
-4.2889664173228343
21
5.8233426377952755
0
LINE
8
BLACK
6
CONTINUOUS
10
-4.2889664173228343
20
5.8233426377952755
11
-4.290276496062992
21
5.8206059055118109
0
LINE
8
BLACK
6
CONTINUOUS
10
-4.290276496062992
20
5.8206059055118109
11
-4.2902367322834642
21
5.8184938976377953
0
LINE
8
BLACK
6
CONTINUOUS
10
-4.2902367322834642
20
5.8184938976377953
11
-4.2887763779527557
21
5.8156945275590548
0
LINE
8
BLACK
6
CONTINUOUS
10
-4.2887763779527557
20
5.8156945275590548
11
-4.2876334645669294
21
5.814606653543307
0
LINE
8
BLACK
6
CONTINUOUS
10
-4.2876334645669294
20
5.814606653543307
11
-4.2839505905511812
21
5.8128436614173227
0
LINE
8
BLACK
6
CONTINUOUS
10
-4.2839505905511812
20
5.8128436614173227
11
-4.2755306299212599
21
5.8108290944881889
0
LINE
8
BLACK
6
CONTINUOUS
10
-4.2755306299212599
20
5.8108290944881889
11
-4.2647991338582676
21
5.8109203937007869
0
LINE
8
BLACK
6
CONTINUOUS
10
-4.2647991338582676
20
5.8109203937007869
11
-4.2564160629921259
21
5.8131066141732282
0
LINE
8
BLACK
6
CONTINUOUS
10
-4.2564160629921259
20
5.8131066141732282
11
-4.253176220472441
21
5.8147967322834644
0
LINE
8
BLACK
6
CONTINUOUS
10
-4.253176220472441
20
5.8147967322834644
11
-4.252088385826772
21
5.8159396062992128
0
LINE
8
BLACK
6
CONTINUOUS
10
-4.252088385826772
20
5.8159396062992128
11
-4.2507783464566931
21
5.8186762992125987
0
LINE
8
BLACK
6
CONTINUOUS
10
-4.2507783464566931
20
5.8186762992125987
11
-4.2508181102362208
21
5.820788346456693
0
LINE
8
BLACK
6
CONTINUOUS
10
-4.2508181102362208
20
5.820788346456693
11
-4.2522784251968506
21
5.8235877165354326
0
LINE
8
BLACK
6
CONTINUOUS
10
-4.2522784251968506
20
5.8235877165354326
11
-4.2534212992125982
21
5.8246755511811026
0
LINE
8
BLACK
6
CONTINUOUS
10
-4.2534212992125982
20
5.8246755511811026
11
-4.2571042125984251
21
5.8264385433070869
0
LINE
8
BLACK
6
CONTINUOUS
10
-4.2571042125984251
20
5.8264385433070869
11
-4.2655242125984252
21
5.8284531889763782
0
LINE
8
BLACK
6
CONTINUOUS
10
-4.2655242125984252
20
5.8284531889763782
11
-4.2762556692913387
21
5.8283618897637792
0
LINE
8
BLACK
6
CONTINUOUS
10
-4.4397201968503932
20
5.903909960629921
11
-4.4395242519685034
21
5.9038287795275588
0
LINE
8
BLACK
6
CONTINUOUS
10
-4.4395242519685034
20
5.9038287795275588
11
-4.4393125196850391
21
5.9038137401574806
0
LINE
8
BLACK
6
CONTINUOUS
10
-4.4393125196850391
20
5.9038137401574806
11
-4.4381858267716536
21
5.9032743700787398
0
LINE
8
BLACK
6
CONTINUOUS
10
-4.4381858267716536
20
5.9032743700787398
11
-4.4375913779527556
21
5.9030281496062988
0
LINE
8
BLACK
6
CONTINUOUS
10
-4.4375913779527556
20
5.9030281496062988
11
-4.4375178740157475
21
5.9029546062992129
0
LINE
8
BLACK
6
CONTINUOUS
10
-4.4375178740157475
20
5.9029546062992129
11
-4.4333568897637798
21
5.9009627559055113
0
LINE
8
BLACK
6
CONTINUOUS
10
-4.4333568897637798
20
5.9009627559055113
11
-4.4328611023622049
21
5.9006506299212598
0
LINE
8
BLACK
6
CONTINUOUS
10
-4.4328611023622049
20
5.9006506299212598
11
-4.4327170078740155
21
5.9005909842519682
0
LINE
8
BLACK
6
CONTINUOUS
10
-4.4327170078740155
20
5.9005909842519682
11
-4.4326208267716538
21
5.90049937007874
0
LINE
8
BLACK
6
CONTINUOUS
10
-4.4326208267716538
20
5.90049937007874
11
-4.4323771259842522
21
5.9003460236220473
0
LINE
8
BLACK
6
CONTINUOUS
10
-4.4323771259842522
20
5.9003460236220473
11
-4.4319866929133855
21
5.8998957874015749
0
LINE
8
BLACK
6
CONTINUOUS
10
-4.4319866929133855
20
5.8998957874015749
11
-4.4293848818897636
21
5.8974193307086615
0
LINE
8
BLACK
6
CONTINUOUS
10
-4.4293848818897636
20
5.8974193307086615
11
-4.429013188976378
21
5.8969663779527561
0
LINE
8
BLACK
6
CONTINUOUS
10
-4.429013188976378
20
5.8969663779527561
11
-4.4288953937007873
21
5.8968642519685037
0
LINE
8
BLACK
6
CONTINUOUS
10
-4.4288953937007873
20
5.8968642519685037
11
-4.428836181102362
21
5.8967507086614175
0
LINE
8
BLACK
6
CONTINUOUS
10
-4.428836181102362
20
5.8967507086614175
11
-4.4286504330708665
21
5.8965244094488192
0
LINE
8
BLACK
6
CONTINUOUS
10
-4.4286504330708665
20
5.8965244094488192
11
-4.4283896062992127
21
5.8958946456692916
0
LINE
8
BLACK
6
CONTINUOUS
10
-4.4283896062992127
20
5.8958946456692916
11
-4.4258414960629917
21
5.8910101574803146
0
LINE
8
BLACK
6
CONTINUOUS
10
-4.4258414960629917
20
5.8910101574803146
11
-4.4254277165354328
21
5.8899289370078742
0
LINE
8
BLACK
6
CONTINUOUS
10
-4.4254277165354328
20
5.8899289370078742
11
-4.4254126771653546
21
5.8897172047244091
0
LINE
8
BLACK
6
CONTINUOUS
10
-4.4254126771653546
20
5.8897172047244091
11
-4.4253314960629924
21
5.8895212598425193
0
LINE
8
BLACK
6
CONTINUOUS
10
-4.4253314960629924
20
5.8895212598425193
11
-4.425315866141732
21
5.8883545275590548
0
LINE
8
BLACK
6
CONTINUOUS
10
-4.425315866141732
20
5.8883545275590548
11
-4.4252644094488192
21
5.8876304724409447
0
LINE
8
BLACK
6
CONTINUOUS
10
-4.4252644094488192
20
5.8876304724409447
11
-4.4253045669291335
21
5.8875100787401573
0
LINE
8
BLACK
6
CONTINUOUS
10
-4.4253045669291335
20
5.8875100787401573
11
-4.4252180314960627
21
5.8810575196850392
0
LINE
8
BLACK
6
CONTINUOUS
10
-4.4252180314960627
20
5.8810575196850392
11
-4.4253314960629924
21
5.8799053937007875
0
LINE
8
BLACK
6
CONTINUOUS
10
-4.4253314960629924
20
5.8799053937007875
11
-4.4254126771653546
21
5.8797094094488189
0
LINE
8
BLACK
6
CONTINUOUS
10
-4.4254126771653546
20
5.8797094094488189
11
-4.4254277165354328
21
5.8794977165354325
0
LINE
8
BLACK
6
CONTINUOUS
10
-4.4254277165354328
20
5.8794977165354325
11
-4.4259671259842515
21
5.8783709055118107
0
LINE
8
BLACK
6
CONTINUOUS
10
-4.4259671259842515
20
5.8783709055118107
11
-4.4262133070866136
21
5.8777765748031499
0
LINE
8
BLACK
6
CONTINUOUS
10
-4.4262133070866136
20
5.8777765748031499
11
-4.4262868503937005
21
5.877703031496063
0
LINE
8
BLACK
6
CONTINUOUS
10
-4.4262868503937005
20
5.877703031496063
11
-4.4282786614173224
21
5.873542125984252
0
LINE
8
BLACK
6
CONTINUOUS
10
-4.4282786614173224
20
5.873542125984252
11
-4.4285907480314961
21
5.8730463779527557
0
LINE
8
BLACK
6
CONTINUOUS
10
-4.4285907480314961
20
5.8730463779527557
11
-4.4286504330708665
21
5.8729022440944885
0
LINE
8
BLACK
6
CONTINUOUS
10
-4.4286504330708665
20
5.8729022440944885
11
-4.4287420866141733
21
5.8728059448818897
0
LINE
8
BLACK
6
CONTINUOUS
10
-4.4287420866141733
20
5.8728059448818897
11
-4.4288953937007873
21
5.872562401574803
0
LINE
8
BLACK
6
CONTINUOUS
10
-4.4288953937007873
20
5.872562401574803
11
-4.4293453937007872
21
5.8721721259842514
0
LINE
8
BLACK
6
CONTINUOUS
10
-4.4293453937007872
20
5.8721721259842514
11
-4.4318220866141731
21
5.8695701181102358
0
LINE
8
BLACK
6
CONTINUOUS
10
-4.4318220866141731
20
5.8695701181102358
11
-4.4322749212598422
21
5.8691985039370076
0
LINE
8
BLACK
6
CONTINUOUS
10
-4.4322749212598422
20
5.8691985039370076
11
-4.4323771259842522
21
5.8690806299212595
0
LINE
8
BLACK
6
CONTINUOUS
10
-4.4323771259842522
20
5.8690806299212595
11
-4.4324907874015747
21
5.8690213385826766
0
LINE
8
BLACK
6
CONTINUOUS
10
-4.4324907874015747
20
5.8690213385826766
11
-4.4327170078740155
21
5.8688356692913386
0
LINE
8
BLACK
6
CONTINUOUS
10
-4.4327170078740155
20
5.8688356692913386
11
-4.4333466141732281
21
5.8685748818897636
0
LINE
8
BLACK
6
CONTINUOUS
10
-4.4333466141732281
20
5.8685748818897636
11
-4.4375973228346455
21
5.8663574015748035
0
LINE
8
BLACK
6
CONTINUOUS
10
-4.4375973228346455
20
5.8663574015748035
11
-4.4262855511811026
21
5.8503234251968506
0
LINE
8
BLACK
6
CONTINUOUS
10
-4.4262855511811026
20
5.8503234251968506
11
-4.4257178346456696
21
5.849314488188976
0
LINE
8
BLACK
6
CONTINUOUS
10
-4.4257178346456696
20
5.849314488188976
11
-4.4252194094488191
21
5.847064803149606
0
LINE
8
BLACK
6
CONTINUOUS
10
-4.4252194094488191
20
5.847064803149606
11
-4.4256198425196853
21
5.8447957086614171
0
LINE
8
BLACK
6
CONTINUOUS
10
-4.4256198425196853
20
5.8447957086614171
11
-4.4268581496062991
21
5.8428524803149609
0
LINE
8
BLACK
6
CONTINUOUS
10
-4.4268581496062991
20
5.8428524803149609
11
-4.4287458661417318
21
5.8415311023622047
0
LINE
8
BLACK
6
CONTINUOUS
10
-4.4287458661417318
20
5.8415311023622047
11
-4.4309955511811019
21
5.841032716535433
0
LINE
8
BLACK
6
CONTINUOUS
10
-4.4309955511811019
20
5.841032716535433
11
-4.4332646850393695
21
5.8414331102362205
0
LINE
8
BLACK
6
CONTINUOUS
10
-4.4332646850393695
20
5.8414331102362205
11
-4.4352078740157479
21
5.842671456692913
0
LINE
8
BLACK
6
CONTINUOUS
10
-4.4352078740157479
20
5.842671456692913
11
-4.4512800787401572
21
5.8654531496062994
0
LINE
8
BLACK
6
CONTINUOUS
10
-4.4512800787401572
20
5.8654531496062994
11
-4.4545044881889764
21
5.865435433070866
0
LINE
8
BLACK
6
CONTINUOUS
10
-4.4545044881889764
20
5.865435433070866
11
-4.4544643700787399
21
5.8469368110236219
0
LINE
8
BLACK
6
CONTINUOUS
10
-4.4544643700787399
20
5.8469368110236219
11
-4.4545778346456695
21
5.8457846850393702
0
LINE
8
BLACK
6
CONTINUOUS
10
-4.4545778346456695
20
5.8457846850393702
11
-4.4554596456692916
21
5.8436558661417317
0
LINE
8
BLACK
6
CONTINUOUS
10
-4.4554596456692916
20
5.8436558661417317
11
-4.4570889370078737
21
5.8420265748031497
0
LINE
8
BLACK
6
CONTINUOUS
10
-4.4570889370078737
20
5.8420265748031497
11
-4.4592177559055113
21
5.8411447637795275
0
LINE
8
BLACK
6
CONTINUOUS
10
-4.4592177559055113
20
5.8411447637795275
11
-4.4615220078740156
21
5.8411447637795275
0
LINE
8
BLACK
6
CONTINUOUS
10
-4.4615220078740156
20
5.8411447637795275
11
-4.4636508267716533
21
5.8420265748031497
0
LINE
8
BLACK
6
CONTINUOUS
10
-4.4636508267716533
20
5.8420265748031497
11
-4.4652801181102362
21
5.8436558661417317
0
LINE
8
BLACK
6
CONTINUOUS
10
-4.4652801181102362
20
5.8436558661417317
11
-4.4661619291338583
21
5.8457846850393702
0
LINE
8
BLACK
6
CONTINUOUS
10
-4.4661619291338583
20
5.8457846850393702
11
-4.4662753937007871
21
5.8981179133858266
0
LINE
8
BLACK
6
CONTINUOUS
10
-4.4662753937007871
20
5.8981179133858266
11
-4.4661619291338583
21
5.8992700393700783
0
LINE
8
BLACK
6
CONTINUOUS
10
-4.4661619291338583
20
5.8992700393700783
11
-4.4652801181102362
21
5.9013988582677168
0
LINE
8
BLACK
6
CONTINUOUS
10
-4.4652801181102362
20
5.9013988582677168
11
-4.4636508267716533
21
5.9030281496062988
0
LINE
8
BLACK
6
CONTINUOUS
10
-4.4636508267716533
20
5.9030281496062988
11
-4.4615220078740156
21
5.903909960629921
0
LINE
8
BLACK
6
CONTINUOUS
10
-4.4615220078740156
20
5.903909960629921
11
-4.4408723228346458
21
5.9040234251968506
0
LINE
8
BLACK
6
CONTINUOUS
10
-4.4408723228346458
20
5.9040234251968506
11
-4.4397201968503932
21
5.903909960629921
0
LINE
8
BLACK
6
CONTINUOUS
10
-4.4545626377952754
20
5.8922442913385824
11
-4.4545298818897638
21
5.877139173228346
0
LINE
8
BLACK
6
CONTINUOUS
10
-4.4545298818897638
20
5.877139173228346
11
-4.4484947637795278
21
5.8771723622047238
0
LINE
8
BLACK
6
CONTINUOUS
10
-4.4484947637795278
20
5.8771723622047238
11
-4.4483118897637794
21
5.8772128740157479
0
LINE
8
BLACK
6
CONTINUOUS
10
-4.4483118897637794
20
5.8772128740157479
11
-4.4480948425196853
21
5.8771745275590552
0
LINE
8
BLACK
6
CONTINUOUS
10
-4.4480948425196853
20
5.8771745275590552
11
-4.4421290157480318
21
5.8772073228346455
0
LINE
8
BLACK
6
CONTINUOUS
10
-4.4421290157480318
20
5.8772073228346455
11
-4.4393629133858266
21
5.8786503149606295
0
LINE
8
BLACK
6
CONTINUOUS
10
-4.4393629133858266
20
5.8786503149606295
11
-4.4382750787401575
21
5.8797931889763779
0
LINE
8
BLACK
6
CONTINUOUS
10
-4.4382750787401575
20
5.8797931889763779
11
-4.4369511811023621
21
5.8825587795275593
0
LINE
8
BLACK
6
CONTINUOUS
10
-4.4369511811023621
20
5.8825587795275593
11
-4.4370119685039366
21
5.8870928740157478
0
LINE
8
BLACK
6
CONTINUOUS
10
-4.4370119685039366
20
5.8870928740157478
11
-4.4384651181102361
21
5.8898785039370081
0
LINE
8
BLACK
6
CONTINUOUS
10
-4.4384651181102361
20
5.8898785039370081
11
-4.4396079921259846
21
5.8909663385826772
0
LINE
8
BLACK
6
CONTINUOUS
10
-4.4396079921259846
20
5.8909663385826772
11
-4.4424170472440947
21
5.8923110236220468
0
LINE
8
BLACK
6
CONTINUOUS
10
-4.4424170472440947
20
5.8923110236220468
11
-4.4545626377952754
21
5.8922442913385824
0
LINE
8
BLACK
6
CONTINUOUS
10
-4.4774050393700788
20
5.9034855905511812
11
-4.4755383858267717
21
5.9021346850393703
0
LINE
8
BLACK
6
CONTINUOUS
10
-4.4755383858267717
20
5.9021346850393703
11
-4.4743307480314956
21
5.9001723228346457
0
LINE
8
BLACK
6
CONTINUOUS
10
-4.4743307480314956
20
5.9001723228346457
11
-4.4739660236220473
21
5.8978971259842519
0
LINE
8
BLACK
6
CONTINUOUS
10
-4.4739660236220473
20
5.8978971259842519
11
-4.4863084645669291
21
5.8455689763779528
0
LINE
8
BLACK
6
CONTINUOUS
10
-4.4863084645669291
20
5.8455689763779528
11
-4.4864447637795273
21
5.8451735433070864
0
LINE
8
BLACK
6
CONTINUOUS
10
-4.4864447637795273
20
5.8451735433070864
11
-4.4864635826771648
21
5.8450318110236221
0
LINE
8
BLACK
6
CONTINUOUS
10
-4.4864635826771648
20
5.8450318110236221
11
-4.4865377952755905
21
5.8449036220472443
0
LINE
8
BLACK
6
CONTINUOUS
10
-4.4865377952755905
20
5.8449036220472443
11
-4.4866857086614171
21
5.8444744488188975
0
LINE
8
BLACK
6
CONTINUOUS
10
-4.4866857086614171
20
5.8444744488188975
11
-4.4871885039370074
21
5.8437797244094485
0
LINE
8
BLACK
6
CONTINUOUS
10
-4.4871885039370074
20
5.8437797244094485
11
-4.487618031496063
21
5.8430377559055113
0
LINE
8
BLACK
6
CONTINUOUS
10
-4.487618031496063
20
5.8430377559055113
11
-4.4878588188976378
21
5.84285342519685
0
LINE
8
BLACK
6
CONTINUOUS
10
-4.4878588188976378
20
5.84285342519685
11
-4.488036614173228
21
5.8426077559055116
0
LINE
8
BLACK
6
CONTINUOUS
10
-4.488036614173228
20
5.8426077559055116
11
-4.4887669685039366
21
5.8421583070866143
0
LINE
8
BLACK
6
CONTINUOUS
10
-4.4887669685039366
20
5.8421583070866143
11
-4.4894477559055117
21
5.8416372047244094
0
LINE
8
BLACK
6
CONTINUOUS
10
-4.4894477559055117
20
5.8416372047244094
11
-4.4897407480314957
21
5.8415590551181102
0
LINE
8
BLACK
6
CONTINUOUS
10
-4.4897407480314957
20
5.8415590551181102
11
-4.4899989763779526
21
5.8414001574803152
0
LINE
8
BLACK
6
CONTINUOUS
10
-4.4899989763779526
20
5.8414001574803152
11
-4.4908455905511806
21
5.8412644094488186
0
LINE
8
BLACK
6
CONTINUOUS
10
-4.4908455905511806
20
5.8412644094488186
11
-4.4916742125984248
21
5.8410434645669289
0
LINE
8
BLACK
6
CONTINUOUS
10
-4.4916742125984248
20
5.8410434645669289
11
-4.491974842519685
21
5.8410833858267717
0
LINE
8
BLACK
6
CONTINUOUS
10
-4.491974842519685
20
5.8410833858267717
11
-4.4922741338582677
21
5.841035433070866
0
LINE
8
BLACK
6
CONTINUOUS
10
-4.4922741338582677
20
5.841035433070866
11
-4.4931083858267717
21
5.8412340157480314
0
LINE
8
BLACK
6
CONTINUOUS
10
-4.4931083858267717
20
5.8412340157480314
11
-4.4939583464566928
21
5.841347007874016
0
LINE
8
BLACK
6
CONTINUOUS
10
-4.4939583464566928
20
5.841347007874016
11
-4.494220708661417
21
5.8414988582677161
0
LINE
8
BLACK
6
CONTINUOUS
10
-4.494220708661417
20
5.8414988582677161
11
-4.4945157480314961
21
5.8415691338582674
0
LINE
8
BLACK
6
CONTINUOUS
10
-4.4945157480314961
20
5.8415691338582674
11
-4.4952105511811027
21
5.8420719291338585
0
LINE
8
BLACK
6
CONTINUOUS
10
-4.4952105511811027
20
5.8420719291338585
11
-4.4959524409448814
21
5.8425014566929132
0
LINE
8
BLACK
6
CONTINUOUS
10
-4.4959524409448814
20
5.8425014566929132
11
-4.4961367716535436
21
5.8427422047244093
0
LINE
8
BLACK
6
CONTINUOUS
10
-4.4961367716535436
20
5.8427422047244093
11
-4.496382440944882
21
5.8429200393700782
0
LINE
8
BLACK
6
CONTINUOUS
10
-4.496382440944882
20
5.8429200393700782
11
-4.4968318897637793
21
5.8436503543307081
0
LINE
8
BLACK
6
CONTINUOUS
10
-4.4968318897637793
20
5.8436503543307081
11
-4.4973529921259843
21
5.8443311811023619
0
LINE
8
BLACK
6
CONTINUOUS
10
-4.4973529921259843
20
5.8443311811023619
11
-4.4974327559055114
21
5.8446267716535436
0
LINE
8
BLACK
6
CONTINUOUS
10
-4.4974327559055114
20
5.8446267716535436
11
-4.4975900393700785
21
5.8448824015748029
0
LINE
8
BLACK
6
CONTINUOUS
10
-4.4975900393700785
20
5.8448824015748029
11
-4.4977194094488189
21
5.845689251968504
0
LINE
8
BLACK
6
CONTINUOUS
10
-4.4977194094488189
20
5.845689251968504
11
-4.5017930708661416
21
5.8607888976377955
0
LINE
8
BLACK
6
CONTINUOUS
10
-4.5017930708661416
20
5.8607888976377955
11
-4.5058448425196849
21
5.8454151968503938
0
LINE
8
BLACK
6
CONTINUOUS
10
-4.5058448425196849
20
5.8454151968503938
11
-4.5059916535433073
21
5.8450237401574805
0
LINE
8
BLACK
6
CONTINUOUS
10
-4.5059916535433073
20
5.8450237401574805
11
-4.506014291338583
21
5.8448824015748029
0
LINE
8
BLACK
6
CONTINUOUS
10
-4.506014291338583
20
5.8448824015748029
11
-4.5060919685039371
21
5.8447561417322831
0
LINE
8
BLACK
6
CONTINUOUS
10
-4.5060919685039371
20
5.8447561417322831
11
-4.5062513385826772
21
5.8443311811023619
0
LINE
8
BLACK
6
CONTINUOUS
10
-4.5062513385826772
20
5.8443311811023619
11
-4.5067725984251972
21
5.843650196850394
0
LINE
8
BLACK
6
CONTINUOUS
10
-4.5067725984251972
20
5.843650196850394
11
-4.5072219291338582
21
5.8429200393700782
0
LINE
8
BLACK
6
CONTINUOUS
10
-4.5072219291338582
20
5.8429200393700782
11
-4.5074675590551179
21
5.8427422440944881
0
LINE
8
BLACK
6
CONTINUOUS
10
-4.5074675590551179
20
5.8427422440944881
11
-4.5076518897637792
21
5.8425014566929132
0
LINE
8
BLACK
6
CONTINUOUS
10
-4.5076518897637792
20
5.8425014566929132
11
-4.5083938976377951
21
5.8420718897637798
0
LINE
8
BLACK
6
CONTINUOUS
10
-4.5083938976377951
20
5.8420718897637798
11
-4.5090885826771654
21
5.8415691338582674
0
LINE
8
BLACK
6
CONTINUOUS
10
-4.5090885826771654
20
5.8415691338582674
11
-4.5093836614173224
21
5.8414988582677161
0
LINE
8
BLACK
6
CONTINUOUS
10
-4.5093836614173224
20
5.8414988582677161
11
-4.5096459842519687
21
5.841347007874016
0
LINE
8
BLACK
6
CONTINUOUS
10
-4.5096459842519687
20
5.841347007874016
11
-4.5104959842519685
21
5.8412340157480314
0
LINE
8
BLACK
6
CONTINUOUS
10
-4.5104959842519685
20
5.8412340157480314
11
-4.5113301968503938
21
5.841035433070866
0
LINE
8
BLACK
6
CONTINUOUS
10
-4.5113301968503938
20
5.841035433070866
11
-4.5116295275590552
21
5.8410833858267717
0
LINE
8
BLACK
6
CONTINUOUS
10
-4.5116295275590552
20
5.8410833858267717
11
-4.5119301181102358
21
5.8410434645669289
0
LINE
8
BLACK
6
CONTINUOUS
10
-4.5119301181102358
20
5.8410434645669289
11
-4.5127587795275588
21
5.8412644094488186
0
LINE
8
BLACK
6
CONTINUOUS
10
-4.5127587795275588
20
5.8412644094488186
11
-4.5136053543307089
21
5.8414001574803152
0
LINE
8
BLACK
6
CONTINUOUS
10
-4.5136053543307089
20
5.8414001574803152
11
-4.5138635826771649
21
5.8415590551181102
0
LINE
8
BLACK
6
CONTINUOUS
10
-4.5138635826771649
20
5.8415590551181102
11
-4.5141565748031498
21
5.8416372047244094
0
LINE
8
BLACK
6
CONTINUOUS
10
-4.5141565748031498
20
5.8416372047244094
11
-4.5148375590551177
21
5.8421584251968506
0
LINE
8
BLACK
6
CONTINUOUS
10
-4.5148375590551177
20
5.8421584251968506
11
-4.5155677165354327
21
5.8426077952755904
0
LINE
8
BLACK
6
CONTINUOUS
10
-4.5155677165354327
20
5.8426077952755904
11
-4.5157455118110237
21
5.8428533858267713
0
LINE
8
BLACK
6
CONTINUOUS
10
-4.5157455118110237
20
5.8428533858267713
11
-4.5159862992125985
21
5.8430377559055113
0
LINE
8
BLACK
6
CONTINUOUS
10
-4.5159862992125985
20
5.8430377559055113
11
-4.516415866141732
21
5.8437797244094485
0
LINE
8
BLACK
6
CONTINUOUS
10
-4.516415866141732
20
5.8437797244094485
11
-4.5169186220472444
21
5.8444744488188975
0
LINE
8
BLACK
6
CONTINUOUS
10
-4.5169186220472444
20
5.8444744488188975
11
-4.5169900393700786
21
5.8447714566929134
0
LINE
8
BLACK
6
CONTINUOUS
10
-4.5169900393700786
20
5.8447714566929134
11
-4.5171407480314958
21
5.8450318503937009
0
LINE
8
BLACK
6
CONTINUOUS
10
-4.5171407480314958
20
5.8450318503937009
11
-4.5172498425196848
21
5.8458524803149601
0
LINE
8
BLACK
6
CONTINUOUS
10
-4.5172498425196848
20
5.8458524803149601
11
-4.5294818503937009
21
5.8967500787401574
0
LINE
8
BLACK
6
CONTINUOUS
10
-4.5294818503937009
20
5.8967500787401574
11
-4.5296383070866142
21
5.8978971653543306
0
LINE
8
BLACK
6
CONTINUOUS
10
-4.5296383070866142
20
5.8978971653543306
11
-4.5292735826771651
21
5.9001723228346457
0
LINE
8
BLACK
6
CONTINUOUS
10
-4.5292735826771651
20
5.9001723228346457
11
-4.5280659842519686
21
5.9021346850393703
0
LINE
8
BLACK
6
CONTINUOUS
10
-4.5280659842519686
20
5.9021346850393703
11
-4.5261992913385827
21
5.9034855905511812
0
LINE
8
BLACK
6
CONTINUOUS
10
-4.5261992913385827
20
5.9034855905511812
11
-4.5239576771653542
21
5.9040192913385825
0
LINE
8
BLACK
6
CONTINUOUS
10
-4.5239576771653542
20
5.9040192913385825
11
-4.5216825196850392
21
5.9036545669291334
0
LINE
8
BLACK
6
CONTINUOUS
10
-4.5216825196850392
20
5.9036545669291334
11
-4.5197201574803145
21
5.9024469685039369
0
LINE
8
BLACK
6
CONTINUOUS
10
-4.5197201574803145
20
5.9024469685039369
11
-4.5183692519685037
21
5.900580275590551
0
LINE
8
BLACK
6
CONTINUOUS
10
-4.5183692519685037
20
5.900580275590551
11
-4.5112326771653546
21
5.8708848425196853
0
LINE
8
BLACK
6
CONTINUOUS
10
-4.5112326771653546
20
5.8708848425196853
11
-4.5075082677165357
21
5.8850163385826768
0
LINE
8
BLACK
6
CONTINUOUS
10
-4.5075082677165357
20
5.8850163385826768
11
-4.5074070472440946
21
5.8852862598425197
0
LINE
8
BLACK
6
CONTINUOUS
10
-4.5074070472440946
20
5.8852862598425197
11
-4.5073919685039368
21
5.8853996850393697
0
LINE
8
BLACK
6
CONTINUOUS
10
-4.5073919685039368
20
5.8853996850393697
11
-4.5073140551181101
21
5.8855342913385824
0
LINE
8
BLACK
6
CONTINUOUS
10
-4.5073140551181101
20
5.8855342913385824
11
-4.5071017716535433
21
5.8861003543307087
0
LINE
8
BLACK
6
CONTINUOUS
10
-4.5071017716535433
20
5.8861003543307087
11
-4.506627992125984
21
5.8867192913385828
0
LINE
8
BLACK
6
CONTINUOUS
10
-4.506627992125984
20
5.8867192913385828
11
-4.5062375196850395
21
5.8873937795275593
0
LINE
8
BLACK
6
CONTINUOUS
10
-4.5062375196850395
20
5.8873937795275593
11
-4.5059337795275587
21
5.8876262992125987
0
LINE
8
BLACK
6
CONTINUOUS
10
-4.5059337795275587
20
5.8876262992125987
11
-4.5057012204724405
21
5.8879300787401574
0
LINE
8
BLACK
6
CONTINUOUS
10
-4.5057012204724405
20
5.8879300787401574
11
-4.5050267716535428
21
5.8883205118110231
0
LINE
8
BLACK
6
CONTINUOUS
10
-4.5050267716535428
20
5.8883205118110231
11
-4.5044077952755908
21
5.8887943307086612
0
LINE
8
BLACK
6
CONTINUOUS
10
-4.5044077952755908
20
5.8887943307086612
11
-4.5040381102362206
21
5.8888929133858268
0
LINE
8
BLACK
6
CONTINUOUS
10
-4.5040381102362206
20
5.8888929133858268
11
-4.5037071259842518
21
5.8890845275590546
0
LINE
8
BLACK
6
CONTINUOUS
10
-4.5037071259842518
20
5.8890845275590546
11
-4.5029346456692911
21
5.8891871653543308
0
LINE
8
BLACK
6
CONTINUOUS
10
-4.5029346456692911
20
5.8891871653543308
11
-4.5021813385826768
21
5.8893880708661417
0
LINE
8
BLACK
6
CONTINUOUS
10
-4.5021813385826768
20
5.8893880708661417
11
-4.5018021653543308
21
5.8893376771653543
0
LINE
8
BLACK
6
CONTINUOUS
10
-4.5018021653543308
20
5.8893376771653543
11
-4.5014229921259838
21
5.8893880708661417
0
LINE
8
BLACK
6
CONTINUOUS
10
-4.5014229921259838
20
5.8893880708661417
11
-4.5006697244094491
21
5.8891871653543308
0
LINE
8
BLACK
6
CONTINUOUS
10
-4.5006697244094491
20
5.8891871653543308
11
-4.4998972047244097
21
5.8890845275590546
0
LINE
8
BLACK
6
CONTINUOUS
10
-4.4998972047244097
20
5.8890845275590546
11
-4.4995662598425197
21
5.8888929133858268
0
LINE
8
BLACK
6
CONTINUOUS
10
-4.4995662598425197
20
5.8888929133858268
11
-4.4991965354330707
21
5.8887943307086612
0
LINE
8
BLACK
6
CONTINUOUS
10
-4.4991965354330707
20
5.8887943307086612
11
-4.4985775984251966
21
5.8883205118110231
0
LINE
8
BLACK
6
CONTINUOUS
10
-4.4985775984251966
20
5.8883205118110231
11
-4.4979031102362201
21
5.8879300787401574
0
LINE
8
BLACK
6
CONTINUOUS
10
-4.4979031102362201
20
5.8879300787401574
11
-4.4976705905511807
21
5.8876262992125987
0
LINE
8
BLACK
6
CONTINUOUS
10
-4.4976705905511807
20
5.8876262992125987
11
-4.497366811023622
21
5.8873937795275593
0
LINE
8
BLACK
6
CONTINUOUS
10
-4.497366811023622
20
5.8873937795275593
11
-4.4969763385826766
21
5.8867192519685041
0
LINE
8
BLACK
6
CONTINUOUS
10
-4.4969763385826766
20
5.8867192519685041
11
-4.4965025590551182
21
5.8861003543307087
0
LINE
8
BLACK
6
CONTINUOUS
10
-4.4965025590551182
20
5.8861003543307087
11
-4.4964018503937009
21
5.8857269685039366
0
LINE
8
BLACK
6
CONTINUOUS
10
-4.4964018503937009
20
5.8857269685039366
11
-4.4962123622047239
21
5.8853997244094485
0
LINE
8
BLACK
6
CONTINUOUS
10
-4.4962123622047239
20
5.8853997244094485
11
-4.4961141732283467
21
5.8846606299212594
0
LINE
8
BLACK
6
CONTINUOUS
10
-4.4961141732283467
20
5.8846606299212594
11
-4.4923766535433067
21
5.8708070472440941
0
LINE
8
BLACK
6
CONTINUOUS
10
-4.4923766535433067
20
5.8708070472440941
11
-4.4856123228346458
21
5.8994857480314957
0
LINE
8
BLACK
6
CONTINUOUS
10
-4.4856123228346458
20
5.8994857480314957
11
-4.4852350787401578
21
5.900580275590551
0
LINE
8
BLACK
6
CONTINUOUS
10
-4.4852350787401578
20
5.900580275590551
11
-4.4838841732283461
21
5.9024469291338582
0
LINE
8
BLACK
6
CONTINUOUS
10
-4.4838841732283461
20
5.9024469291338582
11
-4.4819218110236223
21
5.9036545669291334
0
LINE
8
BLACK
6
CONTINUOUS
10
-4.4819218110236223
20
5.9036545669291334
11
-4.4796466535433073
21
5.9040192913385825
0
LINE
8
BLACK
6
CONTINUOUS
10
-4.4796466535433073
20
5.9040192913385825
11
-4.4774050393700788
21
5.9034855905511812
0
LINE
8
BLACK
6
CONTINUOUS
10
-4.549393976377953
20
5.903909960629921
11
-4.5491980314960632
21
5.9038287795275588
0
LINE
8
BLACK
6
CONTINUOUS
10
-4.5491980314960632
20
5.9038287795275588
11
-4.548986299212598
21
5.9038137401574806
0
LINE
8
BLACK
6
CONTINUOUS
10
-4.548986299212598
20
5.9038137401574806
11
-4.5478596062992125
21
5.9032743700787398
0
LINE
8
BLACK
6
CONTINUOUS
10
-4.5478596062992125
20
5.9032743700787398
11
-4.5472651574803145
21
5.9030281496062988
0
LINE
8
BLACK
6
CONTINUOUS
10
-4.5472651574803145
20
5.9030281496062988
11
-4.5471916535433072
21
5.9029546062992129
0
LINE
8
BLACK
6
CONTINUOUS
10
-4.5471916535433072
20
5.9029546062992129
11
-4.5430306692913387
21
5.9009627559055113
0
LINE
8
BLACK
6
CONTINUOUS
10
-4.5430306692913387
20
5.9009627559055113
11
-4.5425348818897637
21
5.9006506299212598
0
LINE
8
BLACK
6
CONTINUOUS
10
-4.5425348818897637
20
5.9006506299212598
11
-4.5423907874015743
21
5.9005909842519682
0
LINE
8
BLACK
6
CONTINUOUS
10
-4.5423907874015743
20
5.9005909842519682
11
-4.5422946062992127
21
5.90049937007874
0
LINE
8
BLACK
6
CONTINUOUS
10
-4.5422946062992127
20
5.90049937007874
11
-4.542050905511811
21
5.9003460236220473
0
LINE
8
BLACK
6
CONTINUOUS
10
-4.542050905511811
20
5.9003460236220473
11
-4.5416604724409444
21
5.8998957874015749
0
LINE
8
BLACK
6
CONTINUOUS
10
-4.5416604724409444
20
5.8998957874015749
11
-4.5390586614173225
21
5.8974193307086615
0
LINE
8
BLACK
6
CONTINUOUS
10
-4.5390586614173225
20
5.8974193307086615
11
-4.5386869685039368
21
5.8969663779527561
0
LINE
8
BLACK
6
CONTINUOUS
10
-4.5386869685039368
20
5.8969663779527561
11
-4.5385691732283462
21
5.8968642519685037
0
LINE
8
BLACK
6
CONTINUOUS
10
-4.5385691732283462
20
5.8968642519685037
11
-4.5385099606299208
21
5.8967507086614175
0
LINE
8
BLACK
6
CONTINUOUS
10
-4.5385099606299208
20
5.8967507086614175
11
-4.5383242125984253
21
5.8965244094488192
0
LINE
8
BLACK
6
CONTINUOUS
10
-4.5383242125984253
20
5.8965244094488192
11
-4.5380633858267716
21
5.8958946456692916
0
LINE
8
BLACK
6
CONTINUOUS
10
-4.5380633858267716
20
5.8958946456692916
11
-4.5355152755905515
21
5.8910101574803146
0
LINE
8
BLACK
6
CONTINUOUS
10
-4.5355152755905515
20
5.8910101574803146
11
-4.5351014960629916
21
5.8899289370078742
0
LINE
8
BLACK
6
CONTINUOUS
10
-4.5351014960629916
20
5.8899289370078742
11
-4.5350864566929134
21
5.8897172047244091
0
LINE
8
BLACK
6
CONTINUOUS
10
-4.5350864566929134
20
5.8897172047244091
11
-4.5350052755905512
21
5.8895212598425193
0
LINE
8
BLACK
6
CONTINUOUS
10
-4.5350052755905512
20
5.8895212598425193
11
-4.5349896456692909
21
5.8883545275590548
0
LINE
8
BLACK
6
CONTINUOUS
10
-4.5349896456692909
20
5.8883545275590548
11
-4.534938188976378
21
5.8876304724409447
0
LINE
8
BLACK
6
CONTINUOUS
10
-4.534938188976378
20
5.8876304724409447
11
-4.5349783464566924
21
5.8875100787401573
0
LINE
8
BLACK
6
CONTINUOUS
10
-4.5349783464566924
20
5.8875100787401573
11
-4.5348918110236216
21
5.8810575196850392
0
LINE
8
BLACK
6
CONTINUOUS
10
-4.5348918110236216
20
5.8810575196850392
11
-4.5350052755905512
21
5.8799053937007875
0
LINE
8
BLACK
6
CONTINUOUS
10
-4.5350052755905512
20
5.8799053937007875
11
-4.5350864566929134
21
5.8797094094488189
0
LINE
8
BLACK
6
CONTINUOUS
10
-4.5350864566929134
20
5.8797094094488189
11
-4.5351014960629916
21
5.8794977165354325
0
LINE
8
BLACK
6
CONTINUOUS
10
-4.5351014960629916
20
5.8794977165354325
11
-4.5356409055118112
21
5.8783709055118107
0
LINE
8
BLACK
6
CONTINUOUS
10
-4.5356409055118112
20
5.8783709055118107
11
-4.5358870866141734
21
5.8777765748031499
0
LINE
8
BLACK
6
CONTINUOUS
10
-4.5358870866141734
20
5.8777765748031499
11
-4.5359606299212594
21
5.877703031496063
0
LINE
8
BLACK
6
CONTINUOUS
10
-4.5359606299212594
20
5.877703031496063
11
-4.5379524409448821
21
5.873542125984252
0
LINE
8
BLACK
6
CONTINUOUS
10
-4.5379524409448821
20
5.873542125984252
11
-4.538264527559055
21
5.8730463779527557
0
LINE
8
BLACK
6
CONTINUOUS
10
-4.538264527559055
20
5.8730463779527557
11
-4.5383242125984253
21
5.8729022440944885
0
LINE
8
BLACK
6
CONTINUOUS
10
-4.5383242125984253
20
5.8729022440944885
11
-4.5384158661417322
21
5.8728059448818897
0
LINE
8
BLACK
6
CONTINUOUS
10
-4.5384158661417322
20
5.8728059448818897
11
-4.5385691732283462
21
5.872562401574803
0
LINE
8
BLACK
6
CONTINUOUS
10
-4.5385691732283462
20
5.872562401574803
11
-4.539019173228346
21
5.8721721259842514
0
LINE
8
BLACK
6
CONTINUOUS
10
-4.539019173228346
20
5.8721721259842514
11
-4.541495866141732
21
5.8695701181102358
0
LINE
8
BLACK
6
CONTINUOUS
10
-4.541495866141732
20
5.8695701181102358
11
-4.5419487007874011
21
5.8691985039370076
0
LINE
8
BLACK
6
CONTINUOUS
10
-4.5419487007874011
20
5.8691985039370076
11
-4.542050905511811
21
5.8690806299212595
0
LINE
8
BLACK
6
CONTINUOUS
10
-4.542050905511811
20
5.8690806299212595
11
-4.5421645669291335
21
5.8690213385826766
0
LINE
8
BLACK
6
CONTINUOUS
10
-4.5421645669291335
20
5.8690213385826766
11
-4.5423907874015743
21
5.8688356692913386
0
LINE
8
BLACK
6
CONTINUOUS
10
-4.5423907874015743
20
5.8688356692913386
11
-4.5430203937007869
21
5.8685748818897636
0
LINE
8
BLACK
6
CONTINUOUS
10
-4.5430203937007869
20
5.8685748818897636
11
-4.5479050787401576
21
5.866026692913386
0
LINE
8
BLACK
6
CONTINUOUS
10
-4.5479050787401576
20
5.866026692913386
11
-4.548986299212598
21
5.865612913385827
0
LINE
8
BLACK
6
CONTINUOUS
10
-4.548986299212598
20
5.865612913385827
11
-4.5491980314960632
21
5.8655978346456692
0
LINE
8
BLACK
6
CONTINUOUS
10
-4.5491980314960632
20
5.8655978346456692
11
-4.549393976377953
21
5.8655166929133857
0
LINE
8
BLACK
6
CONTINUOUS
10
-4.549393976377953
20
5.8655166929133857
11
-4.5504199212598424
21
5.8655110236220471
0
LINE
8
BLACK
6
CONTINUOUS
10
-4.5504199212598424
20
5.8655110236220471
11
-4.5512847637795275
21
5.8654496062992125
0
LINE
8
BLACK
6
CONTINUOUS
10
-4.5512847637795275
20
5.8654496062992125
11
-4.5514521259842518
21
5.8655053543307085
0
LINE
8
BLACK
6
CONTINUOUS
10
-4.5514521259842518
20
5.8655053543307085
11
-4.5641782677165352
21
5.865435433070866
0
LINE
8
BLACK
6
CONTINUOUS
10
-4.5641782677165352
20
5.865435433070866
11
-4.5641381496062987
21
5.8469368110236219
0
LINE
8
BLACK
6
CONTINUOUS
10
-4.5641381496062987
20
5.8469368110236219
11
-4.5642516141732283
21
5.8457846850393702
0
LINE
8
BLACK
6
CONTINUOUS
10
-4.5642516141732283
20
5.8457846850393702
11
-4.5651334251968505
21
5.8436558661417317
0
LINE
8
BLACK
6
CONTINUOUS
10
-4.5651334251968505
20
5.8436558661417317
11
-4.5667627165354325
21
5.8420265748031497
0
LINE
8
BLACK
6
CONTINUOUS
10
-4.5667627165354325
20
5.8420265748031497
11
-4.568891535433071
21
5.8411447637795275
0
LINE
8
BLACK
6
CONTINUOUS
10
-4.568891535433071
20
5.8411447637795275
11
-4.5711957874015745
21
5.8411447637795275
0
LINE
8
BLACK
6
CONTINUOUS
10
-4.5711957874015745
20
5.8411447637795275
11
-4.5733246062992121
21
5.8420265748031497
0
LINE
8
BLACK
6
CONTINUOUS
10
-4.5733246062992121
20
5.8420265748031497
11
-4.574953897637795
21
5.8436558661417317
0
LINE
8
BLACK
6
CONTINUOUS
10
-4.574953897637795
20
5.8436558661417317
11
-4.5758357086614172
21
5.8457846850393702
0
LINE
8
BLACK
6
CONTINUOUS
10
-4.5758357086614172
20
5.8457846850393702
11
-4.5759491732283459
21
5.8981179133858266
0
LINE
8
BLACK
6
CONTINUOUS
10
-4.5759491732283459
20
5.8981179133858266
11
-4.5758357086614172
21
5.8992700393700783
0
LINE
8
BLACK
6
CONTINUOUS
10
-4.5758357086614172
20
5.8992700393700783
11
-4.574953897637795
21
5.9013988582677168
0
LINE
8
BLACK
6
CONTINUOUS
10
-4.574953897637795
20
5.9013988582677168
11
-4.5733246062992121
21
5.9030281496062988
0
LINE
8
BLACK
6
CONTINUOUS
10
-4.5733246062992121
20
5.9030281496062988
11
-4.5711957874015745
21
5.903909960629921
0
LINE
8
BLACK
6
CONTINUOUS
10
-4.5711957874015745
20
5.903909960629921
11
-4.5505461023622047
21
5.9040234251968506
0
LINE
8
BLACK
6
CONTINUOUS
10
-4.5505461023622047
20
5.9040234251968506
11
-4.549393976377953
21
5.903909960629921
0
LINE
8
BLACK
6
CONTINUOUS
10
-4.5642364173228342
20
5.8922442913385824
11
-4.5642036614173227
21
5.877139173228346
0
LINE
8
BLACK
6
CONTINUOUS
10
-4.5642036614173227
20
5.877139173228346
11
-4.5518027952755906
21
5.8772073228346455
0
LINE
8
BLACK
6
CONTINUOUS
10
-4.5518027952755906
20
5.8772073228346455
11
-4.5490366929133854
21
5.8786503149606295
0
LINE
8
BLACK
6
CONTINUOUS
10
-4.5490366929133854
20
5.8786503149606295
11
-4.5479488582677163
21
5.8797931889763779
0
LINE
8
BLACK
6
CONTINUOUS
10
-4.5479488582677163
20
5.8797931889763779
11
-4.5466249606299209
21
5.8825587795275593
0
LINE
8
BLACK
6
CONTINUOUS
10
-4.5466249606299209
20
5.8825587795275593
11
-4.5466857480314964
21
5.8870928740157478
0
LINE
8
BLACK
6
CONTINUOUS
10
-4.5466857480314964
20
5.8870928740157478
11
-4.548138897637795
21
5.8898785039370081
0
LINE
8
BLACK
6
CONTINUOUS
10
-4.548138897637795
20
5.8898785039370081
11
-4.5492817716535434
21
5.8909663385826772
0
LINE
8
BLACK
6
CONTINUOUS
10
-4.5492817716535434
20
5.8909663385826772
11
-4.5520908267716536
21
5.8923110236220468
0
LINE
8
BLACK
6
CONTINUOUS
10
-4.5520908267716536
20
5.8923110236220468
11
-4.5642364173228342
21
5.8922442913385824
0
LINE
8
BLACK
6
CONTINUOUS
10
-4.241655905511811
20
5.8879184645669289
11
-4.2400266141732281
21
5.886289173228346
0
LINE
8
BLACK
6
CONTINUOUS
10
-4.2400266141732281
20
5.886289173228346
11
-4.239144803149606
21
5.8841603543307084
0
LINE
8
BLACK
6
CONTINUOUS
10
-4.239144803149606
20
5.8841603543307084
11
-4.2390313385826772
21
5.8537618897637795
0
LINE
8
BLACK
6
CONTINUOUS
10
-4.2390313385826772
20
5.8537618897637795
11
-4.239144803149606
21
5.8526097637795278
0
LINE
8
BLACK
6
CONTINUOUS
10
-4.239144803149606
20
5.8526097637795278
11
-4.2400266141732281
21
5.8504809448818893
0
LINE
8
BLACK
6
CONTINUOUS
10
-4.2400266141732281
20
5.8504809448818893
11
-4.241655905511811
21
5.8488516535433073
0
LINE
8
BLACK
6
CONTINUOUS
10
-4.241655905511811
20
5.8488516535433073
11
-4.2437847244094486
21
5.8479698425196851
0
LINE
8
BLACK
6
CONTINUOUS
10
-4.2437847244094486
20
5.8479698425196851
11
-4.246088976377953
21
5.8479698425196851
0
LINE
8
BLACK
6
CONTINUOUS
10
-4.246088976377953
20
5.8479698425196851
11
-4.2482177952755906
21
5.8488516535433073
0
LINE
8
BLACK
6
CONTINUOUS
10
-4.2482177952755906
20
5.8488516535433073
11
-4.2498470866141735
21
5.8504809448818893
0
LINE
8
BLACK
6
CONTINUOUS
10
-4.2498470866141735
20
5.8504809448818893
11
-4.2507288976377948
21
5.8526097637795278
0
LINE
8
BLACK
6
CONTINUOUS
10
-4.2507288976377948
20
5.8526097637795278
11
-4.2507661417322833
21
5.862577834645669
0
LINE
8
BLACK
6
CONTINUOUS
10
-4.2507661417322833
20
5.862577834645669
11
-4.2795127952755907
21
5.8625155118110239
0
LINE
8
BLACK
6
CONTINUOUS
10
-4.2795127952755907
20
5.8625155118110239
11
-4.2793845669291342
21
5.8623592519685035
0
LINE
8
BLACK
6
CONTINUOUS
10
-4.2793845669291342
20
5.8623592519685035
11
-4.2792666535433073
21
5.8622570472440945
0
LINE
8
BLACK
6
CONTINUOUS
10
-4.2792666535433073
20
5.8622570472440945
11
-4.2792074015748032
21
5.8621433858267711
0
LINE
8
BLACK
6
CONTINUOUS
10
-4.2792074015748032
20
5.8621433858267711
11
-4.2790216929133855
21
5.8619171653543303
0
LINE
8
BLACK
6
CONTINUOUS
10
-4.2790216929133855
20
5.8619171653543303
11
-4.278760984251968
21
5.8612876377952752
0
LINE
8
BLACK
6
CONTINUOUS
10
-4.278760984251968
20
5.8612876377952752
11
-4.2762127165354329
21
5.8564029133858266
0
LINE
8
BLACK
6
CONTINUOUS
10
-4.2762127165354329
20
5.8564029133858266
11
-4.2757989370078739
21
5.8553216929133853
0
LINE
8
BLACK
6
CONTINUOUS
10
-4.2757989370078739
20
5.8553216929133853
11
-4.2756356299212595
21
5.8530232677165355
0
LINE
8
BLACK
6
CONTINUOUS
10
-4.2756356299212595
20
5.8530232677165355
11
-4.2763642519685039
21
5.8508373228346455
0
LINE
8
BLACK
6
CONTINUOUS
10
-4.2763642519685039
20
5.8508373228346455
11
-4.2778739763779523
21
5.8490965748031494
0
LINE
8
BLACK
6
CONTINUOUS
10
-4.2778739763779523
20
5.8490965748031494
11
-4.2799349606299213
21
5.8480660629921255
0
LINE
8
BLACK
6
CONTINUOUS
10
-4.2799349606299213
20
5.8480660629921255
11
-4.2822333858267712
21
5.8479027559055119
0
LINE
8
BLACK
6
CONTINUOUS
10
-4.2822333858267712
20
5.8479027559055119
11
-4.2844192913385823
21
5.8486313779527555
0
LINE
8
BLACK
6
CONTINUOUS
10
-4.2844192913385823
20
5.8486313779527555
11
-4.2861600787401573
21
5.8501411023622047
0
LINE
8
BLACK
6
CONTINUOUS
10
-4.2861600787401573
20
5.8501411023622047
11
-4.2888712992125981
21
5.8553382283464561
0
LINE
8
BLACK
6
CONTINUOUS
10
-4.2888712992125981
20
5.8553382283464561
11
-4.2928799606299215
21
5.8592354330708663
0
LINE
8
BLACK
6
CONTINUOUS
10
-4.2928799606299215
20
5.8592354330708663
11
-4.2993937401574804
21
5.8634713385826771
0
LINE
8
BLACK
6
CONTINUOUS
10
-4.2993937401574804
20
5.8634713385826771
11
-4.2993970472440948
21
5.8634740157480314
0
LINE
8
BLACK
6
CONTINUOUS
10
-4.2993970472440948
20
5.8634740157480314
11
-4.2993988976377953
21
5.8634748031496065
0
LINE
8
BLACK
6
CONTINUOUS
10
-4.2993988976377953
20
5.8634748031496065
11
-4.29940311023622
21
5.8634789763779525
0
LINE
8
BLACK
6
CONTINUOUS
10
-4.29940311023622
20
5.8634789763779525
11
-4.3002894094488191
21
5.8642048425196851
0
LINE
8
BLACK
6
CONTINUOUS
10
-4.3002894094488191
20
5.8642048425196851
11
-4.3006147637795271
21
5.8646906299212596
0
LINE
8
BLACK
6
CONTINUOUS
10
-4.3006147637795271
20
5.8646906299212596
11
-4.3010281889763782
21
5.8651040944881885
0
LINE
8
BLACK
6
CONTINUOUS
10
-4.3010281889763782
20
5.8651040944881885
11
-4.3012496456692908
21
5.8656386220472436
0
LINE
8
BLACK
6
CONTINUOUS
10
-4.3012496456692908
20
5.8656386220472436
11
-4.3015715748031491
21
5.8661194094488192
0
LINE
8
BLACK
6
CONTINUOUS
10
-4.3015715748031491
20
5.8661194094488192
11
-4.3016862598425192
21
5.8666927165354332
0
LINE
8
BLACK
6
CONTINUOUS
10
-4.3016862598425192
20
5.8666927165354332
11
-4.3019100000000003
21
5.867232913385827
0
LINE
8
BLACK
6
CONTINUOUS
10
-4.3019100000000003
20
5.867232913385827
11
-4.3019100000000003
21
5.8678114960629921
0
LINE
8
BLACK
6
CONTINUOUS
10
-4.3019100000000003
20
5.8678114960629921
11
-4.3020234645669291
21
5.8683788188976376
0
LINE
8
BLACK
6
CONTINUOUS
10
-4.3020234645669291
20
5.8683788188976376
11
-4.3019100000000003
21
5.8689524015748029
0
LINE
8
BLACK
6
CONTINUOUS
10
-4.3019100000000003
20
5.8689524015748029
11
-4.3019100000000003
21
5.8695371653543305
0
LINE
8
BLACK
6
CONTINUOUS
10
-4.3019100000000003
20
5.8695371653543305
11
-4.3016886614173231
21
5.8700715748031493
0
LINE
8
BLACK
6
CONTINUOUS
10
-4.3016886614173231
20
5.8700715748031493
11
-4.3015763385826773
21
5.8706392519685036
0
LINE
8
BLACK
6
CONTINUOUS
10
-4.3015763385826773
20
5.8706392519685036
11
-4.3012519291338585
21
5.8711258661417318
0
LINE
8
BLACK
6
CONTINUOUS
10
-4.3012519291338585
20
5.8711258661417318
11
-4.3010281889763782
21
5.8716659842519681
0
LINE
8
BLACK
6
CONTINUOUS
10
-4.3010281889763782
20
5.8716659842519681
11
-4.3006191338582678
21
5.8720750393700785
0
LINE
8
BLACK
6
CONTINUOUS
10
-4.3006191338582678
20
5.8720750393700785
11
-4.3002981496062995
21
5.8725564960629919
0
LINE
8
BLACK
6
CONTINUOUS
10
-4.3002981496062995
20
5.8725564960629919
11
-4.2998123622047242
21
5.8728818110236221
0
LINE
8
BLACK
6
CONTINUOUS
10
-4.2998123622047242
20
5.8728818110236221
11
-4.2993988976377953
21
5.873295275590551
0
LINE
8
BLACK
6
CONTINUOUS
10
-4.2993988976377953
20
5.873295275590551
11
-4.2988643700787401
21
5.8735166929133857
0
LINE
8
BLACK
6
CONTINUOUS
10
-4.2988643700787401
20
5.8735166929133857
11
-4.2983835826771655
21
5.8738386614173228
0
LINE
8
BLACK
6
CONTINUOUS
10
-4.2983835826771655
20
5.8738386614173228
11
-4.2978102755905514
21
5.8739533070866141
0
LINE
8
BLACK
6
CONTINUOUS
10
-4.2978102755905514
20
5.8739533070866141
11
-4.2972700787401577
21
5.8741770866141731
0
LINE
8
BLACK
6
CONTINUOUS
10
-4.2972700787401577
20
5.8741770866141731
11
-4.2966851574803151
21
5.8741783464566923
0
LINE
8
BLACK
6
CONTINUOUS
10
-4.2966851574803151
20
5.8741783464566923
11
-4.2961241732283462
21
5.8742905511811019
0
LINE
8
BLACK
6
CONTINUOUS
10
-4.2961241732283462
20
5.8742905511811019
11
-4.2955692125984255
21
5.8741807480314963
0
LINE
8
BLACK
6
CONTINUOUS
10
-4.2955692125984255
20
5.8741807480314963
11
-4.2508098031496058
21
5.8742777952755905
0
LINE
8
BLACK
6
CONTINUOUS
10
-4.2508098031496058
20
5.8742777952755905
11
-4.2508423622047244
21
5.8830082283464566
0
LINE
8
BLACK
6
CONTINUOUS
10
-4.2508423622047244
20
5.8830082283464566
11
-4.2507288976377948
21
5.8841603543307084
0
LINE
8
BLACK
6
CONTINUOUS
10
-4.2507288976377948
20
5.8841603543307084
11
-4.2498470866141735
21
5.886289173228346
0
LINE
8
BLACK
6
CONTINUOUS
10
-4.2498470866141735
20
5.886289173228346
11
-4.2482177952755906
21
5.8879184645669289
0
LINE
8
BLACK
6
CONTINUOUS
10
-4.2482177952755906
20
5.8879184645669289
11
-4.246088976377953
21
5.8888002755905511
0
LINE
8
BLACK
6
CONTINUOUS
10
-4.246088976377953
20
5.8888002755905511
11
-4.2437847244094486
21
5.8888002755905511
0
LINE
8
BLACK
6
CONTINUOUS
10
-4.2437847244094486
20
5.8888002755905511
11
-4.241655905511811
21
5.8879184645669289
0
LINE
8
BLACK
6
CONTINUOUS
10
-4.2535335039370077
20
5.939981338582677
11
-4.2533375196850391
21
5.939900118110236
0
LINE
8
BLACK
6
CONTINUOUS
10
-4.2533375196850391
20
5.939900118110236
11
-4.2531258661417324
21
5.9398851181102357
0
LINE
8
BLACK
6
CONTINUOUS
10
-4.2531258661417324
20
5.9398851181102357
11
-4.251999173228346
21
5.9393457480314957
0
LINE
8
BLACK
6
CONTINUOUS
10
-4.251999173228346
20
5.9393457480314957
11
-4.2514046850393701
21
5.9390995275590548
0
LINE
8
BLACK
6
CONTINUOUS
10
-4.2514046850393701
20
5.9390995275590548
11
-4.251331181102362
21
5.9390259842519679
0
LINE
8
BLACK
6
CONTINUOUS
10
-4.251331181102362
20
5.9390259842519679
11
-4.2471702362204722
21
5.9370342125984248
0
LINE
8
BLACK
6
CONTINUOUS
10
-4.2471702362204722
20
5.9370342125984248
11
-4.246674330708661
21
5.9367220472440945
0
LINE
8
BLACK
6
CONTINUOUS
10
-4.246674330708661
20
5.9367220472440945
11
-4.2465303149606299
21
5.9366624015748028
0
LINE
8
BLACK
6
CONTINUOUS
10
-4.2465303149606299
20
5.9366624015748028
11
-4.2464341732283462
21
5.9365708661417322
0
LINE
8
BLACK
6
CONTINUOUS
10
-4.2464341732283462
20
5.9365708661417322
11
-4.2461904724409445
21
5.9364174803149607
0
LINE
8
BLACK
6
CONTINUOUS
10
-4.2461904724409445
20
5.9364174803149607
11
-4.2458000393700788
21
5.9359672440944884
0
LINE
8
BLACK
6
CONTINUOUS
10
-4.2458000393700788
20
5.9359672440944884
11
-4.2431981889763781
21
5.9334907480314962
0
LINE
8
BLACK
6
CONTINUOUS
10
-4.2431981889763781
20
5.9334907480314962
11
-4.24282657480315
21
5.9330379133858262
0
LINE
8
BLACK
6
CONTINUOUS
10
-4.24282657480315
20
5.9330379133858262
11
-4.2427086614173231
21
5.9329356692913384
0
LINE
8
BLACK
6
CONTINUOUS
10
-4.2427086614173231
20
5.9329356692913384
11
-4.242649409448819
21
5.9328220078740159
0
LINE
8
BLACK
6
CONTINUOUS
10
-4.242649409448819
20
5.9328220078740159
11
-4.2424637401574801
21
5.932595826771653
0
LINE
8
BLACK
6
CONTINUOUS
10
-4.2424637401574801
20
5.932595826771653
11
-4.2422029921259838
21
5.9319662992125979
0
LINE
8
BLACK
6
CONTINUOUS
10
-4.2422029921259838
20
5.9319662992125979
11
-4.2396548031496062
21
5.9270814960629918
0
LINE
8
BLACK
6
CONTINUOUS
10
-4.2396548031496062
20
5.9270814960629918
11
-4.2392410236220472
21
5.9260002755905514
0
LINE
8
BLACK
6
CONTINUOUS
10
-4.2392410236220472
20
5.9260002755905514
11
-4.2392260236220469
21
5.9257886220472438
0
LINE
8
BLACK
6
CONTINUOUS
10
-4.2392260236220469
20
5.9257886220472438
11
-4.239144803149606
21
5.9255926377952752
0
LINE
8
BLACK
6
CONTINUOUS
10
-4.239144803149606
20
5.9255926377952752
11
-4.2391391732283461
21
5.9245666929133858
0
LINE
8
BLACK
6
CONTINUOUS
10
-4.2391391732283461
20
5.9245666929133858
11
-4.2390777165354327
21
5.9237018503937007
0
LINE
8
BLACK
6
CONTINUOUS
10
-4.2390777165354327
20
5.9237018503937007
11
-4.2391335039370075
21
5.9235344881889764
0
LINE
8
BLACK
6
CONTINUOUS
10
-4.2391335039370075
20
5.9235344881889764
11
-4.2390313385826772
21
5.9049429527559054
0
LINE
8
BLACK
6
CONTINUOUS
10
-4.2390313385826772
20
5.9049429527559054
11
-4.239144803149606
21
5.9037908267716537
0
LINE
8
BLACK
6
CONTINUOUS
10
-4.239144803149606
20
5.9037908267716537
11
-4.2400266141732281
21
5.9016620078740152
0
LINE
8
BLACK
6
CONTINUOUS
10
-4.2400266141732281
20
5.9016620078740152
11
-4.241655905511811
21
5.9000327165354332
0
LINE
8
BLACK
6
CONTINUOUS
10
-4.241655905511811
20
5.9000327165354332
11
-4.2437847244094486
21
5.899150905511811
0
LINE
8
BLACK
6
CONTINUOUS
10
-4.2437847244094486
20
5.899150905511811
11
-4.296117952755905
21
5.8990374409448814
0
LINE
8
BLACK
6
CONTINUOUS
10
-4.296117952755905
20
5.8990374409448814
11
-4.2972700787401577
21
5.899150905511811
0
LINE
8
BLACK
6
CONTINUOUS
10
-4.2972700787401577
20
5.899150905511811
11
-4.2993988976377953
21
5.9000327165354332
0
LINE
8
BLACK
6
CONTINUOUS
10
-4.2993988976377953
20
5.9000327165354332
11
-4.3010281889763782
21
5.9016620078740152
0
LINE
8
BLACK
6
CONTINUOUS
10
-4.3010281889763782
20
5.9016620078740152
11
-4.3019100000000003
21
5.9037908267716537
0
LINE
8
BLACK
6
CONTINUOUS
10
-4.3019100000000003
20
5.9037908267716537
11
-4.3020234645669291
21
5.9220033464566928
0
LINE
8
BLACK
6
CONTINUOUS
10
-4.3020234645669291
20
5.9220033464566928
11
-4.3019100000000003
21
5.9231554724409445
0
LINE
8
BLACK
6
CONTINUOUS
10
-4.3019100000000003
20
5.9231554724409445
11
-4.3018287795275594
21
5.9233515354330706
0
LINE
8
BLACK
6
CONTINUOUS
10
-4.3018287795275594
20
5.9233515354330706
11
-4.3018137401574803
21
5.9235631496062995
0
LINE
8
BLACK
6
CONTINUOUS
10
-4.3018137401574803
20
5.9235631496062995
11
-4.3012746456692916
21
5.92468937007874
0
LINE
8
BLACK
6
CONTINUOUS
10
-4.3012746456692916
20
5.92468937007874
11
-4.3010281889763782
21
5.9252842913385821
0
LINE
8
BLACK
6
CONTINUOUS
10
-4.3010281889763782
20
5.9252842913385821
11
-4.3009546456692913
21
5.925357834645669
0
LINE
8
BLACK
6
CONTINUOUS
10
-4.3009546456692913
20
5.925357834645669
11
-4.2989627952755907
21
5.9295187795275588
0
LINE
8
BLACK
6
CONTINUOUS
10
-4.2989627952755907
20
5.9295187795275588
11
-4.298650708661417
21
5.9300145669291338
0
LINE
8
BLACK
6
CONTINUOUS
10
-4.298650708661417
20
5.9300145669291338
11
-4.2985910236220475
21
5.9301586220472435
0
LINE
8
BLACK
6
CONTINUOUS
10
-4.2985910236220475
20
5.9301586220472435
11
-4.298499488188976
21
5.9302548031496061
0
LINE
8
BLACK
6
CONTINUOUS
10
-4.298499488188976
20
5.9302548031496061
11
-4.2983460629921257
21
5.9304985039370077
0
LINE
8
BLACK
6
CONTINUOUS
10
-4.2983460629921257
20
5.9304985039370077
11
-4.2978959448818896
21
5.9308888976377947
0
LINE
8
BLACK
6
CONTINUOUS
10
-4.2978959448818896
20
5.9308888976377947
11
-4.29541937007874
21
5.9334907480314962
0
LINE
8
BLACK
6
CONTINUOUS
10
-4.29541937007874
20
5.9334907480314962
11
-4.2949665748031496
21
5.9338623228346457
0
LINE
8
BLACK
6
CONTINUOUS
10
-4.2949665748031496
20
5.9338623228346457
11
-4.2948643307086609
21
5.9339802362204725
0
LINE
8
BLACK
6
CONTINUOUS
10
-4.2948643307086609
20
5.9339802362204725
11
-4.2947507086614172
21
5.9340394881889766
0
LINE
8
BLACK
6
CONTINUOUS
10
-4.2947507086614172
20
5.9340394881889766
11
-4.2945244488188976
21
5.9342251968503934
0
LINE
8
BLACK
6
CONTINUOUS
10
-4.2945244488188976
20
5.9342251968503934
11
-4.2938949212598425
21
5.9344859448818896
0
LINE
8
BLACK
6
CONTINUOUS
10
-4.2938949212598425
20
5.9344859448818896
11
-4.289010196850394
21
5.937034173228346
0
LINE
8
BLACK
6
CONTINUOUS
10
-4.289010196850394
20
5.937034173228346
11
-4.2879289763779527
21
5.937447952755905
0
LINE
8
BLACK
6
CONTINUOUS
10
-4.2879289763779527
20
5.937447952755905
11
-4.2877172834645672
21
5.9374629921259841
0
LINE
8
BLACK
6
CONTINUOUS
10
-4.2877172834645672
20
5.9374629921259841
11
-4.2875212992125986
21
5.9375441732283463
0
LINE
8
BLACK
6
CONTINUOUS
10
-4.2875212992125986
20
5.9375441732283463
11
-4.2862335039370079
21
5.9375683858267712
0
LINE
8
BLACK
6
CONTINUOUS
10
-4.2862335039370079
20
5.9375683858267712
11
-4.2856305511811019
21
5.9376112598425195
0
LINE
8
BLACK
6
CONTINUOUS
10
-4.2856305511811019
20
5.9376112598425195
11
-4.2855411417322831
21
5.9375814173228347
0
LINE
8
BLACK
6
CONTINUOUS
10
-4.2855411417322831
20
5.9375814173228347
11
-4.2814947637795271
21
5.9376576377952759
0
LINE
8
BLACK
6
CONTINUOUS
10
-4.2814947637795271
20
5.9376576377952759
11
-4.2803426377952754
21
5.9375441732283463
0
LINE
8
BLACK
6
CONTINUOUS
10
-4.2803426377952754
20
5.9375441732283463
11
-4.2801465748031493
21
5.9374629133858265
0
LINE
8
BLACK
6
CONTINUOUS
10
-4.2801465748031493
20
5.9374629133858265
11
-4.2799349606299213
21
5.9374479133858262
0
LINE
8
BLACK
6
CONTINUOUS
10
-4.2799349606299213
20
5.9374479133858262
11
-4.2788087401574799
21
5.9369087795275588
0
LINE
8
BLACK
6
CONTINUOUS
10
-4.2788087401574799
20
5.9369087795275588
11
-4.2782138188976377
21
5.9366623622047241
0
LINE
8
BLACK
6
CONTINUOUS
10
-4.2782138188976377
20
5.9366623622047241
11
-4.2781402755905509
21
5.9365887795275585
0
LINE
8
BLACK
6
CONTINUOUS
10
-4.2781402755905509
20
5.9365887795275585
11
-4.2739793307086611
21
5.9345969685039366
0
LINE
8
BLACK
6
CONTINUOUS
10
-4.2739793307086611
20
5.9345969685039366
11
-4.2734835433070861
21
5.934284842519685
0
LINE
8
BLACK
6
CONTINUOUS
10
-4.2734835433070861
20
5.934284842519685
11
-4.2733394881889764
21
5.9342251968503934
0
LINE
8
BLACK
6
CONTINUOUS
10
-4.2733394881889764
20
5.9342251968503934
11
-4.2732433070866138
21
5.934133622047244
0
LINE
8
BLACK
6
CONTINUOUS
10
-4.2732433070866138
20
5.934133622047244
11
-4.2729996062992122
21
5.9339802362204725
0
LINE
8
BLACK
6
CONTINUOUS
10
-4.2729996062992122
20
5.9339802362204725
11
-4.2729645669291338
21
5.933939803149606
0
LINE
8
BLACK
6
CONTINUOUS
10
-4.2729645669291338
20
5.933939803149606
11
-4.2729294881889759
21
5.9339802755905513
0
LINE
8
BLACK
6
CONTINUOUS
10
-4.2729294881889759
20
5.9339802755905513
11
-4.2728757086614175
21
5.9340071653543305
0
LINE
8
BLACK
6
CONTINUOUS
10
-4.2728757086614175
20
5.9340071653543305
11
-4.2710474803149605
21
5.9359279133858269
0
LINE
8
BLACK
6
CONTINUOUS
10
-4.2710474803149605
20
5.9359279133858269
11
-4.2705946456692914
21
5.9362995275590551
0
LINE
8
BLACK
6
CONTINUOUS
10
-4.2705946456692914
20
5.9362995275590551
11
-4.2704923622047239
21
5.9364174803149607
0
LINE
8
BLACK
6
CONTINUOUS
10
-4.2704923622047239
20
5.9364174803149607
11
-4.2703787007874014
21
5.9364767716535436
0
LINE
8
BLACK
6
CONTINUOUS
10
-4.2703787007874014
20
5.9364767716535436
11
-4.2701525590551181
21
5.9366623622047241
0
LINE
8
BLACK
6
CONTINUOUS
10
-4.2701525590551181
20
5.9366623622047241
11
-4.2695232283464568
21
5.9369230314960628
0
LINE
8
BLACK
6
CONTINUOUS
10
-4.2695232283464568
20
5.9369230314960628
11
-4.2646381889763783
21
5.9394713385826767
0
LINE
8
BLACK
6
CONTINUOUS
10
-4.2646381889763783
20
5.9394713385826767
11
-4.263556968503937
21
5.9398851181102357
0
LINE
8
BLACK
6
CONTINUOUS
10
-4.263556968503937
20
5.9398851181102357
11
-4.2633453543307089
21
5.939900118110236
0
LINE
8
BLACK
6
CONTINUOUS
10
-4.2633453543307089
20
5.939900118110236
11
-4.2631493307086616
21
5.939981338582677
0
LINE
8
BLACK
6
CONTINUOUS
10
-4.2631493307086616
20
5.939981338582677
11
-4.2619826377952759
21
5.9399969685039364
0
LINE
8
BLACK
6
CONTINUOUS
10
-4.2619826377952759
20
5.9399969685039364
11
-4.2612585433070862
21
5.9400484251968502
0
LINE
8
BLACK
6
CONTINUOUS
10
-4.2612585433070862
20
5.9400484251968502
11
-4.2611381889763775
21
5.9400082677165349
0
LINE
8
BLACK
6
CONTINUOUS
10
-4.2611381889763775
20
5.9400082677165349
11
-4.2546856299212594
21
5.9400948031496066
0
LINE
8
BLACK
6
CONTINUOUS
10
-4.2546856299212594
20
5.9400948031496066
11
-4.2535335039370077
21
5.939981338582677
0
LINE
8
BLACK
6
CONTINUOUS
10
-4.2850792125984247
20
5.9258708661417323
11
-4.2878785826771653
21
5.9244105118110237
0
LINE
8
BLACK
6
CONTINUOUS
10
-4.2878785826771653
20
5.9244105118110237
11
-4.2889664173228343
21
5.9232676377952753
0
LINE
8
BLACK
6
CONTINUOUS
10
-4.2889664173228343
20
5.9232676377952753
11
-4.2903091338582673
21
5.9204627165354333
0
LINE
8
BLACK
6
CONTINUOUS
10
-4.2903091338582673
20
5.9204627165354333
11
-4.290248622047244
21
5.9107501968503939
0
LINE
8
BLACK
6
CONTINUOUS
10
-4.290248622047244
20
5.9107501968503939
11
-4.2775815748031496
21
5.9107776771653544
0
LINE
8
BLACK
6
CONTINUOUS
10
-4.2775815748031496
20
5.9107776771653544
11
-4.277643661417323
21
5.9207448425196851
0
LINE
8
BLACK
6
CONTINUOUS
10
-4.277643661417323
20
5.9207448425196851
11
-4.279087598425197
21
5.9235127165354333
0
LINE
8
BLACK
6
CONTINUOUS
10
-4.279087598425197
20
5.9235127165354333
11
-4.2802304724409446
21
5.9246005511811024
0
LINE
8
BLACK
6
CONTINUOUS
10
-4.2802304724409446
20
5.9246005511811024
11
-4.2829672047244092
21
5.9259106299212601
0
LINE
8
BLACK
6
CONTINUOUS
10
-4.2829672047244092
20
5.9259106299212601
11
-4.2850792125984247
21
5.9258708661417323
0
LINE
8
BLACK
6
CONTINUOUS
10
-4.260720984251968
20
5.9283008661417318
11
-4.2635066929133858
21
5.9268476771653544
0
LINE
8
BLACK
6
CONTINUOUS
10
-4.2635066929133858
20
5.9268476771653544
11
-4.2642509448818897
21
5.9260657480314958
0
LINE
8
BLACK
6
CONTINUOUS
10
-4.2642509448818897
20
5.9260657480314958
11
-4.265939133858268
21
5.9207763385826766
0
LINE
8
BLACK
6
CONTINUOUS
10
-4.265939133858268
20
5.9207763385826766
11
-4.2658770078740158
21
5.9108030314960631
0
LINE
8
BLACK
6
CONTINUOUS
10
-4.2658770078740158
20
5.9108030314960631
11
-4.2507676377952759
21
5.9108357874015747
0
LINE
8
BLACK
6
CONTINUOUS
10
-4.2507676377952759
20
5.9108357874015747
11
-4.2508354724409445
21
5.9231838188976376
0
LINE
8
BLACK
6
CONTINUOUS
10
-4.2508354724409445
20
5.9231838188976376
11
-4.2522784645669294
21
5.9259499606299215
0
LINE
8
BLACK
6
CONTINUOUS
10
-4.2522784645669294
20
5.9259499606299215
11
-4.2534212598425194
21
5.9270377165354331
0
LINE
8
BLACK
6
CONTINUOUS
10
-4.2534212598425194
20
5.9270377165354331
11
-4.2561870078740158
21
5.9283616535433072
0
LINE
8
BLACK
6
CONTINUOUS
10
-4.2561870078740158
20
5.9283616535433072
11
-4.260720984251968
21
5.9283008661417318
0
CIRCLE
8
BLACK
10
-4.8915748031496058
20
5.3899999999999997
40
0.0068897637795276
0
CIRCLE
8
BLACK
10
-4.8915748031496058
20
5.9805511811023617
40
0.0068897637795276
0
CIRCLE
8
BLACK
10
-4.1041732283464567
20
5.9805511811023617
40
0.0068897637795276
0
CIRCLE
8
BLACK
10
-4.4978740157480317
20
5.9805511811023617
40
0.0068897637795276
0
CIRCLE
8
BLACK
10
-4.1041732283464567
20
5.3899999999999997
40
0.0068897637795276
0
CIRCLE
8
BLACK
10
-4.4978740157480317
20
5.3899999999999997
40
0.0068897637795276
  0
ENDSEC
  0
EOF
