  0
SECTION
  2
HEADER
  9
$ANGBASE
  50
0.0
  9
$ANGDIR
  70
1
  9
$MEASUREMENT
  70
0
  0
ENDSEC
  0
SECTION
  2
TABLES
  0
TABLE
  2
LTYPE
  70
4
  0
LTYPE
  5
40F
  2
CONTINUOUS
  70
0
  3
Solid line
  72
65
  73
0
  40
0.0
  0
LTYPE
  5
410
  2
DASHDOT
 70
0
  3
Dash Dot ____ _ ____ _
 72
65
 73
4
 40
2.0
 49
1.25
 49
-0.25
 49
0.25
 49
-0.25
  0
LTYPE
  5
411
  2
DASHED
 70
0
  3
Dashed __ __ __ __ __
 72
65
 73
2
 40
0.75
 49
0.5
 49
-0.25
  0
LTYPE
  5
43B
  2
DOTTED
 70
0
  3
Dotted .  .  .  .
 72
65
 73
2
 40
0.2
 49
0.0
 49
-0.2
  0
ENDTAB
  0
TABLE
  2
STYLE
  70
4
  0
STYLE
  2
KICAD
  70
0
  40
0
  41
1
  42
1
  50
0
  71
0
  3
isocp.shx
  0
STYLE
  2
KICADB
  70
0
  40
0
  41
1
  42
1
  50
0
  71
0
  3
isocp.shx
  0
STYLE
  2
KICADI
  70
0
  40
0
  41
1
  42
1
  50
15
  71
0
  3
isocp.shx
  0
STYLE
  2
KICADBI
  70
0
  40
0
  41
1
  42
1
  50
15
  71
0
  3
isocp.shx
  0
ENDTAB
  0
TABLE
  2
LAYER
  70
1
  0
LAYER
  2
BLACK
  70
0
  62
7
  6
CONTINUOUS
  0
ENDTAB
  0
ENDSEC
  0
SECTION
  2
ENTITIES
0
LINE
8
BLACK
6
CONTINUOUS
10
-4.4797551574803149
20
5.4716115354330706
11
-4.4784767322834647
21
5.4703331102362203
0
LINE
8
BLACK
6
CONTINUOUS
10
-4.4784767322834647
20
5.4703331102362203
11
-4.4784767322834647
21
5.4685251574803146
0
LINE
8
BLACK
6
CONTINUOUS
10
-4.4784767322834647
20
5.4685251574803146
11
-4.4797551574803149
21
5.4672467322834644
0
LINE
8
BLACK
6
CONTINUOUS
10
-4.4797551574803149
20
5.4672467322834644
11
-4.4993408661417318
21
5.4670669291338578
0
LINE
8
BLACK
6
CONTINUOUS
10
-4.4993408661417318
20
5.4670669291338578
11
-4.5002448425196846
21
5.4672467322834644
0
LINE
8
BLACK
6
CONTINUOUS
10
-4.5002448425196846
20
5.4672467322834644
11
-4.5015232677165358
21
5.4685251574803146
0
LINE
8
BLACK
6
CONTINUOUS
10
-4.5015232677165358
20
5.4685251574803146
11
-4.5015232677165358
21
5.4703331102362203
0
LINE
8
BLACK
6
CONTINUOUS
10
-4.5015232677165358
20
5.4703331102362203
11
-4.5002448425196846
21
5.4716115354330706
0
LINE
8
BLACK
6
CONTINUOUS
10
-4.5002448425196846
20
5.4716115354330706
11
-4.4806591338582678
21
5.4717913385826771
0
LINE
8
BLACK
6
CONTINUOUS
10
-4.4806591338582678
20
5.4717913385826771
11
-4.4797551574803149
21
5.4716115354330706
0
LINE
8
BLACK
6
CONTINUOUS
10
-4.4083884645669293
20
5.4952448425196847
11
-4.4082086614173228
21
5.4756591338582679
0
LINE
8
BLACK
6
CONTINUOUS
10
-4.4082086614173228
20
5.4756591338582679
11
-4.4083884645669293
21
5.474755157480315
0
LINE
8
BLACK
6
CONTINUOUS
10
-4.4083884645669293
20
5.474755157480315
11
-4.4096668897637796
21
5.4734767322834648
0
LINE
8
BLACK
6
CONTINUOUS
10
-4.4096668897637796
20
5.4734767322834648
11
-4.4114748425196852
21
5.4734767322834648
0
LINE
8
BLACK
6
CONTINUOUS
10
-4.4114748425196852
20
5.4734767322834648
11
-4.4127532677165355
21
5.474755157480315
0
LINE
8
BLACK
6
CONTINUOUS
10
-4.4127532677165355
20
5.474755157480315
11
-4.4129330708661421
21
5.4943408661417319
0
LINE
8
BLACK
6
CONTINUOUS
10
-4.4129330708661421
20
5.4943408661417319
11
-4.4127532677165355
21
5.4952448425196847
0
LINE
8
BLACK
6
CONTINUOUS
10
-4.4127532677165355
20
5.4952448425196847
11
-4.4114748425196852
21
5.496523267716535
0
LINE
8
BLACK
6
CONTINUOUS
10
-4.4114748425196852
20
5.496523267716535
11
-4.4096668897637796
21
5.496523267716535
0
LINE
8
BLACK
6
CONTINUOUS
10
-4.4096668897637796
20
5.496523267716535
11
-4.4083884645669293
21
5.4952448425196847
0
LINE
8
BLACK
6
CONTINUOUS
10
-4.3672467322834647
20
5.4952448425196847
11
-4.3670669291338582
21
5.4756591338582679
0
LINE
8
BLACK
6
CONTINUOUS
10
-4.3670669291338582
20
5.4756591338582679
11
-4.3672467322834647
21
5.474755157480315
0
LINE
8
BLACK
6
CONTINUOUS
10
-4.3672467322834647
20
5.474755157480315
11
-4.368525157480315
21
5.4734767322834648
0
LINE
8
BLACK
6
CONTINUOUS
10
-4.368525157480315
20
5.4734767322834648
11
-4.3703331102362206
21
5.4734767322834648
0
LINE
8
BLACK
6
CONTINUOUS
10
-4.3703331102362206
20
5.4734767322834648
11
-4.3716115354330709
21
5.474755157480315
0
LINE
8
BLACK
6
CONTINUOUS
10
-4.3716115354330709
20
5.474755157480315
11
-4.3717913385826774
21
5.4943408661417319
0
LINE
8
BLACK
6
CONTINUOUS
10
-4.3717913385826774
20
5.4943408661417319
11
-4.3716115354330709
21
5.4952448425196847
0
LINE
8
BLACK
6
CONTINUOUS
10
-4.3716115354330709
20
5.4952448425196847
11
-4.3703331102362206
21
5.496523267716535
0
LINE
8
BLACK
6
CONTINUOUS
10
-4.3703331102362206
20
5.496523267716535
11
-4.368525157480315
21
5.496523267716535
0
LINE
8
BLACK
6
CONTINUOUS
10
-4.368525157480315
20
5.496523267716535
11
-4.3672467322834647
21
5.4952448425196847
0
LINE
8
BLACK
6
CONTINUOUS
10
-4.3283884645669293
20
5.4952448425196847
11
-4.3282086614173227
21
5.4756591338582679
0
LINE
8
BLACK
6
CONTINUOUS
10
-4.3282086614173227
20
5.4756591338582679
11
-4.3283884645669293
21
5.474755157480315
0
LINE
8
BLACK
6
CONTINUOUS
10
-4.3283884645669293
20
5.474755157480315
11
-4.3296668897637796
21
5.4734767322834648
0
LINE
8
BLACK
6
CONTINUOUS
10
-4.3296668897637796
20
5.4734767322834648
11
-4.3314748425196852
21
5.4734767322834648
0
LINE
8
BLACK
6
CONTINUOUS
10
-4.3314748425196852
20
5.4734767322834648
11
-4.3327532677165355
21
5.474755157480315
0
LINE
8
BLACK
6
CONTINUOUS
10
-4.3327532677165355
20
5.474755157480315
11
-4.332933070866142
21
5.4943408661417319
0
LINE
8
BLACK
6
CONTINUOUS
10
-4.332933070866142
20
5.4943408661417319
11
-4.3327532677165355
21
5.4952448425196847
0
LINE
8
BLACK
6
CONTINUOUS
10
-4.3327532677165355
20
5.4952448425196847
11
-4.3314748425196852
21
5.496523267716535
0
LINE
8
BLACK
6
CONTINUOUS
10
-4.3314748425196852
20
5.496523267716535
11
-4.3296668897637796
21
5.496523267716535
0
LINE
8
BLACK
6
CONTINUOUS
10
-4.3296668897637796
20
5.496523267716535
11
-4.3283884645669293
21
5.4952448425196847
0
LINE
8
BLACK
6
CONTINUOUS
10
-4.2872467322834646
20
5.4952448425196847
11
-4.2870669291338581
21
5.4756591338582679
0
LINE
8
BLACK
6
CONTINUOUS
10
-4.2870669291338581
20
5.4756591338582679
11
-4.2872467322834646
21
5.474755157480315
0
LINE
8
BLACK
6
CONTINUOUS
10
-4.2872467322834646
20
5.474755157480315
11
-4.2885251574803149
21
5.4734767322834648
0
LINE
8
BLACK
6
CONTINUOUS
10
-4.2885251574803149
20
5.4734767322834648
11
-4.2903331102362205
21
5.4734767322834648
0
LINE
8
BLACK
6
CONTINUOUS
10
-4.2903331102362205
20
5.4734767322834648
11
-4.2916115354330708
21
5.474755157480315
0
LINE
8
BLACK
6
CONTINUOUS
10
-4.2916115354330708
20
5.474755157480315
11
-4.2917913385826774
21
5.4943408661417319
0
LINE
8
BLACK
6
CONTINUOUS
10
-4.2917913385826774
20
5.4943408661417319
11
-4.2916115354330708
21
5.4952448425196847
0
LINE
8
BLACK
6
CONTINUOUS
10
-4.2916115354330708
20
5.4952448425196847
11
-4.2903331102362205
21
5.496523267716535
0
LINE
8
BLACK
6
CONTINUOUS
10
-4.2903331102362205
20
5.496523267716535
11
-4.2885251574803149
21
5.496523267716535
0
LINE
8
BLACK
6
CONTINUOUS
10
-4.2885251574803149
20
5.496523267716535
11
-4.2872467322834646
21
5.4952448425196847
0
LINE
8
BLACK
6
CONTINUOUS
10
-4.4797551574803149
20
5.5127532677165352
11
-4.4784767322834647
21
5.5114748425196849
0
LINE
8
BLACK
6
CONTINUOUS
10
-4.4784767322834647
20
5.5114748425196849
11
-4.4784767322834647
21
5.5096668897637793
0
LINE
8
BLACK
6
CONTINUOUS
10
-4.4784767322834647
20
5.5096668897637793
11
-4.4797551574803149
21
5.508388464566929
0
LINE
8
BLACK
6
CONTINUOUS
10
-4.4797551574803149
20
5.508388464566929
11
-4.4993408661417318
21
5.5082086614173225
0
LINE
8
BLACK
6
CONTINUOUS
10
-4.4993408661417318
20
5.5082086614173225
11
-4.5002448425196846
21
5.508388464566929
0
LINE
8
BLACK
6
CONTINUOUS
10
-4.5002448425196846
20
5.508388464566929
11
-4.5015232677165358
21
5.5096668897637793
0
LINE
8
BLACK
6
CONTINUOUS
10
-4.5015232677165358
20
5.5096668897637793
11
-4.5015232677165358
21
5.5114748425196849
0
LINE
8
BLACK
6
CONTINUOUS
10
-4.5015232677165358
20
5.5114748425196849
11
-4.5002448425196846
21
5.5127532677165352
0
LINE
8
BLACK
6
CONTINUOUS
10
-4.5002448425196846
20
5.5127532677165352
11
-4.4806591338582678
21
5.5129330708661417
0
LINE
8
BLACK
6
CONTINUOUS
10
-4.4806591338582678
20
5.5129330708661417
11
-4.4797551574803149
21
5.5127532677165352
0
LINE
8
BLACK
6
CONTINUOUS
10
-4.7725605905511808
20
5.5915918503937005
11
-4.7712821653543305
21
5.5903134251968503
0
LINE
8
BLACK
6
CONTINUOUS
10
-4.7712821653543305
20
5.5903134251968503
11
-4.7712821653543305
21
5.5885054724409446
0
LINE
8
BLACK
6
CONTINUOUS
10
-4.7712821653543305
20
5.5885054724409446
11
-4.7725605905511808
21
5.5872270472440944
0
LINE
8
BLACK
6
CONTINUOUS
10
-4.7725605905511808
20
5.5872270472440944
11
-4.8102503937007874
21
5.5870570866141733
0
LINE
8
BLACK
6
CONTINUOUS
10
-4.8102503937007874
20
5.5870570866141733
11
-4.81007874015748
21
5.5185433070866141
0
LINE
8
BLACK
6
CONTINUOUS
10
-4.81007874015748
20
5.5185433070866141
11
-4.8102585433070866
21
5.5176393307086613
0
LINE
8
BLACK
6
CONTINUOUS
10
-4.8102585433070866
20
5.5176393307086613
11
-4.8115369685039369
21
5.516360905511811
0
LINE
8
BLACK
6
CONTINUOUS
10
-4.8115369685039369
20
5.516360905511811
11
-4.8695275590551184
21
5.5161811023622045
0
LINE
8
BLACK
6
CONTINUOUS
10
-4.8695275590551184
20
5.5161811023622045
11
-4.8704315354330712
21
5.516360905511811
0
LINE
8
BLACK
6
CONTINUOUS
10
-4.8704315354330712
20
5.516360905511811
11
-4.8717099606299215
21
5.5176393307086613
0
LINE
8
BLACK
6
CONTINUOUS
10
-4.8717099606299215
20
5.5176393307086613
11
-4.8717099606299215
21
5.5194472834645669
0
LINE
8
BLACK
6
CONTINUOUS
10
-4.8717099606299215
20
5.5194472834645669
11
-4.8704315354330712
21
5.5207257086614172
0
LINE
8
BLACK
6
CONTINUOUS
10
-4.8704315354330712
20
5.5207257086614172
11
-4.8146315354330707
21
5.5208987007874013
0
LINE
8
BLACK
6
CONTINUOUS
10
-4.8146315354330707
20
5.5208987007874013
11
-4.8148031496062993
21
5.5894094488188975
0
LINE
8
BLACK
6
CONTINUOUS
10
-4.8148031496062993
20
5.5894094488188975
11
-4.8146233464566928
21
5.5903134251968503
0
LINE
8
BLACK
6
CONTINUOUS
10
-4.8146233464566928
20
5.5903134251968503
11
-4.8133449212598425
21
5.5915918503937005
0
LINE
8
BLACK
6
CONTINUOUS
10
-4.8133449212598425
20
5.5915918503937005
11
-4.7734645669291336
21
5.5917716535433071
0
LINE
8
BLACK
6
CONTINUOUS
10
-4.7734645669291336
20
5.5917716535433071
11
-4.7725605905511808
21
5.5915918503937005
0
LINE
8
BLACK
6
CONTINUOUS
10
-4.1811246850393697
20
5.5903134251968503
11
-4.1809503937007877
21
5.5207357874015743
0
LINE
8
BLACK
6
CONTINUOUS
10
-4.1809503937007877
20
5.5207357874015743
11
-4.126220472440945
21
5.5209055118110237
0
LINE
8
BLACK
6
CONTINUOUS
10
-4.126220472440945
20
5.5209055118110237
11
-4.1253164960629922
21
5.5207257086614172
0
LINE
8
BLACK
6
CONTINUOUS
10
-4.1253164960629922
20
5.5207257086614172
11
-4.1240380708661419
21
5.5194472834645669
0
LINE
8
BLACK
6
CONTINUOUS
10
-4.1240380708661419
20
5.5194472834645669
11
-4.1240380708661419
21
5.5176393307086613
0
LINE
8
BLACK
6
CONTINUOUS
10
-4.1240380708661419
20
5.5176393307086613
11
-4.1253164960629922
21
5.516360905511811
0
LINE
8
BLACK
6
CONTINUOUS
10
-4.1253164960629922
20
5.516360905511811
11
-4.1833070866141728
21
5.5161811023622045
0
LINE
8
BLACK
6
CONTINUOUS
10
-4.1833070866141728
20
5.5161811023622045
11
-4.1842110629921256
21
5.516360905511811
0
LINE
8
BLACK
6
CONTINUOUS
10
-4.1842110629921256
20
5.516360905511811
11
-4.1854894881889759
21
5.5176393307086613
0
LINE
8
BLACK
6
CONTINUOUS
10
-4.1854894881889759
20
5.5176393307086613
11
-4.1856692913385825
21
5.5894094488188975
0
LINE
8
BLACK
6
CONTINUOUS
10
-4.1856692913385825
20
5.5894094488188975
11
-4.1854894881889759
21
5.5903134251968503
0
LINE
8
BLACK
6
CONTINUOUS
10
-4.1854894881889759
20
5.5903134251968503
11
-4.1842110629921256
21
5.5915918503937005
0
LINE
8
BLACK
6
CONTINUOUS
10
-4.1842110629921256
20
5.5915918503937005
11
-4.18240311023622
21
5.5915918503937005
0
LINE
8
BLACK
6
CONTINUOUS
10
-4.18240311023622
20
5.5915918503937005
11
-4.1811246850393697
21
5.5903134251968503
0
LINE
8
BLACK
6
CONTINUOUS
10
-4.5914002755905514
20
5.6624000393700786
11
-4.5912204724409449
21
5.6299999999999999
0
LINE
8
BLACK
6
CONTINUOUS
10
-4.5912204724409449
20
5.6299999999999999
11
-4.5913958267716533
21
5.6291185039370077
0
LINE
8
BLACK
6
CONTINUOUS
10
-4.5913958267716533
20
5.6291185039370077
11
-4.5912204724409449
21
5.5591338582677166
0
LINE
8
BLACK
6
CONTINUOUS
10
-4.5912204724409449
20
5.5591338582677166
11
-4.5914002755905514
21
5.5582298818897637
0
LINE
8
BLACK
6
CONTINUOUS
10
-4.5914002755905514
20
5.5582298818897637
11
-4.5926787007874017
21
5.5569514566929135
0
LINE
8
BLACK
6
CONTINUOUS
10
-4.5926787007874017
20
5.5569514566929135
11
-4.5944866535433073
21
5.5569514566929135
0
LINE
8
BLACK
6
CONTINUOUS
10
-4.5944866535433073
20
5.5569514566929135
11
-4.5957650787401576
21
5.5582298818897637
0
LINE
8
BLACK
6
CONTINUOUS
10
-4.5957650787401576
20
5.5582298818897637
11
-4.5959448818897632
21
5.6299999999999999
0
LINE
8
BLACK
6
CONTINUOUS
10
-4.5959448818897632
20
5.6299999999999999
11
-4.5957748425196847
21
5.6308548818897632
0
LINE
8
BLACK
6
CONTINUOUS
10
-4.5957748425196847
20
5.6308548818897632
11
-4.5959448818897632
21
5.6614960629921258
0
LINE
8
BLACK
6
CONTINUOUS
10
-4.5959448818897632
20
5.6614960629921258
11
-4.5957650787401576
21
5.6624000393700786
0
LINE
8
BLACK
6
CONTINUOUS
10
-4.5957650787401576
20
5.6624000393700786
11
-4.5944866535433073
21
5.6636784645669289
0
LINE
8
BLACK
6
CONTINUOUS
10
-4.5944866535433073
20
5.6636784645669289
11
-4.5926787007874017
21
5.6636784645669289
0
LINE
8
BLACK
6
CONTINUOUS
10
-4.5926787007874017
20
5.6636784645669289
11
-4.5914002755905514
21
5.6624000393700786
0
LINE
8
BLACK
6
CONTINUOUS
10
-4.3440380708661417
20
5.686179566929134
11
-4.3438582677165352
21
5.5671653543307089
0
LINE
8
BLACK
6
CONTINUOUS
10
-4.3438582677165352
20
5.5671653543307089
11
-4.3440380708661417
21
5.5662613779527561
0
LINE
8
BLACK
6
CONTINUOUS
10
-4.3440380708661417
20
5.5662613779527561
11
-4.345316496062992
21
5.5649829527559058
0
LINE
8
BLACK
6
CONTINUOUS
10
-4.345316496062992
20
5.5649829527559058
11
-4.3471244488188976
21
5.5649829527559058
0
LINE
8
BLACK
6
CONTINUOUS
10
-4.3471244488188976
20
5.5649829527559058
11
-4.3484028740157479
21
5.5662613779527561
0
LINE
8
BLACK
6
CONTINUOUS
10
-4.3484028740157479
20
5.5662613779527561
11
-4.3485826771653544
21
5.6852755905511811
0
LINE
8
BLACK
6
CONTINUOUS
10
-4.3485826771653544
20
5.6852755905511811
11
-4.3484028740157479
21
5.686179566929134
0
LINE
8
BLACK
6
CONTINUOUS
10
-4.3484028740157479
20
5.686179566929134
11
-4.3471244488188976
21
5.6874579921259842
0
LINE
8
BLACK
6
CONTINUOUS
10
-4.3471244488188976
20
5.6874579921259842
11
-4.345316496062992
21
5.6874579921259842
0
LINE
8
BLACK
6
CONTINUOUS
10
-4.345316496062992
20
5.6874579921259842
11
-4.3440380708661417
21
5.686179566929134
0
LINE
8
BLACK
6
CONTINUOUS
10
-4.9783687795275586
20
5.8029118503937003
11
-4.978188976377953
21
5.5685433070866139
0
LINE
8
BLACK
6
CONTINUOUS
10
-4.978188976377953
20
5.5685433070866139
11
-4.9783687795275586
21
5.5676393307086611
0
LINE
8
BLACK
6
CONTINUOUS
10
-4.9783687795275586
20
5.5676393307086611
11
-4.9796472047244089
21
5.5663609055118108
0
LINE
8
BLACK
6
CONTINUOUS
10
-4.9796472047244089
20
5.5663609055118108
11
-4.9814551574803145
21
5.5663609055118108
0
LINE
8
BLACK
6
CONTINUOUS
10
-4.9814551574803145
20
5.5663609055118108
11
-4.9827335826771648
21
5.5676393307086611
0
LINE
8
BLACK
6
CONTINUOUS
10
-4.9827335826771648
20
5.5676393307086611
11
-4.9829133858267713
21
5.8020078740157475
0
LINE
8
BLACK
6
CONTINUOUS
10
-4.9829133858267713
20
5.8020078740157475
11
-4.9827335826771648
21
5.8029118503937003
0
LINE
8
BLACK
6
CONTINUOUS
10
-4.9827335826771648
20
5.8029118503937003
11
-4.9814551574803145
21
5.8041902755905515
0
LINE
8
BLACK
6
CONTINUOUS
10
-4.9814551574803145
20
5.8041902755905515
11
-4.9796472047244089
21
5.8041902755905515
0
LINE
8
BLACK
6
CONTINUOUS
10
-4.9796472047244089
20
5.8041902755905515
11
-4.9783687795275586
21
5.8029118503937003
0
LINE
8
BLACK
6
CONTINUOUS
10
-4.0130144488188977
20
5.8029118503937003
11
-4.0128346456692912
21
5.5685433070866139
0
LINE
8
BLACK
6
CONTINUOUS
10
-4.0128346456692912
20
5.5685433070866139
11
-4.0130144488188977
21
5.5676393307086611
0
LINE
8
BLACK
6
CONTINUOUS
10
-4.0130144488188977
20
5.5676393307086611
11
-4.014292874015748
21
5.5663609055118108
0
LINE
8
BLACK
6
CONTINUOUS
10
-4.014292874015748
20
5.5663609055118108
11
-4.0161008267716536
21
5.5663609055118108
0
LINE
8
BLACK
6
CONTINUOUS
10
-4.0161008267716536
20
5.5663609055118108
11
-4.0173792519685039
21
5.5676393307086611
0
LINE
8
BLACK
6
CONTINUOUS
10
-4.0173792519685039
20
5.5676393307086611
11
-4.0175590551181104
21
5.8020078740157475
0
LINE
8
BLACK
6
CONTINUOUS
10
-4.0175590551181104
20
5.8020078740157475
11
-4.0173792519685039
21
5.8029118503937003
0
LINE
8
BLACK
6
CONTINUOUS
10
-4.0173792519685039
20
5.8029118503937003
11
-4.0161008267716536
21
5.8041902755905515
0
LINE
8
BLACK
6
CONTINUOUS
10
-4.0161008267716536
20
5.8041902755905515
11
-4.014292874015748
21
5.8041902755905515
0
LINE
8
BLACK
6
CONTINUOUS
10
-4.014292874015748
20
5.8041902755905515
11
-4.0130144488188977
21
5.8029118503937003
0
LINE
8
BLACK
6
CONTINUOUS
10
-4.5683884645669286
20
5.6112487795275587
11
-4.568208661417323
21
5.5916630708661419
0
LINE
8
BLACK
6
CONTINUOUS
10
-4.568208661417323
20
5.5916630708661419
11
-4.5683884645669286
21
5.5907590944881891
0
LINE
8
BLACK
6
CONTINUOUS
10
-4.5683884645669286
20
5.5907590944881891
11
-4.5696668897637798
21
5.5894806692913388
0
LINE
8
BLACK
6
CONTINUOUS
10
-4.5696668897637798
20
5.5894806692913388
11
-4.5714748425196845
21
5.5894806692913388
0
LINE
8
BLACK
6
CONTINUOUS
10
-4.5714748425196845
20
5.5894806692913388
11
-4.5727532677165357
21
5.5907590944881891
0
LINE
8
BLACK
6
CONTINUOUS
10
-4.5727532677165357
20
5.5907590944881891
11
-4.5729330708661413
21
5.6103448031496059
0
LINE
8
BLACK
6
CONTINUOUS
10
-4.5729330708661413
20
5.6103448031496059
11
-4.5727532677165357
21
5.6112487795275587
0
LINE
8
BLACK
6
CONTINUOUS
10
-4.5727532677165357
20
5.6112487795275587
11
-4.5714748425196845
21
5.612527204724409
0
LINE
8
BLACK
6
CONTINUOUS
10
-4.5714748425196845
20
5.612527204724409
11
-4.5696668897637798
21
5.612527204724409
0
LINE
8
BLACK
6
CONTINUOUS
10
-4.5696668897637798
20
5.612527204724409
11
-4.5683884645669286
21
5.6112487795275587
0
LINE
8
BLACK
6
CONTINUOUS
10
-4.5272467322834649
20
5.6112487795275587
11
-4.5270669291338583
21
5.5916630708661419
0
LINE
8
BLACK
6
CONTINUOUS
10
-4.5270669291338583
20
5.5916630708661419
11
-4.5272467322834649
21
5.5907590944881891
0
LINE
8
BLACK
6
CONTINUOUS
10
-4.5272467322834649
20
5.5907590944881891
11
-4.5285251574803151
21
5.5894806692913388
0
LINE
8
BLACK
6
CONTINUOUS
10
-4.5285251574803151
20
5.5894806692913388
11
-4.5303331102362208
21
5.5894806692913388
0
LINE
8
BLACK
6
CONTINUOUS
10
-4.5303331102362208
20
5.5894806692913388
11
-4.531611535433071
21
5.5907590944881891
0
LINE
8
BLACK
6
CONTINUOUS
10
-4.531611535433071
20
5.5907590944881891
11
-4.5317913385826767
21
5.6103448031496059
0
LINE
8
BLACK
6
CONTINUOUS
10
-4.5317913385826767
20
5.6103448031496059
11
-4.531611535433071
21
5.6112487795275587
0
LINE
8
BLACK
6
CONTINUOUS
10
-4.531611535433071
20
5.6112487795275587
11
-4.5303331102362208
21
5.612527204724409
0
LINE
8
BLACK
6
CONTINUOUS
10
-4.5303331102362208
20
5.612527204724409
11
-4.5285251574803151
21
5.612527204724409
0
LINE
8
BLACK
6
CONTINUOUS
10
-4.5285251574803151
20
5.612527204724409
11
-4.5272467322834649
21
5.6112487795275587
0
LINE
8
BLACK
6
CONTINUOUS
10
-4.714234921259842
20
5.6624000393700786
11
-4.7140551181102364
21
5.6299999999999999
0
LINE
8
BLACK
6
CONTINUOUS
10
-4.7140551181102364
20
5.6299999999999999
11
-4.7142251968503937
21
5.6291450787401578
0
LINE
8
BLACK
6
CONTINUOUS
10
-4.7142251968503937
20
5.6291450787401578
11
-4.7140551181102364
21
5.598503937007874
0
LINE
8
BLACK
6
CONTINUOUS
10
-4.7140551181102364
20
5.598503937007874
11
-4.714234921259842
21
5.5975999606299212
0
LINE
8
BLACK
6
CONTINUOUS
10
-4.714234921259842
20
5.5975999606299212
11
-4.7155133464566932
21
5.5963215354330709
0
LINE
8
BLACK
6
CONTINUOUS
10
-4.7155133464566932
20
5.5963215354330709
11
-4.7173212992125979
21
5.5963215354330709
0
LINE
8
BLACK
6
CONTINUOUS
10
-4.7173212992125979
20
5.5963215354330709
11
-4.7185997244094491
21
5.5975999606299212
0
LINE
8
BLACK
6
CONTINUOUS
10
-4.7185997244094491
20
5.5975999606299212
11
-4.7187795275590547
21
5.6299999999999999
0
LINE
8
BLACK
6
CONTINUOUS
10
-4.7187795275590547
20
5.6299999999999999
11
-4.7186094881889762
21
5.6308548818897632
0
LINE
8
BLACK
6
CONTINUOUS
10
-4.7186094881889762
20
5.6308548818897632
11
-4.7187795275590547
21
5.6614960629921258
0
LINE
8
BLACK
6
CONTINUOUS
10
-4.7187795275590547
20
5.6614960629921258
11
-4.7185997244094491
21
5.6624000393700786
0
LINE
8
BLACK
6
CONTINUOUS
10
-4.7185997244094491
20
5.6624000393700786
11
-4.7173212992125979
21
5.6636784645669289
0
LINE
8
BLACK
6
CONTINUOUS
10
-4.7173212992125979
20
5.6636784645669289
11
-4.7155133464566932
21
5.6636784645669289
0
LINE
8
BLACK
6
CONTINUOUS
10
-4.7155133464566932
20
5.6636784645669289
11
-4.714234921259842
21
5.6624000393700786
0
LINE
8
BLACK
6
CONTINUOUS
10
-4.4715971259842515
20
5.7255496456692914
11
-4.4714173228346459
21
5.6459055118110237
0
LINE
8
BLACK
6
CONTINUOUS
10
-4.4714173228346459
20
5.6459055118110237
11
-4.4715971259842515
21
5.6450015354330709
0
LINE
8
BLACK
6
CONTINUOUS
10
-4.4715971259842515
20
5.6450015354330709
11
-4.4728755511811027
21
5.6437231102362206
0
LINE
8
BLACK
6
CONTINUOUS
10
-4.4728755511811027
20
5.6437231102362206
11
-4.4746835039370074
21
5.6437231102362206
0
LINE
8
BLACK
6
CONTINUOUS
10
-4.4746835039370074
20
5.6437231102362206
11
-4.4759619291338586
21
5.6450015354330709
0
LINE
8
BLACK
6
CONTINUOUS
10
-4.4759619291338586
20
5.6450015354330709
11
-4.4761417322834642
21
5.7246456692913386
0
LINE
8
BLACK
6
CONTINUOUS
10
-4.4761417322834642
20
5.7246456692913386
11
-4.4759619291338586
21
5.7255496456692914
0
LINE
8
BLACK
6
CONTINUOUS
10
-4.4759619291338586
20
5.7255496456692914
11
-4.4746835039370074
21
5.7268280708661417
0
LINE
8
BLACK
6
CONTINUOUS
10
-4.4746835039370074
20
5.7268280708661417
11
-4.4728755511811027
21
5.7268280708661417
0
LINE
8
BLACK
6
CONTINUOUS
10
-4.4728755511811027
20
5.7268280708661417
11
-4.4715971259842515
21
5.7255496456692914
0
LINE
8
BLACK
6
CONTINUOUS
10
-4.8894353543307085
20
5.6840983464566932
11
-4.8884048425196847
21
5.6835830708661419
0
LINE
8
BLACK
6
CONTINUOUS
10
-4.8884048425196847
20
5.6835830708661419
11
-4.8876499999999998
21
5.6827127165354332
0
LINE
8
BLACK
6
CONTINUOUS
10
-4.8876499999999998
20
5.6827127165354332
11
-4.8872856692913382
21
5.6816197244094484
0
LINE
8
BLACK
6
CONTINUOUS
10
-4.8872856692913382
20
5.6816197244094484
11
-4.8873673228346455
21
5.6804705118110235
0
LINE
8
BLACK
6
CONTINUOUS
10
-4.8873673228346455
20
5.6804705118110235
11
-4.8894489763779525
21
5.6761803937007871
0
LINE
8
BLACK
6
CONTINUOUS
10
-4.8894489763779525
20
5.6761803937007871
11
-4.8896049999999995
21
5.6759325590551182
0
LINE
8
BLACK
6
CONTINUOUS
10
-4.8896049999999995
20
5.6759325590551182
11
-4.8896348425196852
21
5.6758604330708664
0
LINE
8
BLACK
6
CONTINUOUS
10
-4.8896348425196852
20
5.6758604330708664
11
-4.8896781889763776
21
5.6758162204724405
0
LINE
8
BLACK
6
CONTINUOUS
10
-4.8896781889763776
20
5.6758162204724405
11
-4.8897573228346456
21
5.6756905118110232
0
LINE
8
BLACK
6
CONTINUOUS
10
-4.8897573228346456
20
5.6756905118110232
11
-4.8900533070866139
21
5.6754338188976377
0
LINE
8
BLACK
6
CONTINUOUS
10
-4.8900533070866139
20
5.6754338188976377
11
-4.892527559055118
21
5.6729113779527554
0
LINE
8
BLACK
6
CONTINUOUS
10
-4.892527559055118
20
5.6729113779527554
11
-4.8650261023622043
21
5.6729504330708664
0
LINE
8
BLACK
6
CONTINUOUS
10
-4.8650261023622043
20
5.6729504330708664
11
-4.865046496062992
21
5.6812504330708657
0
LINE
8
BLACK
6
CONTINUOUS
10
-4.865046496062992
20
5.6812504330708657
11
-4.8649897637795272
21
5.6818264960629916
0
LINE
8
BLACK
6
CONTINUOUS
10
-4.8649897637795272
20
5.6818264960629916
11
-4.8645488582677165
21
5.6828909055118109
0
LINE
8
BLACK
6
CONTINUOUS
10
-4.8645488582677165
20
5.6828909055118109
11
-4.8637342125984251
21
5.6837055511811023
0
LINE
8
BLACK
6
CONTINUOUS
10
-4.8637342125984251
20
5.6837055511811023
11
-4.8626698031496058
21
5.684146456692913
0
LINE
8
BLACK
6
CONTINUOUS
10
-4.8626698031496058
20
5.684146456692913
11
-4.8615176771653541
21
5.684146456692913
0
LINE
8
BLACK
6
CONTINUOUS
10
-4.8615176771653541
20
5.684146456692913
11
-4.8604532677165357
21
5.6837055511811023
0
LINE
8
BLACK
6
CONTINUOUS
10
-4.8604532677165357
20
5.6837055511811023
11
-4.8596386220472443
21
5.6828909055118109
0
LINE
8
BLACK
6
CONTINUOUS
10
-4.8596386220472443
20
5.6828909055118109
11
-4.8591977165354328
21
5.6818264960629916
0
LINE
8
BLACK
6
CONTINUOUS
10
-4.8591977165354328
20
5.6818264960629916
11
-4.8591409842519688
21
5.6587532677165351
0
LINE
8
BLACK
6
CONTINUOUS
10
-4.8591409842519688
20
5.6587532677165351
11
-4.8591977165354328
21
5.6581772047244092
0
LINE
8
BLACK
6
CONTINUOUS
10
-4.8591977165354328
20
5.6581772047244092
11
-4.8596386220472443
21
5.6571127952755909
0
LINE
8
BLACK
6
CONTINUOUS
10
-4.8596386220472443
20
5.6571127952755909
11
-4.8604532677165357
21
5.6562981496062994
0
LINE
8
BLACK
6
CONTINUOUS
10
-4.8604532677165357
20
5.6562981496062994
11
-4.8615176771653541
21
5.6558572440944879
0
LINE
8
BLACK
6
CONTINUOUS
10
-4.8615176771653541
20
5.6558572440944879
11
-4.8626698031496058
21
5.6558572440944879
0
LINE
8
BLACK
6
CONTINUOUS
10
-4.8626698031496058
20
5.6558572440944879
11
-4.8637342125984251
21
5.6562981496062994
0
LINE
8
BLACK
6
CONTINUOUS
10
-4.8637342125984251
20
5.6562981496062994
11
-4.8645488582677165
21
5.6571127952755909
0
LINE
8
BLACK
6
CONTINUOUS
10
-4.8645488582677165
20
5.6571127952755909
11
-4.8649897637795272
21
5.6581772047244092
0
LINE
8
BLACK
6
CONTINUOUS
10
-4.8649897637795272
20
5.6581772047244092
11
-4.8650117322834641
21
5.6671008267716534
0
LINE
8
BLACK
6
CONTINUOUS
10
-4.8650117322834641
20
5.6671008267716534
11
-4.9014638188976374
21
5.6670490944881893
0
LINE
8
BLACK
6
CONTINUOUS
10
-4.9014638188976374
20
5.6670490944881893
11
-4.9014659055118113
21
5.6670492913385822
0
LINE
8
BLACK
6
CONTINUOUS
10
-4.9014659055118113
20
5.6670492913385822
11
-4.901466929133858
21
5.6670490944881893
0
LINE
8
BLACK
6
CONTINUOUS
10
-4.901466929133858
20
5.6670490944881893
11
-4.901469960629921
21
5.6670496850393697
0
LINE
8
BLACK
6
CONTINUOUS
10
-4.901469960629921
20
5.6670496850393697
11
-4.9020398818897633
21
5.6671058267716532
0
LINE
8
BLACK
6
CONTINUOUS
10
-4.9020398818897633
20
5.6671058267716532
11
-4.9023099999999999
21
5.667217677165354
0
LINE
8
BLACK
6
CONTINUOUS
10
-4.9023099999999999
20
5.667217677165354
11
-4.9025966141732287
21
5.6672750393700788
0
LINE
8
BLACK
6
CONTINUOUS
10
-4.9025966141732287
20
5.6672750393700788
11
-4.902837007874016
21
5.6674359842519682
0
LINE
8
BLACK
6
CONTINUOUS
10
-4.902837007874016
20
5.6674359842519682
11
-4.9031042913385825
21
5.6675467322834647
0
LINE
8
BLACK
6
CONTINUOUS
10
-4.9031042913385825
20
5.6675467322834647
11
-4.903311023622047
21
5.6677534251968504
0
LINE
8
BLACK
6
CONTINUOUS
10
-4.903311023622047
20
5.6677534251968504
11
-4.9035538976377948
21
5.6679161023622049
0
LINE
8
BLACK
6
CONTINUOUS
10
-4.9035538976377948
20
5.6679161023622049
11
-4.9037144094488188
21
5.6681568110236222
0
LINE
8
BLACK
6
CONTINUOUS
10
-4.9037144094488188
20
5.6681568110236222
11
-4.903918937007874
21
5.6683613779527562
0
LINE
8
BLACK
6
CONTINUOUS
10
-4.903918937007874
20
5.6683613779527562
11
-4.9040308267716535
21
5.6686314566929132
0
LINE
8
BLACK
6
CONTINUOUS
10
-4.9040308267716535
20
5.6686314566929132
11
-4.9041929921259841
21
5.6688747244094486
0
LINE
8
BLACK
6
CONTINUOUS
10
-4.9041929921259841
20
5.6688747244094486
11
-4.9042491338582677
21
5.669158503937008
0
LINE
8
BLACK
6
CONTINUOUS
10
-4.9042491338582677
20
5.669158503937008
11
-4.9043598425196846
21
5.6694257874015745
0
LINE
8
BLACK
6
CONTINUOUS
10
-4.9043598425196846
20
5.6694257874015745
11
-4.9043598425196846
21
5.6697181496062994
0
LINE
8
BLACK
6
CONTINUOUS
10
-4.9043598425196846
20
5.6697181496062994
11
-4.9044165748031494
21
5.670004960629921
0
LINE
8
BLACK
6
CONTINUOUS
10
-4.9044165748031494
20
5.670004960629921
11
-4.9043598425196846
21
5.6702885826771654
0
LINE
8
BLACK
6
CONTINUOUS
10
-4.9043598425196846
20
5.6702885826771654
11
-4.9043598425196846
21
5.6705779133858263
0
LINE
8
BLACK
6
CONTINUOUS
10
-4.9043598425196846
20
5.6705779133858263
11
-4.9042479921259838
21
5.6708479921259842
0
LINE
8
BLACK
6
CONTINUOUS
10
-4.9042479921259838
20
5.6708479921259842
11
-4.9041906299212599
21
5.6711346456692908
0
LINE
8
BLACK
6
CONTINUOUS
10
-4.9041906299212599
20
5.6711346456692908
11
-4.9040296850393696
21
5.6713750000000003
0
LINE
8
BLACK
6
CONTINUOUS
10
-4.9040296850393696
20
5.6713750000000003
11
-4.903918937007874
21
5.6716423228346455
0
LINE
8
BLACK
6
CONTINUOUS
10
-4.903918937007874
20
5.6716423228346455
11
-4.9037122440944882
21
5.6718490157480312
0
LINE
8
BLACK
6
CONTINUOUS
10
-4.9037122440944882
20
5.6718490157480312
11
-4.9035495669291338
21
5.6720919291338578
0
LINE
8
BLACK
6
CONTINUOUS
10
-4.9035495669291338
20
5.6720919291338578
11
-4.9033004724409448
21
5.6722607874015747
0
LINE
8
BLACK
6
CONTINUOUS
10
-4.9033004724409448
20
5.6722607874015747
11
-4.9031042913385825
21
5.672456968503937
0
LINE
8
BLACK
6
CONTINUOUS
10
-4.9031042913385825
20
5.672456968503937
11
-4.9028646456692915
21
5.6725562204724405
0
LINE
8
BLACK
6
CONTINUOUS
10
-4.9028646456692915
20
5.6725562204724405
11
-4.8975265748031491
21
5.6761748818897635
0
LINE
8
BLACK
6
CONTINUOUS
10
-4.8975265748031491
20
5.6761748818897635
11
-4.8944259448818901
21
5.6793359448818892
0
LINE
8
BLACK
6
CONTINUOUS
10
-4.8944259448818901
20
5.6793359448818892
11
-4.8928562598425192
21
5.6825709448818893
0
LINE
8
BLACK
6
CONTINUOUS
10
-4.8928562598425192
20
5.6825709448818893
11
-4.892547913385827
21
5.6830608267716531
0
LINE
8
BLACK
6
CONTINUOUS
10
-4.892547913385827
20
5.6830608267716531
11
-4.8916775196850395
21
5.6838156692913389
0
LINE
8
BLACK
6
CONTINUOUS
10
-4.8916775196850395
20
5.6838156692913389
11
-4.8905845669291335
21
5.6841799999999996
0
LINE
8
BLACK
6
CONTINUOUS
10
-4.8905845669291335
20
5.6841799999999996
11
-4.8894353543307085
21
5.6840983464566932
0
LINE
8
BLACK
6
CONTINUOUS
10
-4.1168233464566928
20
5.7095803149606299
11
-4.1160087007874013
21
5.7087656692913384
0
LINE
8
BLACK
6
CONTINUOUS
10
-4.1160087007874013
20
5.7087656692913384
11
-4.1155677952755907
21
5.7077012598425192
0
LINE
8
BLACK
6
CONTINUOUS
10
-4.1155677952755907
20
5.7077012598425192
11
-4.1155257480314962
21
5.6891981102362204
0
LINE
8
BLACK
6
CONTINUOUS
10
-4.1155257480314962
20
5.6891981102362204
11
-4.1054101181102363
21
5.6980987795275588
0
LINE
8
BLACK
6
CONTINUOUS
10
-4.1054101181102363
20
5.6980987795275588
11
-4.1051611417322835
21
5.6982767716535427
0
LINE
8
BLACK
6
CONTINUOUS
10
-4.1051611417322835
20
5.6982767716535427
11
-4.1051061811023617
21
5.6983317322834646
0
LINE
8
BLACK
6
CONTINUOUS
10
-4.1051061811023617
20
5.6983317322834646
11
-4.1050540944881888
21
5.6983533070866139
0
LINE
8
BLACK
6
CONTINUOUS
10
-4.1050540944881888
20
5.6983533070866139
11
-4.104939212598425
21
5.6984354330708662
0
LINE
8
BLACK
6
CONTINUOUS
10
-4.104939212598425
20
5.6984354330708662
11
-4.1044849999999995
21
5.6985890157480314
0
LINE
8
BLACK
6
CONTINUOUS
10
-4.1044849999999995
20
5.6985890157480314
11
-4.1040417716535433
21
5.6987726377952752
0
LINE
8
BLACK
6
CONTINUOUS
10
-4.1040417716535433
20
5.6987726377952752
11
-4.1039421259842515
21
5.6987726377952752
0
LINE
8
BLACK
6
CONTINUOUS
10
-4.1039421259842515
20
5.6987726377952752
11
-4.103847834645669
21
5.6988045275590551
0
LINE
8
BLACK
6
CONTINUOUS
10
-4.103847834645669
20
5.6988045275590551
11
-4.1033693700787399
21
5.6987726377952752
0
LINE
8
BLACK
6
CONTINUOUS
10
-4.1033693700787399
20
5.6987726377952752
11
-4.1028896456692916
21
5.6987726377952752
0
LINE
8
BLACK
6
CONTINUOUS
10
-4.1028896456692916
20
5.6987726377952752
11
-4.1027976771653538
21
5.6987345275590551
0
LINE
8
BLACK
6
CONTINUOUS
10
-4.1027976771653538
20
5.6987345275590551
11
-4.1026983070866141
21
5.6987279133858264
0
LINE
8
BLACK
6
CONTINUOUS
10
-4.1026983070866141
20
5.6987279133858264
11
-4.1022681889763781
21
5.6985151968503933
0
LINE
8
BLACK
6
CONTINUOUS
10
-4.1022681889763781
20
5.6985151968503933
11
-4.1018252362204723
21
5.6983317322834646
0
LINE
8
BLACK
6
CONTINUOUS
10
-4.1018252362204723
20
5.6983317322834646
11
-4.1017549212598423
21
5.6982613779527558
0
LINE
8
BLACK
6
CONTINUOUS
10
-4.1017549212598423
20
5.6982613779527558
11
-4.1016655511811022
21
5.6982172047244095
0
LINE
8
BLACK
6
CONTINUOUS
10
-4.1016655511811022
20
5.6982172047244095
11
-4.1013496062992125
21
5.697856062992126
0
LINE
8
BLACK
6
CONTINUOUS
10
-4.1013496062992125
20
5.697856062992126
11
-4.1010105905511809
21
5.6975170866141731
0
LINE
8
BLACK
6
CONTINUOUS
10
-4.1010105905511809
20
5.6975170866141731
11
-4.1009724803149608
21
5.6974250787401575
0
LINE
8
BLACK
6
CONTINUOUS
10
-4.1009724803149608
20
5.6974250787401575
11
-4.1009068897637793
21
5.6973501181102364
0
LINE
8
BLACK
6
CONTINUOUS
10
-4.1009068897637793
20
5.6973501181102364
11
-4.100753307086614
21
5.6968958661417322
0
LINE
8
BLACK
6
CONTINUOUS
10
-4.100753307086614
20
5.6968958661417322
11
-4.1005696850393702
21
5.6964526771653539
0
LINE
8
BLACK
6
CONTINUOUS
10
-4.1005696850393702
20
5.6964526771653539
11
-4.1005687795275589
21
5.6963502362204723
0
LINE
8
BLACK
6
CONTINUOUS
10
-4.1005687795275589
20
5.6963502362204723
11
-4.1005377952755904
21
5.6962587401574805
0
LINE
8
BLACK
6
CONTINUOUS
10
-4.1005377952755904
20
5.6962587401574805
11
-4.1005642913385829
21
5.6958614173228348
0
LINE
8
BLACK
6
CONTINUOUS
10
-4.1005642913385829
20
5.6958614173228348
11
-4.100518622047244
21
5.6908695275590553
0
LINE
8
BLACK
6
CONTINUOUS
10
-4.100518622047244
20
5.6908695275590553
11
-4.0991226377952756
21
5.6881586220472435
0
LINE
8
BLACK
6
CONTINUOUS
10
-4.0991226377952756
20
5.6881586220472435
11
-4.0978892519685042
21
5.6869678740157479
0
LINE
8
BLACK
6
CONTINUOUS
10
-4.0978892519685042
20
5.6869678740157479
11
-4.0951876377952754
21
5.6856570078740152
0
LINE
8
BLACK
6
CONTINUOUS
10
-4.0951876377952754
20
5.6856570078740152
11
-4.0872059055118113
21
5.685702519685039
0
LINE
8
BLACK
6
CONTINUOUS
10
-4.0872059055118113
20
5.685702519685039
11
-4.0844991732283464
21
5.6870963779527557
0
LINE
8
BLACK
6
CONTINUOUS
10
-4.0844991732283464
20
5.6870963779527557
11
-4.0833083858267711
21
5.6883297244094484
0
LINE
8
BLACK
6
CONTINUOUS
10
-4.0833083858267711
20
5.6883297244094484
11
-4.081996299212598
21
5.6910338582677165
0
LINE
8
BLACK
6
CONTINUOUS
10
-4.081996299212598
20
5.6910338582677165
11
-4.0820435826771648
21
5.7008889370078739
0
LINE
8
BLACK
6
CONTINUOUS
10
-4.0820435826771648
20
5.7008889370078739
11
-4.0834368503937011
21
5.7035945275590549
0
LINE
8
BLACK
6
CONTINUOUS
10
-4.0834368503937011
20
5.7035945275590549
11
-4.0849311811023625
21
5.7050372440944876
0
LINE
8
BLACK
6
CONTINUOUS
10
-4.0849311811023625
20
5.7050372440944876
11
-4.08529842519685
21
5.7054847244094491
0
LINE
8
BLACK
6
CONTINUOUS
10
-4.08529842519685
20
5.7054847244094491
11
-4.0857393307086616
21
5.7065491338582675
0
LINE
8
BLACK
6
CONTINUOUS
10
-4.0857393307086616
20
5.7065491338582675
11
-4.0857393307086616
21
5.7077012204724404
0
LINE
8
BLACK
6
CONTINUOUS
10
-4.0857393307086616
20
5.7077012204724404
11
-4.0852984645669288
21
5.7087656299212597
0
LINE
8
BLACK
6
CONTINUOUS
10
-4.0852984645669288
20
5.7087656299212597
11
-4.0844837795275586
21
5.7095803149606299
0
LINE
8
BLACK
6
CONTINUOUS
10
-4.0844837795275586
20
5.7095803149606299
11
-4.0834193700787402
21
5.7100212204724405
0
LINE
8
BLACK
6
CONTINUOUS
10
-4.0834193700787402
20
5.7100212204724405
11
-4.0822672834645672
21
5.7100212204724405
0
LINE
8
BLACK
6
CONTINUOUS
10
-4.0822672834645672
20
5.7100212204724405
11
-4.081202874015748
21
5.7095803543307087
0
LINE
8
BLACK
6
CONTINUOUS
10
-4.081202874015748
20
5.7095803543307087
11
-4.0788806299212599
21
5.7073383858267714
0
LINE
8
BLACK
6
CONTINUOUS
10
-4.0788806299212599
20
5.7073383858267714
11
-4.0786948818897635
21
5.7071120078740156
0
LINE
8
BLACK
6
CONTINUOUS
10
-4.0786948818897635
20
5.7071120078740156
11
-4.0786358267716532
21
5.7070608267716532
0
LINE
8
BLACK
6
CONTINUOUS
10
-4.0786358267716532
20
5.7070608267716532
11
-4.0786072047244097
21
5.7070051574803147
0
LINE
8
BLACK
6
CONTINUOUS
10
-4.0786072047244097
20
5.7070051574803147
11
-4.0785133858267715
21
5.7068909055118109
0
LINE
8
BLACK
6
CONTINUOUS
10
-4.0785133858267715
20
5.7068909055118109
11
-4.0783697244094483
21
5.7065440157480314
0
LINE
8
BLACK
6
CONTINUOUS
10
-4.0783697244094483
20
5.7065440157480314
11
-4.0764527165354334
21
5.7028214173228342
0
LINE
8
BLACK
6
CONTINUOUS
10
-4.0764527165354334
20
5.7028214173228342
11
-4.076245826771653
21
5.7022808267716538
0
LINE
8
BLACK
6
CONTINUOUS
10
-4.076245826771653
20
5.7022808267716538
11
-4.0762383070866139
21
5.702174921259842
0
LINE
8
BLACK
6
CONTINUOUS
10
-4.0762383070866139
20
5.702174921259842
11
-4.0761977165354333
21
5.7020769685039365
0
LINE
8
BLACK
6
CONTINUOUS
10
-4.0761977165354333
20
5.7020769685039365
11
-4.0761953149606303
21
5.701569409448819
0
LINE
8
BLACK
6
CONTINUOUS
10
-4.0761953149606303
20
5.701569409448819
11
-4.0761641732283467
21
5.701131614173228
0
LINE
8
BLACK
6
CONTINUOUS
10
-4.0761641732283467
20
5.701131614173228
11
-4.0761927952755901
21
5.7010457874015747
0
LINE
8
BLACK
6
CONTINUOUS
10
-4.0761927952755901
20
5.7010457874015747
11
-4.0761409842519685
21
5.6902523228346453
0
LINE
8
BLACK
6
CONTINUOUS
10
-4.0761409842519685
20
5.6902523228346453
11
-4.0761977165354333
21
5.6896762598425195
0
LINE
8
BLACK
6
CONTINUOUS
10
-4.0761977165354333
20
5.6896762598425195
11
-4.0762383070866139
21
5.6895782677165352
0
LINE
8
BLACK
6
CONTINUOUS
10
-4.0762383070866139
20
5.6895782677165352
11
-4.076245826771653
21
5.6894724015748031
0
LINE
8
BLACK
6
CONTINUOUS
10
-4.076245826771653
20
5.6894724015748031
11
-4.0764941732283466
21
5.6889606299212598
0
LINE
8
BLACK
6
CONTINUOUS
10
-4.0764941732283466
20
5.6889606299212598
11
-4.0766386220472439
21
5.6886118503937011
0
LINE
8
BLACK
6
CONTINUOUS
10
-4.0766386220472439
20
5.6886118503937011
11
-4.0766867322834646
21
5.6885637401574805
0
LINE
8
BLACK
6
CONTINUOUS
10
-4.0766867322834646
20
5.6885637401574805
11
-4.078327480314961
21
5.6851822834645667
0
LINE
8
BLACK
6
CONTINUOUS
10
-4.078327480314961
20
5.6851822834645667
11
-4.0784835826771655
21
5.684934251968504
0
LINE
8
BLACK
6
CONTINUOUS
10
-4.0784835826771655
20
5.684934251968504
11
-4.0785133858267715
21
5.6848623228346451
0
LINE
8
BLACK
6
CONTINUOUS
10
-4.0785133858267715
20
5.6848623228346451
11
-4.0785579133858265
21
5.6848162204724408
0
LINE
8
BLACK
6
CONTINUOUS
10
-4.0785579133858265
20
5.6848162204724408
11
-4.0786358267716532
21
5.6846924015748028
0
LINE
8
BLACK
6
CONTINUOUS
10
-4.0786358267716532
20
5.6846924015748028
11
-4.0788916141732283
21
5.6844705905511805
0
LINE
8
BLACK
6
CONTINUOUS
10
-4.0788916141732283
20
5.6844705905511805
11
-4.0807554330708662
21
5.682540078740157
0
LINE
8
BLACK
6
CONTINUOUS
10
-4.0807554330708662
20
5.682540078740157
11
-4.0809817716535433
21
5.6823543307086615
0
LINE
8
BLACK
6
CONTINUOUS
10
-4.0809817716535433
20
5.6823543307086615
11
-4.081032913385827
21
5.6822953543307086
0
LINE
8
BLACK
6
CONTINUOUS
10
-4.081032913385827
20
5.6822953543307086
11
-4.0810885433070867
21
5.6822666929133856
0
LINE
8
BLACK
6
CONTINUOUS
10
-4.0810885433070867
20
5.6822666929133856
11
-4.081202874015748
21
5.6821728740157482
0
LINE
8
BLACK
6
CONTINUOUS
10
-4.081202874015748
20
5.6821728740157482
11
-4.0815498031496062
21
5.6820291732283463
0
LINE
8
BLACK
6
CONTINUOUS
10
-4.0815498031496062
20
5.6820291732283463
11
-4.0852723228346459
21
5.680112244094488
0
LINE
8
BLACK
6
CONTINUOUS
10
-4.0852723228346459
20
5.680112244094488
11
-4.0858129527559051
21
5.6799053543307085
0
LINE
8
BLACK
6
CONTINUOUS
10
-4.0858129527559051
20
5.6799053543307085
11
-4.0859187795275593
21
5.6798978346456694
0
LINE
8
BLACK
6
CONTINUOUS
10
-4.0859187795275593
20
5.6798978346456694
11
-4.0860167716535436
21
5.6798572440944879
0
LINE
8
BLACK
6
CONTINUOUS
10
-4.0860167716535436
20
5.6798572440944879
11
-4.0865313779527561
21
5.6798542913385823
0
LINE
8
BLACK
6
CONTINUOUS
10
-4.0865313779527561
20
5.6798542913385823
11
-4.0869621653543309
21
5.6798237007874013
0
LINE
8
BLACK
6
CONTINUOUS
10
-4.0869621653543309
20
5.6798237007874013
11
-4.0870452362204723
21
5.6798513779527555
0
LINE
8
BLACK
6
CONTINUOUS
10
-4.0870452362204723
20
5.6798513779527555
11
-4.0959666535433072
21
5.6798005118110231
0
LINE
8
BLACK
6
CONTINUOUS
10
-4.0959666535433072
20
5.6798005118110231
11
-4.0965427165354331
21
5.6798572440944879
0
LINE
8
BLACK
6
CONTINUOUS
10
-4.0965427165354331
20
5.6798572440944879
11
-4.0966407086614174
21
5.6798977952755907
0
LINE
8
BLACK
6
CONTINUOUS
10
-4.0966407086614174
20
5.6798977952755907
11
-4.0967465748031495
21
5.6799053543307085
0
LINE
8
BLACK
6
CONTINUOUS
10
-4.0967465748031495
20
5.6799053543307085
11
-4.0972583464566927
21
5.6801536614173225
0
LINE
8
BLACK
6
CONTINUOUS
10
-4.0972583464566927
20
5.6801536614173225
11
-4.0976071259842515
21
5.6802981496062994
0
LINE
8
BLACK
6
CONTINUOUS
10
-4.0976071259842515
20
5.6802981496062994
11
-4.0976552362204721
21
5.6803462204724404
0
LINE
8
BLACK
6
CONTINUOUS
10
-4.0976552362204721
20
5.6803462204724404
11
-4.1010366929133859
21
5.6819870078740156
0
LINE
8
BLACK
6
CONTINUOUS
10
-4.1010366929133859
20
5.6819870078740156
11
-4.1012847244094486
21
5.6821430708661413
0
LINE
8
BLACK
6
CONTINUOUS
10
-4.1012847244094486
20
5.6821430708661413
11
-4.1013566535433066
21
5.682172913385827
0
LINE
8
BLACK
6
CONTINUOUS
10
-4.1013566535433066
20
5.682172913385827
11
-4.1014027559055117
21
5.6822174015748033
0
LINE
8
BLACK
6
CONTINUOUS
10
-4.1014027559055117
20
5.6822174015748033
11
-4.1015265748031497
21
5.6822953543307086
0
LINE
8
BLACK
6
CONTINUOUS
10
-4.1015265748031497
20
5.6822953543307086
11
-4.1017483464566924
21
5.6825510236220467
0
LINE
8
BLACK
6
CONTINUOUS
10
-4.1017483464566924
20
5.6825510236220467
11
-4.1036788582677168
21
5.6844148818897633
0
LINE
8
BLACK
6
CONTINUOUS
10
-4.1036788582677168
20
5.6844148818897633
11
-4.1038646456692911
21
5.6846412204724412
0
LINE
8
BLACK
6
CONTINUOUS
10
-4.1038646456692911
20
5.6846412204724412
11
-4.1039236220472439
21
5.6846924015748028
0
LINE
8
BLACK
6
CONTINUOUS
10
-4.1039236220472439
20
5.6846924015748028
11
-4.103952283464567
21
5.6847480314960626
0
LINE
8
BLACK
6
CONTINUOUS
10
-4.103952283464567
20
5.6847480314960626
11
-4.1040460629921256
21
5.6848623228346451
0
LINE
8
BLACK
6
CONTINUOUS
10
-4.1040460629921256
20
5.6848623228346451
11
-4.1041897244094487
21
5.6852090944881892
0
LINE
8
BLACK
6
CONTINUOUS
10
-4.1041897244094487
20
5.6852090944881892
11
-4.1061067322834646
21
5.6889318110236218
0
LINE
8
BLACK
6
CONTINUOUS
10
-4.1061067322834646
20
5.6889318110236218
11
-4.106313622047244
21
5.6894724409448818
0
LINE
8
BLACK
6
CONTINUOUS
10
-4.106313622047244
20
5.6894724409448818
11
-4.1063162204724408
21
5.6895088582677165
0
LINE
8
BLACK
6
CONTINUOUS
10
-4.1063162204724408
20
5.6895088582677165
11
-4.1165194094488191
21
5.6805311023622043
0
LINE
8
BLACK
6
CONTINUOUS
10
-4.1165194094488191
20
5.6805311023622043
11
-4.1167684251968506
21
5.6803530708661416
0
LINE
8
BLACK
6
CONTINUOUS
10
-4.1167684251968506
20
5.6803530708661416
11
-4.1168233464566928
21
5.6802981496062994
0
LINE
8
BLACK
6
CONTINUOUS
10
-4.1168233464566928
20
5.6802981496062994
11
-4.1168754724409444
21
5.6802765354330704
0
LINE
8
BLACK
6
CONTINUOUS
10
-4.1168754724409444
20
5.6802765354330704
11
-4.1169903149606295
21
5.6801944488188978
0
LINE
8
BLACK
6
CONTINUOUS
10
-4.1169903149606295
20
5.6801944488188978
11
-4.1174445669291337
21
5.6800408267716538
0
LINE
8
BLACK
6
CONTINUOUS
10
-4.1174445669291337
20
5.6800408267716538
11
-4.117887755905512
21
5.6798572440944879
0
LINE
8
BLACK
6
CONTINUOUS
10
-4.117887755905512
20
5.6798572440944879
11
-4.117987401574803
21
5.6798572440944879
0
LINE
8
BLACK
6
CONTINUOUS
10
-4.117987401574803
20
5.6798572440944879
11
-4.1180816929133854
21
5.6798253543307089
0
LINE
8
BLACK
6
CONTINUOUS
10
-4.1180816929133854
20
5.6798253543307089
11
-4.1185601574803146
21
5.6798572440944879
0
LINE
8
BLACK
6
CONTINUOUS
10
-4.1185601574803146
20
5.6798572440944879
11
-4.1190398818897638
21
5.6798572440944879
0
LINE
8
BLACK
6
CONTINUOUS
10
-4.1190398818897638
20
5.6798572440944879
11
-4.1191318897637794
21
5.6798953149606302
0
LINE
8
BLACK
6
CONTINUOUS
10
-4.1191318897637794
20
5.6798953149606302
11
-4.1192312204724413
21
5.6799019685039367
0
LINE
8
BLACK
6
CONTINUOUS
10
-4.1192312204724413
20
5.6799019685039367
11
-4.119661377952756
21
5.680114645669291
0
LINE
8
BLACK
6
CONTINUOUS
10
-4.119661377952756
20
5.680114645669291
11
-4.120104291338583
21
5.6802981496062994
0
LINE
8
BLACK
6
CONTINUOUS
10
-4.120104291338583
20
5.6802981496062994
11
-4.1201746456692909
21
5.6803684645669286
0
LINE
8
BLACK
6
CONTINUOUS
10
-4.1201746456692909
20
5.6803684645669286
11
-4.1202639763779523
21
5.6804126771653545
0
LINE
8
BLACK
6
CONTINUOUS
10
-4.1202639763779523
20
5.6804126771653545
11
-4.1205799606299216
21
5.6807737795275592
0
LINE
8
BLACK
6
CONTINUOUS
10
-4.1205799606299216
20
5.6807737795275592
11
-4.1209189370078736
21
5.68111279527559
0
LINE
8
BLACK
6
CONTINUOUS
10
-4.1209189370078736
20
5.68111279527559
11
-4.1209570866141734
21
5.6812047637795278
0
LINE
8
BLACK
6
CONTINUOUS
10
-4.1209570866141734
20
5.6812047637795278
11
-4.1210226377952752
21
5.6812797637795276
0
LINE
8
BLACK
6
CONTINUOUS
10
-4.1210226377952752
20
5.6812797637795276
11
-4.1211762598425192
21
5.6817339763779522
0
LINE
8
BLACK
6
CONTINUOUS
10
-4.1211762598425192
20
5.6817339763779522
11
-4.1213598425196851
21
5.6821772047244092
0
LINE
8
BLACK
6
CONTINUOUS
10
-4.1213598425196851
20
5.6821772047244092
11
-4.1213600787401576
21
5.682277519685039
0
LINE
8
BLACK
6
CONTINUOUS
10
-4.1213600787401576
20
5.682277519685039
11
-4.1213917322834641
21
5.6823711417322835
0
LINE
8
BLACK
6
CONTINUOUS
10
-4.1213917322834641
20
5.6823711417322835
11
-4.1213613385826768
21
5.6828274015748033
0
LINE
8
BLACK
6
CONTINUOUS
10
-4.1213613385826768
20
5.6828274015748033
11
-4.1214165748031499
21
5.7071251968503933
0
LINE
8
BLACK
6
CONTINUOUS
10
-4.1214165748031499
20
5.7071251968503933
11
-4.1213598425196851
21
5.7077012598425192
0
LINE
8
BLACK
6
CONTINUOUS
10
-4.1213598425196851
20
5.7077012598425192
11
-4.1209189370078736
21
5.7087656692913384
0
LINE
8
BLACK
6
CONTINUOUS
10
-4.1209189370078736
20
5.7087656692913384
11
-4.120104291338583
21
5.7095803149606299
0
LINE
8
BLACK
6
CONTINUOUS
10
-4.120104291338583
20
5.7095803149606299
11
-4.1190398818897638
21
5.7100212204724405
0
LINE
8
BLACK
6
CONTINUOUS
10
-4.1190398818897638
20
5.7100212204724405
11
-4.117887755905512
21
5.7100212204724405
0
LINE
8
BLACK
6
CONTINUOUS
10
-4.117887755905512
20
5.7100212204724405
11
-4.1168233464566928
21
5.7095803149606299
0
LINE
8
BLACK
6
CONTINUOUS
10
-4.8604532677165357
20
5.7155765748031495
11
-4.8596386220472443
21
5.7147619291338581
0
LINE
8
BLACK
6
CONTINUOUS
10
-4.8596386220472443
20
5.7147619291338581
11
-4.8591977165354328
21
5.7136975196850388
0
LINE
8
BLACK
6
CONTINUOUS
10
-4.8591977165354328
20
5.7136975196850388
11
-4.8591409842519688
21
5.7093719291338578
0
LINE
8
BLACK
6
CONTINUOUS
10
-4.8591409842519688
20
5.7093719291338578
11
-4.8591697244094485
21
5.7090803149606302
0
LINE
8
BLACK
6
CONTINUOUS
10
-4.8591697244094485
20
5.7090803149606302
11
-4.8591641732283462
21
5.7090025984251964
0
LINE
8
BLACK
6
CONTINUOUS
10
-4.8591641732283462
20
5.7090025984251964
11
-4.8591831496062987
21
5.7089440157480311
0
LINE
8
BLACK
6
CONTINUOUS
10
-4.8591831496062987
20
5.7089440157480311
11
-4.8591977165354328
21
5.708795866141732
0
LINE
8
BLACK
6
CONTINUOUS
10
-4.8591977165354328
20
5.708795866141732
11
-4.8593503937007876
21
5.7084273228346456
0
LINE
8
BLACK
6
CONTINUOUS
10
-4.8593503937007876
20
5.7084273228346456
11
-4.8611672834645665
21
5.7028138976377951
0
LINE
8
BLACK
6
CONTINUOUS
10
-4.8611672834645665
20
5.7028138976377951
11
-4.8614032677165353
21
5.7022853149606298
0
LINE
8
BLACK
6
CONTINUOUS
10
-4.8614032677165353
20
5.7022853149606298
11
-4.8614727559055115
21
5.702205196850394
0
LINE
8
BLACK
6
CONTINUOUS
10
-4.8614727559055115
20
5.702205196850394
11
-4.8615133464566931
21
5.7021071653543309
0
LINE
8
BLACK
6
CONTINUOUS
10
-4.8615133464566931
20
5.7021071653543309
11
-4.8618971259842523
21
5.7017159055118105
0
LINE
8
BLACK
6
CONTINUOUS
10
-4.8618971259842523
20
5.7017159055118105
11
-4.8621581496062989
21
5.7014149606299211
0
LINE
8
BLACK
6
CONTINUOUS
10
-4.8621581496062989
20
5.7014149606299211
11
-4.8622252362204721
21
5.7013814173228345
0
LINE
8
BLACK
6
CONTINUOUS
10
-4.8622252362204721
20
5.7013814173228345
11
-4.8656301574803145
21
5.6979101968503931
0
LINE
8
BLACK
6
CONTINUOUS
10
-4.8656301574803145
20
5.6979101968503931
11
-4.8660776377952759
21
5.6975429527559056
0
LINE
8
BLACK
6
CONTINUOUS
10
-4.8660776377952759
20
5.6975429527559056
11
-4.8661757086614168
21
5.6975023228346453
0
LINE
8
BLACK
6
CONTINUOUS
10
-4.8661757086614168
20
5.6975023228346453
11
-4.8662557874015748
21
5.6974328740157478
0
LINE
8
BLACK
6
CONTINUOUS
10
-4.8662557874015748
20
5.6974328740157478
11
-4.8667659842519688
21
5.6972578346456695
0
LINE
8
BLACK
6
CONTINUOUS
10
-4.8667659842519688
20
5.6972578346456695
11
-4.8671420472440943
21
5.6971020866141728
0
LINE
8
BLACK
6
CONTINUOUS
10
-4.8671420472440943
20
5.6971020866141728
11
-4.8672200393700784
21
5.6971020866141728
0
LINE
8
BLACK
6
CONTINUOUS
10
-4.8672200393700784
20
5.6971020866141728
11
-4.872408622047244
21
5.6953221259842515
0
LINE
8
BLACK
6
CONTINUOUS
10
-4.872408622047244
20
5.6953221259842515
11
-4.8726942125984252
21
5.6952571653543309
0
LINE
8
BLACK
6
CONTINUOUS
10
-4.8726942125984252
20
5.6952571653543309
11
-4.8727662992125982
21
5.6952273228346453
0
LINE
8
BLACK
6
CONTINUOUS
10
-4.8727662992125982
20
5.6952273228346453
11
-4.8728261023622048
21
5.6952271653543303
0
LINE
8
BLACK
6
CONTINUOUS
10
-4.8728261023622048
20
5.6952271653543303
11
-4.8729730708661414
21
5.6951937795275587
0
LINE
8
BLACK
6
CONTINUOUS
10
-4.8729730708661414
20
5.6951937795275587
11
-4.8734266141732281
21
5.6952259842519686
0
LINE
8
BLACK
6
CONTINUOUS
10
-4.8734266141732281
20
5.6952259842519686
11
-4.9014638188976374
21
5.6951705905511814
0
LINE
8
BLACK
6
CONTINUOUS
10
-4.9014638188976374
20
5.6951705905511814
11
-4.9020398818897633
21
5.6952273228346453
0
LINE
8
BLACK
6
CONTINUOUS
10
-4.9020398818897633
20
5.6952273228346453
11
-4.9031042913385825
21
5.6956682283464568
0
LINE
8
BLACK
6
CONTINUOUS
10
-4.9031042913385825
20
5.6956682283464568
11
-4.903918937007874
21
5.6964828740157483
0
LINE
8
BLACK
6
CONTINUOUS
10
-4.903918937007874
20
5.6964828740157483
11
-4.9043598425196846
21
5.6975472834645666
0
LINE
8
BLACK
6
CONTINUOUS
10
-4.9043598425196846
20
5.6975472834645666
11
-4.9043598425196846
21
5.6986994094488184
0
LINE
8
BLACK
6
CONTINUOUS
10
-4.9043598425196846
20
5.6986994094488184
11
-4.903918937007874
21
5.6997638188976376
0
LINE
8
BLACK
6
CONTINUOUS
10
-4.903918937007874
20
5.6997638188976376
11
-4.9031042913385825
21
5.7005784645669291
0
LINE
8
BLACK
6
CONTINUOUS
10
-4.9031042913385825
20
5.7005784645669291
11
-4.9020398818897633
21
5.7010193700787397
0
LINE
8
BLACK
6
CONTINUOUS
10
-4.9020398818897633
20
5.7010193700787397
11
-4.8736770078740159
21
5.7010754330708657
0
LINE
8
BLACK
6
CONTINUOUS
10
-4.8736770078740159
20
5.7010754330708657
11
-4.8692287795275586
21
5.7026014173228345
0
LINE
8
BLACK
6
CONTINUOUS
10
-4.8692287795275586
20
5.7026014173228345
11
-4.8664823622047244
21
5.705401299212598
0
LINE
8
BLACK
6
CONTINUOUS
10
-4.8664823622047244
20
5.705401299212598
11
-4.8650051181102363
21
5.7099653543307083
0
LINE
8
BLACK
6
CONTINUOUS
10
-4.8650051181102363
20
5.7099653543307083
11
-4.865046496062992
21
5.7131214566929129
0
LINE
8
BLACK
6
CONTINUOUS
10
-4.865046496062992
20
5.7131214566929129
11
-4.8649897637795272
21
5.7136975196850388
0
LINE
8
BLACK
6
CONTINUOUS
10
-4.8649897637795272
20
5.7136975196850388
11
-4.8645488582677165
21
5.7147619291338581
0
LINE
8
BLACK
6
CONTINUOUS
10
-4.8645488582677165
20
5.7147619291338581
11
-4.8637342125984251
21
5.7155765748031495
0
LINE
8
BLACK
6
CONTINUOUS
10
-4.8637342125984251
20
5.7155765748031495
11
-4.8626698031496058
21
5.7160174803149602
0
LINE
8
BLACK
6
CONTINUOUS
10
-4.8626698031496058
20
5.7160174803149602
11
-4.8615176771653541
21
5.7160174803149602
0
LINE
8
BLACK
6
CONTINUOUS
10
-4.8615176771653541
20
5.7160174803149602
11
-4.8604532677165357
21
5.7155765748031495
0
LINE
8
BLACK
6
CONTINUOUS
10
-4.0774532677165354
20
5.7395765748031495
11
-4.0766386220472439
21
5.7387619291338581
0
LINE
8
BLACK
6
CONTINUOUS
10
-4.0766386220472439
20
5.7387619291338581
11
-4.0761977165354333
21
5.7376975196850388
0
LINE
8
BLACK
6
CONTINUOUS
10
-4.0761977165354333
20
5.7376975196850388
11
-4.0761409842519685
21
5.7333719291338578
0
LINE
8
BLACK
6
CONTINUOUS
10
-4.0761409842519685
20
5.7333719291338578
11
-4.076169724409449
21
5.7330803149606302
0
LINE
8
BLACK
6
CONTINUOUS
10
-4.076169724409449
20
5.7330803149606302
11
-4.0761641732283467
21
5.7330025984251964
0
LINE
8
BLACK
6
CONTINUOUS
10
-4.0761641732283467
20
5.7330025984251964
11
-4.0761831496062992
21
5.7329440157480311
0
LINE
8
BLACK
6
CONTINUOUS
10
-4.0761831496062992
20
5.7329440157480311
11
-4.0761977165354333
21
5.732795866141732
0
LINE
8
BLACK
6
CONTINUOUS
10
-4.0761977165354333
20
5.732795866141732
11
-4.0763503937007872
21
5.7324273228346456
0
LINE
8
BLACK
6
CONTINUOUS
10
-4.0763503937007872
20
5.7324273228346456
11
-4.078167283464567
21
5.7268138976377951
0
LINE
8
BLACK
6
CONTINUOUS
10
-4.078167283464567
20
5.7268138976377951
11
-4.0784032677165349
21
5.7262853149606299
0
LINE
8
BLACK
6
CONTINUOUS
10
-4.0784032677165349
20
5.7262853149606299
11
-4.0784727559055121
21
5.726205196850394
0
LINE
8
BLACK
6
CONTINUOUS
10
-4.0784727559055121
20
5.726205196850394
11
-4.0785133464566927
21
5.726107165354331
0
LINE
8
BLACK
6
CONTINUOUS
10
-4.0785133464566927
20
5.726107165354331
11
-4.0788971259842519
21
5.7257159055118105
0
LINE
8
BLACK
6
CONTINUOUS
10
-4.0788971259842519
20
5.7257159055118105
11
-4.0791581496062994
21
5.7254149606299212
0
LINE
8
BLACK
6
CONTINUOUS
10
-4.0791581496062994
20
5.7254149606299212
11
-4.0792252362204726
21
5.7253814173228346
0
LINE
8
BLACK
6
CONTINUOUS
10
-4.0792252362204726
20
5.7253814173228346
11
-4.082630157480315
21
5.7219101968503931
0
LINE
8
BLACK
6
CONTINUOUS
10
-4.082630157480315
20
5.7219101968503931
11
-4.0830776377952755
21
5.7215429527559056
0
LINE
8
BLACK
6
CONTINUOUS
10
-4.0830776377952755
20
5.7215429527559056
11
-4.0831757086614173
21
5.7215023228346453
0
LINE
8
BLACK
6
CONTINUOUS
10
-4.0831757086614173
20
5.7215023228346453
11
-4.0832557874015745
21
5.7214328740157478
0
LINE
8
BLACK
6
CONTINUOUS
10
-4.0832557874015745
20
5.7214328740157478
11
-4.0837659842519685
21
5.7212578346456695
0
LINE
8
BLACK
6
CONTINUOUS
10
-4.0837659842519685
20
5.7212578346456695
11
-4.0841420472440948
21
5.7211020866141729
0
LINE
8
BLACK
6
CONTINUOUS
10
-4.0841420472440948
20
5.7211020866141729
11
-4.0842200393700789
21
5.7211020866141729
0
LINE
8
BLACK
6
CONTINUOUS
10
-4.0842200393700789
20
5.7211020866141729
11
-4.0894086220472436
21
5.7193221259842515
0
LINE
8
BLACK
6
CONTINUOUS
10
-4.0894086220472436
20
5.7193221259842515
11
-4.0896942125984248
21
5.7192571653543309
0
LINE
8
BLACK
6
CONTINUOUS
10
-4.0896942125984248
20
5.7192571653543309
11
-4.0897662992125987
21
5.7192273228346453
0
LINE
8
BLACK
6
CONTINUOUS
10
-4.0897662992125987
20
5.7192273228346453
11
-4.0898261023622045
21
5.7192271653543303
0
LINE
8
BLACK
6
CONTINUOUS
10
-4.0898261023622045
20
5.7192271653543303
11
-4.0899730708661419
21
5.7191937795275587
0
LINE
8
BLACK
6
CONTINUOUS
10
-4.0899730708661419
20
5.7191937795275587
11
-4.0904266141732286
21
5.7192259842519686
0
LINE
8
BLACK
6
CONTINUOUS
10
-4.0904266141732286
20
5.7192259842519686
11
-4.1184638188976379
21
5.7191705905511814
0
LINE
8
BLACK
6
CONTINUOUS
10
-4.1184638188976379
20
5.7191705905511814
11
-4.1190398818897638
21
5.7192273228346453
0
LINE
8
BLACK
6
CONTINUOUS
10
-4.1190398818897638
20
5.7192273228346453
11
-4.120104291338583
21
5.7196682283464568
0
LINE
8
BLACK
6
CONTINUOUS
10
-4.120104291338583
20
5.7196682283464568
11
-4.1209189370078736
21
5.7204828740157483
0
LINE
8
BLACK
6
CONTINUOUS
10
-4.1209189370078736
20
5.7204828740157483
11
-4.1213598425196851
21
5.7215472834645666
0
LINE
8
BLACK
6
CONTINUOUS
10
-4.1213598425196851
20
5.7215472834645666
11
-4.1213598425196851
21
5.7226994094488184
0
LINE
8
BLACK
6
CONTINUOUS
10
-4.1213598425196851
20
5.7226994094488184
11
-4.1209189370078736
21
5.7237638188976376
0
LINE
8
BLACK
6
CONTINUOUS
10
-4.1209189370078736
20
5.7237638188976376
11
-4.120104291338583
21
5.7245784645669291
0
LINE
8
BLACK
6
CONTINUOUS
10
-4.120104291338583
20
5.7245784645669291
11
-4.1190398818897638
21
5.7250193700787397
0
LINE
8
BLACK
6
CONTINUOUS
10
-4.1190398818897638
20
5.7250193700787397
11
-4.0906770078740156
21
5.7250754330708657
0
LINE
8
BLACK
6
CONTINUOUS
10
-4.0906770078740156
20
5.7250754330708657
11
-4.0862287795275591
21
5.7266014173228346
0
LINE
8
BLACK
6
CONTINUOUS
10
-4.0862287795275591
20
5.7266014173228346
11
-4.083482362204724
21
5.729401299212598
0
LINE
8
BLACK
6
CONTINUOUS
10
-4.083482362204724
20
5.729401299212598
11
-4.0820051181102359
21
5.7339653543307083
0
LINE
8
BLACK
6
CONTINUOUS
10
-4.0820051181102359
20
5.7339653543307083
11
-4.0820464960629916
21
5.737121456692913
0
LINE
8
BLACK
6
CONTINUOUS
10
-4.0820464960629916
20
5.737121456692913
11
-4.0819897637795277
21
5.7376975196850388
0
LINE
8
BLACK
6
CONTINUOUS
10
-4.0819897637795277
20
5.7376975196850388
11
-4.0815488582677162
21
5.7387619291338581
0
LINE
8
BLACK
6
CONTINUOUS
10
-4.0815488582677162
20
5.7387619291338581
11
-4.0807342125984247
21
5.7395765748031495
0
LINE
8
BLACK
6
CONTINUOUS
10
-4.0807342125984247
20
5.7395765748031495
11
-4.0796698031496064
21
5.7400174803149602
0
LINE
8
BLACK
6
CONTINUOUS
10
-4.0796698031496064
20
5.7400174803149602
11
-4.0785176771653546
21
5.7400174803149602
0
LINE
8
BLACK
6
CONTINUOUS
10
-4.0785176771653546
20
5.7400174803149602
11
-4.0774532677165354
21
5.7395765748031495
0
LINE
8
BLACK
6
CONTINUOUS
10
-4.7214396456692915
20
5.8159039763779523
11
-4.7212651968503936
21
5.744359921259842
0
LINE
8
BLACK
6
CONTINUOUS
10
-4.7212651968503936
20
5.744359921259842
11
-4.6785683070866142
21
5.7445193700787396
0
LINE
8
BLACK
6
CONTINUOUS
10
-4.6785683070866142
20
5.7445193700787396
11
-4.6787401574803145
21
5.8149999999999995
0
LINE
8
BLACK
6
CONTINUOUS
10
-4.6787401574803145
20
5.8149999999999995
11
-4.6785603543307088
21
5.8159039763779523
0
LINE
8
BLACK
6
CONTINUOUS
10
-4.6785603543307088
20
5.8159039763779523
11
-4.6772819291338585
21
5.8171824015748026
0
LINE
8
BLACK
6
CONTINUOUS
10
-4.6772819291338585
20
5.8171824015748026
11
-4.6754739763779529
21
5.8171824015748026
0
LINE
8
BLACK
6
CONTINUOUS
10
-4.6754739763779529
20
5.8171824015748026
11
-4.6741955511811026
21
5.8159039763779523
0
LINE
8
BLACK
6
CONTINUOUS
10
-4.6741955511811026
20
5.8159039763779523
11
-4.6740157480314961
21
5.7421653543307087
0
LINE
8
BLACK
6
CONTINUOUS
10
-4.6740157480314961
20
5.7421653543307087
11
-4.6741955511811026
21
5.7412613779527559
0
LINE
8
BLACK
6
CONTINUOUS
10
-4.6741955511811026
20
5.7412613779527559
11
-4.6754739763779529
21
5.7399829527559056
0
LINE
8
BLACK
6
CONTINUOUS
10
-4.6754739763779529
20
5.7399829527559056
11
-4.7236220472440946
21
5.7398031496062991
0
LINE
8
BLACK
6
CONTINUOUS
10
-4.7236220472440946
20
5.7398031496062991
11
-4.7245260236220474
21
5.7399829527559056
0
LINE
8
BLACK
6
CONTINUOUS
10
-4.7245260236220474
20
5.7399829527559056
11
-4.7258044488188977
21
5.7412613779527559
0
LINE
8
BLACK
6
CONTINUOUS
10
-4.7258044488188977
20
5.7412613779527559
11
-4.7259842519685042
21
5.8149999999999995
0
LINE
8
BLACK
6
CONTINUOUS
10
-4.7259842519685042
20
5.8149999999999995
11
-4.7258044488188977
21
5.8159039763779523
0
LINE
8
BLACK
6
CONTINUOUS
10
-4.7258044488188977
20
5.8159039763779523
11
-4.7245260236220474
21
5.8171824015748026
0
LINE
8
BLACK
6
CONTINUOUS
10
-4.7245260236220474
20
5.8171824015748026
11
-4.7227180708661418
21
5.8171824015748026
0
LINE
8
BLACK
6
CONTINUOUS
10
-4.7227180708661418
20
5.8171824015748026
11
-4.7214396456692915
21
5.8159039763779523
0
LINE
8
BLACK
6
CONTINUOUS
10
-4.3133884645669287
20
5.7702448425196851
11
-4.3132086614173231
21
5.7506591338582673
0
LINE
8
BLACK
6
CONTINUOUS
10
-4.3132086614173231
20
5.7506591338582673
11
-4.3133884645669287
21
5.7497551574803145
0
LINE
8
BLACK
6
CONTINUOUS
10
-4.3133884645669287
20
5.7497551574803145
11
-4.314666889763779
21
5.7484767322834642
0
LINE
8
BLACK
6
CONTINUOUS
10
-4.314666889763779
20
5.7484767322834642
11
-4.3164748425196846
21
5.7484767322834642
0
LINE
8
BLACK
6
CONTINUOUS
10
-4.3164748425196846
20
5.7484767322834642
11
-4.3177532677165349
21
5.7497551574803145
0
LINE
8
BLACK
6
CONTINUOUS
10
-4.3177532677165349
20
5.7497551574803145
11
-4.3179330708661414
21
5.7693408661417322
0
LINE
8
BLACK
6
CONTINUOUS
10
-4.3179330708661414
20
5.7693408661417322
11
-4.3177532677165349
21
5.7702448425196851
0
LINE
8
BLACK
6
CONTINUOUS
10
-4.3177532677165349
20
5.7702448425196851
11
-4.3164748425196846
21
5.7715232677165353
0
LINE
8
BLACK
6
CONTINUOUS
10
-4.3164748425196846
20
5.7715232677165353
11
-4.314666889763779
21
5.7715232677165353
0
LINE
8
BLACK
6
CONTINUOUS
10
-4.314666889763779
20
5.7715232677165353
11
-4.3133884645669287
21
5.7702448425196851
0
LINE
8
BLACK
6
CONTINUOUS
10
-4.2722467322834641
20
5.7702448425196851
11
-4.2720669291338584
21
5.7506591338582673
0
LINE
8
BLACK
6
CONTINUOUS
10
-4.2720669291338584
20
5.7506591338582673
11
-4.2722467322834641
21
5.7497551574803145
0
LINE
8
BLACK
6
CONTINUOUS
10
-4.2722467322834641
20
5.7497551574803145
11
-4.2735251574803153
21
5.7484767322834642
0
LINE
8
BLACK
6
CONTINUOUS
10
-4.2735251574803153
20
5.7484767322834642
11
-4.27533311023622
21
5.7484767322834642
0
LINE
8
BLACK
6
CONTINUOUS
10
-4.27533311023622
20
5.7484767322834642
11
-4.2766115354330712
21
5.7497551574803145
0
LINE
8
BLACK
6
CONTINUOUS
10
-4.2766115354330712
20
5.7497551574803145
11
-4.2767913385826768
21
5.7693408661417322
0
LINE
8
BLACK
6
CONTINUOUS
10
-4.2767913385826768
20
5.7693408661417322
11
-4.2766115354330712
21
5.7702448425196851
0
LINE
8
BLACK
6
CONTINUOUS
10
-4.2766115354330712
20
5.7702448425196851
11
-4.27533311023622
21
5.7715232677165353
0
LINE
8
BLACK
6
CONTINUOUS
10
-4.27533311023622
20
5.7715232677165353
11
-4.2735251574803153
21
5.7715232677165353
0
LINE
8
BLACK
6
CONTINUOUS
10
-4.2735251574803153
20
5.7715232677165353
11
-4.2722467322834641
21
5.7702448425196851
0
LINE
8
BLACK
6
CONTINUOUS
10
-4.5633884645669287
20
5.7742409055118111
11
-4.5632086614173231
21
5.7546551968503934
0
LINE
8
BLACK
6
CONTINUOUS
10
-4.5632086614173231
20
5.7546551968503934
11
-4.5633884645669287
21
5.7537512204724406
0
LINE
8
BLACK
6
CONTINUOUS
10
-4.5633884645669287
20
5.7537512204724406
11
-4.564666889763779
21
5.7524727952755903
0
LINE
8
BLACK
6
CONTINUOUS
10
-4.564666889763779
20
5.7524727952755903
11
-4.5664748425196846
21
5.7524727952755903
0
LINE
8
BLACK
6
CONTINUOUS
10
-4.5664748425196846
20
5.7524727952755903
11
-4.5677532677165349
21
5.7537512204724406
0
LINE
8
BLACK
6
CONTINUOUS
10
-4.5677532677165349
20
5.7537512204724406
11
-4.5679330708661414
21
5.7733369291338583
0
LINE
8
BLACK
6
CONTINUOUS
10
-4.5679330708661414
20
5.7733369291338583
11
-4.5677532677165349
21
5.7742409055118111
0
LINE
8
BLACK
6
CONTINUOUS
10
-4.5677532677165349
20
5.7742409055118111
11
-4.5664748425196846
21
5.7755193307086614
0
LINE
8
BLACK
6
CONTINUOUS
10
-4.5664748425196846
20
5.7755193307086614
11
-4.564666889763779
21
5.7755193307086614
0
LINE
8
BLACK
6
CONTINUOUS
10
-4.564666889763779
20
5.7755193307086614
11
-4.5633884645669287
21
5.7742409055118111
0
LINE
8
BLACK
6
CONTINUOUS
10
-4.5222467322834641
20
5.7742409055118111
11
-4.5220669291338584
21
5.7546551968503934
0
LINE
8
BLACK
6
CONTINUOUS
10
-4.5220669291338584
20
5.7546551968503934
11
-4.5222467322834641
21
5.7537512204724406
0
LINE
8
BLACK
6
CONTINUOUS
10
-4.5222467322834641
20
5.7537512204724406
11
-4.5235251574803153
21
5.7524727952755903
0
LINE
8
BLACK
6
CONTINUOUS
10
-4.5235251574803153
20
5.7524727952755903
11
-4.52533311023622
21
5.7524727952755903
0
LINE
8
BLACK
6
CONTINUOUS
10
-4.52533311023622
20
5.7524727952755903
11
-4.5266115354330712
21
5.7537512204724406
0
LINE
8
BLACK
6
CONTINUOUS
10
-4.5266115354330712
20
5.7537512204724406
11
-4.5267913385826768
21
5.7733369291338583
0
LINE
8
BLACK
6
CONTINUOUS
10
-4.5267913385826768
20
5.7733369291338583
11
-4.5266115354330712
21
5.7742409055118111
0
LINE
8
BLACK
6
CONTINUOUS
10
-4.5266115354330712
20
5.7742409055118111
11
-4.52533311023622
21
5.7755193307086614
0
LINE
8
BLACK
6
CONTINUOUS
10
-4.52533311023622
20
5.7755193307086614
11
-4.5235251574803153
21
5.7755193307086614
0
LINE
8
BLACK
6
CONTINUOUS
10
-4.5235251574803153
20
5.7755193307086614
11
-4.5222467322834641
21
5.7742409055118111
0
LINE
8
BLACK
6
CONTINUOUS
10
-4.6417546062992123
20
5.7886894881889761
11
-4.6415748031496058
21
5.7672144881889764
0
LINE
8
BLACK
6
CONTINUOUS
10
-4.6415748031496058
20
5.7672144881889764
11
-4.6417546062992123
21
5.7663105118110236
0
LINE
8
BLACK
6
CONTINUOUS
10
-4.6417546062992123
20
5.7663105118110236
11
-4.6430330314960626
21
5.7650320866141733
0
LINE
8
BLACK
6
CONTINUOUS
10
-4.6430330314960626
20
5.7650320866141733
11
-4.6448409842519682
21
5.7650320866141733
0
LINE
8
BLACK
6
CONTINUOUS
10
-4.6448409842519682
20
5.7650320866141733
11
-4.6461194094488185
21
5.7663105118110236
0
LINE
8
BLACK
6
CONTINUOUS
10
-4.6461194094488185
20
5.7663105118110236
11
-4.646299212598425
21
5.7877855118110233
0
LINE
8
BLACK
6
CONTINUOUS
10
-4.646299212598425
20
5.7877855118110233
11
-4.6461194094488185
21
5.7886894881889761
0
LINE
8
BLACK
6
CONTINUOUS
10
-4.6461194094488185
20
5.7886894881889761
11
-4.6448409842519682
21
5.7899679133858264
0
LINE
8
BLACK
6
CONTINUOUS
10
-4.6448409842519682
20
5.7899679133858264
11
-4.6430330314960626
21
5.7899679133858264
0
LINE
8
BLACK
6
CONTINUOUS
10
-4.6430330314960626
20
5.7899679133858264
11
-4.6417546062992123
21
5.7886894881889761
0
LINE
8
BLACK
6
CONTINUOUS
10
-4.583880590551181
20
5.7886894881889761
11
-4.5837007874015745
21
5.7672144881889764
0
LINE
8
BLACK
6
CONTINUOUS
10
-4.5837007874015745
20
5.7672144881889764
11
-4.583880590551181
21
5.7663105118110236
0
LINE
8
BLACK
6
CONTINUOUS
10
-4.583880590551181
20
5.7663105118110236
11
-4.5851590157480313
21
5.7650320866141733
0
LINE
8
BLACK
6
CONTINUOUS
10
-4.5851590157480313
20
5.7650320866141733
11
-4.5869669685039369
21
5.7650320866141733
0
LINE
8
BLACK
6
CONTINUOUS
10
-4.5869669685039369
20
5.7650320866141733
11
-4.5882453937007872
21
5.7663105118110236
0
LINE
8
BLACK
6
CONTINUOUS
10
-4.5882453937007872
20
5.7663105118110236
11
-4.5884251968503937
21
5.7877855118110233
0
LINE
8
BLACK
6
CONTINUOUS
10
-4.5884251968503937
20
5.7877855118110233
11
-4.5882453937007872
21
5.7886894881889761
0
LINE
8
BLACK
6
CONTINUOUS
10
-4.5882453937007872
20
5.7886894881889761
11
-4.5869669685039369
21
5.7899679133858264
0
LINE
8
BLACK
6
CONTINUOUS
10
-4.5869669685039369
20
5.7899679133858264
11
-4.5851590157480313
21
5.7899679133858264
0
LINE
8
BLACK
6
CONTINUOUS
10
-4.5851590157480313
20
5.7899679133858264
11
-4.583880590551181
21
5.7886894881889761
0
LINE
8
BLACK
6
CONTINUOUS
10
-4.1253164960629922
20
5.8541902755905513
11
-4.1240380708661419
21
5.852911850393701
0
LINE
8
BLACK
6
CONTINUOUS
10
-4.1240380708661419
20
5.852911850393701
11
-4.1240380708661419
21
5.8511038976377954
0
LINE
8
BLACK
6
CONTINUOUS
10
-4.1240380708661419
20
5.8511038976377954
11
-4.1253164960629922
21
5.8498254724409451
0
LINE
8
BLACK
6
CONTINUOUS
10
-4.1253164960629922
20
5.8498254724409451
11
-4.1811165354330706
21
5.8496524409448813
0
LINE
8
BLACK
6
CONTINUOUS
10
-4.1811165354330706
20
5.8496524409448813
11
-4.1809448818897641
21
5.7811417322834648
0
LINE
8
BLACK
6
CONTINUOUS
10
-4.1809448818897641
20
5.7811417322834648
11
-4.1811246850393697
21
5.780237755905512
0
LINE
8
BLACK
6
CONTINUOUS
10
-4.1811246850393697
20
5.780237755905512
11
-4.18240311023622
21
5.7789593307086609
0
LINE
8
BLACK
6
CONTINUOUS
10
-4.18240311023622
20
5.7789593307086609
11
-4.2222834645669289
21
5.7787795275590552
0
LINE
8
BLACK
6
CONTINUOUS
10
-4.2222834645669289
20
5.7787795275590552
11
-4.2231874409448817
21
5.7789593307086609
0
LINE
8
BLACK
6
CONTINUOUS
10
-4.2231874409448817
20
5.7789593307086609
11
-4.224465866141732
21
5.780237755905512
0
LINE
8
BLACK
6
CONTINUOUS
10
-4.224465866141732
20
5.780237755905512
11
-4.224465866141732
21
5.7820457086614168
0
LINE
8
BLACK
6
CONTINUOUS
10
-4.224465866141732
20
5.7820457086614168
11
-4.2231874409448817
21
5.7833241338582679
0
LINE
8
BLACK
6
CONTINUOUS
10
-4.2231874409448817
20
5.7833241338582679
11
-4.1854976771653538
21
5.7834940551181102
0
LINE
8
BLACK
6
CONTINUOUS
10
-4.1854976771653538
20
5.7834940551181102
11
-4.1856692913385825
21
5.8520078740157482
0
LINE
8
BLACK
6
CONTINUOUS
10
-4.1856692913385825
20
5.8520078740157482
11
-4.1854894881889759
21
5.852911850393701
0
LINE
8
BLACK
6
CONTINUOUS
10
-4.1854894881889759
20
5.852911850393701
11
-4.1842110629921256
21
5.8541902755905513
0
LINE
8
BLACK
6
CONTINUOUS
10
-4.1842110629921256
20
5.8541902755905513
11
-4.126220472440945
21
5.8543700787401569
0
LINE
8
BLACK
6
CONTINUOUS
10
-4.126220472440945
20
5.8543700787401569
11
-4.1253164960629922
21
5.8541902755905513
0
LINE
8
BLACK
6
CONTINUOUS
10
-4.8115369685039369
20
5.8541902755905513
11
-4.8102585433070866
21
5.852911850393701
0
LINE
8
BLACK
6
CONTINUOUS
10
-4.8102585433070866
20
5.852911850393701
11
-4.81007874015748
21
5.7811417322834648
0
LINE
8
BLACK
6
CONTINUOUS
10
-4.81007874015748
20
5.7811417322834648
11
-4.8102585433070866
21
5.780237755905512
0
LINE
8
BLACK
6
CONTINUOUS
10
-4.8102585433070866
20
5.780237755905512
11
-4.8115369685039369
21
5.7789593307086609
0
LINE
8
BLACK
6
CONTINUOUS
10
-4.8115369685039369
20
5.7789593307086609
11
-4.8133449212598425
21
5.7789593307086609
0
LINE
8
BLACK
6
CONTINUOUS
10
-4.8133449212598425
20
5.7789593307086609
11
-4.8146233464566928
21
5.780237755905512
0
LINE
8
BLACK
6
CONTINUOUS
10
-4.8146233464566928
20
5.780237755905512
11
-4.8147976771653545
21
5.8498153543307083
0
LINE
8
BLACK
6
CONTINUOUS
10
-4.8147976771653545
20
5.8498153543307083
11
-4.8695275590551184
21
5.8496456692913386
0
LINE
8
BLACK
6
CONTINUOUS
10
-4.8695275590551184
20
5.8496456692913386
11
-4.8704315354330712
21
5.8498254724409451
0
LINE
8
BLACK
6
CONTINUOUS
10
-4.8704315354330712
20
5.8498254724409451
11
-4.8717099606299215
21
5.8511038976377954
0
LINE
8
BLACK
6
CONTINUOUS
10
-4.8717099606299215
20
5.8511038976377954
11
-4.8717099606299215
21
5.852911850393701
0
LINE
8
BLACK
6
CONTINUOUS
10
-4.8717099606299215
20
5.852911850393701
11
-4.8704315354330712
21
5.8541902755905513
0
LINE
8
BLACK
6
CONTINUOUS
10
-4.8704315354330712
20
5.8541902755905513
11
-4.8124409448818897
21
5.8543700787401569
0
LINE
8
BLACK
6
CONTINUOUS
10
-4.8124409448818897
20
5.8543700787401569
11
-4.8115369685039369
21
5.8541902755905513
0
LINE
8
BLACK
6
CONTINUOUS
10
-4.4787512204724411
20
5.8716115354330709
11
-4.4774727952755908
21
5.8703331102362206
0
LINE
8
BLACK
6
CONTINUOUS
10
-4.4774727952755908
20
5.8703331102362206
11
-4.4774727952755908
21
5.868525157480315
0
LINE
8
BLACK
6
CONTINUOUS
10
-4.4774727952755908
20
5.868525157480315
11
-4.4787512204724411
21
5.8672467322834647
0
LINE
8
BLACK
6
CONTINUOUS
10
-4.4787512204724411
20
5.8672467322834647
11
-4.498336929133858
21
5.8670669291338582
0
LINE
8
BLACK
6
CONTINUOUS
10
-4.498336929133858
20
5.8670669291338582
11
-4.4992409055118108
21
5.8672467322834647
0
LINE
8
BLACK
6
CONTINUOUS
10
-4.4992409055118108
20
5.8672467322834647
11
-4.5005193307086611
21
5.868525157480315
0
LINE
8
BLACK
6
CONTINUOUS
10
-4.5005193307086611
20
5.868525157480315
11
-4.5005193307086611
21
5.8703331102362206
0
LINE
8
BLACK
6
CONTINUOUS
10
-4.5005193307086611
20
5.8703331102362206
11
-4.4992409055118108
21
5.8716115354330709
0
LINE
8
BLACK
6
CONTINUOUS
10
-4.4992409055118108
20
5.8716115354330709
11
-4.4796551968503939
21
5.8717913385826774
0
LINE
8
BLACK
6
CONTINUOUS
10
-4.4796551968503939
20
5.8717913385826774
11
-4.4787512204724411
21
5.8716115354330709
0
LINE
8
BLACK
6
CONTINUOUS
10
-4.9259800393700788
20
5.9012364566929136
11
-4.9258820472440945
21
5.9011958267716533
0
LINE
8
BLACK
6
CONTINUOUS
10
-4.9258820472440945
20
5.9011958267716533
11
-4.9257762204724411
21
5.901188346456693
0
LINE
8
BLACK
6
CONTINUOUS
10
-4.9257762204724411
20
5.901188346456693
11
-4.9252646850393695
21
5.9009401181102357
0
LINE
8
BLACK
6
CONTINUOUS
10
-4.9252646850393695
20
5.9009401181102357
11
-4.9249156299212595
21
5.9007955511811021
0
LINE
8
BLACK
6
CONTINUOUS
10
-4.9249156299212595
20
5.9007955511811021
11
-4.9248675196850389
21
5.9007474015748027
0
LINE
8
BLACK
6
CONTINUOUS
10
-4.9248675196850389
20
5.9007474015748027
11
-4.921486062992126
21
5.899106692913386
0
LINE
8
BLACK
6
CONTINUOUS
10
-4.921486062992126
20
5.899106692913386
11
-4.9213897244094484
21
5.8990460236220468
0
LINE
8
BLACK
6
CONTINUOUS
10
-4.9213897244094484
20
5.8990460236220468
11
-4.921344291338583
21
5.8990309055118111
0
LINE
8
BLACK
6
CONTINUOUS
10
-4.921344291338583
20
5.8990309055118111
11
-4.9212877559055119
21
5.8989818503937004
0
LINE
8
BLACK
6
CONTINUOUS
10
-4.9212877559055119
20
5.8989818503937004
11
-4.9209961811023621
21
5.8987983464566929
0
LINE
8
BLACK
6
CONTINUOUS
10
-4.9209961811023621
20
5.8987983464566929
11
-4.9207536220472443
21
5.8985186220472441
0
LINE
8
BLACK
6
CONTINUOUS
10
-4.9207536220472443
20
5.8985186220472441
11
-4.9204738976377955
21
5.8982760629921263
0
LINE
8
BLACK
6
CONTINUOUS
10
-4.9204738976377955
20
5.8982760629921263
11
-4.9203725590551182
21
5.8980792125984252
0
LINE
8
BLACK
6
CONTINUOUS
10
-4.9203725590551182
20
5.8980792125984252
11
-4.9202413385826773
21
5.8979279527559054
0
LINE
8
BLACK
6
CONTINUOUS
10
-4.9202413385826773
20
5.8979279527559054
11
-4.9201435433070868
21
5.8976344488188976
0
LINE
8
BLACK
6
CONTINUOUS
10
-4.9201435433070868
20
5.8976344488188976
11
-4.9182907874015749
21
5.8940366535433073
0
LINE
8
BLACK
6
CONTINUOUS
10
-4.9182907874015749
20
5.8940366535433073
11
-4.9180838976377954
21
5.893496062992126
0
LINE
8
BLACK
6
CONTINUOUS
10
-4.9180838976377954
20
5.893496062992126
11
-4.9180763779527554
21
5.8933901574803151
0
LINE
8
BLACK
6
CONTINUOUS
10
-4.9180763779527554
20
5.8933901574803151
11
-4.9180357874015748
21
5.8932922047244096
0
LINE
8
BLACK
6
CONTINUOUS
10
-4.9180357874015748
20
5.8932922047244096
11
-4.918033976377953
21
5.8927933464566928
0
LINE
8
BLACK
6
CONTINUOUS
10
-4.918033976377953
20
5.8927933464566928
11
-4.9180022440944882
21
5.8923468503937011
0
LINE
8
BLACK
6
CONTINUOUS
10
-4.9180022440944882
20
5.8923468503937011
11
-4.9180320472440942
21
5.8922575196850389
0
LINE
8
BLACK
6
CONTINUOUS
10
-4.9180320472440942
20
5.8922575196850389
11
-4.9180068897637792
21
5.8853546062992121
0
LINE
8
BLACK
6
CONTINUOUS
10
-4.9180068897637792
20
5.8853546062992121
11
-4.91797905511811
21
5.8852140157480317
0
LINE
8
BLACK
6
CONTINUOUS
10
-4.91797905511811
20
5.8852140157480317
11
-4.9180059055118113
21
5.8850799212598428
0
LINE
8
BLACK
6
CONTINUOUS
10
-4.9180059055118113
20
5.8850799212598428
11
-4.91797905511811
21
5.8777180314960624
0
LINE
8
BLACK
6
CONTINUOUS
10
-4.91797905511811
20
5.8777180314960624
11
-4.9180357874015748
21
5.8771419685039366
0
LINE
8
BLACK
6
CONTINUOUS
10
-4.9180357874015748
20
5.8771419685039366
11
-4.9180763779527554
21
5.8770439763779523
0
LINE
8
BLACK
6
CONTINUOUS
10
-4.9180763779527554
20
5.8770439763779523
11
-4.9180838976377954
21
5.8769381102362201
0
LINE
8
BLACK
6
CONTINUOUS
10
-4.9180838976377954
20
5.8769381102362201
11
-4.9183322440944881
21
5.8764263385826769
0
LINE
8
BLACK
6
CONTINUOUS
10
-4.9183322440944881
20
5.8764263385826769
11
-4.9184766929133854
21
5.8760775590551182
0
LINE
8
BLACK
6
CONTINUOUS
10
-4.9184766929133854
20
5.8760775590551182
11
-4.9185248031496061
21
5.8760294488188975
0
LINE
8
BLACK
6
CONTINUOUS
10
-4.9185248031496061
20
5.8760294488188975
11
-4.9201655511811024
21
5.8726479921259838
0
LINE
8
BLACK
6
CONTINUOUS
10
-4.9201655511811024
20
5.8726479921259838
11
-4.920226181102362
21
5.8725516929133859
0
LINE
8
BLACK
6
CONTINUOUS
10
-4.920226181102362
20
5.8725516929133859
11
-4.9202412992125986
21
5.8725062598425195
0
LINE
8
BLACK
6
CONTINUOUS
10
-4.9202412992125986
20
5.8725062598425195
11
-4.9202904330708659
21
5.872449645669291
0
LINE
8
BLACK
6
CONTINUOUS
10
-4.9202904330708659
20
5.872449645669291
11
-4.9204738976377955
21
5.8721581102362199
0
LINE
8
BLACK
6
CONTINUOUS
10
-4.9204738976377955
20
5.8721581102362199
11
-4.9207536220472443
21
5.8719155511811021
0
LINE
8
BLACK
6
CONTINUOUS
10
-4.9207536220472443
20
5.8719155511811021
11
-4.9209961417322834
21
5.8716358661417321
0
LINE
8
BLACK
6
CONTINUOUS
10
-4.9209961417322834
20
5.8716358661417321
11
-4.9211929921259845
21
5.8715344881889759
0
LINE
8
BLACK
6
CONTINUOUS
10
-4.9211929921259845
20
5.8715344881889759
11
-4.921344291338583
21
5.8714032677165351
0
LINE
8
BLACK
6
CONTINUOUS
10
-4.921344291338583
20
5.8714032677165351
11
-4.9216378346456695
21
5.8713053937007871
0
LINE
8
BLACK
6
CONTINUOUS
10
-4.9216378346456695
20
5.8713053937007871
11
-4.9252355511811023
21
5.8694526771653539
0
LINE
8
BLACK
6
CONTINUOUS
10
-4.9252355511811023
20
5.8694526771653539
11
-4.9257761811023624
21
5.8692457874015744
0
LINE
8
BLACK
6
CONTINUOUS
10
-4.9257761811023624
20
5.8692457874015744
11
-4.9258820866141733
21
5.8692382283464566
0
LINE
8
BLACK
6
CONTINUOUS
10
-4.9258820866141733
20
5.8692382283464566
11
-4.9259800393700788
21
5.8691976771653538
0
LINE
8
BLACK
6
CONTINUOUS
10
-4.9259800393700788
20
5.8691976771653538
11
-4.9265052362204722
21
5.8691939763779528
0
LINE
8
BLACK
6
CONTINUOUS
10
-4.9265052362204722
20
5.8691939763779528
11
-4.9269253937007873
21
5.8691641338582672
0
LINE
8
BLACK
6
CONTINUOUS
10
-4.9269253937007873
20
5.8691641338582672
11
-4.9270044488188978
21
5.8691904724409447
0
LINE
8
BLACK
6
CONTINUOUS
10
-4.9270044488188978
20
5.8691904724409447
11
-4.9340551574803149
21
5.8691409448818899
0
LINE
8
BLACK
6
CONTINUOUS
10
-4.9340551574803149
20
5.8691409448818899
11
-4.9346312204724407
21
5.8691976771653538
0
LINE
8
BLACK
6
CONTINUOUS
10
-4.9346312204724407
20
5.8691976771653538
11
-4.934729212598425
21
5.8692382283464566
0
LINE
8
BLACK
6
CONTINUOUS
10
-4.934729212598425
20
5.8692382283464566
11
-4.9348350787401571
21
5.8692457874015744
0
LINE
8
BLACK
6
CONTINUOUS
10
-4.9348350787401571
20
5.8692457874015744
11
-4.9353468503937004
21
5.8694940551181105
0
LINE
8
BLACK
6
CONTINUOUS
10
-4.9353468503937004
20
5.8694940551181105
11
-4.93569562992126
21
5.8696385826771653
0
LINE
8
BLACK
6
CONTINUOUS
10
-4.93569562992126
20
5.8696385826771653
11
-4.9357437401574806
21
5.8696866535433072
0
LINE
8
BLACK
6
CONTINUOUS
10
-4.9357437401574806
20
5.8696866535433072
11
-4.9391252362204723
21
5.8713274803149602
0
LINE
8
BLACK
6
CONTINUOUS
10
-4.9391252362204723
20
5.8713274803149602
11
-4.9396150787401574
21
5.8716358661417321
0
LINE
8
BLACK
6
CONTINUOUS
10
-4.9396150787401574
20
5.8716358661417321
11
-4.940369960629921
21
5.8725062598425195
0
LINE
8
BLACK
6
CONTINUOUS
10
-4.940369960629921
20
5.8725062598425195
11
-4.9407342519685038
21
5.8735992125984247
0
LINE
8
BLACK
6
CONTINUOUS
10
-4.9407342519685038
20
5.8735992125984247
11
-4.9406525984251966
21
5.8747484251968505
0
LINE
8
BLACK
6
CONTINUOUS
10
-4.9406525984251966
20
5.8747484251968505
11
-4.9401373228346452
21
5.8757788976377947
0
LINE
8
BLACK
6
CONTINUOUS
10
-4.9401373228346452
20
5.8757788976377947
11
-4.9392669291338578
21
5.8765337795275592
0
LINE
8
BLACK
6
CONTINUOUS
10
-4.9392669291338578
20
5.8765337795275592
11
-4.9381739763779526
21
5.876898070866142
0
LINE
8
BLACK
6
CONTINUOUS
10
-4.9381739763779526
20
5.876898070866142
11
-4.9370247637795277
21
5.8768164173228348
0
LINE
8
BLACK
6
CONTINUOUS
10
-4.9370247637795277
20
5.8768164173228348
11
-4.9332797244094486
21
5.8749992125984249
0
LINE
8
BLACK
6
CONTINUOUS
10
-4.9332797244094486
20
5.8749992125984249
11
-4.9271707480314957
21
5.875042125984252
0
LINE
8
BLACK
6
CONTINUOUS
10
-4.9271707480314957
20
5.875042125984252
11
-4.9249594094488192
21
5.8761808661417323
0
LINE
8
BLACK
6
CONTINUOUS
10
-4.9249594094488192
20
5.8761808661417323
11
-4.9238327952755903
21
5.8785027559055116
0
LINE
8
BLACK
6
CONTINUOUS
10
-4.9238327952755903
20
5.8785027559055116
11
-4.9238486220472444
21
5.8828383070866144
0
LINE
8
BLACK
6
CONTINUOUS
10
-4.9238486220472444
20
5.8828383070866144
11
-4.9402585433070865
21
5.8860711811023618
0
LINE
8
BLACK
6
CONTINUOUS
10
-4.9402585433070865
20
5.8860711811023618
11
-4.9408122834645667
21
5.8862398031496062
0
LINE
8
BLACK
6
CONTINUOUS
10
-4.9408122834645667
20
5.8862398031496062
11
-4.941052677165354
21
5.8864007874015742
0
LINE
8
BLACK
6
CONTINUOUS
10
-4.941052677165354
20
5.8864007874015742
11
-4.9413199212598427
21
5.8865114960629921
0
LINE
8
BLACK
6
CONTINUOUS
10
-4.9413199212598427
20
5.8865114960629921
11
-4.9415266535433071
21
5.8867181889763778
0
LINE
8
BLACK
6
CONTINUOUS
10
-4.9415266535433071
20
5.8867181889763778
11
-4.9417695669291337
21
5.886880905511811
0
LINE
8
BLACK
6
CONTINUOUS
10
-4.9417695669291337
20
5.886880905511811
11
-4.9419300393700789
21
5.8871216141732283
0
LINE
8
BLACK
6
CONTINUOUS
10
-4.9419300393700789
20
5.8871216141732283
11
-4.9421345669291341
21
5.8873261417322835
0
LINE
8
BLACK
6
CONTINUOUS
10
-4.9421345669291341
20
5.8873261417322835
11
-4.9422464566929136
21
5.8875961811023618
0
LINE
8
BLACK
6
CONTINUOUS
10
-4.9422464566929136
20
5.8875961811023618
11
-4.9424086220472443
21
5.887839488188976
0
LINE
8
BLACK
6
CONTINUOUS
10
-4.9424086220472443
20
5.887839488188976
11
-4.9424648031496066
21
5.8881232677165354
0
LINE
8
BLACK
6
CONTINUOUS
10
-4.9424648031496066
20
5.8881232677165354
11
-4.9425754724409448
21
5.8883905511811019
0
LINE
8
BLACK
6
CONTINUOUS
10
-4.9425754724409448
20
5.8883905511811019
11
-4.9425796062992129
21
5.8887036614173223
0
LINE
8
BLACK
6
CONTINUOUS
10
-4.9425796062992129
20
5.8887036614173223
11
-4.9426322047244096
21
5.8889696850393696
0
LINE
8
BLACK
6
CONTINUOUS
10
-4.9426322047244096
20
5.8889696850393696
11
-4.9425861023622044
21
5.8892002362204723
0
LINE
8
BLACK
6
CONTINUOUS
10
-4.9425861023622044
20
5.8892002362204723
11
-4.9426322047244096
21
5.8927161417322838
0
LINE
8
BLACK
6
CONTINUOUS
10
-4.9426322047244096
20
5.8927161417322838
11
-4.9425754724409448
21
5.8932922047244096
0
LINE
8
BLACK
6
CONTINUOUS
10
-4.9425754724409448
20
5.8932922047244096
11
-4.9425348818897641
21
5.8933901968503939
0
LINE
8
BLACK
6
CONTINUOUS
10
-4.9425348818897641
20
5.8933901968503939
11
-4.9425273622047241
21
5.8934960236220473
0
LINE
8
BLACK
6
CONTINUOUS
10
-4.9425273622047241
20
5.8934960236220473
11
-4.9422791732283464
21
5.894007559055118
0
LINE
8
BLACK
6
CONTINUOUS
10
-4.9422791732283464
20
5.894007559055118
11
-4.9421345669291341
21
5.894356614173228
0
LINE
8
BLACK
6
CONTINUOUS
10
-4.9421345669291341
20
5.894356614173228
11
-4.9420864566929135
21
5.8944047244094486
0
LINE
8
BLACK
6
CONTINUOUS
10
-4.9420864566929135
20
5.8944047244094486
11
-4.9404457086614171
21
5.8977861811023624
0
LINE
8
BLACK
6
CONTINUOUS
10
-4.9404457086614171
20
5.8977861811023624
11
-4.9403850787401575
21
5.8978825196850391
0
LINE
8
BLACK
6
CONTINUOUS
10
-4.9403850787401575
20
5.8978825196850391
11
-4.9403699212598422
21
5.8979279527559054
0
LINE
8
BLACK
6
CONTINUOUS
10
-4.9403699212598422
20
5.8979279527559054
11
-4.9403209055118111
21
5.8979844881889765
0
LINE
8
BLACK
6
CONTINUOUS
10
-4.9403209055118111
20
5.8979844881889765
11
-4.940137362204724
21
5.8982760629921263
0
LINE
8
BLACK
6
CONTINUOUS
10
-4.940137362204724
20
5.8982760629921263
11
-4.939857677165354
21
5.8985186220472441
0
LINE
8
BLACK
6
CONTINUOUS
10
-4.939857677165354
20
5.8985186220472441
11
-4.9396150787401574
21
5.8987983464566929
0
LINE
8
BLACK
6
CONTINUOUS
10
-4.9396150787401574
20
5.8987983464566929
11
-4.939418267716535
21
5.8988996850393702
0
LINE
8
BLACK
6
CONTINUOUS
10
-4.939418267716535
20
5.8988996850393702
11
-4.9392669685039365
21
5.8990309055118111
0
LINE
8
BLACK
6
CONTINUOUS
10
-4.9392669685039365
20
5.8990309055118111
11
-4.9389735039370075
21
5.8991287007874016
0
LINE
8
BLACK
6
CONTINUOUS
10
-4.9389735039370075
20
5.8991287007874016
11
-4.9353756692913384
21
5.9009814566929135
0
LINE
8
BLACK
6
CONTINUOUS
10
-4.9353756692913384
20
5.9009814566929135
11
-4.9348350787401571
21
5.901188346456693
0
LINE
8
BLACK
6
CONTINUOUS
10
-4.9348350787401571
20
5.901188346456693
11
-4.934729212598425
21
5.9011958661417321
0
LINE
8
BLACK
6
CONTINUOUS
10
-4.934729212598425
20
5.9011958661417321
11
-4.9346312204724407
21
5.9012364566929136
0
LINE
8
BLACK
6
CONTINUOUS
10
-4.9346312204724407
20
5.9012364566929136
11
-4.9341060629921261
21
5.9012401181102359
0
LINE
8
BLACK
6
CONTINUOUS
10
-4.9341060629921261
20
5.9012401181102359
11
-4.9336858661417322
21
5.9012700000000002
0
LINE
8
BLACK
6
CONTINUOUS
10
-4.9336858661417322
20
5.9012700000000002
11
-4.9336068503937005
21
5.901243622047244
0
LINE
8
BLACK
6
CONTINUOUS
10
-4.9336068503937005
20
5.901243622047244
11
-4.9265561023622046
21
5.9012931889763776
0
LINE
8
BLACK
6
CONTINUOUS
10
-4.9265561023622046
20
5.9012931889763776
11
-4.9259800393700788
21
5.9012364566929136
0
LINE
8
BLACK
6
CONTINUOUS
10
-4.9334405511811026
20
5.8953919685039367
11
-4.9356518503937004
21
5.8942532283464564
0
LINE
8
BLACK
6
CONTINUOUS
10
-4.9356518503937004
20
5.8942532283464564
11
-4.9367659448818895
21
5.8919572440944883
0
LINE
8
BLACK
6
CONTINUOUS
10
-4.9367659448818895
20
5.8919572440944883
11
-4.9367579133858266
21
5.891344409448819
0
LINE
8
BLACK
6
CONTINUOUS
10
-4.9367579133858266
20
5.891344409448819
11
-4.9238703543307087
21
5.8888054724409447
0
LINE
8
BLACK
6
CONTINUOUS
10
-4.9238703543307087
20
5.8888054724409447
11
-4.9238823622047239
21
5.8921055511811025
0
LINE
8
BLACK
6
CONTINUOUS
10
-4.9238823622047239
20
5.8921055511811025
11
-4.9250190157480311
21
5.8943127952755905
0
LINE
8
BLACK
6
CONTINUOUS
10
-4.9250190157480311
20
5.8943127952755905
11
-4.9273315354330709
21
5.8954348818897637
0
LINE
8
BLACK
6
CONTINUOUS
10
-4.9273315354330709
20
5.8954348818897637
11
-4.9334405511811026
21
5.8953919685039367
0
LINE
8
BLACK
6
CONTINUOUS
10
-4.898668897637795
20
5.913918897637795
11
-4.8978542519685035
21
5.9131042519685035
0
LINE
8
BLACK
6
CONTINUOUS
10
-4.8978542519685035
20
5.9131042519685035
11
-4.8974133464566929
21
5.9120398425196852
0
LINE
8
BLACK
6
CONTINUOUS
10
-4.8974133464566929
20
5.9120398425196852
11
-4.8973955905511808
21
5.9012833070866142
0
LINE
8
BLACK
6
CONTINUOUS
10
-4.8973955905511808
20
5.9012833070866142
11
-4.8946850787401575
21
5.9012931889763776
0
LINE
8
BLACK
6
CONTINUOUS
10
-4.8946850787401575
20
5.9012931889763776
11
-4.8941090157480316
21
5.9012364566929136
0
LINE
8
BLACK
6
CONTINUOUS
10
-4.8941090157480316
20
5.9012364566929136
11
-4.8930446062992123
21
5.9007955511811021
0
LINE
8
BLACK
6
CONTINUOUS
10
-4.8930446062992123
20
5.9007955511811021
11
-4.8922299606299209
21
5.8999809055118106
0
LINE
8
BLACK
6
CONTINUOUS
10
-4.8922299606299209
20
5.8999809055118106
11
-4.8917890551181102
21
5.8989164960629923
0
LINE
8
BLACK
6
CONTINUOUS
10
-4.8917890551181102
20
5.8989164960629923
11
-4.8917890551181102
21
5.8977643700787397
0
LINE
8
BLACK
6
CONTINUOUS
10
-4.8917890551181102
20
5.8977643700787397
11
-4.8922299606299209
21
5.8966999606299213
0
LINE
8
BLACK
6
CONTINUOUS
10
-4.8922299606299209
20
5.8966999606299213
11
-4.8930446062992123
21
5.8958853149606298
0
LINE
8
BLACK
6
CONTINUOUS
10
-4.8930446062992123
20
5.8958853149606298
11
-4.8941090157480316
21
5.8954444094488192
0
LINE
8
BLACK
6
CONTINUOUS
10
-4.8941090157480316
20
5.8954444094488192
11
-4.8973859055118112
21
5.8954324409448819
0
LINE
8
BLACK
6
CONTINUOUS
10
-4.8973859055118112
20
5.8954324409448819
11
-4.8973566141732281
21
5.8777180314960624
0
LINE
8
BLACK
6
CONTINUOUS
10
-4.8973566141732281
20
5.8777180314960624
11
-4.8974133464566929
21
5.8771419685039366
0
LINE
8
BLACK
6
CONTINUOUS
10
-4.8974133464566929
20
5.8771419685039366
11
-4.8974539370078736
21
5.8770439763779523
0
LINE
8
BLACK
6
CONTINUOUS
10
-4.8974539370078736
20
5.8770439763779523
11
-4.8974614566929136
21
5.8769381102362201
0
LINE
8
BLACK
6
CONTINUOUS
10
-4.8974614566929136
20
5.8769381102362201
11
-4.8977098031496062
21
5.8764263385826769
0
LINE
8
BLACK
6
CONTINUOUS
10
-4.8977098031496062
20
5.8764263385826769
11
-4.8978542519685035
21
5.8760775590551182
0
LINE
8
BLACK
6
CONTINUOUS
10
-4.8978542519685035
20
5.8760775590551182
11
-4.8979023622047242
21
5.8760294488188975
0
LINE
8
BLACK
6
CONTINUOUS
10
-4.8979023622047242
20
5.8760294488188975
11
-4.8995431102362206
21
5.8726479921259838
0
LINE
8
BLACK
6
CONTINUOUS
10
-4.8995431102362206
20
5.8726479921259838
11
-4.8996037401574801
21
5.8725516929133859
0
LINE
8
BLACK
6
CONTINUOUS
10
-4.8996037401574801
20
5.8725516929133859
11
-4.8996188582677167
21
5.8725062598425195
0
LINE
8
BLACK
6
CONTINUOUS
10
-4.8996188582677167
20
5.8725062598425195
11
-4.899667992125984
21
5.872449645669291
0
LINE
8
BLACK
6
CONTINUOUS
10
-4.899667992125984
20
5.872449645669291
11
-4.8998514566929137
21
5.8721581102362199
0
LINE
8
BLACK
6
CONTINUOUS
10
-4.8998514566929137
20
5.8721581102362199
11
-4.9001311811023625
21
5.8719155511811021
0
LINE
8
BLACK
6
CONTINUOUS
10
-4.9001311811023625
20
5.8719155511811021
11
-4.9003737007874015
21
5.8716358661417321
0
LINE
8
BLACK
6
CONTINUOUS
10
-4.9003737007874015
20
5.8716358661417321
11
-4.9005705511811026
21
5.8715344881889759
0
LINE
8
BLACK
6
CONTINUOUS
10
-4.9005705511811026
20
5.8715344881889759
11
-4.9007218503937011
21
5.8714032677165351
0
LINE
8
BLACK
6
CONTINUOUS
10
-4.9007218503937011
20
5.8714032677165351
11
-4.9010153937007876
21
5.8713053937007871
0
LINE
8
BLACK
6
CONTINUOUS
10
-4.9010153937007876
20
5.8713053937007871
11
-4.9046131102362205
21
5.8694526771653539
0
LINE
8
BLACK
6
CONTINUOUS
10
-4.9046131102362205
20
5.8694526771653539
11
-4.9051537401574805
21
5.8692457874015744
0
LINE
8
BLACK
6
CONTINUOUS
10
-4.9051537401574805
20
5.8692457874015744
11
-4.9052596456692914
21
5.8692382283464566
0
LINE
8
BLACK
6
CONTINUOUS
10
-4.9052596456692914
20
5.8692382283464566
11
-4.9053575984251969
21
5.8691976771653538
0
LINE
8
BLACK
6
CONTINUOUS
10
-4.9053575984251969
20
5.8691976771653538
11
-4.9059379921259838
21
5.8691900393700784
0
LINE
8
BLACK
6
CONTINUOUS
10
-4.9059379921259838
20
5.8691900393700784
11
-4.9063029527559054
21
5.8691641338582672
0
LINE
8
BLACK
6
CONTINUOUS
10
-4.9063029527559054
20
5.8691641338582672
11
-4.9063640157480313
21
5.8691844488188973
0
LINE
8
BLACK
6
CONTINUOUS
10
-4.9063640157480313
20
5.8691844488188973
11
-4.9096831889763779
21
5.8691409448818899
0
LINE
8
BLACK
6
CONTINUOUS
10
-4.9096831889763779
20
5.8691409448818899
11
-4.9102592519685038
21
5.8691976771653538
0
LINE
8
BLACK
6
CONTINUOUS
10
-4.9102592519685038
20
5.8691976771653538
11
-4.911323661417323
21
5.8696385826771653
0
LINE
8
BLACK
6
CONTINUOUS
10
-4.911323661417323
20
5.8696385826771653
11
-4.9121383070866145
21
5.8704532283464568
0
LINE
8
BLACK
6
CONTINUOUS
10
-4.9121383070866145
20
5.8704532283464568
11
-4.9125792125984251
21
5.8715176377952751
0
LINE
8
BLACK
6
CONTINUOUS
10
-4.9125792125984251
20
5.8715176377952751
11
-4.9125792125984251
21
5.8726697637795278
0
LINE
8
BLACK
6
CONTINUOUS
10
-4.9125792125984251
20
5.8726697637795278
11
-4.9121383070866145
21
5.8737341732283461
0
LINE
8
BLACK
6
CONTINUOUS
10
-4.9121383070866145
20
5.8737341732283461
11
-4.911323661417323
21
5.8745488188976376
0
LINE
8
BLACK
6
CONTINUOUS
10
-4.911323661417323
20
5.8745488188976376
11
-4.9102592519685038
21
5.8749897244094491
0
LINE
8
BLACK
6
CONTINUOUS
10
-4.9102592519685038
20
5.8749897244094491
11
-4.9065557480314963
21
5.8750382677165351
0
LINE
8
BLACK
6
CONTINUOUS
10
-4.9065557480314963
20
5.8750382677165351
11
-4.9043369685039373
21
5.8761808661417323
0
LINE
8
BLACK
6
CONTINUOUS
10
-4.9043369685039373
20
5.8761808661417323
11
-4.9032076771653541
21
5.8785083464566927
0
LINE
8
BLACK
6
CONTINUOUS
10
-4.9032076771653541
20
5.8785083464566927
11
-4.9032356299212596
21
5.895411141732283
0
LINE
8
BLACK
6
CONTINUOUS
10
-4.9032356299212596
20
5.895411141732283
11
-4.9096831889763779
21
5.8953876771653544
0
LINE
8
BLACK
6
CONTINUOUS
10
-4.9096831889763779
20
5.8953876771653544
11
-4.9102592519685038
21
5.8954444094488192
0
LINE
8
BLACK
6
CONTINUOUS
10
-4.9102592519685038
20
5.8954444094488192
11
-4.911323661417323
21
5.8958853149606298
0
LINE
8
BLACK
6
CONTINUOUS
10
-4.911323661417323
20
5.8958853149606298
11
-4.9121383070866145
21
5.8966999606299213
0
LINE
8
BLACK
6
CONTINUOUS
10
-4.9121383070866145
20
5.8966999606299213
11
-4.9125792125984251
21
5.8977643700787397
0
LINE
8
BLACK
6
CONTINUOUS
10
-4.9125792125984251
20
5.8977643700787397
11
-4.9125792125984251
21
5.8989164960629923
0
LINE
8
BLACK
6
CONTINUOUS
10
-4.9125792125984251
20
5.8989164960629923
11
-4.9121383070866145
21
5.8999809055118106
0
LINE
8
BLACK
6
CONTINUOUS
10
-4.9121383070866145
20
5.8999809055118106
11
-4.911323661417323
21
5.9007955511811021
0
LINE
8
BLACK
6
CONTINUOUS
10
-4.911323661417323
20
5.9007955511811021
11
-4.9102592519685038
21
5.9012364566929136
0
LINE
8
BLACK
6
CONTINUOUS
10
-4.9102592519685038
20
5.9012364566929136
11
-4.9032452755905513
21
5.9012619685039365
0
LINE
8
BLACK
6
CONTINUOUS
10
-4.9032452755905513
20
5.9012619685039365
11
-4.9032621259842522
21
5.9114637795275593
0
LINE
8
BLACK
6
CONTINUOUS
10
-4.9032621259842522
20
5.9114637795275593
11
-4.9032053937007873
21
5.9120398425196852
0
LINE
8
BLACK
6
CONTINUOUS
10
-4.9032053937007873
20
5.9120398425196852
11
-4.9027644881889767
21
5.9131042519685035
0
LINE
8
BLACK
6
CONTINUOUS
10
-4.9027644881889767
20
5.9131042519685035
11
-4.9019498425196852
21
5.913918897637795
0
LINE
8
BLACK
6
CONTINUOUS
10
-4.9019498425196852
20
5.913918897637795
11
-4.900885433070866
21
5.9143598031496065
0
LINE
8
BLACK
6
CONTINUOUS
10
-4.900885433070866
20
5.9143598031496065
11
-4.8997333070866143
21
5.9143598031496065
0
LINE
8
BLACK
6
CONTINUOUS
10
-4.8997333070866143
20
5.9143598031496065
11
-4.898668897637795
21
5.913918897637795
0
LINE
8
BLACK
6
CONTINUOUS
10
-4.8716118110236222
20
5.9012364566929136
11
-4.8715138188976379
21
5.9011958267716533
0
LINE
8
BLACK
6
CONTINUOUS
10
-4.8715138188976379
20
5.9011958267716533
11
-4.8714079921259845
21
5.901188346456693
0
LINE
8
BLACK
6
CONTINUOUS
10
-4.8714079921259845
20
5.901188346456693
11
-4.8708964566929129
21
5.9009401181102357
0
LINE
8
BLACK
6
CONTINUOUS
10
-4.8708964566929129
20
5.9009401181102357
11
-4.8705474015748029
21
5.9007955511811021
0
LINE
8
BLACK
6
CONTINUOUS
10
-4.8705474015748029
20
5.9007955511811021
11
-4.8704992913385823
21
5.9007474015748027
0
LINE
8
BLACK
6
CONTINUOUS
10
-4.8704992913385823
20
5.9007474015748027
11
-4.8671178346456694
21
5.899106692913386
0
LINE
8
BLACK
6
CONTINUOUS
10
-4.8671178346456694
20
5.899106692913386
11
-4.8670214960629918
21
5.8990460236220468
0
LINE
8
BLACK
6
CONTINUOUS
10
-4.8670214960629918
20
5.8990460236220468
11
-4.8669760629921255
21
5.8990309055118111
0
LINE
8
BLACK
6
CONTINUOUS
10
-4.8669760629921255
20
5.8990309055118111
11
-4.8669195275590553
21
5.8989818503937004
0
LINE
8
BLACK
6
CONTINUOUS
10
-4.8669195275590553
20
5.8989818503937004
11
-4.8666279527559055
21
5.8987983464566929
0
LINE
8
BLACK
6
CONTINUOUS
10
-4.8666279527559055
20
5.8987983464566929
11
-4.8663853937007877
21
5.8985186220472441
0
LINE
8
BLACK
6
CONTINUOUS
10
-4.8663853937007877
20
5.8985186220472441
11
-4.866105669291338
21
5.8982760629921263
0
LINE
8
BLACK
6
CONTINUOUS
10
-4.866105669291338
20
5.8982760629921263
11
-4.8660043307086616
21
5.8980792125984252
0
LINE
8
BLACK
6
CONTINUOUS
10
-4.8660043307086616
20
5.8980792125984252
11
-4.8658731102362207
21
5.8979279527559054
0
LINE
8
BLACK
6
CONTINUOUS
10
-4.8658731102362207
20
5.8979279527559054
11
-4.8657753149606302
21
5.8976344488188976
0
LINE
8
BLACK
6
CONTINUOUS
10
-4.8657753149606302
20
5.8976344488188976
11
-4.8639225590551183
21
5.8940366535433073
0
LINE
8
BLACK
6
CONTINUOUS
10
-4.8639225590551183
20
5.8940366535433073
11
-4.8637156692913388
21
5.893496062992126
0
LINE
8
BLACK
6
CONTINUOUS
10
-4.8637156692913388
20
5.893496062992126
11
-4.8637081496062988
21
5.8933901574803151
0
LINE
8
BLACK
6
CONTINUOUS
10
-4.8637081496062988
20
5.8933901574803151
11
-4.8636675590551182
21
5.8932922047244096
0
LINE
8
BLACK
6
CONTINUOUS
10
-4.8636675590551182
20
5.8932922047244096
11
-4.8636513385826774
21
5.8925902362204727
0
LINE
8
BLACK
6
CONTINUOUS
10
-4.8636513385826774
20
5.8925902362204727
11
-4.8636340157480316
21
5.8923468503937011
0
LINE
8
BLACK
6
CONTINUOUS
10
-4.8636340157480316
20
5.8923468503937011
11
-4.8636449212598425
21
5.8923141338582674
0
LINE
8
BLACK
6
CONTINUOUS
10
-4.8636449212598425
20
5.8923141338582674
11
-4.8636108267716534
21
5.8908413779527562
0
LINE
8
BLACK
6
CONTINUOUS
10
-4.8636108267716534
20
5.8908413779527562
11
-4.8636675590551182
21
5.8902653149606294
0
LINE
8
BLACK
6
CONTINUOUS
10
-4.8636675590551182
20
5.8902653149606294
11
-4.8637081496062988
21
5.8901673228346452
0
LINE
8
BLACK
6
CONTINUOUS
10
-4.8637081496062988
20
5.8901673228346452
11
-4.8637156692913388
21
5.890061456692913
0
LINE
8
BLACK
6
CONTINUOUS
10
-4.8637156692913388
20
5.890061456692913
11
-4.8639640157480315
21
5.8895496850393698
0
LINE
8
BLACK
6
CONTINUOUS
10
-4.8639640157480315
20
5.8895496850393698
11
-4.8641084645669288
21
5.8892009055118111
0
LINE
8
BLACK
6
CONTINUOUS
10
-4.8641084645669288
20
5.8892009055118111
11
-4.8641565748031494
21
5.8891527952755904
0
LINE
8
BLACK
6
CONTINUOUS
10
-4.8641565748031494
20
5.8891527952755904
11
-4.8657973228346458
21
5.8857713385826766
0
LINE
8
BLACK
6
CONTINUOUS
10
-4.8657973228346458
20
5.8857713385826766
11
-4.8658579527559054
21
5.885675
0
LINE
8
BLACK
6
CONTINUOUS
10
-4.8658579527559054
20
5.885675
11
-4.8658731102362207
21
5.8856295669291336
0
LINE
8
BLACK
6
CONTINUOUS
10
-4.8658731102362207
20
5.8856295669291336
11
-4.8659221653543305
21
5.8855729921259838
0
LINE
8
BLACK
6
CONTINUOUS
10
-4.8659221653543305
20
5.8855729921259838
11
-4.866105669291338
21
5.8852814566929137
0
LINE
8
BLACK
6
CONTINUOUS
10
-4.866105669291338
20
5.8852814566929137
11
-4.8663853937007877
21
5.8850388582677162
0
LINE
8
BLACK
6
CONTINUOUS
10
-4.8663853937007877
20
5.8850388582677162
11
-4.8666279527559055
21
5.8847591732283462
0
LINE
8
BLACK
6
CONTINUOUS
10
-4.8666279527559055
20
5.8847591732283462
11
-4.8668248031496057
21
5.8846577952755901
0
LINE
8
BLACK
6
CONTINUOUS
10
-4.8668248031496057
20
5.8846577952755901
11
-4.8669760629921255
21
5.884526614173228
0
LINE
8
BLACK
6
CONTINUOUS
10
-4.8669760629921255
20
5.884526614173228
11
-4.8672695669291342
21
5.8844287795275587
0
LINE
8
BLACK
6
CONTINUOUS
10
-4.8672695669291342
20
5.8844287795275587
11
-4.8708673622047245
21
5.8825760629921255
0
LINE
8
BLACK
6
CONTINUOUS
10
-4.8708673622047245
20
5.8825760629921255
11
-4.8714079921259845
21
5.8823691732283461
0
LINE
8
BLACK
6
CONTINUOUS
10
-4.8714079921259845
20
5.8823691732283461
11
-4.8715138188976379
21
5.882361653543307
0
LINE
8
BLACK
6
CONTINUOUS
10
-4.8715138188976379
20
5.882361653543307
11
-4.8716118110236222
21
5.8823210629921254
0
LINE
8
BLACK
6
CONTINUOUS
10
-4.8716118110236222
20
5.8823210629921254
11
-4.8721550787401577
21
5.8823160629921256
0
LINE
8
BLACK
6
CONTINUOUS
10
-4.8721550787401577
20
5.8823160629921256
11
-4.8725572047244095
21
5.8822875196850388
0
LINE
8
BLACK
6
CONTINUOUS
10
-4.8725572047244095
20
5.8822875196850388
11
-4.8726299212598425
21
5.8823117322834646
0
LINE
8
BLACK
6
CONTINUOUS
10
-4.8726299212598425
20
5.8823117322834646
11
-4.8771949606299208
21
5.8822699606299214
0
LINE
8
BLACK
6
CONTINUOUS
10
-4.8771949606299208
20
5.8822699606299214
11
-4.8794088582677162
21
5.8811298818897635
0
LINE
8
BLACK
6
CONTINUOUS
10
-4.8794088582677162
20
5.8811298818897635
11
-4.8805101574803151
21
5.878860236220472
0
LINE
8
BLACK
6
CONTINUOUS
10
-4.8805101574803151
20
5.878860236220472
11
-4.8804984251968504
21
5.8783527952755907
0
LINE
8
BLACK
6
CONTINUOUS
10
-4.8804984251968504
20
5.8783527952755907
11
-4.879349291338583
21
5.8761212992125982
0
LINE
8
BLACK
6
CONTINUOUS
10
-4.879349291338583
20
5.8761212992125982
11
-4.8770367322834645
21
5.8749992125984249
0
LINE
8
BLACK
6
CONTINUOUS
10
-4.8770367322834645
20
5.8749992125984249
11
-4.8709277559055115
21
5.875042125984252
0
LINE
8
BLACK
6
CONTINUOUS
10
-4.8709277559055115
20
5.875042125984252
11
-4.8678840944881889
21
5.8766095275590553
0
LINE
8
BLACK
6
CONTINUOUS
10
-4.8678840944881889
20
5.8766095275590553
11
-4.8673435039370077
21
5.8768164173228348
0
LINE
8
BLACK
6
CONTINUOUS
10
-4.8673435039370077
20
5.8768164173228348
11
-4.8661942913385827
21
5.876898070866142
0
LINE
8
BLACK
6
CONTINUOUS
10
-4.8661942913385827
20
5.876898070866142
11
-4.8651012992125979
21
5.8765337795275592
0
LINE
8
BLACK
6
CONTINUOUS
10
-4.8651012992125979
20
5.8765337795275592
11
-4.8642309448818892
21
5.8757788976377947
0
LINE
8
BLACK
6
CONTINUOUS
10
-4.8642309448818892
20
5.8757788976377947
11
-4.8637156692913388
21
5.8747484251968505
0
LINE
8
BLACK
6
CONTINUOUS
10
-4.8637156692913388
20
5.8747484251968505
11
-4.8636340157480316
21
5.8735992125984247
0
LINE
8
BLACK
6
CONTINUOUS
10
-4.8636340157480316
20
5.8735992125984247
11
-4.8639983070866144
21
5.8725062598425195
0
LINE
8
BLACK
6
CONTINUOUS
10
-4.8639983070866144
20
5.8725062598425195
11
-4.8647531496062992
21
5.8716358661417321
0
LINE
8
BLACK
6
CONTINUOUS
10
-4.8647531496062992
20
5.8716358661417321
11
-4.8689925590551182
21
5.8694526771653539
0
LINE
8
BLACK
6
CONTINUOUS
10
-4.8689925590551182
20
5.8694526771653539
11
-4.8695331889763782
21
5.8692457874015744
0
LINE
8
BLACK
6
CONTINUOUS
10
-4.8695331889763782
20
5.8692457874015744
11
-4.8696390944881891
21
5.8692382283464566
0
LINE
8
BLACK
6
CONTINUOUS
10
-4.8696390944881891
20
5.8692382283464566
11
-4.8697370472440946
21
5.8691976771653538
0
LINE
8
BLACK
6
CONTINUOUS
10
-4.8697370472440946
20
5.8691976771653538
11
-4.870262244094488
21
5.8691939763779528
0
LINE
8
BLACK
6
CONTINUOUS
10
-4.870262244094488
20
5.8691939763779528
11
-4.8706824015748031
21
5.8691641338582672
0
LINE
8
BLACK
6
CONTINUOUS
10
-4.8706824015748031
20
5.8691641338582672
11
-4.8707614566929136
21
5.8691904724409447
0
LINE
8
BLACK
6
CONTINUOUS
10
-4.8707614566929136
20
5.8691904724409447
11
-4.8778121653543307
21
5.8691409448818899
0
LINE
8
BLACK
6
CONTINUOUS
10
-4.8778121653543307
20
5.8691409448818899
11
-4.8783882283464566
21
5.8691976771653538
0
LINE
8
BLACK
6
CONTINUOUS
10
-4.8783882283464566
20
5.8691976771653538
11
-4.8784862204724408
21
5.8692382283464566
0
LINE
8
BLACK
6
CONTINUOUS
10
-4.8784862204724408
20
5.8692382283464566
11
-4.878592086614173
21
5.8692457874015744
0
LINE
8
BLACK
6
CONTINUOUS
10
-4.878592086614173
20
5.8692457874015744
11
-4.8791038582677162
21
5.8694940551181105
0
LINE
8
BLACK
6
CONTINUOUS
10
-4.8791038582677162
20
5.8694940551181105
11
-4.8794526377952758
21
5.8696385826771653
0
LINE
8
BLACK
6
CONTINUOUS
10
-4.8794526377952758
20
5.8696385826771653
11
-4.8795007480314956
21
5.8696866535433072
0
LINE
8
BLACK
6
CONTINUOUS
10
-4.8795007480314956
20
5.8696866535433072
11
-4.8828822440944881
21
5.8713274803149602
0
LINE
8
BLACK
6
CONTINUOUS
10
-4.8828822440944881
20
5.8713274803149602
11
-4.8829786220472444
21
5.8713881102362206
0
LINE
8
BLACK
6
CONTINUOUS
10
-4.8829786220472444
20
5.8713881102362206
11
-4.8830239763779524
21
5.8714032677165351
0
LINE
8
BLACK
6
CONTINUOUS
10
-4.8830239763779524
20
5.8714032677165351
11
-4.8830805511811022
21
5.871452283464567
0
LINE
8
BLACK
6
CONTINUOUS
10
-4.8830805511811022
20
5.871452283464567
11
-4.8833720866141732
21
5.8716358661417321
0
LINE
8
BLACK
6
CONTINUOUS
10
-4.8833720866141732
20
5.8716358661417321
11
-4.8836146062992123
21
5.8719154330708658
0
LINE
8
BLACK
6
CONTINUOUS
10
-4.8836146062992123
20
5.8719154330708658
11
-4.8838943700787398
21
5.8721581102362199
0
LINE
8
BLACK
6
CONTINUOUS
10
-4.8838943700787398
20
5.8721581102362199
11
-4.8839957480314959
21
5.8723549212598423
0
LINE
8
BLACK
6
CONTINUOUS
10
-4.8839957480314959
20
5.8723549212598423
11
-4.8841269685039368
21
5.8725062598425195
0
LINE
8
BLACK
6
CONTINUOUS
10
-4.8841269685039368
20
5.8725062598425195
11
-4.8842248031496061
21
5.8727997637795273
0
LINE
8
BLACK
6
CONTINUOUS
10
-4.8842248031496061
20
5.8727997637795273
11
-4.8860774803149605
21
5.8763975196850389
0
LINE
8
BLACK
6
CONTINUOUS
10
-4.8860774803149605
20
5.8763975196850389
11
-4.8862843700787399
21
5.8769381496062989
0
LINE
8
BLACK
6
CONTINUOUS
10
-4.8862843700787399
20
5.8769381496062989
11
-4.886291889763779
21
5.8770439370078735
0
LINE
8
BLACK
6
CONTINUOUS
10
-4.886291889763779
20
5.8770439370078735
11
-4.8863324803149606
21
5.8771419685039366
0
LINE
8
BLACK
6
CONTINUOUS
10
-4.8863324803149606
20
5.8771419685039366
11
-4.8863487401574801
21
5.8778439370078734
0
LINE
8
BLACK
6
CONTINUOUS
10
-4.8863487401574801
20
5.8778439370078734
11
-4.8863660236220472
21
5.8780873622047247
0
LINE
8
BLACK
6
CONTINUOUS
10
-4.8863660236220472
20
5.8780873622047247
11
-4.886355157480315
21
5.8781200393700788
0
LINE
8
BLACK
6
CONTINUOUS
10
-4.886355157480315
20
5.8781200393700788
11
-4.8863892125984254
21
5.87959279527559
0
LINE
8
BLACK
6
CONTINUOUS
10
-4.8863892125984254
20
5.87959279527559
11
-4.8863324803149606
21
5.8801688582677167
0
LINE
8
BLACK
6
CONTINUOUS
10
-4.8863324803149606
20
5.8801688582677167
11
-4.886291889763779
21
5.880266850393701
0
LINE
8
BLACK
6
CONTINUOUS
10
-4.886291889763779
20
5.880266850393701
11
-4.8862843700787399
21
5.8803726771653544
0
LINE
8
BLACK
6
CONTINUOUS
10
-4.8862843700787399
20
5.8803726771653544
11
-4.8860361811023623
21
5.8808842125984251
0
LINE
8
BLACK
6
CONTINUOUS
10
-4.8860361811023623
20
5.8808842125984251
11
-4.8858915748031491
21
5.8812332677165351
0
LINE
8
BLACK
6
CONTINUOUS
10
-4.8858915748031491
20
5.8812332677165351
11
-4.8858434645669293
21
5.8812813779527557
0
LINE
8
BLACK
6
CONTINUOUS
10
-4.8858434645669293
20
5.8812813779527557
11
-4.8842027165354329
21
5.8846628346456695
0
LINE
8
BLACK
6
CONTINUOUS
10
-4.8842027165354329
20
5.8846628346456695
11
-4.8841420866141734
21
5.8847591732283462
0
LINE
8
BLACK
6
CONTINUOUS
10
-4.8841420866141734
20
5.8847591732283462
11
-4.884126929133858
21
5.8848046062992125
0
LINE
8
BLACK
6
CONTINUOUS
10
-4.884126929133858
20
5.8848046062992125
11
-4.884077913385827
21
5.8848611417322836
0
LINE
8
BLACK
6
CONTINUOUS
10
-4.884077913385827
20
5.8848611417322836
11
-4.8838943700787398
21
5.8851527165354334
0
LINE
8
BLACK
6
CONTINUOUS
10
-4.8838943700787398
20
5.8851527165354334
11
-4.8836146850393698
21
5.8853952755905512
0
LINE
8
BLACK
6
CONTINUOUS
10
-4.8836146850393698
20
5.8853952755905512
11
-4.8833720866141732
21
5.885675
0
LINE
8
BLACK
6
CONTINUOUS
10
-4.8833720866141732
20
5.885675
11
-4.8831752755905509
21
5.8857763385826773
0
LINE
8
BLACK
6
CONTINUOUS
10
-4.8831752755905509
20
5.8857763385826773
11
-4.8830239763779524
21
5.8859075590551182
0
LINE
8
BLACK
6
CONTINUOUS
10
-4.8830239763779524
20
5.8859075590551182
11
-4.8827305118110234
21
5.8860053543307087
0
LINE
8
BLACK
6
CONTINUOUS
10
-4.8827305118110234
20
5.8860053543307087
11
-4.8791326771653543
21
5.8878581102362206
0
LINE
8
BLACK
6
CONTINUOUS
10
-4.8791326771653543
20
5.8878581102362206
11
-4.878592086614173
21
5.8880650000000001
0
LINE
8
BLACK
6
CONTINUOUS
10
-4.878592086614173
20
5.8880650000000001
11
-4.8784862204724408
21
5.8880725196850392
0
LINE
8
BLACK
6
CONTINUOUS
10
-4.8784862204724408
20
5.8880725196850392
11
-4.8783882283464566
21
5.8881131102362207
0
LINE
8
BLACK
6
CONTINUOUS
10
-4.8783882283464566
20
5.8881131102362207
11
-4.8778450393700785
21
5.8881180708661418
0
LINE
8
BLACK
6
CONTINUOUS
10
-4.8778450393700785
20
5.8881180708661418
11
-4.8774428740157481
21
5.8881466535433074
0
LINE
8
BLACK
6
CONTINUOUS
10
-4.8774428740157481
20
5.8881466535433074
11
-4.8773701968503937
21
5.8881224015748028
0
LINE
8
BLACK
6
CONTINUOUS
10
-4.8773701968503937
20
5.8881224015748028
11
-4.8728051181102359
21
5.8881641732283461
0
LINE
8
BLACK
6
CONTINUOUS
10
-4.8728051181102359
20
5.8881641732283461
11
-4.8705911811023617
21
5.8893042519685039
0
LINE
8
BLACK
6
CONTINUOUS
10
-4.8705911811023617
20
5.8893042519685039
11
-4.8694899212598424
21
5.8915738976377954
0
LINE
8
BLACK
6
CONTINUOUS
10
-4.8694899212598424
20
5.8915738976377954
11
-4.8695016535433071
21
5.8920813385826767
0
LINE
8
BLACK
6
CONTINUOUS
10
-4.8695016535433071
20
5.8920813385826767
11
-4.8706507874015745
21
5.8943127952755905
0
LINE
8
BLACK
6
CONTINUOUS
10
-4.8706507874015745
20
5.8943127952755905
11
-4.8729574803149607
21
5.8954320866141732
0
LINE
8
BLACK
6
CONTINUOUS
10
-4.8729574803149607
20
5.8954320866141732
11
-4.8771949606299208
21
5.8953933070866142
0
LINE
8
BLACK
6
CONTINUOUS
10
-4.8771949606299208
20
5.8953933070866142
11
-4.8802411811023623
21
5.8938246456692909
0
LINE
8
BLACK
6
CONTINUOUS
10
-4.8802411811023623
20
5.8938246456692909
11
-4.8807818110236223
21
5.8936177559055114
0
LINE
8
BLACK
6
CONTINUOUS
10
-4.8807818110236223
20
5.8936177559055114
11
-4.8819310236220472
21
5.8935361023622042
0
LINE
8
BLACK
6
CONTINUOUS
10
-4.8819310236220472
20
5.8935361023622042
11
-4.8830239763779524
21
5.8939004330708658
0
LINE
8
BLACK
6
CONTINUOUS
10
-4.8830239763779524
20
5.8939004330708658
11
-4.8838943700787398
21
5.8946552755905515
0
LINE
8
BLACK
6
CONTINUOUS
10
-4.8838943700787398
20
5.8946552755905515
11
-4.8844096062992124
21
5.8956857874015745
0
LINE
8
BLACK
6
CONTINUOUS
10
-4.8844096062992124
20
5.8956857874015745
11
-4.8844912598425196
21
5.8968350000000003
0
LINE
8
BLACK
6
CONTINUOUS
10
-4.8844912598425196
20
5.8968350000000003
11
-4.884126929133858
21
5.8979279527559054
0
LINE
8
BLACK
6
CONTINUOUS
10
-4.884126929133858
20
5.8979279527559054
11
-4.8833720866141732
21
5.8987983464566929
0
LINE
8
BLACK
6
CONTINUOUS
10
-4.8833720866141732
20
5.8987983464566929
11
-4.8791326771653543
21
5.9009814566929135
0
LINE
8
BLACK
6
CONTINUOUS
10
-4.8791326771653543
20
5.9009814566929135
11
-4.878592086614173
21
5.901188346456693
0
LINE
8
BLACK
6
CONTINUOUS
10
-4.878592086614173
20
5.901188346456693
11
-4.8784862204724408
21
5.9011958661417321
0
LINE
8
BLACK
6
CONTINUOUS
10
-4.8784862204724408
20
5.9011958661417321
11
-4.8783882283464566
21
5.9012364566929136
0
LINE
8
BLACK
6
CONTINUOUS
10
-4.8783882283464566
20
5.9012364566929136
11
-4.8778450393700785
21
5.9012414173228347
0
LINE
8
BLACK
6
CONTINUOUS
10
-4.8778450393700785
20
5.9012414173228347
11
-4.8774428740157481
21
5.9012700000000002
0
LINE
8
BLACK
6
CONTINUOUS
10
-4.8774428740157481
20
5.9012700000000002
11
-4.8773701968503937
21
5.9012457480314957
0
LINE
8
BLACK
6
CONTINUOUS
10
-4.8773701968503937
20
5.9012457480314957
11
-4.872187874015748
21
5.9012931889763776
0
LINE
8
BLACK
6
CONTINUOUS
10
-4.872187874015748
20
5.9012931889763776
11
-4.8716118110236222
21
5.9012364566929136
0
LINE
8
BLACK
6
CONTINUOUS
10
-4.8359912598425199
20
5.9012364566929136
11
-4.8358932677165356
21
5.9011958267716533
0
LINE
8
BLACK
6
CONTINUOUS
10
-4.8358932677165356
20
5.9011958267716533
11
-4.8357874409448822
21
5.901188346456693
0
LINE
8
BLACK
6
CONTINUOUS
10
-4.8357874409448822
20
5.901188346456693
11
-4.8352759055118106
21
5.9009401181102357
0
LINE
8
BLACK
6
CONTINUOUS
10
-4.8352759055118106
20
5.9009401181102357
11
-4.8349268503937006
21
5.9007955511811021
0
LINE
8
BLACK
6
CONTINUOUS
10
-4.8349268503937006
20
5.9007955511811021
11
-4.83487874015748
21
5.9007474015748027
0
LINE
8
BLACK
6
CONTINUOUS
10
-4.83487874015748
20
5.9007474015748027
11
-4.8314972834645671
21
5.899106692913386
0
LINE
8
BLACK
6
CONTINUOUS
10
-4.8314972834645671
20
5.899106692913386
11
-4.8310074015748032
21
5.8987983464566929
0
LINE
8
BLACK
6
CONTINUOUS
10
-4.8310074015748032
20
5.8987983464566929
11
-4.8302525590551184
21
5.8979279527559054
0
LINE
8
BLACK
6
CONTINUOUS
10
-4.8302525590551184
20
5.8979279527559054
11
-4.8298882283464568
21
5.8968350000000003
0
LINE
8
BLACK
6
CONTINUOUS
10
-4.8298882283464568
20
5.8968350000000003
11
-4.8299698818897641
21
5.8956857874015745
0
LINE
8
BLACK
6
CONTINUOUS
10
-4.8299698818897641
20
5.8956857874015745
11
-4.8304851574803145
21
5.8946552755905515
0
LINE
8
BLACK
6
CONTINUOUS
10
-4.8304851574803145
20
5.8946552755905515
11
-4.8313555118110232
21
5.8939004330708658
0
LINE
8
BLACK
6
CONTINUOUS
10
-4.8313555118110232
20
5.8939004330708658
11
-4.832448503937008
21
5.8935361023622042
0
LINE
8
BLACK
6
CONTINUOUS
10
-4.832448503937008
20
5.8935361023622042
11
-4.8335977165354329
21
5.8936177559055114
0
LINE
8
BLACK
6
CONTINUOUS
10
-4.8335977165354329
20
5.8936177559055114
11
-4.837342755905512
21
5.8954348818897637
0
LINE
8
BLACK
6
CONTINUOUS
10
-4.837342755905512
20
5.8954348818897637
11
-4.8434517716535428
21
5.8953919685039367
0
LINE
8
BLACK
6
CONTINUOUS
10
-4.8434517716535428
20
5.8953919685039367
11
-4.8456630708661415
21
5.8942532283464564
0
LINE
8
BLACK
6
CONTINUOUS
10
-4.8456630708661415
20
5.8942532283464564
11
-4.8467910236220471
21
5.8919286614173227
0
LINE
8
BLACK
6
CONTINUOUS
10
-4.8467910236220471
20
5.8919286614173227
11
-4.8467879527559052
21
5.8907844488188976
0
LINE
8
BLACK
6
CONTINUOUS
10
-4.8467879527559052
20
5.8907844488188976
11
-4.8451621259842517
21
5.8899955905511812
0
LINE
8
BLACK
6
CONTINUOUS
10
-4.8451621259842517
20
5.8899955905511812
11
-4.8365673228346457
21
5.8900446062992122
0
LINE
8
BLACK
6
CONTINUOUS
10
-4.8365673228346457
20
5.8900446062992122
11
-4.8359912598425199
21
5.8899878740157483
0
LINE
8
BLACK
6
CONTINUOUS
10
-4.8359912598425199
20
5.8899878740157483
11
-4.8358932677165356
21
5.889947244094488
0
LINE
8
BLACK
6
CONTINUOUS
10
-4.8358932677165356
20
5.889947244094488
11
-4.8357874409448822
21
5.8899397637795277
0
LINE
8
BLACK
6
CONTINUOUS
10
-4.8357874409448822
20
5.8899397637795277
11
-4.8352759055118106
21
5.8896915354330703
0
LINE
8
BLACK
6
CONTINUOUS
10
-4.8352759055118106
20
5.8896915354330703
11
-4.8349268503937006
21
5.8895469685039368
0
LINE
8
BLACK
6
CONTINUOUS
10
-4.8349268503937006
20
5.8895469685039368
11
-4.83487874015748
21
5.8894988188976374
0
LINE
8
BLACK
6
CONTINUOUS
10
-4.83487874015748
20
5.8894988188976374
11
-4.8314972834645671
21
5.8878581102362206
0
LINE
8
BLACK
6
CONTINUOUS
10
-4.8314972834645671
20
5.8878581102362206
11
-4.8314009448818895
21
5.8877974409448814
0
LINE
8
BLACK
6
CONTINUOUS
10
-4.8314009448818895
20
5.8877974409448814
11
-4.8313555118110232
21
5.8877823228346458
0
LINE
8
BLACK
6
CONTINUOUS
10
-4.8313555118110232
20
5.8877823228346458
11
-4.831298976377953
21
5.887733267716535
0
LINE
8
BLACK
6
CONTINUOUS
10
-4.831298976377953
20
5.887733267716535
11
-4.8310074015748032
21
5.8875497637795275
0
LINE
8
BLACK
6
CONTINUOUS
10
-4.8310074015748032
20
5.8875497637795275
11
-4.8307648425196845
21
5.8872700393700788
0
LINE
8
BLACK
6
CONTINUOUS
10
-4.8307648425196845
20
5.8872700393700788
11
-4.8304851181102357
21
5.8870274803149609
0
LINE
8
BLACK
6
CONTINUOUS
10
-4.8304851181102357
20
5.8870274803149609
11
-4.8303837795275593
21
5.8868306299212598
0
LINE
8
BLACK
6
CONTINUOUS
10
-4.8303837795275593
20
5.8868306299212598
11
-4.8302525590551184
21
5.8866793700787401
0
LINE
8
BLACK
6
CONTINUOUS
10
-4.8302525590551184
20
5.8866793700787401
11
-4.830154763779527
21
5.8863858661417323
0
LINE
8
BLACK
6
CONTINUOUS
10
-4.830154763779527
20
5.8863858661417323
11
-4.828302007874016
21
5.882788070866142
0
LINE
8
BLACK
6
CONTINUOUS
10
-4.828302007874016
20
5.882788070866142
11
-4.8280951181102365
21
5.8822474803149607
0
LINE
8
BLACK
6
CONTINUOUS
10
-4.8280951181102365
20
5.8822474803149607
11
-4.8280875984251965
21
5.8821415748031498
0
LINE
8
BLACK
6
CONTINUOUS
10
-4.8280875984251965
20
5.8821415748031498
11
-4.8280470078740159
21
5.8820436220472443
0
LINE
8
BLACK
6
CONTINUOUS
10
-4.8280470078740159
20
5.8820436220472443
11
-4.8280394094488184
21
5.8814632283464565
0
LINE
8
BLACK
6
CONTINUOUS
10
-4.8280394094488184
20
5.8814632283464565
11
-4.8280134645669293
21
5.8810982677165349
0
LINE
8
BLACK
6
CONTINUOUS
10
-4.8280134645669293
20
5.8810982677165349
11
-4.8280338188976373
21
5.8810372047244091
0
LINE
8
BLACK
6
CONTINUOUS
10
-4.8280338188976373
20
5.8810372047244091
11
-4.8279902755905511
21
5.8777180314960624
0
LINE
8
BLACK
6
CONTINUOUS
10
-4.8279902755905511
20
5.8777180314960624
11
-4.8280470078740159
21
5.8771419685039366
0
LINE
8
BLACK
6
CONTINUOUS
10
-4.8280470078740159
20
5.8771419685039366
11
-4.8280875984251965
21
5.8770439763779523
0
LINE
8
BLACK
6
CONTINUOUS
10
-4.8280875984251965
20
5.8770439763779523
11
-4.8280951181102365
21
5.8769381102362201
0
LINE
8
BLACK
6
CONTINUOUS
10
-4.8280951181102365
20
5.8769381102362201
11
-4.8283434645669292
21
5.8764263385826769
0
LINE
8
BLACK
6
CONTINUOUS
10
-4.8283434645669292
20
5.8764263385826769
11
-4.8284879133858265
21
5.8760775590551182
0
LINE
8
BLACK
6
CONTINUOUS
10
-4.8284879133858265
20
5.8760775590551182
11
-4.8285360236220471
21
5.8760294488188975
0
LINE
8
BLACK
6
CONTINUOUS
10
-4.8285360236220471
20
5.8760294488188975
11
-4.8301767716535435
21
5.8726479921259838
0
LINE
8
BLACK
6
CONTINUOUS
10
-4.8301767716535435
20
5.8726479921259838
11
-4.8302374015748031
21
5.8725516929133859
0
LINE
8
BLACK
6
CONTINUOUS
10
-4.8302374015748031
20
5.8725516929133859
11
-4.8302525196850397
21
5.8725062598425195
0
LINE
8
BLACK
6
CONTINUOUS
10
-4.8302525196850397
20
5.8725062598425195
11
-4.830301653543307
21
5.872449645669291
0
LINE
8
BLACK
6
CONTINUOUS
10
-4.830301653543307
20
5.872449645669291
11
-4.8304851181102357
21
5.8721581102362199
0
LINE
8
BLACK
6
CONTINUOUS
10
-4.8304851181102357
20
5.8721581102362199
11
-4.8307648425196845
21
5.8719155511811021
0
LINE
8
BLACK
6
CONTINUOUS
10
-4.8307648425196845
20
5.8719155511811021
11
-4.8310073622047245
21
5.8716358661417321
0
LINE
8
BLACK
6
CONTINUOUS
10
-4.8310073622047245
20
5.8716358661417321
11
-4.8312042125984247
21
5.8715344881889759
0
LINE
8
BLACK
6
CONTINUOUS
10
-4.8312042125984247
20
5.8715344881889759
11
-4.8313555118110232
21
5.8714032677165351
0
LINE
8
BLACK
6
CONTINUOUS
10
-4.8313555118110232
20
5.8714032677165351
11
-4.8316490551181097
21
5.8713053937007871
0
LINE
8
BLACK
6
CONTINUOUS
10
-4.8316490551181097
20
5.8713053937007871
11
-4.8352467716535434
21
5.8694526771653539
0
LINE
8
BLACK
6
CONTINUOUS
10
-4.8352467716535434
20
5.8694526771653539
11
-4.8357874015748035
21
5.8692457874015744
0
LINE
8
BLACK
6
CONTINUOUS
10
-4.8357874015748035
20
5.8692457874015744
11
-4.8358933070866144
21
5.8692382283464566
0
LINE
8
BLACK
6
CONTINUOUS
10
-4.8358933070866144
20
5.8692382283464566
11
-4.8359912598425199
21
5.8691976771653538
0
LINE
8
BLACK
6
CONTINUOUS
10
-4.8359912598425199
20
5.8691976771653538
11
-4.8365058267716536
21
5.8691947244094491
0
LINE
8
BLACK
6
CONTINUOUS
10
-4.8365058267716536
20
5.8691947244094491
11
-4.8369366141732284
21
5.8691641338582672
0
LINE
8
BLACK
6
CONTINUOUS
10
-4.8369366141732284
20
5.8691641338582672
11
-4.8370196850393699
21
5.8691918110236223
0
LINE
8
BLACK
6
CONTINUOUS
10
-4.8370196850393699
20
5.8691918110236223
11
-4.8459411417322835
21
5.8691409448818899
0
LINE
8
BLACK
6
CONTINUOUS
10
-4.8459411417322835
20
5.8691409448818899
11
-4.8465172047244094
21
5.8691976771653538
0
LINE
8
BLACK
6
CONTINUOUS
10
-4.8465172047244094
20
5.8691976771653538
11
-4.8466151968503937
21
5.8692382283464566
0
LINE
8
BLACK
6
CONTINUOUS
10
-4.8466151968503937
20
5.8692382283464566
11
-4.8467210629921258
21
5.8692457874015744
0
LINE
8
BLACK
6
CONTINUOUS
10
-4.8467210629921258
20
5.8692457874015744
11
-4.847232834645669
21
5.8694940551181105
0
LINE
8
BLACK
6
CONTINUOUS
10
-4.847232834645669
20
5.8694940551181105
11
-4.8475816141732286
21
5.8696385826771653
0
LINE
8
BLACK
6
CONTINUOUS
10
-4.8475816141732286
20
5.8696385826771653
11
-4.8476297244094484
21
5.8696866535433072
0
LINE
8
BLACK
6
CONTINUOUS
10
-4.8476297244094484
20
5.8696866535433072
11
-4.847880472440945
21
5.8698083070866138
0
LINE
8
BLACK
6
CONTINUOUS
10
-4.847880472440945
20
5.8698083070866138
11
-4.8480501968503935
21
5.8696385826771653
0
LINE
8
BLACK
6
CONTINUOUS
10
-4.8480501968503935
20
5.8696385826771653
11
-4.8491146062992128
21
5.8691976771653538
0
LINE
8
BLACK
6
CONTINUOUS
10
-4.8491146062992128
20
5.8691976771653538
11
-4.8502667322834645
21
5.8691976771653538
0
LINE
8
BLACK
6
CONTINUOUS
10
-4.8502667322834645
20
5.8691976771653538
11
-4.8513311417322837
21
5.8696385826771653
0
LINE
8
BLACK
6
CONTINUOUS
10
-4.8513311417322837
20
5.8696385826771653
11
-4.8521457874015743
21
5.8704532283464568
0
LINE
8
BLACK
6
CONTINUOUS
10
-4.8521457874015743
20
5.8704532283464568
11
-4.8525866929133858
21
5.8715176377952751
0
LINE
8
BLACK
6
CONTINUOUS
10
-4.8525866929133858
20
5.8715176377952751
11
-4.8525920472440944
21
5.8735146062992127
0
LINE
8
BLACK
6
CONTINUOUS
10
-4.8525920472440944
20
5.8735146062992127
11
-4.8526202362204724
21
5.8735992125984247
0
LINE
8
BLACK
6
CONTINUOUS
10
-4.8526202362204724
20
5.8735992125984247
11
-4.8525933070866136
21
5.8739785826771653
0
LINE
8
BLACK
6
CONTINUOUS
10
-4.8525933070866136
20
5.8739785826771653
11
-4.8526434251968507
21
5.8927161417322838
0
LINE
8
BLACK
6
CONTINUOUS
10
-4.8526434251968507
20
5.8927161417322838
11
-4.8525866929133858
21
5.8932922047244096
0
LINE
8
BLACK
6
CONTINUOUS
10
-4.8525866929133858
20
5.8932922047244096
11
-4.8525461023622043
21
5.8933901968503939
0
LINE
8
BLACK
6
CONTINUOUS
10
-4.8525461023622043
20
5.8933901968503939
11
-4.8525385826771652
21
5.8934960236220473
0
LINE
8
BLACK
6
CONTINUOUS
10
-4.8525385826771652
20
5.8934960236220473
11
-4.8522903937007875
21
5.894007559055118
0
LINE
8
BLACK
6
CONTINUOUS
10
-4.8522903937007875
20
5.894007559055118
11
-4.8521457874015743
21
5.894356614173228
0
LINE
8
BLACK
6
CONTINUOUS
10
-4.8521457874015743
20
5.894356614173228
11
-4.8520976771653546
21
5.8944047244094486
0
LINE
8
BLACK
6
CONTINUOUS
10
-4.8520976771653546
20
5.8944047244094486
11
-4.8504569291338582
21
5.8977861811023624
0
LINE
8
BLACK
6
CONTINUOUS
10
-4.8504569291338582
20
5.8977861811023624
11
-4.8503962992125986
21
5.8978825196850391
0
LINE
8
BLACK
6
CONTINUOUS
10
-4.8503962992125986
20
5.8978825196850391
11
-4.8503811417322833
21
5.8979279527559054
0
LINE
8
BLACK
6
CONTINUOUS
10
-4.8503811417322833
20
5.8979279527559054
11
-4.8503321259842522
21
5.8979844881889765
0
LINE
8
BLACK
6
CONTINUOUS
10
-4.8503321259842522
20
5.8979844881889765
11
-4.8501485826771651
21
5.8982760629921263
0
LINE
8
BLACK
6
CONTINUOUS
10
-4.8501485826771651
20
5.8982760629921263
11
-4.8498688976377951
21
5.8985186220472441
0
LINE
8
BLACK
6
CONTINUOUS
10
-4.8498688976377951
20
5.8985186220472441
11
-4.8496262992125985
21
5.8987983464566929
0
LINE
8
BLACK
6
CONTINUOUS
10
-4.8496262992125985
20
5.8987983464566929
11
-4.8494294881889761
21
5.8988996850393702
0
LINE
8
BLACK
6
CONTINUOUS
10
-4.8494294881889761
20
5.8988996850393702
11
-4.8492781889763776
21
5.8990309055118111
0
LINE
8
BLACK
6
CONTINUOUS
10
-4.8492781889763776
20
5.8990309055118111
11
-4.8489847244094486
21
5.8991287007874016
0
LINE
8
BLACK
6
CONTINUOUS
10
-4.8489847244094486
20
5.8991287007874016
11
-4.8453868897637795
21
5.9009814566929135
0
LINE
8
BLACK
6
CONTINUOUS
10
-4.8453868897637795
20
5.9009814566929135
11
-4.8448462992125982
21
5.901188346456693
0
LINE
8
BLACK
6
CONTINUOUS
10
-4.8448462992125982
20
5.901188346456693
11
-4.8447404330708661
21
5.9011958661417321
0
LINE
8
BLACK
6
CONTINUOUS
10
-4.8447404330708661
20
5.9011958661417321
11
-4.8446424409448818
21
5.9012364566929136
0
LINE
8
BLACK
6
CONTINUOUS
10
-4.8446424409448818
20
5.9012364566929136
11
-4.8441172834645672
21
5.9012401181102359
0
LINE
8
BLACK
6
CONTINUOUS
10
-4.8441172834645672
20
5.9012401181102359
11
-4.8436970866141733
21
5.9012700000000002
0
LINE
8
BLACK
6
CONTINUOUS
10
-4.8436970866141733
20
5.9012700000000002
11
-4.8436180708661416
21
5.901243622047244
0
LINE
8
BLACK
6
CONTINUOUS
10
-4.8436180708661416
20
5.901243622047244
11
-4.8365673228346457
21
5.9012931889763776
0
LINE
8
BLACK
6
CONTINUOUS
10
-4.8365673228346457
20
5.9012931889763776
11
-4.8359912598425199
21
5.9012364566929136
0
LINE
8
BLACK
6
CONTINUOUS
10
-4.8467477559055121
20
5.8757668503937008
11
-4.8451620472440942
21
5.874997440944882
0
LINE
8
BLACK
6
CONTINUOUS
10
-4.8451620472440942
20
5.874997440944882
11
-4.8371803543307088
21
5.8750429527559049
0
LINE
8
BLACK
6
CONTINUOUS
10
-4.8371803543307088
20
5.8750429527559049
11
-4.8349706299212594
21
5.8761808661417323
0
LINE
8
BLACK
6
CONTINUOUS
10
-4.8349706299212594
20
5.8761808661417323
11
-4.8338565748031499
21
5.8784768897637791
0
LINE
8
BLACK
6
CONTINUOUS
10
-4.8338565748031499
20
5.8784768897637791
11
-4.8338876377952751
21
5.8808454330708662
0
LINE
8
BLACK
6
CONTINUOUS
10
-4.8338876377952751
20
5.8808454330708662
11
-4.8350302362204722
21
5.8830642125984252
0
LINE
8
BLACK
6
CONTINUOUS
10
-4.8350302362204722
20
5.8830642125984252
11
-4.8373463779527555
21
5.8841880708661414
0
LINE
8
BLACK
6
CONTINUOUS
10
-4.8373463779527555
20
5.8841880708661414
11
-4.8459411417322835
21
5.8841390944881891
0
LINE
8
BLACK
6
CONTINUOUS
10
-4.8459411417322835
20
5.8841390944881891
11
-4.8465172047244094
21
5.884195826771653
0
LINE
8
BLACK
6
CONTINUOUS
10
-4.8465172047244094
20
5.884195826771653
11
-4.8466151968503937
21
5.8842363779527558
0
LINE
8
BLACK
6
CONTINUOUS
10
-4.8466151968503937
20
5.8842363779527558
11
-4.8467210629921258
21
5.8842439370078736
0
LINE
8
BLACK
6
CONTINUOUS
10
-4.8467210629921258
20
5.8842439370078736
11
-4.8467705118110231
21
5.8842679133858269
0
LINE
8
BLACK
6
CONTINUOUS
10
-4.8467705118110231
20
5.8842679133858269
11
-4.8467477559055121
21
5.8757668503937008
0
LINE
8
BLACK
6
CONTINUOUS
10
-4.1953520078740159
20
5.9012364566929136
11
-4.1952540157480316
21
5.9011958267716533
0
LINE
8
BLACK
6
CONTINUOUS
10
-4.1952540157480316
20
5.9011958267716533
11
-4.1951481889763782
21
5.901188346456693
0
LINE
8
BLACK
6
CONTINUOUS
10
-4.1951481889763782
20
5.901188346456693
11
-4.1946366535433066
21
5.9009401181102357
0
LINE
8
BLACK
6
CONTINUOUS
10
-4.1946366535433066
20
5.9009401181102357
11
-4.1942875984251966
21
5.9007955511811021
0
LINE
8
BLACK
6
CONTINUOUS
10
-4.1942875984251966
20
5.9007955511811021
11
-4.194239488188976
21
5.9007474015748027
0
LINE
8
BLACK
6
CONTINUOUS
10
-4.194239488188976
20
5.9007474015748027
11
-4.1908580314960631
21
5.899106692913386
0
LINE
8
BLACK
6
CONTINUOUS
10
-4.1908580314960631
20
5.899106692913386
11
-4.1907616929133855
21
5.8990460236220468
0
LINE
8
BLACK
6
CONTINUOUS
10
-4.1907616929133855
20
5.8990460236220468
11
-4.1907162598425192
21
5.8990309055118111
0
LINE
8
BLACK
6
CONTINUOUS
10
-4.1907162598425192
20
5.8990309055118111
11
-4.190659724409449
21
5.8989818503937004
0
LINE
8
BLACK
6
CONTINUOUS
10
-4.190659724409449
20
5.8989818503937004
11
-4.1903681496062992
21
5.8987983464566929
0
LINE
8
BLACK
6
CONTINUOUS
10
-4.1903681496062992
20
5.8987983464566929
11
-4.1901255905511814
21
5.8985186220472441
0
LINE
8
BLACK
6
CONTINUOUS
10
-4.1901255905511814
20
5.8985186220472441
11
-4.1898458661417326
21
5.8982760629921263
0
LINE
8
BLACK
6
CONTINUOUS
10
-4.1898458661417326
20
5.8982760629921263
11
-4.1897445275590552
21
5.8980792125984252
0
LINE
8
BLACK
6
CONTINUOUS
10
-4.1897445275590552
20
5.8980792125984252
11
-4.1896133070866144
21
5.8979279527559054
0
LINE
8
BLACK
6
CONTINUOUS
10
-4.1896133070866144
20
5.8979279527559054
11
-4.1895155118110239
21
5.8976344488188976
0
LINE
8
BLACK
6
CONTINUOUS
10
-4.1895155118110239
20
5.8976344488188976
11
-4.187662755905512
21
5.8940366535433073
0
LINE
8
BLACK
6
CONTINUOUS
10
-4.187662755905512
20
5.8940366535433073
11
-4.1874558661417325
21
5.893496062992126
0
LINE
8
BLACK
6
CONTINUOUS
10
-4.1874558661417325
20
5.893496062992126
11
-4.1874483464566925
21
5.8933901574803151
0
LINE
8
BLACK
6
CONTINUOUS
10
-4.1874483464566925
20
5.8933901574803151
11
-4.1874077559055118
21
5.8932922047244096
0
LINE
8
BLACK
6
CONTINUOUS
10
-4.1874077559055118
20
5.8932922047244096
11
-4.1873915354330711
21
5.8925902362204727
0
LINE
8
BLACK
6
CONTINUOUS
10
-4.1873915354330711
20
5.8925902362204727
11
-4.1873742125984252
21
5.8923468503937011
0
LINE
8
BLACK
6
CONTINUOUS
10
-4.1873742125984252
20
5.8923468503937011
11
-4.1873851181102362
21
5.8923141338582674
0
LINE
8
BLACK
6
CONTINUOUS
10
-4.1873851181102362
20
5.8923141338582674
11
-4.187351023622047
21
5.8908413779527562
0
LINE
8
BLACK
6
CONTINUOUS
10
-4.187351023622047
20
5.8908413779527562
11
-4.1874077559055118
21
5.8902653149606294
0
LINE
8
BLACK
6
CONTINUOUS
10
-4.1874077559055118
20
5.8902653149606294
11
-4.1874483464566925
21
5.8901673228346452
0
LINE
8
BLACK
6
CONTINUOUS
10
-4.1874483464566925
20
5.8901673228346452
11
-4.1874558661417325
21
5.890061456692913
0
LINE
8
BLACK
6
CONTINUOUS
10
-4.1874558661417325
20
5.890061456692913
11
-4.1877042125984252
21
5.8895496850393698
0
LINE
8
BLACK
6
CONTINUOUS
10
-4.1877042125984252
20
5.8895496850393698
11
-4.1878486614173225
21
5.8892009055118111
0
LINE
8
BLACK
6
CONTINUOUS
10
-4.1878486614173225
20
5.8892009055118111
11
-4.1878967716535431
21
5.8891527952755904
0
LINE
8
BLACK
6
CONTINUOUS
10
-4.1878967716535431
20
5.8891527952755904
11
-4.1895375196850395
21
5.8857713385826766
0
LINE
8
BLACK
6
CONTINUOUS
10
-4.1895375196850395
20
5.8857713385826766
11
-4.1895981496062991
21
5.885675
0
LINE
8
BLACK
6
CONTINUOUS
10
-4.1895981496062991
20
5.885675
11
-4.1896133070866144
21
5.8856295669291336
0
LINE
8
BLACK
6
CONTINUOUS
10
-4.1896133070866144
20
5.8856295669291336
11
-4.1896623622047242
21
5.8855729921259838
0
LINE
8
BLACK
6
CONTINUOUS
10
-4.1896623622047242
20
5.8855729921259838
11
-4.1898458661417326
21
5.8852814566929137
0
LINE
8
BLACK
6
CONTINUOUS
10
-4.1898458661417326
20
5.8852814566929137
11
-4.1901255905511814
21
5.8850388582677162
0
LINE
8
BLACK
6
CONTINUOUS
10
-4.1901255905511814
20
5.8850388582677162
11
-4.1903681496062992
21
5.8847591732283462
0
LINE
8
BLACK
6
CONTINUOUS
10
-4.1903681496062992
20
5.8847591732283462
11
-4.1905650000000003
21
5.8846577952755901
0
LINE
8
BLACK
6
CONTINUOUS
10
-4.1905650000000003
20
5.8846577952755901
11
-4.1907162598425192
21
5.884526614173228
0
LINE
8
BLACK
6
CONTINUOUS
10
-4.1907162598425192
20
5.884526614173228
11
-4.1910097637795278
21
5.8844287795275587
0
LINE
8
BLACK
6
CONTINUOUS
10
-4.1910097637795278
20
5.8844287795275587
11
-4.1946075590551182
21
5.8825760629921255
0
LINE
8
BLACK
6
CONTINUOUS
10
-4.1946075590551182
20
5.8825760629921255
11
-4.1951481889763782
21
5.8823691732283461
0
LINE
8
BLACK
6
CONTINUOUS
10
-4.1951481889763782
20
5.8823691732283461
11
-4.1952540157480316
21
5.882361653543307
0
LINE
8
BLACK
6
CONTINUOUS
10
-4.1952540157480316
20
5.882361653543307
11
-4.1953520078740159
21
5.8823210629921254
0
LINE
8
BLACK
6
CONTINUOUS
10
-4.1953520078740159
20
5.8823210629921254
11
-4.1958952755905514
21
5.8823160629921256
0
LINE
8
BLACK
6
CONTINUOUS
10
-4.1958952755905514
20
5.8823160629921256
11
-4.1962974015748031
21
5.8822875196850388
0
LINE
8
BLACK
6
CONTINUOUS
10
-4.1962974015748031
20
5.8822875196850388
11
-4.1963701181102362
21
5.8823117322834646
0
LINE
8
BLACK
6
CONTINUOUS
10
-4.1963701181102362
20
5.8823117322834646
11
-4.2009351574803144
21
5.8822699606299214
0
LINE
8
BLACK
6
CONTINUOUS
10
-4.2009351574803144
20
5.8822699606299214
11
-4.2031490551181099
21
5.8811298818897635
0
LINE
8
BLACK
6
CONTINUOUS
10
-4.2031490551181099
20
5.8811298818897635
11
-4.2042503543307088
21
5.878860236220472
0
LINE
8
BLACK
6
CONTINUOUS
10
-4.2042503543307088
20
5.878860236220472
11
-4.2042386220472441
21
5.8783527952755907
0
LINE
8
BLACK
6
CONTINUOUS
10
-4.2042386220472441
20
5.8783527952755907
11
-4.2030894881889767
21
5.8761212992125982
0
LINE
8
BLACK
6
CONTINUOUS
10
-4.2030894881889767
20
5.8761212992125982
11
-4.2007769291338581
21
5.8749992125984249
0
LINE
8
BLACK
6
CONTINUOUS
10
-4.2007769291338581
20
5.8749992125984249
11
-4.1946679527559052
21
5.875042125984252
0
LINE
8
BLACK
6
CONTINUOUS
10
-4.1946679527559052
20
5.875042125984252
11
-4.1916242913385826
21
5.8766095275590553
0
LINE
8
BLACK
6
CONTINUOUS
10
-4.1916242913385826
20
5.8766095275590553
11
-4.1910837007874013
21
5.8768164173228348
0
LINE
8
BLACK
6
CONTINUOUS
10
-4.1910837007874013
20
5.8768164173228348
11
-4.1899344881889764
21
5.876898070866142
0
LINE
8
BLACK
6
CONTINUOUS
10
-4.1899344881889764
20
5.876898070866142
11
-4.1888414960629916
21
5.8765337795275592
0
LINE
8
BLACK
6
CONTINUOUS
10
-4.1888414960629916
20
5.8765337795275592
11
-4.1879711417322838
21
5.8757788976377947
0
LINE
8
BLACK
6
CONTINUOUS
10
-4.1879711417322838
20
5.8757788976377947
11
-4.1874558661417325
21
5.8747484251968505
0
LINE
8
BLACK
6
CONTINUOUS
10
-4.1874558661417325
20
5.8747484251968505
11
-4.1873742125984252
21
5.8735992125984247
0
LINE
8
BLACK
6
CONTINUOUS
10
-4.1873742125984252
20
5.8735992125984247
11
-4.1877385039370081
21
5.8725062598425195
0
LINE
8
BLACK
6
CONTINUOUS
10
-4.1877385039370081
20
5.8725062598425195
11
-4.1884933464566929
21
5.8716358661417321
0
LINE
8
BLACK
6
CONTINUOUS
10
-4.1884933464566929
20
5.8716358661417321
11
-4.1927327559055119
21
5.8694526771653539
0
LINE
8
BLACK
6
CONTINUOUS
10
-4.1927327559055119
20
5.8694526771653539
11
-4.1932733858267719
21
5.8692457874015744
0
LINE
8
BLACK
6
CONTINUOUS
10
-4.1932733858267719
20
5.8692457874015744
11
-4.1933792913385828
21
5.8692382283464566
0
LINE
8
BLACK
6
CONTINUOUS
10
-4.1933792913385828
20
5.8692382283464566
11
-4.1934772440944883
21
5.8691976771653538
0
LINE
8
BLACK
6
CONTINUOUS
10
-4.1934772440944883
20
5.8691976771653538
11
-4.1940024409448817
21
5.8691939763779528
0
LINE
8
BLACK
6
CONTINUOUS
10
-4.1940024409448817
20
5.8691939763779528
11
-4.1944225984251968
21
5.8691641338582672
0
LINE
8
BLACK
6
CONTINUOUS
10
-4.1944225984251968
20
5.8691641338582672
11
-4.1945016535433073
21
5.8691904724409447
0
LINE
8
BLACK
6
CONTINUOUS
10
-4.1945016535433073
20
5.8691904724409447
11
-4.2015523622047244
21
5.8691409448818899
0
LINE
8
BLACK
6
CONTINUOUS
10
-4.2015523622047244
20
5.8691409448818899
11
-4.2021284251968503
21
5.8691976771653538
0
LINE
8
BLACK
6
CONTINUOUS
10
-4.2021284251968503
20
5.8691976771653538
11
-4.2022264173228345
21
5.8692382283464566
0
LINE
8
BLACK
6
CONTINUOUS
10
-4.2022264173228345
20
5.8692382283464566
11
-4.2023322834645667
21
5.8692457874015744
0
LINE
8
BLACK
6
CONTINUOUS
10
-4.2023322834645667
20
5.8692457874015744
11
-4.2028440551181099
21
5.8694940551181105
0
LINE
8
BLACK
6
CONTINUOUS
10
-4.2028440551181099
20
5.8694940551181105
11
-4.2031928346456695
21
5.8696385826771653
0
LINE
8
BLACK
6
CONTINUOUS
10
-4.2031928346456695
20
5.8696385826771653
11
-4.2032409448818893
21
5.8696866535433072
0
LINE
8
BLACK
6
CONTINUOUS
10
-4.2032409448818893
20
5.8696866535433072
11
-4.2066224409448818
21
5.8713274803149602
0
LINE
8
BLACK
6
CONTINUOUS
10
-4.2066224409448818
20
5.8713274803149602
11
-4.2067188188976381
21
5.8713881102362206
0
LINE
8
BLACK
6
CONTINUOUS
10
-4.2067188188976381
20
5.8713881102362206
11
-4.2067641732283461
21
5.8714032677165351
0
LINE
8
BLACK
6
CONTINUOUS
10
-4.2067641732283461
20
5.8714032677165351
11
-4.2068207480314959
21
5.871452283464567
0
LINE
8
BLACK
6
CONTINUOUS
10
-4.2068207480314959
20
5.871452283464567
11
-4.2071122834645669
21
5.8716358661417321
0
LINE
8
BLACK
6
CONTINUOUS
10
-4.2071122834645669
20
5.8716358661417321
11
-4.207354803149606
21
5.8719154330708658
0
LINE
8
BLACK
6
CONTINUOUS
10
-4.207354803149606
20
5.8719154330708658
11
-4.2076345669291335
21
5.8721581102362199
0
LINE
8
BLACK
6
CONTINUOUS
10
-4.2076345669291335
20
5.8721581102362199
11
-4.2077359448818896
21
5.8723549212598423
0
LINE
8
BLACK
6
CONTINUOUS
10
-4.2077359448818896
20
5.8723549212598423
11
-4.2078671653543305
21
5.8725062598425195
0
LINE
8
BLACK
6
CONTINUOUS
10
-4.2078671653543305
20
5.8725062598425195
11
-4.2079649999999997
21
5.8727997637795273
0
LINE
8
BLACK
6
CONTINUOUS
10
-4.2079649999999997
20
5.8727997637795273
11
-4.2098176771653542
21
5.8763975196850389
0
LINE
8
BLACK
6
CONTINUOUS
10
-4.2098176771653542
20
5.8763975196850389
11
-4.2100245669291336
21
5.8769381496062989
0
LINE
8
BLACK
6
CONTINUOUS
10
-4.2100245669291336
20
5.8769381496062989
11
-4.2100320866141727
21
5.8770439370078735
0
LINE
8
BLACK
6
CONTINUOUS
10
-4.2100320866141727
20
5.8770439370078735
11
-4.2100726771653543
21
5.8771419685039366
0
LINE
8
BLACK
6
CONTINUOUS
10
-4.2100726771653543
20
5.8771419685039366
11
-4.2100889370078738
21
5.8778439370078734
0
LINE
8
BLACK
6
CONTINUOUS
10
-4.2100889370078738
20
5.8778439370078734
11
-4.2101062204724409
21
5.8780873622047247
0
LINE
8
BLACK
6
CONTINUOUS
10
-4.2101062204724409
20
5.8780873622047247
11
-4.2100953543307087
21
5.8781200393700788
0
LINE
8
BLACK
6
CONTINUOUS
10
-4.2100953543307087
20
5.8781200393700788
11
-4.2101294094488191
21
5.87959279527559
0
LINE
8
BLACK
6
CONTINUOUS
10
-4.2101294094488191
20
5.87959279527559
11
-4.2100726771653543
21
5.8801688582677167
0
LINE
8
BLACK
6
CONTINUOUS
10
-4.2100726771653543
20
5.8801688582677167
11
-4.2100320866141727
21
5.880266850393701
0
LINE
8
BLACK
6
CONTINUOUS
10
-4.2100320866141727
20
5.880266850393701
11
-4.2100245669291336
21
5.8803726771653544
0
LINE
8
BLACK
6
CONTINUOUS
10
-4.2100245669291336
20
5.8803726771653544
11
-4.2097763779527559
21
5.8808842125984251
0
LINE
8
BLACK
6
CONTINUOUS
10
-4.2097763779527559
20
5.8808842125984251
11
-4.2096317716535436
21
5.8812332677165351
0
LINE
8
BLACK
6
CONTINUOUS
10
-4.2096317716535436
20
5.8812332677165351
11
-4.209583661417323
21
5.8812813779527557
0
LINE
8
BLACK
6
CONTINUOUS
10
-4.209583661417323
20
5.8812813779527557
11
-4.2079429133858266
21
5.8846628346456695
0
LINE
8
BLACK
6
CONTINUOUS
10
-4.2079429133858266
20
5.8846628346456695
11
-4.2078822834645671
21
5.8847591732283462
0
LINE
8
BLACK
6
CONTINUOUS
10
-4.2078822834645671
20
5.8847591732283462
11
-4.2078671259842517
21
5.8848046062992125
0
LINE
8
BLACK
6
CONTINUOUS
10
-4.2078671259842517
20
5.8848046062992125
11
-4.2078181102362207
21
5.8848611417322836
0
LINE
8
BLACK
6
CONTINUOUS
10
-4.2078181102362207
20
5.8848611417322836
11
-4.2076345669291335
21
5.8851527165354334
0
LINE
8
BLACK
6
CONTINUOUS
10
-4.2076345669291335
20
5.8851527165354334
11
-4.2073548818897635
21
5.8853952755905512
0
LINE
8
BLACK
6
CONTINUOUS
10
-4.2073548818897635
20
5.8853952755905512
11
-4.2071122834645669
21
5.885675
0
LINE
8
BLACK
6
CONTINUOUS
10
-4.2071122834645669
20
5.885675
11
-4.2069154724409445
21
5.8857763385826773
0
LINE
8
BLACK
6
CONTINUOUS
10
-4.2069154724409445
20
5.8857763385826773
11
-4.2067641732283461
21
5.8859075590551182
0
LINE
8
BLACK
6
CONTINUOUS
10
-4.2067641732283461
20
5.8859075590551182
11
-4.206470708661417
21
5.8860053543307087
0
LINE
8
BLACK
6
CONTINUOUS
10
-4.206470708661417
20
5.8860053543307087
11
-4.2028728740157479
21
5.8878581102362206
0
LINE
8
BLACK
6
CONTINUOUS
10
-4.2028728740157479
20
5.8878581102362206
11
-4.2023322834645667
21
5.8880650000000001
0
LINE
8
BLACK
6
CONTINUOUS
10
-4.2023322834645667
20
5.8880650000000001
11
-4.2022264173228345
21
5.8880725196850392
0
LINE
8
BLACK
6
CONTINUOUS
10
-4.2022264173228345
20
5.8880725196850392
11
-4.2021284251968503
21
5.8881131102362207
0
LINE
8
BLACK
6
CONTINUOUS
10
-4.2021284251968503
20
5.8881131102362207
11
-4.2015852362204722
21
5.8881180708661418
0
LINE
8
BLACK
6
CONTINUOUS
10
-4.2015852362204722
20
5.8881180708661418
11
-4.2011830708661417
21
5.8881466535433074
0
LINE
8
BLACK
6
CONTINUOUS
10
-4.2011830708661417
20
5.8881466535433074
11
-4.2011103937007874
21
5.8881224015748028
0
LINE
8
BLACK
6
CONTINUOUS
10
-4.2011103937007874
20
5.8881224015748028
11
-4.1965453149606295
21
5.8881641732283461
0
LINE
8
BLACK
6
CONTINUOUS
10
-4.1965453149606295
20
5.8881641732283461
11
-4.1943313779527562
21
5.8893042519685039
0
LINE
8
BLACK
6
CONTINUOUS
10
-4.1943313779527562
20
5.8893042519685039
11
-4.193230118110236
21
5.8915738976377954
0
LINE
8
BLACK
6
CONTINUOUS
10
-4.193230118110236
20
5.8915738976377954
11
-4.1932418503937008
21
5.8920813385826767
0
LINE
8
BLACK
6
CONTINUOUS
10
-4.1932418503937008
20
5.8920813385826767
11
-4.1943909842519682
21
5.8943127952755905
0
LINE
8
BLACK
6
CONTINUOUS
10
-4.1943909842519682
20
5.8943127952755905
11
-4.1966976771653544
21
5.8954320866141732
0
LINE
8
BLACK
6
CONTINUOUS
10
-4.1966976771653544
20
5.8954320866141732
11
-4.2009351574803144
21
5.8953933070866142
0
LINE
8
BLACK
6
CONTINUOUS
10
-4.2009351574803144
20
5.8953933070866142
11
-4.2039813779527559
21
5.8938246456692909
0
LINE
8
BLACK
6
CONTINUOUS
10
-4.2039813779527559
20
5.8938246456692909
11
-4.204522007874016
21
5.8936177559055114
0
LINE
8
BLACK
6
CONTINUOUS
10
-4.204522007874016
20
5.8936177559055114
11
-4.2056712204724409
21
5.8935361023622042
0
LINE
8
BLACK
6
CONTINUOUS
10
-4.2056712204724409
20
5.8935361023622042
11
-4.2067641732283461
21
5.8939004330708658
0
LINE
8
BLACK
6
CONTINUOUS
10
-4.2067641732283461
20
5.8939004330708658
11
-4.2076345669291335
21
5.8946552755905515
0
LINE
8
BLACK
6
CONTINUOUS
10
-4.2076345669291335
20
5.8946552755905515
11
-4.2081498031496061
21
5.8956857874015745
0
LINE
8
BLACK
6
CONTINUOUS
10
-4.2081498031496061
20
5.8956857874015745
11
-4.2082314566929133
21
5.8968350000000003
0
LINE
8
BLACK
6
CONTINUOUS
10
-4.2082314566929133
20
5.8968350000000003
11
-4.2078671259842517
21
5.8979279527559054
0
LINE
8
BLACK
6
CONTINUOUS
10
-4.2078671259842517
20
5.8979279527559054
11
-4.2071122834645669
21
5.8987983464566929
0
LINE
8
BLACK
6
CONTINUOUS
10
-4.2071122834645669
20
5.8987983464566929
11
-4.2028728740157479
21
5.9009814566929135
0
LINE
8
BLACK
6
CONTINUOUS
10
-4.2028728740157479
20
5.9009814566929135
11
-4.2023322834645667
21
5.901188346456693
0
LINE
8
BLACK
6
CONTINUOUS
10
-4.2023322834645667
20
5.901188346456693
11
-4.2022264173228345
21
5.9011958661417321
0
LINE
8
BLACK
6
CONTINUOUS
10
-4.2022264173228345
20
5.9011958661417321
11
-4.2021284251968503
21
5.9012364566929136
0
LINE
8
BLACK
6
CONTINUOUS
10
-4.2021284251968503
20
5.9012364566929136
11
-4.2015852362204722
21
5.9012414173228347
0
LINE
8
BLACK
6
CONTINUOUS
10
-4.2015852362204722
20
5.9012414173228347
11
-4.2011830708661417
21
5.9012700000000002
0
LINE
8
BLACK
6
CONTINUOUS
10
-4.2011830708661417
20
5.9012700000000002
11
-4.2011103937007874
21
5.9012457480314957
0
LINE
8
BLACK
6
CONTINUOUS
10
-4.2011103937007874
20
5.9012457480314957
11
-4.1959280708661417
21
5.9012931889763776
0
LINE
8
BLACK
6
CONTINUOUS
10
-4.1959280708661417
20
5.9012931889763776
11
-4.1953520078740159
21
5.9012364566929136
0
LINE
8
BLACK
6
CONTINUOUS
10
-4.1616062204724411
20
5.9012364566929136
11
-4.1615082283464568
21
5.9011958267716533
0
LINE
8
BLACK
6
CONTINUOUS
10
-4.1615082283464568
20
5.9011958267716533
11
-4.1614024015748035
21
5.901188346456693
0
LINE
8
BLACK
6
CONTINUOUS
10
-4.1614024015748035
20
5.901188346456693
11
-4.1608908661417319
21
5.9009401181102357
0
LINE
8
BLACK
6
CONTINUOUS
10
-4.1608908661417319
20
5.9009401181102357
11
-4.1605418110236219
21
5.9007955511811021
0
LINE
8
BLACK
6
CONTINUOUS
10
-4.1605418110236219
20
5.9007955511811021
11
-4.1604937007874012
21
5.9007474015748027
0
LINE
8
BLACK
6
CONTINUOUS
10
-4.1604937007874012
20
5.9007474015748027
11
-4.1571122440944883
21
5.899106692913386
0
LINE
8
BLACK
6
CONTINUOUS
10
-4.1571122440944883
20
5.899106692913386
11
-4.1570159055118108
21
5.8990460236220468
0
LINE
8
BLACK
6
CONTINUOUS
10
-4.1570159055118108
20
5.8990460236220468
11
-4.1569704724409444
21
5.8990309055118111
0
LINE
8
BLACK
6
CONTINUOUS
10
-4.1569704724409444
20
5.8990309055118111
11
-4.1569139370078743
21
5.8989818503937004
0
LINE
8
BLACK
6
CONTINUOUS
10
-4.1569139370078743
20
5.8989818503937004
11
-4.1566223622047245
21
5.8987983464566929
0
LINE
8
BLACK
6
CONTINUOUS
10
-4.1566223622047245
20
5.8987983464566929
11
-4.1563798031496066
21
5.8985186220472441
0
LINE
8
BLACK
6
CONTINUOUS
10
-4.1563798031496066
20
5.8985186220472441
11
-4.156100078740157
21
5.8982760629921263
0
LINE
8
BLACK
6
CONTINUOUS
10
-4.156100078740157
20
5.8982760629921263
11
-4.1559987401574805
21
5.8980792125984252
0
LINE
8
BLACK
6
CONTINUOUS
10
-4.1559987401574805
20
5.8980792125984252
11
-4.1558675196850396
21
5.8979279527559054
0
LINE
8
BLACK
6
CONTINUOUS
10
-4.1558675196850396
20
5.8979279527559054
11
-4.1557697244094491
21
5.8976344488188976
0
LINE
8
BLACK
6
CONTINUOUS
10
-4.1557697244094491
20
5.8976344488188976
11
-4.1539169685039372
21
5.8940366535433073
0
LINE
8
BLACK
6
CONTINUOUS
10
-4.1539169685039372
20
5.8940366535433073
11
-4.1537100787401577
21
5.893496062992126
0
LINE
8
BLACK
6
CONTINUOUS
10
-4.1537100787401577
20
5.893496062992126
11
-4.1537025590551178
21
5.8933901574803151
0
LINE
8
BLACK
6
CONTINUOUS
10
-4.1537025590551178
20
5.8933901574803151
11
-4.1536619685039371
21
5.8932922047244096
0
LINE
8
BLACK
6
CONTINUOUS
10
-4.1536619685039371
20
5.8932922047244096
11
-4.1536601574803145
21
5.8927933464566928
0
LINE
8
BLACK
6
CONTINUOUS
10
-4.1536601574803145
20
5.8927933464566928
11
-4.1536284251968505
21
5.8923468503937011
0
LINE
8
BLACK
6
CONTINUOUS
10
-4.1536284251968505
20
5.8923468503937011
11
-4.1536582283464565
21
5.8922575196850389
0
LINE
8
BLACK
6
CONTINUOUS
10
-4.1536582283464565
20
5.8922575196850389
11
-4.1536330708661415
21
5.8853546062992121
0
LINE
8
BLACK
6
CONTINUOUS
10
-4.1536330708661415
20
5.8853546062992121
11
-4.1536052362204723
21
5.8852140157480317
0
LINE
8
BLACK
6
CONTINUOUS
10
-4.1536052362204723
20
5.8852140157480317
11
-4.1536320866141727
21
5.8850799212598428
0
LINE
8
BLACK
6
CONTINUOUS
10
-4.1536320866141727
20
5.8850799212598428
11
-4.1536052362204723
21
5.8777180314960624
0
LINE
8
BLACK
6
CONTINUOUS
10
-4.1536052362204723
20
5.8777180314960624
11
-4.1536619685039371
21
5.8771419685039366
0
LINE
8
BLACK
6
CONTINUOUS
10
-4.1536619685039371
20
5.8771419685039366
11
-4.1537025590551178
21
5.8770439763779523
0
LINE
8
BLACK
6
CONTINUOUS
10
-4.1537025590551178
20
5.8770439763779523
11
-4.1537100787401577
21
5.8769381102362201
0
LINE
8
BLACK
6
CONTINUOUS
10
-4.1537100787401577
20
5.8769381102362201
11
-4.1539584251968504
21
5.8764263385826769
0
LINE
8
BLACK
6
CONTINUOUS
10
-4.1539584251968504
20
5.8764263385826769
11
-4.1541028740157477
21
5.8760775590551182
0
LINE
8
BLACK
6
CONTINUOUS
10
-4.1541028740157477
20
5.8760775590551182
11
-4.1541509842519684
21
5.8760294488188975
0
LINE
8
BLACK
6
CONTINUOUS
10
-4.1541509842519684
20
5.8760294488188975
11
-4.1557917322834648
21
5.8726479921259838
0
LINE
8
BLACK
6
CONTINUOUS
10
-4.1557917322834648
20
5.8726479921259838
11
-4.1558523622047243
21
5.8725516929133859
0
LINE
8
BLACK
6
CONTINUOUS
10
-4.1558523622047243
20
5.8725516929133859
11
-4.1558674803149609
21
5.8725062598425195
0
LINE
8
BLACK
6
CONTINUOUS
10
-4.1558674803149609
20
5.8725062598425195
11
-4.1559166141732282
21
5.872449645669291
0
LINE
8
BLACK
6
CONTINUOUS
10
-4.1559166141732282
20
5.872449645669291
11
-4.156100078740157
21
5.8721581102362199
0
LINE
8
BLACK
6
CONTINUOUS
10
-4.156100078740157
20
5.8721581102362199
11
-4.1563798031496066
21
5.8719155511811021
0
LINE
8
BLACK
6
CONTINUOUS
10
-4.1563798031496066
20
5.8719155511811021
11
-4.1566223228346457
21
5.8716358661417321
0
LINE
8
BLACK
6
CONTINUOUS
10
-4.1566223228346457
20
5.8716358661417321
11
-4.1568191732283459
21
5.8715344881889759
0
LINE
8
BLACK
6
CONTINUOUS
10
-4.1568191732283459
20
5.8715344881889759
11
-4.1569704724409444
21
5.8714032677165351
0
LINE
8
BLACK
6
CONTINUOUS
10
-4.1569704724409444
20
5.8714032677165351
11
-4.1572640157480318
21
5.8713053937007871
0
LINE
8
BLACK
6
CONTINUOUS
10
-4.1572640157480318
20
5.8713053937007871
11
-4.1608617322834647
21
5.8694526771653539
0
LINE
8
BLACK
6
CONTINUOUS
10
-4.1608617322834647
20
5.8694526771653539
11
-4.1614023622047247
21
5.8692457874015744
0
LINE
8
BLACK
6
CONTINUOUS
10
-4.1614023622047247
20
5.8692457874015744
11
-4.1615082677165356
21
5.8692382283464566
0
LINE
8
BLACK
6
CONTINUOUS
10
-4.1615082677165356
20
5.8692382283464566
11
-4.1616062204724411
21
5.8691976771653538
0
LINE
8
BLACK
6
CONTINUOUS
10
-4.1616062204724411
20
5.8691976771653538
11
-4.1621314173228345
21
5.8691939763779528
0
LINE
8
BLACK
6
CONTINUOUS
10
-4.1621314173228345
20
5.8691939763779528
11
-4.1625515748031496
21
5.8691641338582672
0
LINE
8
BLACK
6
CONTINUOUS
10
-4.1625515748031496
20
5.8691641338582672
11
-4.1626306299212601
21
5.8691904724409447
0
LINE
8
BLACK
6
CONTINUOUS
10
-4.1626306299212601
20
5.8691904724409447
11
-4.1696813385826772
21
5.8691409448818899
0
LINE
8
BLACK
6
CONTINUOUS
10
-4.1696813385826772
20
5.8691409448818899
11
-4.1702574015748031
21
5.8691976771653538
0
LINE
8
BLACK
6
CONTINUOUS
10
-4.1702574015748031
20
5.8691976771653538
11
-4.1703553937007873
21
5.8692382283464566
0
LINE
8
BLACK
6
CONTINUOUS
10
-4.1703553937007873
20
5.8692382283464566
11
-4.1704612598425195
21
5.8692457874015744
0
LINE
8
BLACK
6
CONTINUOUS
10
-4.1704612598425195
20
5.8692457874015744
11
-4.1709730314960627
21
5.8694940551181105
0
LINE
8
BLACK
6
CONTINUOUS
10
-4.1709730314960627
20
5.8694940551181105
11
-4.1713218110236223
21
5.8696385826771653
0
LINE
8
BLACK
6
CONTINUOUS
10
-4.1713218110236223
20
5.8696385826771653
11
-4.1713699212598421
21
5.8696866535433072
0
LINE
8
BLACK
6
CONTINUOUS
10
-4.1713699212598421
20
5.8696866535433072
11
-4.1747514173228346
21
5.8713274803149602
0
LINE
8
BLACK
6
CONTINUOUS
10
-4.1747514173228346
20
5.8713274803149602
11
-4.1752412598425197
21
5.8716358661417321
0
LINE
8
BLACK
6
CONTINUOUS
10
-4.1752412598425197
20
5.8716358661417321
11
-4.1759961417322833
21
5.8725062598425195
0
LINE
8
BLACK
6
CONTINUOUS
10
-4.1759961417322833
20
5.8725062598425195
11
-4.1763604330708661
21
5.8735992125984247
0
LINE
8
BLACK
6
CONTINUOUS
10
-4.1763604330708661
20
5.8735992125984247
11
-4.1762787795275589
21
5.8747484251968505
0
LINE
8
BLACK
6
CONTINUOUS
10
-4.1762787795275589
20
5.8747484251968505
11
-4.1757635039370076
21
5.8757788976377947
0
LINE
8
BLACK
6
CONTINUOUS
10
-4.1757635039370076
20
5.8757788976377947
11
-4.1748931102362201
21
5.8765337795275592
0
LINE
8
BLACK
6
CONTINUOUS
10
-4.1748931102362201
20
5.8765337795275592
11
-4.173800157480315
21
5.876898070866142
0
LINE
8
BLACK
6
CONTINUOUS
10
-4.173800157480315
20
5.876898070866142
11
-4.17265094488189
21
5.8768164173228348
0
LINE
8
BLACK
6
CONTINUOUS
10
-4.17265094488189
20
5.8768164173228348
11
-4.1689059055118109
21
5.8749992125984249
0
LINE
8
BLACK
6
CONTINUOUS
10
-4.1689059055118109
20
5.8749992125984249
11
-4.162796929133858
21
5.875042125984252
0
LINE
8
BLACK
6
CONTINUOUS
10
-4.162796929133858
20
5.875042125984252
11
-4.1605855905511806
21
5.8761808661417323
0
LINE
8
BLACK
6
CONTINUOUS
10
-4.1605855905511806
20
5.8761808661417323
11
-4.1594589763779526
21
5.8785027559055116
0
LINE
8
BLACK
6
CONTINUOUS
10
-4.1594589763779526
20
5.8785027559055116
11
-4.1594748031496058
21
5.8828383070866144
0
LINE
8
BLACK
6
CONTINUOUS
10
-4.1594748031496058
20
5.8828383070866144
11
-4.1758847244094488
21
5.8860711811023618
0
LINE
8
BLACK
6
CONTINUOUS
10
-4.1758847244094488
20
5.8860711811023618
11
-4.176438464566929
21
5.8862398031496062
0
LINE
8
BLACK
6
CONTINUOUS
10
-4.176438464566929
20
5.8862398031496062
11
-4.1766788582677163
21
5.8864007874015742
0
LINE
8
BLACK
6
CONTINUOUS
10
-4.1766788582677163
20
5.8864007874015742
11
-4.176946102362205
21
5.8865114960629921
0
LINE
8
BLACK
6
CONTINUOUS
10
-4.176946102362205
20
5.8865114960629921
11
-4.1771528346456694
21
5.8867181889763778
0
LINE
8
BLACK
6
CONTINUOUS
10
-4.1771528346456694
20
5.8867181889763778
11
-4.177395748031496
21
5.886880905511811
0
LINE
8
BLACK
6
CONTINUOUS
10
-4.177395748031496
20
5.886880905511811
11
-4.1775562204724412
21
5.8871216141732283
0
LINE
8
BLACK
6
CONTINUOUS
10
-4.1775562204724412
20
5.8871216141732283
11
-4.1777607480314956
21
5.8873261417322835
0
LINE
8
BLACK
6
CONTINUOUS
10
-4.1777607480314956
20
5.8873261417322835
11
-4.1778726377952751
21
5.8875961811023618
0
LINE
8
BLACK
6
CONTINUOUS
10
-4.1778726377952751
20
5.8875961811023618
11
-4.1780348031496066
21
5.887839488188976
0
LINE
8
BLACK
6
CONTINUOUS
10
-4.1780348031496066
20
5.887839488188976
11
-4.178090984251968
21
5.8881232677165354
0
LINE
8
BLACK
6
CONTINUOUS
10
-4.178090984251968
20
5.8881232677165354
11
-4.1782016535433071
21
5.8883905511811019
0
LINE
8
BLACK
6
CONTINUOUS
10
-4.1782016535433071
20
5.8883905511811019
11
-4.1782057874015743
21
5.8887036614173223
0
LINE
8
BLACK
6
CONTINUOUS
10
-4.1782057874015743
20
5.8887036614173223
11
-4.1782583858267719
21
5.8889696850393696
0
LINE
8
BLACK
6
CONTINUOUS
10
-4.1782583858267719
20
5.8889696850393696
11
-4.1782122834645667
21
5.8892002362204723
0
LINE
8
BLACK
6
CONTINUOUS
10
-4.1782122834645667
20
5.8892002362204723
11
-4.1782583858267719
21
5.8927161417322838
0
LINE
8
BLACK
6
CONTINUOUS
10
-4.1782583858267719
20
5.8927161417322838
11
-4.1782016535433071
21
5.8932922047244096
0
LINE
8
BLACK
6
CONTINUOUS
10
-4.1782016535433071
20
5.8932922047244096
11
-4.1781610629921255
21
5.8933901968503939
0
LINE
8
BLACK
6
CONTINUOUS
10
-4.1781610629921255
20
5.8933901968503939
11
-4.1781535433070864
21
5.8934960236220473
0
LINE
8
BLACK
6
CONTINUOUS
10
-4.1781535433070864
20
5.8934960236220473
11
-4.1779053543307088
21
5.894007559055118
0
LINE
8
BLACK
6
CONTINUOUS
10
-4.1779053543307088
20
5.894007559055118
11
-4.1777607480314956
21
5.894356614173228
0
LINE
8
BLACK
6
CONTINUOUS
10
-4.1777607480314956
20
5.894356614173228
11
-4.1777126377952758
21
5.8944047244094486
0
LINE
8
BLACK
6
CONTINUOUS
10
-4.1777126377952758
20
5.8944047244094486
11
-4.1760718897637794
21
5.8977861811023624
0
LINE
8
BLACK
6
CONTINUOUS
10
-4.1760718897637794
20
5.8977861811023624
11
-4.1760112598425199
21
5.8978825196850391
0
LINE
8
BLACK
6
CONTINUOUS
10
-4.1760112598425199
20
5.8978825196850391
11
-4.1759961023622045
21
5.8979279527559054
0
LINE
8
BLACK
6
CONTINUOUS
10
-4.1759961023622045
20
5.8979279527559054
11
-4.1759470866141735
21
5.8979844881889765
0
LINE
8
BLACK
6
CONTINUOUS
10
-4.1759470866141735
20
5.8979844881889765
11
-4.1757635433070863
21
5.8982760629921263
0
LINE
8
BLACK
6
CONTINUOUS
10
-4.1757635433070863
20
5.8982760629921263
11
-4.1754838582677163
21
5.8985186220472441
0
LINE
8
BLACK
6
CONTINUOUS
10
-4.1754838582677163
20
5.8985186220472441
11
-4.1752412598425197
21
5.8987983464566929
0
LINE
8
BLACK
6
CONTINUOUS
10
-4.1752412598425197
20
5.8987983464566929
11
-4.1750444488188974
21
5.8988996850393702
0
LINE
8
BLACK
6
CONTINUOUS
10
-4.1750444488188974
20
5.8988996850393702
11
-4.1748931496062989
21
5.8990309055118111
0
LINE
8
BLACK
6
CONTINUOUS
10
-4.1748931496062989
20
5.8990309055118111
11
-4.1745996850393698
21
5.8991287007874016
0
LINE
8
BLACK
6
CONTINUOUS
10
-4.1745996850393698
20
5.8991287007874016
11
-4.1710018503937007
21
5.9009814566929135
0
LINE
8
BLACK
6
CONTINUOUS
10
-4.1710018503937007
20
5.9009814566929135
11
-4.1704612598425195
21
5.901188346456693
0
LINE
8
BLACK
6
CONTINUOUS
10
-4.1704612598425195
20
5.901188346456693
11
-4.1703553937007873
21
5.9011958661417321
0
LINE
8
BLACK
6
CONTINUOUS
10
-4.1703553937007873
20
5.9011958661417321
11
-4.1702574015748031
21
5.9012364566929136
0
LINE
8
BLACK
6
CONTINUOUS
10
-4.1702574015748031
20
5.9012364566929136
11
-4.1697322440944884
21
5.9012401181102359
0
LINE
8
BLACK
6
CONTINUOUS
10
-4.1697322440944884
20
5.9012401181102359
11
-4.1693120472440945
21
5.9012700000000002
0
LINE
8
BLACK
6
CONTINUOUS
10
-4.1693120472440945
20
5.9012700000000002
11
-4.1692330314960628
21
5.901243622047244
0
LINE
8
BLACK
6
CONTINUOUS
10
-4.1692330314960628
20
5.901243622047244
11
-4.162182283464567
21
5.9012931889763776
0
LINE
8
BLACK
6
CONTINUOUS
10
-4.162182283464567
20
5.9012931889763776
11
-4.1616062204724411
21
5.9012364566929136
0
LINE
8
BLACK
6
CONTINUOUS
10
-4.1690667322834649
20
5.8953919685039367
11
-4.1712780314960627
21
5.8942532283464564
0
LINE
8
BLACK
6
CONTINUOUS
10
-4.1712780314960627
20
5.8942532283464564
11
-4.1723921259842518
21
5.8919572440944883
0
LINE
8
BLACK
6
CONTINUOUS
10
-4.1723921259842518
20
5.8919572440944883
11
-4.1723840944881889
21
5.891344409448819
0
LINE
8
BLACK
6
CONTINUOUS
10
-4.1723840944881889
20
5.891344409448819
11
-4.1594965354330711
21
5.8888054724409447
0
LINE
8
BLACK
6
CONTINUOUS
10
-4.1594965354330711
20
5.8888054724409447
11
-4.1595085433070862
21
5.8921055511811025
0
LINE
8
BLACK
6
CONTINUOUS
10
-4.1595085433070862
20
5.8921055511811025
11
-4.1606451968503935
21
5.8943127952755905
0
LINE
8
BLACK
6
CONTINUOUS
10
-4.1606451968503935
20
5.8943127952755905
11
-4.1629577165354332
21
5.8954348818897637
0
LINE
8
BLACK
6
CONTINUOUS
10
-4.1629577165354332
20
5.8954348818897637
11
-4.1690667322834649
21
5.8953919685039367
0
LINE
8
BLACK
6
CONTINUOUS
10
-4.0959894094488192
20
5.9012364566929136
11
-4.0958914173228349
21
5.9011958267716533
0
LINE
8
BLACK
6
CONTINUOUS
10
-4.0958914173228349
20
5.9011958267716533
11
-4.0957855905511806
21
5.901188346456693
0
LINE
8
BLACK
6
CONTINUOUS
10
-4.0957855905511806
20
5.901188346456693
11
-4.0952740551181099
21
5.9009401181102357
0
LINE
8
BLACK
6
CONTINUOUS
10
-4.0952740551181099
20
5.9009401181102357
11
-4.0949249999999999
21
5.9007955511811021
0
LINE
8
BLACK
6
CONTINUOUS
10
-4.0949249999999999
20
5.9007955511811021
11
-4.0948768897637793
21
5.9007474015748027
0
LINE
8
BLACK
6
CONTINUOUS
10
-4.0948768897637793
20
5.9007474015748027
11
-4.0914954330708664
21
5.899106692913386
0
LINE
8
BLACK
6
CONTINUOUS
10
-4.0914954330708664
20
5.899106692913386
11
-4.0910055511811025
21
5.8987983464566929
0
LINE
8
BLACK
6
CONTINUOUS
10
-4.0910055511811025
20
5.8987983464566929
11
-4.0902507086614168
21
5.8979279527559054
0
LINE
8
BLACK
6
CONTINUOUS
10
-4.0902507086614168
20
5.8979279527559054
11
-4.0898863779527561
21
5.8968350000000003
0
LINE
8
BLACK
6
CONTINUOUS
10
-4.0898863779527561
20
5.8968350000000003
11
-4.0899680314960625
21
5.8956857874015745
0
LINE
8
BLACK
6
CONTINUOUS
10
-4.0899680314960625
20
5.8956857874015745
11
-4.0904833070866138
21
5.8946552755905515
0
LINE
8
BLACK
6
CONTINUOUS
10
-4.0904833070866138
20
5.8946552755905515
11
-4.0913536614173225
21
5.8939004330708658
0
LINE
8
BLACK
6
CONTINUOUS
10
-4.0913536614173225
20
5.8939004330708658
11
-4.0924466535433073
21
5.8935361023622042
0
LINE
8
BLACK
6
CONTINUOUS
10
-4.0924466535433073
20
5.8935361023622042
11
-4.0935958661417322
21
5.8936177559055114
0
LINE
8
BLACK
6
CONTINUOUS
10
-4.0935958661417322
20
5.8936177559055114
11
-4.0973409055118113
21
5.8954348818897637
0
LINE
8
BLACK
6
CONTINUOUS
10
-4.0973409055118113
20
5.8954348818897637
11
-4.1034499212598421
21
5.8953919685039367
0
LINE
8
BLACK
6
CONTINUOUS
10
-4.1034499212598421
20
5.8953919685039367
11
-4.1056612204724408
21
5.8942532283464564
0
LINE
8
BLACK
6
CONTINUOUS
10
-4.1056612204724408
20
5.8942532283464564
11
-4.1067891732283464
21
5.8919286614173227
0
LINE
8
BLACK
6
CONTINUOUS
10
-4.1067891732283464
20
5.8919286614173227
11
-4.1067861023622045
21
5.8907844488188976
0
LINE
8
BLACK
6
CONTINUOUS
10
-4.1067861023622045
20
5.8907844488188976
11
-4.105160275590551
21
5.8899955905511812
0
LINE
8
BLACK
6
CONTINUOUS
10
-4.105160275590551
20
5.8899955905511812
11
-4.096565472440945
21
5.8900446062992122
0
LINE
8
BLACK
6
CONTINUOUS
10
-4.096565472440945
20
5.8900446062992122
11
-4.0959894094488192
21
5.8899878740157483
0
LINE
8
BLACK
6
CONTINUOUS
10
-4.0959894094488192
20
5.8899878740157483
11
-4.0958914173228349
21
5.889947244094488
0
LINE
8
BLACK
6
CONTINUOUS
10
-4.0958914173228349
20
5.889947244094488
11
-4.0957855905511806
21
5.8899397637795277
0
LINE
8
BLACK
6
CONTINUOUS
10
-4.0957855905511806
20
5.8899397637795277
11
-4.0952740551181099
21
5.8896915354330703
0
LINE
8
BLACK
6
CONTINUOUS
10
-4.0952740551181099
20
5.8896915354330703
11
-4.0949249999999999
21
5.8895469685039368
0
LINE
8
BLACK
6
CONTINUOUS
10
-4.0949249999999999
20
5.8895469685039368
11
-4.0948768897637793
21
5.8894988188976374
0
LINE
8
BLACK
6
CONTINUOUS
10
-4.0948768897637793
20
5.8894988188976374
11
-4.0914954330708664
21
5.8878581102362206
0
LINE
8
BLACK
6
CONTINUOUS
10
-4.0914954330708664
20
5.8878581102362206
11
-4.0913990944881888
21
5.8877974409448814
0
LINE
8
BLACK
6
CONTINUOUS
10
-4.0913990944881888
20
5.8877974409448814
11
-4.0913536614173225
21
5.8877823228346458
0
LINE
8
BLACK
6
CONTINUOUS
10
-4.0913536614173225
20
5.8877823228346458
11
-4.0912971259842514
21
5.887733267716535
0
LINE
8
BLACK
6
CONTINUOUS
10
-4.0912971259842514
20
5.887733267716535
11
-4.0910055511811025
21
5.8875497637795275
0
LINE
8
BLACK
6
CONTINUOUS
10
-4.0910055511811025
20
5.8875497637795275
11
-4.0907629921259838
21
5.8872700393700788
0
LINE
8
BLACK
6
CONTINUOUS
10
-4.0907629921259838
20
5.8872700393700788
11
-4.090483267716535
21
5.8870274803149609
0
LINE
8
BLACK
6
CONTINUOUS
10
-4.090483267716535
20
5.8870274803149609
11
-4.0903819291338586
21
5.8868306299212598
0
LINE
8
BLACK
6
CONTINUOUS
10
-4.0903819291338586
20
5.8868306299212598
11
-4.0902507086614168
21
5.8866793700787401
0
LINE
8
BLACK
6
CONTINUOUS
10
-4.0902507086614168
20
5.8866793700787401
11
-4.0901529133858263
21
5.8863858661417323
0
LINE
8
BLACK
6
CONTINUOUS
10
-4.0901529133858263
20
5.8863858661417323
11
-4.0883001574803153
21
5.882788070866142
0
LINE
8
BLACK
6
CONTINUOUS
10
-4.0883001574803153
20
5.882788070866142
11
-4.0880932677165349
21
5.8822474803149607
0
LINE
8
BLACK
6
CONTINUOUS
10
-4.0880932677165349
20
5.8822474803149607
11
-4.0880857480314958
21
5.8821415748031498
0
LINE
8
BLACK
6
CONTINUOUS
10
-4.0880857480314958
20
5.8821415748031498
11
-4.0880451574803152
21
5.8820436220472443
0
LINE
8
BLACK
6
CONTINUOUS
10
-4.0880451574803152
20
5.8820436220472443
11
-4.0880375590551177
21
5.8814632283464565
0
LINE
8
BLACK
6
CONTINUOUS
10
-4.0880375590551177
20
5.8814632283464565
11
-4.0880116141732286
21
5.8810982677165349
0
LINE
8
BLACK
6
CONTINUOUS
10
-4.0880116141732286
20
5.8810982677165349
11
-4.0880319685039366
21
5.8810372047244091
0
LINE
8
BLACK
6
CONTINUOUS
10
-4.0880319685039366
20
5.8810372047244091
11
-4.0879884251968504
21
5.8777180314960624
0
LINE
8
BLACK
6
CONTINUOUS
10
-4.0879884251968504
20
5.8777180314960624
11
-4.0880451574803152
21
5.8771419685039366
0
LINE
8
BLACK
6
CONTINUOUS
10
-4.0880451574803152
20
5.8771419685039366
11
-4.0880857480314958
21
5.8770439763779523
0
LINE
8
BLACK
6
CONTINUOUS
10
-4.0880857480314958
20
5.8770439763779523
11
-4.0880932677165349
21
5.8769381102362201
0
LINE
8
BLACK
6
CONTINUOUS
10
-4.0880932677165349
20
5.8769381102362201
11
-4.0883416141732285
21
5.8764263385826769
0
LINE
8
BLACK
6
CONTINUOUS
10
-4.0883416141732285
20
5.8764263385826769
11
-4.0884860629921258
21
5.8760775590551182
0
LINE
8
BLACK
6
CONTINUOUS
10
-4.0884860629921258
20
5.8760775590551182
11
-4.0885341732283464
21
5.8760294488188975
0
LINE
8
BLACK
6
CONTINUOUS
10
-4.0885341732283464
20
5.8760294488188975
11
-4.0901749212598428
21
5.8726479921259838
0
LINE
8
BLACK
6
CONTINUOUS
10
-4.0901749212598428
20
5.8726479921259838
11
-4.0902355511811024
21
5.8725516929133859
0
LINE
8
BLACK
6
CONTINUOUS
10
-4.0902355511811024
20
5.8725516929133859
11
-4.0902506692913381
21
5.8725062598425195
0
LINE
8
BLACK
6
CONTINUOUS
10
-4.0902506692913381
20
5.8725062598425195
11
-4.0902998031496063
21
5.872449645669291
0
LINE
8
BLACK
6
CONTINUOUS
10
-4.0902998031496063
20
5.872449645669291
11
-4.090483267716535
21
5.8721581102362199
0
LINE
8
BLACK
6
CONTINUOUS
10
-4.090483267716535
20
5.8721581102362199
11
-4.0907629921259838
21
5.8719155511811021
0
LINE
8
BLACK
6
CONTINUOUS
10
-4.0907629921259838
20
5.8719155511811021
11
-4.0910055118110238
21
5.8716358661417321
0
LINE
8
BLACK
6
CONTINUOUS
10
-4.0910055118110238
20
5.8716358661417321
11
-4.091202362204724
21
5.8715344881889759
0
LINE
8
BLACK
6
CONTINUOUS
10
-4.091202362204724
20
5.8715344881889759
11
-4.0913536614173225
21
5.8714032677165351
0
LINE
8
BLACK
6
CONTINUOUS
10
-4.0913536614173225
20
5.8714032677165351
11
-4.091647204724409
21
5.8713053937007871
0
LINE
8
BLACK
6
CONTINUOUS
10
-4.091647204724409
20
5.8713053937007871
11
-4.0952449212598427
21
5.8694526771653539
0
LINE
8
BLACK
6
CONTINUOUS
10
-4.0952449212598427
20
5.8694526771653539
11
-4.0957855511811019
21
5.8692457874015744
0
LINE
8
BLACK
6
CONTINUOUS
10
-4.0957855511811019
20
5.8692457874015744
11
-4.0958914566929137
21
5.8692382283464566
0
LINE
8
BLACK
6
CONTINUOUS
10
-4.0958914566929137
20
5.8692382283464566
11
-4.0959894094488192
21
5.8691976771653538
0
LINE
8
BLACK
6
CONTINUOUS
10
-4.0959894094488192
20
5.8691976771653538
11
-4.0965039763779529
21
5.8691947244094491
0
LINE
8
BLACK
6
CONTINUOUS
10
-4.0965039763779529
20
5.8691947244094491
11
-4.0969347637795277
21
5.8691641338582672
0
LINE
8
BLACK
6
CONTINUOUS
10
-4.0969347637795277
20
5.8691641338582672
11
-4.0970178346456692
21
5.8691918110236223
0
LINE
8
BLACK
6
CONTINUOUS
10
-4.0970178346456692
20
5.8691918110236223
11
-4.1059392913385828
21
5.8691409448818899
0
LINE
8
BLACK
6
CONTINUOUS
10
-4.1059392913385828
20
5.8691409448818899
11
-4.1065153543307087
21
5.8691976771653538
0
LINE
8
BLACK
6
CONTINUOUS
10
-4.1065153543307087
20
5.8691976771653538
11
-4.106613346456693
21
5.8692382283464566
0
LINE
8
BLACK
6
CONTINUOUS
10
-4.106613346456693
20
5.8692382283464566
11
-4.1067192125984251
21
5.8692457874015744
0
LINE
8
BLACK
6
CONTINUOUS
10
-4.1067192125984251
20
5.8692457874015744
11
-4.1072309842519683
21
5.8694940551181105
0
LINE
8
BLACK
6
CONTINUOUS
10
-4.1072309842519683
20
5.8694940551181105
11
-4.107579763779527
21
5.8696385826771653
0
LINE
8
BLACK
6
CONTINUOUS
10
-4.107579763779527
20
5.8696385826771653
11
-4.1076278740157477
21
5.8696866535433072
0
LINE
8
BLACK
6
CONTINUOUS
10
-4.1076278740157477
20
5.8696866535433072
11
-4.1078786220472443
21
5.8698083070866138
0
LINE
8
BLACK
6
CONTINUOUS
10
-4.1078786220472443
20
5.8698083070866138
11
-4.1080483464566928
21
5.8696385826771653
0
LINE
8
BLACK
6
CONTINUOUS
10
-4.1080483464566928
20
5.8696385826771653
11
-4.1091127559055121
21
5.8691976771653538
0
LINE
8
BLACK
6
CONTINUOUS
10
-4.1091127559055121
20
5.8691976771653538
11
-4.1102648818897638
21
5.8691976771653538
0
LINE
8
BLACK
6
CONTINUOUS
10
-4.1102648818897638
20
5.8691976771653538
11
-4.1113292913385822
21
5.8696385826771653
0
LINE
8
BLACK
6
CONTINUOUS
10
-4.1113292913385822
20
5.8696385826771653
11
-4.1121439370078736
21
5.8704532283464568
0
LINE
8
BLACK
6
CONTINUOUS
10
-4.1121439370078736
20
5.8704532283464568
11
-4.1125848425196851
21
5.8715176377952751
0
LINE
8
BLACK
6
CONTINUOUS
10
-4.1125848425196851
20
5.8715176377952751
11
-4.1125901968503937
21
5.8735146062992127
0
LINE
8
BLACK
6
CONTINUOUS
10
-4.1125901968503937
20
5.8735146062992127
11
-4.1126183858267717
21
5.8735992125984247
0
LINE
8
BLACK
6
CONTINUOUS
10
-4.1126183858267717
20
5.8735992125984247
11
-4.1125914566929129
21
5.8739785826771653
0
LINE
8
BLACK
6
CONTINUOUS
10
-4.1125914566929129
20
5.8739785826771653
11
-4.1126415748031491
21
5.8927161417322838
0
LINE
8
BLACK
6
CONTINUOUS
10
-4.1126415748031491
20
5.8927161417322838
11
-4.1125848425196851
21
5.8932922047244096
0
LINE
8
BLACK
6
CONTINUOUS
10
-4.1125848425196851
20
5.8932922047244096
11
-4.1125442519685036
21
5.8933901968503939
0
LINE
8
BLACK
6
CONTINUOUS
10
-4.1125442519685036
20
5.8933901968503939
11
-4.1125367322834645
21
5.8934960236220473
0
LINE
8
BLACK
6
CONTINUOUS
10
-4.1125367322834645
20
5.8934960236220473
11
-4.1122885433070868
21
5.894007559055118
0
LINE
8
BLACK
6
CONTINUOUS
10
-4.1122885433070868
20
5.894007559055118
11
-4.1121439370078736
21
5.894356614173228
0
LINE
8
BLACK
6
CONTINUOUS
10
-4.1121439370078736
20
5.894356614173228
11
-4.1120958267716539
21
5.8944047244094486
0
LINE
8
BLACK
6
CONTINUOUS
10
-4.1120958267716539
20
5.8944047244094486
11
-4.1104550787401575
21
5.8977861811023624
0
LINE
8
BLACK
6
CONTINUOUS
10
-4.1104550787401575
20
5.8977861811023624
11
-4.1103944488188979
21
5.8978825196850391
0
LINE
8
BLACK
6
CONTINUOUS
10
-4.1103944488188979
20
5.8978825196850391
11
-4.1103792913385826
21
5.8979279527559054
0
LINE
8
BLACK
6
CONTINUOUS
10
-4.1103792913385826
20
5.8979279527559054
11
-4.1103302755905515
21
5.8979844881889765
0
LINE
8
BLACK
6
CONTINUOUS
10
-4.1103302755905515
20
5.8979844881889765
11
-4.1101467322834644
21
5.8982760629921263
0
LINE
8
BLACK
6
CONTINUOUS
10
-4.1101467322834644
20
5.8982760629921263
11
-4.1098670472440944
21
5.8985186220472441
0
LINE
8
BLACK
6
CONTINUOUS
10
-4.1098670472440944
20
5.8985186220472441
11
-4.1096244488188978
21
5.8987983464566929
0
LINE
8
BLACK
6
CONTINUOUS
10
-4.1096244488188978
20
5.8987983464566929
11
-4.1094276377952754
21
5.8988996850393702
0
LINE
8
BLACK
6
CONTINUOUS
10
-4.1094276377952754
20
5.8988996850393702
11
-4.1092763385826769
21
5.8990309055118111
0
LINE
8
BLACK
6
CONTINUOUS
10
-4.1092763385826769
20
5.8990309055118111
11
-4.1089828740157479
21
5.8991287007874016
0
LINE
8
BLACK
6
CONTINUOUS
10
-4.1089828740157479
20
5.8991287007874016
11
-4.1053850393700788
21
5.9009814566929135
0
LINE
8
BLACK
6
CONTINUOUS
10
-4.1053850393700788
20
5.9009814566929135
11
-4.1048444488188975
21
5.901188346456693
0
LINE
8
BLACK
6
CONTINUOUS
10
-4.1048444488188975
20
5.901188346456693
11
-4.1047385826771654
21
5.9011958661417321
0
LINE
8
BLACK
6
CONTINUOUS
10
-4.1047385826771654
20
5.9011958661417321
11
-4.1046405905511811
21
5.9012364566929136
0
LINE
8
BLACK
6
CONTINUOUS
10
-4.1046405905511811
20
5.9012364566929136
11
-4.1041154330708665
21
5.9012401181102359
0
LINE
8
BLACK
6
CONTINUOUS
10
-4.1041154330708665
20
5.9012401181102359
11
-4.1036952362204726
21
5.9012700000000002
0
LINE
8
BLACK
6
CONTINUOUS
10
-4.1036952362204726
20
5.9012700000000002
11
-4.1036162204724409
21
5.901243622047244
0
LINE
8
BLACK
6
CONTINUOUS
10
-4.1036162204724409
20
5.901243622047244
11
-4.096565472440945
21
5.9012931889763776
0
LINE
8
BLACK
6
CONTINUOUS
10
-4.096565472440945
20
5.9012931889763776
11
-4.0959894094488192
21
5.9012364566929136
0
LINE
8
BLACK
6
CONTINUOUS
10
-4.1067459055118105
20
5.8757668503937008
11
-4.1051601968503935
21
5.874997440944882
0
LINE
8
BLACK
6
CONTINUOUS
10
-4.1051601968503935
20
5.874997440944882
11
-4.0971785039370081
21
5.8750429527559049
0
LINE
8
BLACK
6
CONTINUOUS
10
-4.0971785039370081
20
5.8750429527559049
11
-4.0949687795275587
21
5.8761808661417323
0
LINE
8
BLACK
6
CONTINUOUS
10
-4.0949687795275587
20
5.8761808661417323
11
-4.0938547244094483
21
5.8784768897637791
0
LINE
8
BLACK
6
CONTINUOUS
10
-4.0938547244094483
20
5.8784768897637791
11
-4.0938857874015744
21
5.8808454330708662
0
LINE
8
BLACK
6
CONTINUOUS
10
-4.0938857874015744
20
5.8808454330708662
11
-4.0950283858267715
21
5.8830642125984252
0
LINE
8
BLACK
6
CONTINUOUS
10
-4.0950283858267715
20
5.8830642125984252
11
-4.0973445275590548
21
5.8841880708661414
0
LINE
8
BLACK
6
CONTINUOUS
10
-4.0973445275590548
20
5.8841880708661414
11
-4.1059392913385828
21
5.8841390944881891
0
LINE
8
BLACK
6
CONTINUOUS
10
-4.1059392913385828
20
5.8841390944881891
11
-4.1065153543307087
21
5.884195826771653
0
LINE
8
BLACK
6
CONTINUOUS
10
-4.1065153543307087
20
5.884195826771653
11
-4.106613346456693
21
5.8842363779527558
0
LINE
8
BLACK
6
CONTINUOUS
10
-4.106613346456693
20
5.8842363779527558
11
-4.1067192125984251
21
5.8842439370078736
0
LINE
8
BLACK
6
CONTINUOUS
10
-4.1067192125984251
20
5.8842439370078736
11
-4.1067686614173224
21
5.8842679133858269
0
LINE
8
BLACK
6
CONTINUOUS
10
-4.1067686614173224
20
5.8842679133858269
11
-4.1067459055118105
21
5.8757668503937008
0
LINE
8
BLACK
6
CONTINUOUS
10
-4.0397464173228341
20
5.9143598031496065
11
-4.0396484251968507
21
5.9143191732283462
0
LINE
8
BLACK
6
CONTINUOUS
10
-4.0396484251968507
20
5.9143191732283462
11
-4.0395425984251965
21
5.9143116929133859
0
LINE
8
BLACK
6
CONTINUOUS
10
-4.0395425984251965
20
5.9143116929133859
11
-4.0390310629921258
21
5.9140634645669294
0
LINE
8
BLACK
6
CONTINUOUS
10
-4.0390310629921258
20
5.9140634645669294
11
-4.0386820078740158
21
5.913918897637795
0
LINE
8
BLACK
6
CONTINUOUS
10
-4.0386820078740158
20
5.913918897637795
11
-4.0386338976377951
21
5.9138707480314956
0
LINE
8
BLACK
6
CONTINUOUS
10
-4.0386338976377951
20
5.9138707480314956
11
-4.0352524409448822
21
5.9122300393700788
0
LINE
8
BLACK
6
CONTINUOUS
10
-4.0352524409448822
20
5.9122300393700788
11
-4.0350044488188974
21
5.9120739370078743
0
LINE
8
BLACK
6
CONTINUOUS
10
-4.0350044488188974
20
5.9120739370078743
11
-4.0349324803149607
21
5.9120441338582674
0
LINE
8
BLACK
6
CONTINUOUS
10
-4.0349324803149607
20
5.9120441338582674
11
-4.0348864173228343
21
5.9119996062992124
0
LINE
8
BLACK
6
CONTINUOUS
10
-4.0348864173228343
20
5.9119996062992124
11
-4.0347625590551184
21
5.9119216929133858
0
LINE
8
BLACK
6
CONTINUOUS
10
-4.0347625590551184
20
5.9119216929133858
11
-4.0345408267716536
21
5.9116659842519681
0
LINE
8
BLACK
6
CONTINUOUS
10
-4.0345408267716536
20
5.9116659842519681
11
-4.0326102755905513
21
5.9098021653543302
0
LINE
8
BLACK
6
CONTINUOUS
10
-4.0326102755905513
20
5.9098021653543302
11
-4.0324245275590549
21
5.9095757874015744
0
LINE
8
BLACK
6
CONTINUOUS
10
-4.0324245275590549
20
5.9095757874015744
11
-4.0323655118110233
21
5.9095246456692916
0
LINE
8
BLACK
6
CONTINUOUS
10
-4.0323655118110233
20
5.9095246456692916
11
-4.032336889763779
21
5.9094689763779522
0
LINE
8
BLACK
6
CONTINUOUS
10
-4.032336889763779
20
5.9094689763779522
11
-4.0322430708661416
21
5.9093547244094484
0
LINE
8
BLACK
6
CONTINUOUS
10
-4.0322430708661416
20
5.9093547244094484
11
-4.0320994094488185
21
5.9090078346456689
0
LINE
8
BLACK
6
CONTINUOUS
10
-4.0320994094488185
20
5.9090078346456689
11
-4.0301824015748027
21
5.9052852362204726
0
LINE
8
BLACK
6
CONTINUOUS
10
-4.0301824015748027
20
5.9052852362204726
11
-4.0299755118110232
21
5.9047446456692914
0
LINE
8
BLACK
6
CONTINUOUS
10
-4.0299755118110232
20
5.9047446456692914
11
-4.0299679921259841
21
5.9046387401574805
0
LINE
8
BLACK
6
CONTINUOUS
10
-4.0299679921259841
20
5.9046387401574805
11
-4.0299274015748034
21
5.904540787401575
0
LINE
8
BLACK
6
CONTINUOUS
10
-4.0299274015748034
20
5.904540787401575
11
-4.029919803149606
21
5.9039603937007872
0
LINE
8
BLACK
6
CONTINUOUS
10
-4.029919803149606
20
5.9039603937007872
11
-4.0298938582677168
21
5.9035954330708664
0
LINE
8
BLACK
6
CONTINUOUS
10
-4.0298938582677168
20
5.9035954330708664
11
-4.0299142125984249
21
5.9035343700787397
0
LINE
8
BLACK
6
CONTINUOUS
10
-4.0299142125984249
20
5.9035343700787397
11
-4.0298706692913386
21
5.900215196850394
0
LINE
8
BLACK
6
CONTINUOUS
10
-4.0298706692913386
20
5.900215196850394
11
-4.0299274015748034
21
5.8996391338582672
0
LINE
8
BLACK
6
CONTINUOUS
10
-4.0299274015748034
20
5.8996391338582672
11
-4.0299679921259841
21
5.8995411417322829
0
LINE
8
BLACK
6
CONTINUOUS
10
-4.0299679921259841
20
5.8995411417322829
11
-4.0299755118110232
21
5.8994352755905508
0
LINE
8
BLACK
6
CONTINUOUS
10
-4.0299755118110232
20
5.8994352755905508
11
-4.0302238582677168
21
5.8989235039370076
0
LINE
8
BLACK
6
CONTINUOUS
10
-4.0302238582677168
20
5.8989235039370076
11
-4.0303683070866141
21
5.8985747244094489
0
LINE
8
BLACK
6
CONTINUOUS
10
-4.0303683070866141
20
5.8985747244094489
11
-4.0304164173228347
21
5.8985266141732282
0
LINE
8
BLACK
6
CONTINUOUS
10
-4.0304164173228347
20
5.8985266141732282
11
-4.0320571653543302
21
5.8951451574803144
0
LINE
8
BLACK
6
CONTINUOUS
10
-4.0320571653543302
20
5.8951451574803144
11
-4.0322132677165357
21
5.8948971259842518
0
LINE
8
BLACK
6
CONTINUOUS
10
-4.0322132677165357
20
5.8948971259842518
11
-4.0322430708661416
21
5.8948251968503937
0
LINE
8
BLACK
6
CONTINUOUS
10
-4.0322430708661416
20
5.8948251968503937
11
-4.0322875984251967
21
5.8947790944881886
0
LINE
8
BLACK
6
CONTINUOUS
10
-4.0322875984251967
20
5.8947790944881886
11
-4.0323655118110233
21
5.8946552755905515
0
LINE
8
BLACK
6
CONTINUOUS
10
-4.0323655118110233
20
5.8946552755905515
11
-4.032621220472441
21
5.8944335039370079
0
LINE
8
BLACK
6
CONTINUOUS
10
-4.032621220472441
20
5.8944335039370079
11
-4.0344850393700789
21
5.8925029921259844
0
LINE
8
BLACK
6
CONTINUOUS
10
-4.0344850393700789
20
5.8925029921259844
11
-4.0347114173228347
21
5.8923172047244092
0
LINE
8
BLACK
6
CONTINUOUS
10
-4.0347114173228347
20
5.8923172047244092
11
-4.0347625590551184
21
5.8922582283464564
0
LINE
8
BLACK
6
CONTINUOUS
10
-4.0347625590551184
20
5.8922582283464564
11
-4.0348182283464569
21
5.8922295669291334
0
LINE
8
BLACK
6
CONTINUOUS
10
-4.0348182283464569
20
5.8922295669291334
11
-4.0349324803149607
21
5.8921357874015747
0
LINE
8
BLACK
6
CONTINUOUS
10
-4.0349324803149607
20
5.8921357874015747
11
-4.0352792913385827
21
5.8919921259842516
0
LINE
8
BLACK
6
CONTINUOUS
10
-4.0352792913385827
20
5.8919921259842516
11
-4.0390019685039373
21
5.8900751181102358
0
LINE
8
BLACK
6
CONTINUOUS
10
-4.0390019685039373
20
5.8900751181102358
11
-4.0390440944881885
21
5.8900589763779525
0
LINE
8
BLACK
6
CONTINUOUS
10
-4.0390440944881885
20
5.8900589763779525
11
-4.0390612204724405
21
5.8900462992125986
0
LINE
8
BLACK
6
CONTINUOUS
10
-4.0390612204724405
20
5.8900462992125986
11
-4.0391102362204725
21
5.8900336614173225
0
LINE
8
BLACK
6
CONTINUOUS
10
-4.0391102362204725
20
5.8900336614173225
11
-4.0395425984251965
21
5.8898682283464563
0
LINE
8
BLACK
6
CONTINUOUS
10
-4.0395425984251965
20
5.8898682283464563
11
-4.0398338188976375
21
5.8898475196850395
0
LINE
8
BLACK
6
CONTINUOUS
10
-4.0398338188976375
20
5.8898475196850395
11
-4.0469829133858264
21
5.8880082677165353
0
LINE
8
BLACK
6
CONTINUOUS
10
-4.0469829133858264
20
5.8880082677165353
11
-4.049915236220472
21
5.8864982677165356
0
LINE
8
BLACK
6
CONTINUOUS
10
-4.049915236220472
20
5.8864982677165356
11
-4.0511059448818898
21
5.885264921259842
0
LINE
8
BLACK
6
CONTINUOUS
10
-4.0511059448818898
20
5.885264921259842
11
-4.0524070866141733
21
5.8825834251968505
0
LINE
8
BLACK
6
CONTINUOUS
10
-4.0524070866141733
20
5.8825834251968505
11
-4.0523760236220472
21
5.8802148818897635
0
LINE
8
BLACK
6
CONTINUOUS
10
-4.0523760236220472
20
5.8802148818897635
11
-4.0509775196850395
21
5.8774990944881891
0
LINE
8
BLACK
6
CONTINUOUS
10
-4.0509775196850395
20
5.8774990944881891
11
-4.049744133858268
21
5.8763083464566925
0
LINE
8
BLACK
6
CONTINUOUS
10
-4.049744133858268
20
5.8763083464566925
11
-4.0470424409448817
21
5.874997440944882
0
LINE
8
BLACK
6
CONTINUOUS
10
-4.0470424409448817
20
5.874997440944882
11
-4.0387860629921262
21
5.8750444881889763
0
LINE
8
BLACK
6
CONTINUOUS
10
-4.0387860629921262
20
5.8750444881889763
11
-4.0337571653543307
21
5.8767697244094483
0
LINE
8
BLACK
6
CONTINUOUS
10
-4.0337571653543307
20
5.8767697244094483
11
-4.0331927559055121
21
5.876898070866142
0
LINE
8
BLACK
6
CONTINUOUS
10
-4.0331927559055121
20
5.876898070866142
11
-4.0320435433070863
21
5.8768164173228348
0
LINE
8
BLACK
6
CONTINUOUS
10
-4.0320435433070863
20
5.8768164173228348
11
-4.031013070866142
21
5.8763011811023622
0
LINE
8
BLACK
6
CONTINUOUS
10
-4.031013070866142
20
5.8763011811023622
11
-4.0302581889763776
21
5.8754308267716535
0
LINE
8
BLACK
6
CONTINUOUS
10
-4.0302581889763776
20
5.8754308267716535
11
-4.0298938582677168
21
5.8743378346456687
0
LINE
8
BLACK
6
CONTINUOUS
10
-4.0298938582677168
20
5.8743378346456687
11
-4.0299755118110232
21
5.8731886220472438
0
LINE
8
BLACK
6
CONTINUOUS
10
-4.0299755118110232
20
5.8731886220472438
11
-4.0304907480314958
21
5.8721581496062987
0
LINE
8
BLACK
6
CONTINUOUS
10
-4.0304907480314958
20
5.8721581496062987
11
-4.0313611023622045
21
5.8714032677165351
0
LINE
8
BLACK
6
CONTINUOUS
10
-4.0313611023622045
20
5.8714032677165351
11
-4.0375139370078736
21
5.8692924803149609
0
LINE
8
BLACK
6
CONTINUOUS
10
-4.0375139370078736
20
5.8692924803149609
11
-4.0377996062992123
21
5.8692275196850394
0
LINE
8
BLACK
6
CONTINUOUS
10
-4.0377996062992123
20
5.8692275196850394
11
-4.0378716535433066
21
5.8691976771653538
0
LINE
8
BLACK
6
CONTINUOUS
10
-4.0378716535433066
20
5.8691976771653538
11
-4.0379324015748033
21
5.8691973228346459
0
LINE
8
BLACK
6
CONTINUOUS
10
-4.0379324015748033
20
5.8691973228346459
11
-4.0380783858267719
21
5.8691641338582672
0
LINE
8
BLACK
6
CONTINUOUS
10
-4.0380783858267719
20
5.8691641338582672
11
-4.0385000787401575
21
5.8691940551181103
0
LINE
8
BLACK
6
CONTINUOUS
10
-4.0385000787401575
20
5.8691940551181103
11
-4.0478215354330711
21
5.8691409448818899
0
LINE
8
BLACK
6
CONTINUOUS
10
-4.0478215354330711
20
5.8691409448818899
11
-4.048397598425197
21
5.8691976771653538
0
LINE
8
BLACK
6
CONTINUOUS
10
-4.048397598425197
20
5.8691976771653538
11
-4.0484955905511812
21
5.8692382283464566
0
LINE
8
BLACK
6
CONTINUOUS
10
-4.0484955905511812
20
5.8692382283464566
11
-4.0486014566929134
21
5.8692457874015744
0
LINE
8
BLACK
6
CONTINUOUS
10
-4.0486014566929134
20
5.8692457874015744
11
-4.0491132283464566
21
5.8694940551181105
0
LINE
8
BLACK
6
CONTINUOUS
10
-4.0491132283464566
20
5.8694940551181105
11
-4.0494620078740153
21
5.8696385826771653
0
LINE
8
BLACK
6
CONTINUOUS
10
-4.0494620078740153
20
5.8696385826771653
11
-4.049510118110236
21
5.8696866535433072
0
LINE
8
BLACK
6
CONTINUOUS
10
-4.049510118110236
20
5.8696866535433072
11
-4.0528916141732285
21
5.8713274803149602
0
LINE
8
BLACK
6
CONTINUOUS
10
-4.0528916141732285
20
5.8713274803149602
11
-4.0531395669291337
21
5.8714835433070869
0
LINE
8
BLACK
6
CONTINUOUS
10
-4.0531395669291337
20
5.8714835433070869
11
-4.0532115354330704
21
5.8715133858267716
0
LINE
8
BLACK
6
CONTINUOUS
10
-4.0532115354330704
20
5.8715133858267716
11
-4.0532577165354331
21
5.8715579133858267
0
LINE
8
BLACK
6
CONTINUOUS
10
-4.0532577165354331
20
5.8715579133858267
11
-4.0533814566929136
21
5.8716358661417321
0
LINE
8
BLACK
6
CONTINUOUS
10
-4.0533814566929136
20
5.8716358661417321
11
-4.05360311023622
21
5.871891377952756
0
LINE
8
BLACK
6
CONTINUOUS
10
-4.05360311023622
20
5.871891377952756
11
-4.0555337401574798
21
5.8737553543307088
0
LINE
8
BLACK
6
CONTINUOUS
10
-4.0555337401574798
20
5.8737553543307088
11
-4.055719527559055
21
5.8739816929133859
0
LINE
8
BLACK
6
CONTINUOUS
10
-4.055719527559055
20
5.8739816929133859
11
-4.0557785039370078
21
5.8740328740157475
0
LINE
8
BLACK
6
CONTINUOUS
10
-4.0557785039370078
20
5.8740328740157475
11
-4.0558071653543308
21
5.8740885039370081
0
LINE
8
BLACK
6
CONTINUOUS
10
-4.0558071653543308
20
5.8740885039370081
11
-4.0559009448818895
21
5.8742027952755906
0
LINE
8
BLACK
6
CONTINUOUS
10
-4.0559009448818895
20
5.8742027952755906
11
-4.0560446062992126
21
5.8745495669291339
0
LINE
8
BLACK
6
CONTINUOUS
10
-4.0560446062992126
20
5.8745495669291339
11
-4.0579616141732284
21
5.8782722834645664
0
LINE
8
BLACK
6
CONTINUOUS
10
-4.0579616141732284
20
5.8782722834645664
11
-4.0581685039370079
21
5.8788129133858265
0
LINE
8
BLACK
6
CONTINUOUS
10
-4.0581685039370079
20
5.8788129133858265
11
-4.058176023622047
21
5.8789187007874011
0
LINE
8
BLACK
6
CONTINUOUS
10
-4.058176023622047
20
5.8789187007874011
11
-4.0582166141732285
21
5.8790167322834641
0
LINE
8
BLACK
6
CONTINUOUS
10
-4.0582166141732285
20
5.8790167322834641
11
-4.0582242519685039
21
5.8795971653543306
0
LINE
8
BLACK
6
CONTINUOUS
10
-4.0582242519685039
20
5.8795971653543306
11
-4.0582501574803151
21
5.8799621259842523
0
LINE
8
BLACK
6
CONTINUOUS
10
-4.0582501574803151
20
5.8799621259842523
11
-4.058229842519685
21
5.8800231496062993
0
LINE
8
BLACK
6
CONTINUOUS
10
-4.058229842519685
20
5.8800231496062993
11
-4.0582733464566925
21
5.883342322834646
0
LINE
8
BLACK
6
CONTINUOUS
10
-4.0582733464566925
20
5.883342322834646
11
-4.0582166141732285
21
5.8839183858267718
0
LINE
8
BLACK
6
CONTINUOUS
10
-4.0582166141732285
20
5.8839183858267718
11
-4.058176023622047
21
5.8840163779527561
0
LINE
8
BLACK
6
CONTINUOUS
10
-4.058176023622047
20
5.8840163779527561
11
-4.0581685039370079
21
5.8841222047244095
0
LINE
8
BLACK
6
CONTINUOUS
10
-4.0581685039370079
20
5.8841222047244095
11
-4.0579203149606302
21
5.8846337401574802
0
LINE
8
BLACK
6
CONTINUOUS
10
-4.0579203149606302
20
5.8846337401574802
11
-4.057775708661417
21
5.8849827952755902
0
LINE
8
BLACK
6
CONTINUOUS
10
-4.057775708661417
20
5.8849827952755902
11
-4.0577275984251964
21
5.8850309055118109
0
LINE
8
BLACK
6
CONTINUOUS
10
-4.0577275984251964
20
5.8850309055118109
11
-4.0560868503937009
21
5.8884123622047246
0
LINE
8
BLACK
6
CONTINUOUS
10
-4.0560868503937009
20
5.8884123622047246
11
-4.0559307874015751
21
5.8886603543307086
0
LINE
8
BLACK
6
CONTINUOUS
10
-4.0559307874015751
20
5.8886603543307086
11
-4.0559009448818895
21
5.8887323228346453
0
LINE
8
BLACK
6
CONTINUOUS
10
-4.0559009448818895
20
5.8887323228346453
11
-4.0558564566929132
21
5.8887783858267717
0
LINE
8
BLACK
6
CONTINUOUS
10
-4.0558564566929132
20
5.8887783858267717
11
-4.0557785039370078
21
5.8889022440944885
0
LINE
8
BLACK
6
CONTINUOUS
10
-4.0557785039370078
20
5.8889022440944885
11
-4.0555228346456689
21
5.8891239763779524
0
LINE
8
BLACK
6
CONTINUOUS
10
-4.0555228346456689
20
5.8891239763779524
11
-4.0536589763779522
21
5.8910545275590547
0
LINE
8
BLACK
6
CONTINUOUS
10
-4.0536589763779522
20
5.8910545275590547
11
-4.0534326377952752
21
5.8912402755905511
0
LINE
8
BLACK
6
CONTINUOUS
10
-4.0534326377952752
20
5.8912402755905511
11
-4.0533814566929136
21
5.8912992913385827
0
LINE
8
BLACK
6
CONTINUOUS
10
-4.0533814566929136
20
5.8912992913385827
11
-4.0533258267716539
21
5.891327913385827
0
LINE
8
BLACK
6
CONTINUOUS
10
-4.0533258267716539
20
5.891327913385827
11
-4.0532115354330704
21
5.8914217322834643
0
LINE
8
BLACK
6
CONTINUOUS
10
-4.0532115354330704
20
5.8914217322834643
11
-4.0528646850393697
21
5.8915653937007875
0
LINE
8
BLACK
6
CONTINUOUS
10
-4.0528646850393697
20
5.8915653937007875
11
-4.0491420472440947
21
5.8934824015748033
0
LINE
8
BLACK
6
CONTINUOUS
10
-4.0491420472440947
20
5.8934824015748033
11
-4.0490999606299214
21
5.8934985039370078
0
LINE
8
BLACK
6
CONTINUOUS
10
-4.0490999606299214
20
5.8934985039370078
11
-4.0490827952755906
21
5.8935112204724405
0
LINE
8
BLACK
6
CONTINUOUS
10
-4.0490827952755906
20
5.8935112204724405
11
-4.0490338582677161
21
5.893523779527559
0
LINE
8
BLACK
6
CONTINUOUS
10
-4.0490338582677161
20
5.893523779527559
11
-4.0486014566929134
21
5.8936892913385828
0
LINE
8
BLACK
6
CONTINUOUS
10
-4.0486014566929134
20
5.8936892913385828
11
-4.0483102362204724
21
5.8937099606299208
0
LINE
8
BLACK
6
CONTINUOUS
10
-4.0483102362204724
20
5.8937099606299208
11
-4.0411611417322835
21
5.895549212598425
0
LINE
8
BLACK
6
CONTINUOUS
10
-4.0411611417322835
20
5.895549212598425
11
-4.0382288188976379
21
5.8970592125984247
0
LINE
8
BLACK
6
CONTINUOUS
10
-4.0382288188976379
20
5.8970592125984247
11
-4.0370380708661413
21
5.898292598425197
0
LINE
8
BLACK
6
CONTINUOUS
10
-4.0370380708661413
20
5.898292598425197
11
-4.0357369685039366
21
5.9009740551181098
0
LINE
8
BLACK
6
CONTINUOUS
10
-4.0357369685039366
20
5.9009740551181098
11
-4.0357680314960627
21
5.9033425984251968
0
LINE
8
BLACK
6
CONTINUOUS
10
-4.0357680314960627
20
5.9033425984251968
11
-4.0371665354330704
21
5.9060583858267712
0
LINE
8
BLACK
6
CONTINUOUS
10
-4.0371665354330704
20
5.9060583858267712
11
-4.038399881889764
21
5.907249094488189
0
LINE
8
BLACK
6
CONTINUOUS
10
-4.038399881889764
20
5.907249094488189
11
-4.0411015354330706
21
5.9085599999999996
0
LINE
8
BLACK
6
CONTINUOUS
10
-4.0411015354330706
20
5.9085599999999996
11
-4.0493580314960633
21
5.9085129133858265
0
LINE
8
BLACK
6
CONTINUOUS
10
-4.0493580314960633
20
5.9085129133858265
11
-4.0543868503937004
21
5.9067877952755907
0
LINE
8
BLACK
6
CONTINUOUS
10
-4.0543868503937004
20
5.9067877952755907
11
-4.0549512992125987
21
5.9066594488188979
0
LINE
8
BLACK
6
CONTINUOUS
10
-4.0549512992125987
20
5.9066594488188979
11
-4.0561005118110236
21
5.906741141732283
0
LINE
8
BLACK
6
CONTINUOUS
10
-4.0561005118110236
20
5.906741141732283
11
-4.05713094488189
21
5.9072563385826768
0
LINE
8
BLACK
6
CONTINUOUS
10
-4.05713094488189
20
5.9072563385826768
11
-4.0578858267716535
21
5.9081266929133855
0
LINE
8
BLACK
6
CONTINUOUS
10
-4.0578858267716535
20
5.9081266929133855
11
-4.0582501574803151
21
5.9092197244094491
0
LINE
8
BLACK
6
CONTINUOUS
10
-4.0582501574803151
20
5.9092197244094491
11
-4.0581684645669291
21
5.910368937007874
0
LINE
8
BLACK
6
CONTINUOUS
10
-4.0581684645669291
20
5.910368937007874
11
-4.0576532677165353
21
5.9113993700787404
0
LINE
8
BLACK
6
CONTINUOUS
10
-4.0576532677165353
20
5.9113993700787404
11
-4.0567829133858266
21
5.912154251968504
0
LINE
8
BLACK
6
CONTINUOUS
10
-4.0567829133858266
20
5.912154251968504
11
-4.0506300787401575
21
5.9142649999999994
0
LINE
8
BLACK
6
CONTINUOUS
10
-4.0506300787401575
20
5.9142649999999994
11
-4.0503444488188975
21
5.9143299212598421
0
LINE
8
BLACK
6
CONTINUOUS
10
-4.0503444488188975
20
5.9143299212598421
11
-4.0502723622047245
21
5.9143598031496065
0
LINE
8
BLACK
6
CONTINUOUS
10
-4.0502723622047245
20
5.9143598031496065
11
-4.0502116535433066
21
5.9143601181102357
0
LINE
8
BLACK
6
CONTINUOUS
10
-4.0502116535433066
20
5.9143601181102357
11
-4.0500656299212601
21
5.9143933464566931
0
LINE
8
BLACK
6
CONTINUOUS
10
-4.0500656299212601
20
5.9143933464566931
11
-4.0496441732283461
21
5.9143633464566925
0
LINE
8
BLACK
6
CONTINUOUS
10
-4.0496441732283461
20
5.9143633464566925
11
-4.0403224803149609
21
5.9144165354330704
0
LINE
8
BLACK
6
CONTINUOUS
10
-4.0403224803149609
20
5.9144165354330704
11
-4.0397464173228341
21
5.9143598031496065
0
LINE
8
BLACK
6
CONTINUOUS
10
-4.070553031496063
20
5.913918897637795
11
-4.0697383858267715
21
5.9131042519685035
0
LINE
8
BLACK
6
CONTINUOUS
10
-4.0697383858267715
20
5.9131042519685035
11
-4.0692974803149609
21
5.9120398425196852
0
LINE
8
BLACK
6
CONTINUOUS
10
-4.0692974803149609
20
5.9120398425196852
11
-4.069240748031496
21
5.8777180314960624
0
LINE
8
BLACK
6
CONTINUOUS
10
-4.069240748031496
20
5.8777180314960624
11
-4.0692974803149609
21
5.8771419685039366
0
LINE
8
BLACK
6
CONTINUOUS
10
-4.0692974803149609
20
5.8771419685039366
11
-4.0693380708661415
21
5.8770439763779523
0
LINE
8
BLACK
6
CONTINUOUS
10
-4.0693380708661415
20
5.8770439763779523
11
-4.0693455905511806
21
5.8769381102362201
0
LINE
8
BLACK
6
CONTINUOUS
10
-4.0693455905511806
20
5.8769381102362201
11
-4.0695939370078742
21
5.8764263385826769
0
LINE
8
BLACK
6
CONTINUOUS
10
-4.0695939370078742
20
5.8764263385826769
11
-4.0697383858267715
21
5.8760775590551182
0
LINE
8
BLACK
6
CONTINUOUS
10
-4.0697383858267715
20
5.8760775590551182
11
-4.0697864960629921
21
5.8760294488188975
0
LINE
8
BLACK
6
CONTINUOUS
10
-4.0697864960629921
20
5.8760294488188975
11
-4.0714272440944885
21
5.8726479921259838
0
LINE
8
BLACK
6
CONTINUOUS
10
-4.0714272440944885
20
5.8726479921259838
11
-4.0714878740157481
21
5.8725516929133859
0
LINE
8
BLACK
6
CONTINUOUS
10
-4.0714878740157481
20
5.8725516929133859
11
-4.0715029921259838
21
5.8725062598425195
0
LINE
8
BLACK
6
CONTINUOUS
10
-4.0715029921259838
20
5.8725062598425195
11
-4.071552125984252
21
5.872449645669291
0
LINE
8
BLACK
6
CONTINUOUS
10
-4.071552125984252
20
5.872449645669291
11
-4.0717355905511807
21
5.8721581102362199
0
LINE
8
BLACK
6
CONTINUOUS
10
-4.0717355905511807
20
5.8721581102362199
11
-4.0720153149606295
21
5.8719155511811021
0
LINE
8
BLACK
6
CONTINUOUS
10
-4.0720153149606295
20
5.8719155511811021
11
-4.0722578346456695
21
5.8716358661417321
0
LINE
8
BLACK
6
CONTINUOUS
10
-4.0722578346456695
20
5.8716358661417321
11
-4.0724546850393697
21
5.8715344881889759
0
LINE
8
BLACK
6
CONTINUOUS
10
-4.0724546850393697
20
5.8715344881889759
11
-4.0726059842519682
21
5.8714032677165351
0
LINE
8
BLACK
6
CONTINUOUS
10
-4.0726059842519682
20
5.8714032677165351
11
-4.0728995275590547
21
5.8713053937007871
0
LINE
8
BLACK
6
CONTINUOUS
10
-4.0728995275590547
20
5.8713053937007871
11
-4.0764972440944884
21
5.8694526771653539
0
LINE
8
BLACK
6
CONTINUOUS
10
-4.0764972440944884
20
5.8694526771653539
11
-4.0770378740157476
21
5.8692457874015744
0
LINE
8
BLACK
6
CONTINUOUS
10
-4.0770378740157476
20
5.8692457874015744
11
-4.0781870866141734
21
5.8691641338582672
0
LINE
8
BLACK
6
CONTINUOUS
10
-4.0781870866141734
20
5.8691641338582672
11
-4.0792800393700785
21
5.86952842519685
0
LINE
8
BLACK
6
CONTINUOUS
10
-4.0792800393700785
20
5.86952842519685
11
-4.080150433070866
21
5.8702833070866136
0
LINE
8
BLACK
6
CONTINUOUS
10
-4.080150433070866
20
5.8702833070866136
11
-4.0806657086614173
21
5.8713137795275587
0
LINE
8
BLACK
6
CONTINUOUS
10
-4.0806657086614173
20
5.8713137795275587
11
-4.0807473622047246
21
5.8724629921259845
0
LINE
8
BLACK
6
CONTINUOUS
10
-4.0807473622047246
20
5.8724629921259845
11
-4.0803830708661417
21
5.8735559448818897
0
LINE
8
BLACK
6
CONTINUOUS
10
-4.0803830708661417
20
5.8735559448818897
11
-4.0796281889763781
21
5.8744263385826772
0
LINE
8
BLACK
6
CONTINUOUS
10
-4.0796281889763781
20
5.8744263385826772
11
-4.0762211023622044
21
5.8761808661417323
0
LINE
8
BLACK
6
CONTINUOUS
10
-4.0762211023622044
20
5.8761808661417323
11
-4.0750918110236221
21
5.8785083464566927
0
LINE
8
BLACK
6
CONTINUOUS
10
-4.0750918110236221
20
5.8785083464566927
11
-4.0751462598425192
21
5.9114637795275593
0
LINE
8
BLACK
6
CONTINUOUS
10
-4.0751462598425192
20
5.9114637795275593
11
-4.0750895275590553
21
5.9120398425196852
0
LINE
8
BLACK
6
CONTINUOUS
10
-4.0750895275590553
20
5.9120398425196852
11
-4.0746486220472438
21
5.9131042519685035
0
LINE
8
BLACK
6
CONTINUOUS
10
-4.0746486220472438
20
5.9131042519685035
11
-4.0738339763779523
21
5.913918897637795
0
LINE
8
BLACK
6
CONTINUOUS
10
-4.0738339763779523
20
5.913918897637795
11
-4.0727695669291339
21
5.9143598031496065
0
LINE
8
BLACK
6
CONTINUOUS
10
-4.0727695669291339
20
5.9143598031496065
11
-4.0716174409448822
21
5.9143598031496065
0
LINE
8
BLACK
6
CONTINUOUS
10
-4.0716174409448822
20
5.9143598031496065
11
-4.070553031496063
21
5.913918897637795
0
LINE
8
BLACK
6
CONTINUOUS
10
-4.1231704330708663
20
5.9008739763779525
11
-4.1223163385826771
21
5.9001007480314955
0
LINE
8
BLACK
6
CONTINUOUS
10
-4.1223163385826771
20
5.9001007480314955
11
-4.1218231496062989
21
5.8990595669291341
0
LINE
8
BLACK
6
CONTINUOUS
10
-4.1218231496062989
20
5.8990595669291341
11
-4.1217659055118112
21
5.8979088976377954
0
LINE
8
BLACK
6
CONTINUOUS
10
-4.1217659055118112
20
5.8979088976377954
11
-4.131280039370079
21
5.8711005905511806
0
LINE
8
BLACK
6
CONTINUOUS
10
-4.131280039370079
20
5.8711005905511806
11
-4.1315272440944879
21
5.8705771653543302
0
LINE
8
BLACK
6
CONTINUOUS
10
-4.1315272440944879
20
5.8705771653543302
11
-4.1316267716535435
21
5.8704672440944883
0
LINE
8
BLACK
6
CONTINUOUS
10
-4.1316267716535435
20
5.8704672440944883
11
-4.1316901574803149
21
5.8703333858267719
0
LINE
8
BLACK
6
CONTINUOUS
10
-4.1316901574803149
20
5.8703333858267719
11
-4.132010354330709
21
5.8700435039370076
0
LINE
8
BLACK
6
CONTINUOUS
10
-4.132010354330709
20
5.8700435039370076
11
-4.1323004330708661
21
5.8697230708661419
0
LINE
8
BLACK
6
CONTINUOUS
10
-4.1323004330708661
20
5.8697230708661419
11
-4.1324344094488188
21
5.8696596062992121
0
LINE
8
BLACK
6
CONTINUOUS
10
-4.1324344094488188
20
5.8696596062992121
11
-4.1325442519685041
21
5.8695601574803149
0
LINE
8
BLACK
6
CONTINUOUS
10
-4.1325442519685041
20
5.8695601574803149
11
-4.1329512598425193
21
5.8694148031496063
0
LINE
8
BLACK
6
CONTINUOUS
10
-4.1329512598425193
20
5.8694148031496063
11
-4.1333416141732284
21
5.8692298818897637
0
LINE
8
BLACK
6
CONTINUOUS
10
-4.1333416141732284
20
5.8692298818897637
11
-4.1334896062992126
21
5.8692225196850396
0
LINE
8
BLACK
6
CONTINUOUS
10
-4.1334896062992126
20
5.8692225196850396
11
-4.1336292519685038
21
5.8691726377952751
0
LINE
8
BLACK
6
CONTINUOUS
10
-4.1336292519685038
20
5.8691726377952751
11
-4.1340607874015749
21
5.8691940944881891
0
LINE
8
BLACK
6
CONTINUOUS
10
-4.1340607874015749
20
5.8691940944881891
11
-4.134492322834646
21
5.8691726377952751
0
LINE
8
BLACK
6
CONTINUOUS
10
-4.134492322834646
20
5.8691726377952751
11
-4.134632007874016
21
5.8692225196850396
0
LINE
8
BLACK
6
CONTINUOUS
10
-4.134632007874016
20
5.8692225196850396
11
-4.1347799606299214
21
5.8692298818897637
0
LINE
8
BLACK
6
CONTINUOUS
10
-4.1347799606299214
20
5.8692298818897637
11
-4.1351703543307083
21
5.8694148031496063
0
LINE
8
BLACK
6
CONTINUOUS
10
-4.1351703543307083
20
5.8694148031496063
11
-4.1355773228346457
21
5.8695601574803149
0
LINE
8
BLACK
6
CONTINUOUS
10
-4.1355773228346457
20
5.8695601574803149
11
-4.1356872047244098
21
5.8696596062992121
0
LINE
8
BLACK
6
CONTINUOUS
10
-4.1356872047244098
20
5.8696596062992121
11
-4.1358211417322837
21
5.8697230708661419
0
LINE
8
BLACK
6
CONTINUOUS
10
-4.1358211417322837
20
5.8697230708661419
11
-4.1361111417322833
21
5.8700433464566926
0
LINE
8
BLACK
6
CONTINUOUS
10
-4.1361111417322833
20
5.8700433464566926
11
-4.1364314173228349
21
5.8703333464566931
0
LINE
8
BLACK
6
CONTINUOUS
10
-4.1364314173228349
20
5.8703333464566931
11
-4.1364948818897638
21
5.870467283464567
0
LINE
8
BLACK
6
CONTINUOUS
10
-4.1364948818897638
20
5.870467283464567
11
-4.136594330708661
21
5.8705771653543302
0
LINE
8
BLACK
6
CONTINUOUS
10
-4.136594330708661
20
5.8705771653543302
11
-4.136743464566929
21
5.8709920472440942
0
LINE
8
BLACK
6
CONTINUOUS
10
-4.136743464566929
20
5.8709920472440942
11
-4.1369246062992122
21
5.8713745275590554
0
LINE
8
BLACK
6
CONTINUOUS
10
-4.1369246062992122
20
5.8713745275590554
11
-4.1369316535433072
21
5.8715156692913384
0
LINE
8
BLACK
6
CONTINUOUS
10
-4.1369316535433072
20
5.8715156692913384
11
-4.1462153543307085
21
5.8973473228346451
0
LINE
8
BLACK
6
CONTINUOUS
10
-4.1462153543307085
20
5.8973473228346451
11
-4.1463556692913386
21
5.8979088976377954
0
LINE
8
BLACK
6
CONTINUOUS
10
-4.1463556692913386
20
5.8979088976377954
11
-4.14629842519685
21
5.8990596062992129
0
LINE
8
BLACK
6
CONTINUOUS
10
-4.14629842519685
20
5.8990596062992129
11
-4.1458052362204727
21
5.9001007874015743
0
LINE
8
BLACK
6
CONTINUOUS
10
-4.1458052362204727
20
5.9001007874015743
11
-4.1449511417322835
21
5.9008739763779525
0
LINE
8
BLACK
6
CONTINUOUS
10
-4.1449511417322835
20
5.9008739763779525
11
-4.1438661417322837
21
5.9012614960629923
0
LINE
8
BLACK
6
CONTINUOUS
10
-4.1438661417322837
20
5.9012614960629923
11
-4.1427154330708662
21
5.9012042519685037
0
LINE
8
BLACK
6
CONTINUOUS
10
-4.1427154330708662
20
5.9012042519685037
11
-4.1416742519685039
21
5.9007110629921256
0
LINE
8
BLACK
6
CONTINUOUS
10
-4.1416742519685039
20
5.9007110629921256
11
-4.1409010629921257
21
5.8998569685039373
0
LINE
8
BLACK
6
CONTINUOUS
10
-4.1409010629921257
20
5.8998569685039373
11
-4.1340486614173226
21
5.8807902755905515
0
LINE
8
BLACK
6
CONTINUOUS
10
-4.1340486614173226
20
5.8807902755905515
11
-4.127467716535433
21
5.8993335433070868
0
LINE
8
BLACK
6
CONTINUOUS
10
-4.127467716535433
20
5.8993335433070868
11
-4.1272205118110232
21
5.8998569685039373
0
LINE
8
BLACK
6
CONTINUOUS
10
-4.1272205118110232
20
5.8998569685039373
11
-4.1264473228346459
21
5.9007110629921256
0
LINE
8
BLACK
6
CONTINUOUS
10
-4.1264473228346459
20
5.9007110629921256
11
-4.1254061417322836
21
5.9012042519685037
0
LINE
8
BLACK
6
CONTINUOUS
10
-4.1254061417322836
20
5.9012042519685037
11
-4.1242554330708661
21
5.9012614960629923
0
LINE
8
BLACK
6
CONTINUOUS
10
-4.1242554330708661
20
5.9012614960629923
11
-4.1231704330708663
21
5.9008739763779525
0
LINE
8
BLACK
6
CONTINUOUS
10
-4.9634753543307086
20
5.9012364566929136
11
-4.9633773622047244
21
5.9011958267716533
0
LINE
8
BLACK
6
CONTINUOUS
10
-4.9633773622047244
20
5.9011958267716533
11
-4.963271535433071
21
5.901188346456693
0
LINE
8
BLACK
6
CONTINUOUS
10
-4.963271535433071
20
5.901188346456693
11
-4.9627600000000003
21
5.9009401181102357
0
LINE
8
BLACK
6
CONTINUOUS
10
-4.9627600000000003
20
5.9009401181102357
11
-4.9624109448818894
21
5.9007955511811021
0
LINE
8
BLACK
6
CONTINUOUS
10
-4.9624109448818894
20
5.9007955511811021
11
-4.9623628346456687
21
5.9007474015748027
0
LINE
8
BLACK
6
CONTINUOUS
10
-4.9623628346456687
20
5.9007474015748027
11
-4.9593046456692909
21
5.899263503937008
0
LINE
8
BLACK
6
CONTINUOUS
10
-4.9593046456692909
20
5.899263503937008
11
-4.9590074803149609
21
5.8999809055118106
0
LINE
8
BLACK
6
CONTINUOUS
10
-4.9590074803149609
20
5.8999809055118106
11
-4.9581928346456694
21
5.9007955511811021
0
LINE
8
BLACK
6
CONTINUOUS
10
-4.9581928346456694
20
5.9007955511811021
11
-4.9571284251968502
21
5.9012364566929136
0
LINE
8
BLACK
6
CONTINUOUS
10
-4.9571284251968502
20
5.9012364566929136
11
-4.9559762992125984
21
5.9012364566929136
0
LINE
8
BLACK
6
CONTINUOUS
10
-4.9559762992125984
20
5.9012364566929136
11
-4.9549118897637792
21
5.9007955511811021
0
LINE
8
BLACK
6
CONTINUOUS
10
-4.9549118897637792
20
5.9007955511811021
11
-4.9540972440944877
21
5.8999809055118106
0
LINE
8
BLACK
6
CONTINUOUS
10
-4.9540972440944877
20
5.8999809055118106
11
-4.9536563385826771
21
5.8989164960629923
0
LINE
8
BLACK
6
CONTINUOUS
10
-4.9536563385826771
20
5.8989164960629923
11
-4.9536389763779525
21
5.8906995669291335
0
LINE
8
BLACK
6
CONTINUOUS
10
-4.9536389763779525
20
5.8906995669291335
11
-4.9536227952755905
21
5.8904720866141727
0
LINE
8
BLACK
6
CONTINUOUS
10
-4.9536227952755905
20
5.8904720866141727
11
-4.9536383858267712
21
5.8904253149606296
0
LINE
8
BLACK
6
CONTINUOUS
10
-4.9536383858267712
20
5.8904253149606296
11
-4.9535996062992123
21
5.872093700787401
0
LINE
8
BLACK
6
CONTINUOUS
10
-4.9535996062992123
20
5.872093700787401
11
-4.9536563385826771
21
5.8715176377952751
0
LINE
8
BLACK
6
CONTINUOUS
10
-4.9536563385826771
20
5.8715176377952751
11
-4.9540972440944877
21
5.8704532283464568
0
LINE
8
BLACK
6
CONTINUOUS
10
-4.9540972440944877
20
5.8704532283464568
11
-4.9549118897637792
21
5.8696385826771653
0
LINE
8
BLACK
6
CONTINUOUS
10
-4.9549118897637792
20
5.8696385826771653
11
-4.9559762992125984
21
5.8691976771653538
0
LINE
8
BLACK
6
CONTINUOUS
10
-4.9559762992125984
20
5.8691976771653538
11
-4.9571284251968502
21
5.8691976771653538
0
LINE
8
BLACK
6
CONTINUOUS
10
-4.9571284251968502
20
5.8691976771653538
11
-4.9581928346456694
21
5.8696385826771653
0
LINE
8
BLACK
6
CONTINUOUS
10
-4.9581928346456694
20
5.8696385826771653
11
-4.9590074803149609
21
5.8704532283464568
0
LINE
8
BLACK
6
CONTINUOUS
10
-4.9590074803149609
20
5.8704532283464568
11
-4.9594483858267715
21
5.8715176377952751
0
LINE
8
BLACK
6
CONTINUOUS
10
-4.9594483858267715
20
5.8715176377952751
11
-4.9594879133858267
21
5.8902016929133856
0
LINE
8
BLACK
6
CONTINUOUS
10
-4.9594879133858267
20
5.8902016929133856
11
-4.9608954724409449
21
5.8929350393700783
0
LINE
8
BLACK
6
CONTINUOUS
10
-4.9608954724409449
20
5.8929350393700783
11
-4.9621288188976376
21
5.8941257480314961
0
LINE
8
BLACK
6
CONTINUOUS
10
-4.9621288188976376
20
5.8941257480314961
11
-4.96481031496063
21
5.8954268897637796
0
LINE
8
BLACK
6
CONTINUOUS
10
-4.96481031496063
20
5.8954268897637796
11
-4.9678009448818896
21
5.8953876771653544
0
LINE
8
BLACK
6
CONTINUOUS
10
-4.9678009448818896
20
5.8953876771653544
11
-4.9683770078740155
21
5.8954444094488192
0
LINE
8
BLACK
6
CONTINUOUS
10
-4.9683770078740155
20
5.8954444094488192
11
-4.9694414173228347
21
5.8958853149606298
0
LINE
8
BLACK
6
CONTINUOUS
10
-4.9694414173228347
20
5.8958853149606298
11
-4.9702560629921262
21
5.8966999606299213
0
LINE
8
BLACK
6
CONTINUOUS
10
-4.9702560629921262
20
5.8966999606299213
11
-4.9706969685039368
21
5.8977643700787397
0
LINE
8
BLACK
6
CONTINUOUS
10
-4.9706969685039368
20
5.8977643700787397
11
-4.9706969685039368
21
5.8989164960629923
0
LINE
8
BLACK
6
CONTINUOUS
10
-4.9706969685039368
20
5.8989164960629923
11
-4.9702560629921262
21
5.8999809055118106
0
LINE
8
BLACK
6
CONTINUOUS
10
-4.9702560629921262
20
5.8999809055118106
11
-4.9694414173228347
21
5.9007955511811021
0
LINE
8
BLACK
6
CONTINUOUS
10
-4.9694414173228347
20
5.9007955511811021
11
-4.9683770078740155
21
5.9012364566929136
0
LINE
8
BLACK
6
CONTINUOUS
10
-4.9683770078740155
20
5.9012364566929136
11
-4.9640514173228345
21
5.9012931889763776
0
LINE
8
BLACK
6
CONTINUOUS
10
-4.9640514173228345
20
5.9012931889763776
11
-4.9634753543307086
21
5.9012364566929136
0
LINE
8
BLACK
6
CONTINUOUS
10
-4.7877594094488192
20
5.9143598031496065
11
-4.7872473622047247
21
5.9143598031496065
0
LINE
8
BLACK
6
CONTINUOUS
10
-4.7872473622047247
20
5.9143598031496065
11
-4.787186614173228
21
5.9143346062992128
0
LINE
8
BLACK
6
CONTINUOUS
10
-4.787186614173228
20
5.9143346062992128
11
-4.7871207480314961
21
5.9143317322834648
0
LINE
8
BLACK
6
CONTINUOUS
10
-4.7871207480314961
20
5.9143317322834648
11
-4.786655905511811
21
5.914114803149606
0
LINE
8
BLACK
6
CONTINUOUS
10
-4.786655905511811
20
5.914114803149606
11
-4.7861829527559054
21
5.913918897637795
0
LINE
8
BLACK
6
CONTINUOUS
10
-4.7861829527559054
20
5.913918897637795
11
-4.7861364566929137
21
5.9138723622047245
0
LINE
8
BLACK
6
CONTINUOUS
10
-4.7861364566929137
20
5.9138723622047245
11
-4.7860767322834645
21
5.9138445275590552
0
LINE
8
BLACK
6
CONTINUOUS
10
-4.7860767322834645
20
5.9138445275590552
11
-4.7857305118110238
21
5.9134664173228346
0
LINE
8
BLACK
6
CONTINUOUS
10
-4.7857305118110238
20
5.9134664173228346
11
-4.785368307086614
21
5.9131042519685035
0
LINE
8
BLACK
6
CONTINUOUS
10
-4.785368307086614
20
5.9131042519685035
11
-4.7853431102362203
21
5.9130433858267715
0
LINE
8
BLACK
6
CONTINUOUS
10
-4.7853431102362203
20
5.9130433858267715
11
-4.785298622047244
21
5.9129948425196845
0
LINE
8
BLACK
6
CONTINUOUS
10
-4.785298622047244
20
5.9129948425196845
11
-4.7851235433070869
21
5.9125133070866136
0
LINE
8
BLACK
6
CONTINUOUS
10
-4.7851235433070869
20
5.9125133070866136
11
-4.7849274015748033
21
5.9120398425196852
0
LINE
8
BLACK
6
CONTINUOUS
10
-4.7849274015748033
20
5.9120398425196852
11
-4.7849273228346458
21
5.9119736614173224
0
LINE
8
BLACK
6
CONTINUOUS
10
-4.7849273228346458
20
5.9119736614173224
11
-4.7849049212598427
21
5.9119121259842515
0
LINE
8
BLACK
6
CONTINUOUS
10
-4.7849049212598427
20
5.9119121259842515
11
-4.7849265354330708
21
5.9114202755905509
0
LINE
8
BLACK
6
CONTINUOUS
10
-4.7849265354330708
20
5.9114202755905509
11
-4.7848706692913385
21
5.872093700787401
0
LINE
8
BLACK
6
CONTINUOUS
10
-4.7848706692913385
20
5.872093700787401
11
-4.7849274015748033
21
5.8715176377952751
0
LINE
8
BLACK
6
CONTINUOUS
10
-4.7849274015748033
20
5.8715176377952751
11
-4.785368307086614
21
5.8704532283464568
0
LINE
8
BLACK
6
CONTINUOUS
10
-4.785368307086614
20
5.8704532283464568
11
-4.7861829527559054
21
5.8696385826771653
0
LINE
8
BLACK
6
CONTINUOUS
10
-4.7861829527559054
20
5.8696385826771653
11
-4.7872473622047247
21
5.8691976771653538
0
LINE
8
BLACK
6
CONTINUOUS
10
-4.7872473622047247
20
5.8691976771653538
11
-4.7883994881889764
21
5.8691976771653538
0
LINE
8
BLACK
6
CONTINUOUS
10
-4.7883994881889764
20
5.8691976771653538
11
-4.7894638976377948
21
5.8696385826771653
0
LINE
8
BLACK
6
CONTINUOUS
10
-4.7894638976377948
20
5.8696385826771653
11
-4.7902785433070862
21
5.8704532283464568
0
LINE
8
BLACK
6
CONTINUOUS
10
-4.7902785433070862
20
5.8704532283464568
11
-4.7907194488188978
21
5.8715176377952751
0
LINE
8
BLACK
6
CONTINUOUS
10
-4.7907194488188978
20
5.8715176377952751
11
-4.7907574803149604
21
5.8982698818897639
0
LINE
8
BLACK
6
CONTINUOUS
10
-4.7907574803149604
20
5.8982698818897639
11
-4.7982710236220472
21
5.8820936614173229
0
LINE
8
BLACK
6
CONTINUOUS
10
-4.7982710236220472
20
5.8820936614173229
11
-4.7983959842519681
21
5.8818827165354328
0
LINE
8
BLACK
6
CONTINUOUS
10
-4.7983959842519681
20
5.8818827165354328
11
-4.7984219685039369
21
5.8818112598425198
0
LINE
8
BLACK
6
CONTINUOUS
10
-4.7984219685039369
20
5.8818112598425198
11
-4.7984683070866136
21
5.8817606692913387
0
LINE
8
BLACK
6
CONTINUOUS
10
-4.7984683070866136
20
5.8817606692913387
11
-4.7985660629921263
21
5.8815956299212599
0
LINE
8
BLACK
6
CONTINUOUS
10
-4.7985660629921263
20
5.8815956299212599
11
-4.7988968897637791
21
5.8812926771653542
0
LINE
8
BLACK
6
CONTINUOUS
10
-4.7988968897637791
20
5.8812926771653542
11
-4.7992000787401574
21
5.8809615748031492
0
LINE
8
BLACK
6
CONTINUOUS
10
-4.7992000787401574
20
5.8809615748031492
11
-4.7993190551181097
21
5.8809060629921257
0
LINE
8
BLACK
6
CONTINUOUS
10
-4.7993190551181097
20
5.8809060629921257
11
-4.7994157086614173
21
5.8808175196850394
0
LINE
8
BLACK
6
CONTINUOUS
10
-4.7994157086614173
20
5.8808175196850394
11
-4.7998372047244091
21
5.8806642519685042
0
LINE
8
BLACK
6
CONTINUOUS
10
-4.7998372047244091
20
5.8806642519685042
11
-4.800244094488189
21
5.8804743700787396
0
LINE
8
BLACK
6
CONTINUOUS
10
-4.800244094488189
20
5.8804743700787396
11
-4.8003752755905511
21
5.8804685826771657
0
LINE
8
BLACK
6
CONTINUOUS
10
-4.8003752755905511
20
5.8804685826771657
11
-4.8004984251968503
21
5.8804238188976381
0
LINE
8
BLACK
6
CONTINUOUS
10
-4.8004984251968503
20
5.8804238188976381
11
-4.8009465354330709
21
5.8804434645669286
0
LINE
8
BLACK
6
CONTINUOUS
10
-4.8009465354330709
20
5.8804434645669286
11
-4.8013951181102357
21
5.8804237795275593
0
LINE
8
BLACK
6
CONTINUOUS
10
-4.8013951181102357
20
5.8804237795275593
11
-4.8015184251968499
21
5.8804685826771657
0
LINE
8
BLACK
6
CONTINUOUS
10
-4.8015184251968499
20
5.8804685826771657
11
-4.8016494488188979
21
5.8804743700787396
0
LINE
8
BLACK
6
CONTINUOUS
10
-4.8016494488188979
20
5.8804743700787396
11
-4.8020561023622044
21
5.8806641338582679
0
LINE
8
BLACK
6
CONTINUOUS
10
-4.8020561023622044
20
5.8806641338582679
11
-4.8024778346456696
21
5.8808175196850394
0
LINE
8
BLACK
6
CONTINUOUS
10
-4.8024778346456696
20
5.8808175196850394
11
-4.8025746456692913
21
5.8809061417322832
0
LINE
8
BLACK
6
CONTINUOUS
10
-4.8025746456692913
20
5.8809061417322832
11
-4.8026934645669286
21
5.8809616141732279
0
LINE
8
BLACK
6
CONTINUOUS
10
-4.8026934645669286
20
5.8809616141732279
11
-4.8029964173228343
21
5.8812924015748029
0
LINE
8
BLACK
6
CONTINUOUS
10
-4.8029964173228343
20
5.8812924015748029
11
-4.8033274803149606
21
5.8815955905511812
0
LINE
8
BLACK
6
CONTINUOUS
10
-4.8033274803149606
20
5.8815955905511812
11
-4.8033835433070866
21
5.8817150787401573
0
LINE
8
BLACK
6
CONTINUOUS
10
-4.8033835433070866
20
5.8817150787401573
11
-4.8034715748031491
21
5.8818112598425198
0
LINE
8
BLACK
6
CONTINUOUS
10
-4.8034715748031491
20
5.8818112598425198
11
-4.8036201181102358
21
5.8822196456692915
0
LINE
8
BLACK
6
CONTINUOUS
10
-4.8036201181102358
20
5.8822196456692915
11
-4.811154566929134
21
5.8982896456692915
0
LINE
8
BLACK
6
CONTINUOUS
10
-4.811154566929134
20
5.8982896456692915
11
-4.8111173622047243
21
5.872093700787401
0
LINE
8
BLACK
6
CONTINUOUS
10
-4.8111173622047243
20
5.872093700787401
11
-4.8111740944881891
21
5.8715176377952751
0
LINE
8
BLACK
6
CONTINUOUS
10
-4.8111740944881891
20
5.8715176377952751
11
-4.8116149999999998
21
5.8704532283464568
0
LINE
8
BLACK
6
CONTINUOUS
10
-4.8116149999999998
20
5.8704532283464568
11
-4.8124296456692912
21
5.8696385826771653
0
LINE
8
BLACK
6
CONTINUOUS
10
-4.8124296456692912
20
5.8696385826771653
11
-4.8134940551181105
21
5.8691976771653538
0
LINE
8
BLACK
6
CONTINUOUS
10
-4.8134940551181105
20
5.8691976771653538
11
-4.8146461811023622
21
5.8691976771653538
0
LINE
8
BLACK
6
CONTINUOUS
10
-4.8146461811023622
20
5.8691976771653538
11
-4.8157105905511806
21
5.8696385826771653
0
LINE
8
BLACK
6
CONTINUOUS
10
-4.8157105905511806
20
5.8696385826771653
11
-4.816525236220472
21
5.8704532283464568
0
LINE
8
BLACK
6
CONTINUOUS
10
-4.816525236220472
20
5.8704532283464568
11
-4.8169661417322835
21
5.8715176377952751
0
LINE
8
BLACK
6
CONTINUOUS
10
-4.8169661417322835
20
5.8715176377952751
11
-4.8170228740157484
21
5.9114637795275593
0
LINE
8
BLACK
6
CONTINUOUS
10
-4.8170228740157484
20
5.9114637795275593
11
-4.8169855905511811
21
5.9118425590551178
0
LINE
8
BLACK
6
CONTINUOUS
10
-4.8169855905511811
20
5.9118425590551178
11
-4.8169886220472442
21
5.9119121259842515
0
LINE
8
BLACK
6
CONTINUOUS
10
-4.8169886220472442
20
5.9119121259842515
11
-4.8169750787401577
21
5.9119494488188975
0
LINE
8
BLACK
6
CONTINUOUS
10
-4.8169750787401577
20
5.9119494488188975
11
-4.8169661417322835
21
5.9120398425196852
0
LINE
8
BLACK
6
CONTINUOUS
10
-4.8169661417322835
20
5.9120398425196852
11
-4.8167700393700787
21
5.9125133070866136
0
LINE
8
BLACK
6
CONTINUOUS
10
-4.8167700393700787
20
5.9125133070866136
11
-4.816594921259842
21
5.9129948425196845
0
LINE
8
BLACK
6
CONTINUOUS
10
-4.816594921259842
20
5.9129948425196845
11
-4.8165504724409445
21
5.9130433858267715
0
LINE
8
BLACK
6
CONTINUOUS
10
-4.8165504724409445
20
5.9130433858267715
11
-4.816525236220472
21
5.9131042519685035
0
LINE
8
BLACK
6
CONTINUOUS
10
-4.816525236220472
20
5.9131042519685035
11
-4.8161628346456693
21
5.9134666535433071
0
LINE
8
BLACK
6
CONTINUOUS
10
-4.8161628346456693
20
5.9134666535433071
11
-4.8158168110236224
21
5.9138444881889765
0
LINE
8
BLACK
6
CONTINUOUS
10
-4.8158168110236224
20
5.9138444881889765
11
-4.8157571653543307
21
5.9138723228346457
0
LINE
8
BLACK
6
CONTINUOUS
10
-4.8157571653543307
20
5.9138723228346457
11
-4.8157105905511806
21
5.913918897637795
0
LINE
8
BLACK
6
CONTINUOUS
10
-4.8157105905511806
20
5.913918897637795
11
-4.8152373228346459
21
5.9141149212598423
0
LINE
8
BLACK
6
CONTINUOUS
10
-4.8152373228346459
20
5.9141149212598423
11
-4.8147727952755908
21
5.9143317322834648
0
LINE
8
BLACK
6
CONTINUOUS
10
-4.8147727952755908
20
5.9143317322834648
11
-4.8147070078740155
21
5.9143346062992128
0
LINE
8
BLACK
6
CONTINUOUS
10
-4.8147070078740155
20
5.9143346062992128
11
-4.8146461811023622
21
5.9143598031496065
0
LINE
8
BLACK
6
CONTINUOUS
10
-4.8146461811023622
20
5.9143598031496065
11
-4.8141336220472439
21
5.9143598031496065
0
LINE
8
BLACK
6
CONTINUOUS
10
-4.8141336220472439
20
5.9143598031496065
11
-4.8136217716535432
21
5.9143822834645672
0
LINE
8
BLACK
6
CONTINUOUS
10
-4.8136217716535432
20
5.9143822834645672
11
-4.8135599606299211
21
5.9143598031496065
0
LINE
8
BLACK
6
CONTINUOUS
10
-4.8135599606299211
20
5.9143598031496065
11
-4.8134940551181105
21
5.9143598031496065
0
LINE
8
BLACK
6
CONTINUOUS
10
-4.8134940551181105
20
5.9143598031496065
11
-4.8130205905511811
21
5.914163661417323
0
LINE
8
BLACK
6
CONTINUOUS
10
-4.8130205905511811
20
5.914163661417323
11
-4.8125390551181102
21
5.913988582677165
0
LINE
8
BLACK
6
CONTINUOUS
10
-4.8125390551181102
20
5.913988582677165
11
-4.8124905118110233
21
5.9139440944881887
0
LINE
8
BLACK
6
CONTINUOUS
10
-4.8124905118110233
20
5.9139440944881887
11
-4.8124296456692912
21
5.913918897637795
0
LINE
8
BLACK
6
CONTINUOUS
10
-4.8124296456692912
20
5.913918897637795
11
-4.8120672440944885
21
5.9135564566929135
0
LINE
8
BLACK
6
CONTINUOUS
10
-4.8120672440944885
20
5.9135564566929135
11
-4.8116894094488192
21
5.9132104724409444
0
LINE
8
BLACK
6
CONTINUOUS
10
-4.8116894094488192
20
5.9132104724409444
11
-4.8116613385826774
21
5.9131505511811024
0
LINE
8
BLACK
6
CONTINUOUS
10
-4.8116613385826774
20
5.9131505511811024
11
-4.8116149999999998
21
5.9131042519685035
0
LINE
8
BLACK
6
CONTINUOUS
10
-4.8116149999999998
20
5.9131042519685035
11
-4.8114284251968504
21
5.9126537795275587
0
LINE
8
BLACK
6
CONTINUOUS
10
-4.8114284251968504
20
5.9126537795275587
11
-4.8009284645669288
21
5.8902588976377954
0
LINE
8
BLACK
6
CONTINUOUS
10
-4.8009284645669288
20
5.8902588976377954
11
-4.790499173228346
21
5.9127124803149602
0
LINE
8
BLACK
6
CONTINUOUS
10
-4.790499173228346
20
5.9127124803149602
11
-4.7903051968503938
21
5.9130399212598421
0
LINE
8
BLACK
6
CONTINUOUS
10
-4.7903051968503938
20
5.9130399212598421
11
-4.7902785433070862
21
5.9131042519685035
0
LINE
8
BLACK
6
CONTINUOUS
10
-4.7902785433070862
20
5.9131042519685035
11
-4.7902504330708657
21
5.913132362204724
0
LINE
8
BLACK
6
CONTINUOUS
10
-4.7902504330708657
20
5.913132362204724
11
-4.7902041338582677
21
5.9132105118110232
0
LINE
8
BLACK
6
CONTINUOUS
10
-4.7902041338582677
20
5.9132105118110232
11
-4.7898260629921259
21
5.9135567322834648
0
LINE
8
BLACK
6
CONTINUOUS
10
-4.7898260629921259
20
5.9135567322834648
11
-4.7894638976377948
21
5.913918897637795
0
LINE
8
BLACK
6
CONTINUOUS
10
-4.7894638976377948
20
5.913918897637795
11
-4.7894030708661415
21
5.9139440551181099
0
LINE
8
BLACK
6
CONTINUOUS
10
-4.7894030708661415
20
5.9139440551181099
11
-4.7893544881889767
21
5.913988582677165
0
LINE
8
BLACK
6
CONTINUOUS
10
-4.7893544881889767
20
5.913988582677165
11
-4.7888726771653545
21
5.9141637795275592
0
LINE
8
BLACK
6
CONTINUOUS
10
-4.7888726771653545
20
5.9141637795275592
11
-4.7883994881889764
21
5.9143598031496065
0
LINE
8
BLACK
6
CONTINUOUS
10
-4.7883994881889764
20
5.9143598031496065
11
-4.7883337007874012
21
5.9143598031496065
0
LINE
8
BLACK
6
CONTINUOUS
10
-4.7883337007874012
20
5.9143598031496065
11
-4.7882717716535428
21
5.9143823228346459
0
LINE
8
BLACK
6
CONTINUOUS
10
-4.7882717716535428
20
5.9143823228346459
11
-4.7877594094488192
21
5.9143598031496065
0
LINE
8
BLACK
6
CONTINUOUS
10
-4.4083884645669293
20
5.8942409055118112
11
-4.4082086614173228
21
5.8746551968503935
0
LINE
8
BLACK
6
CONTINUOUS
10
-4.4082086614173228
20
5.8746551968503935
11
-4.4083884645669293
21
5.8737512204724407
0
LINE
8
BLACK
6
CONTINUOUS
10
-4.4083884645669293
20
5.8737512204724407
11
-4.4096668897637796
21
5.8724727952755904
0
LINE
8
BLACK
6
CONTINUOUS
10
-4.4096668897637796
20
5.8724727952755904
11
-4.4114748425196852
21
5.8724727952755904
0
LINE
8
BLACK
6
CONTINUOUS
10
-4.4114748425196852
20
5.8724727952755904
11
-4.4127532677165355
21
5.8737512204724407
0
LINE
8
BLACK
6
CONTINUOUS
10
-4.4127532677165355
20
5.8737512204724407
11
-4.4129330708661421
21
5.8933369291338584
0
LINE
8
BLACK
6
CONTINUOUS
10
-4.4129330708661421
20
5.8933369291338584
11
-4.4127532677165355
21
5.8942409055118112
0
LINE
8
BLACK
6
CONTINUOUS
10
-4.4127532677165355
20
5.8942409055118112
11
-4.4114748425196852
21
5.8955193307086615
0
LINE
8
BLACK
6
CONTINUOUS
10
-4.4114748425196852
20
5.8955193307086615
11
-4.4096668897637796
21
5.8955193307086615
0
LINE
8
BLACK
6
CONTINUOUS
10
-4.4096668897637796
20
5.8955193307086615
11
-4.4083884645669293
21
5.8942409055118112
0
LINE
8
BLACK
6
CONTINUOUS
10
-4.3672467322834647
20
5.8942409055118112
11
-4.3670669291338582
21
5.8746551968503935
0
LINE
8
BLACK
6
CONTINUOUS
10
-4.3670669291338582
20
5.8746551968503935
11
-4.3672467322834647
21
5.8737512204724407
0
LINE
8
BLACK
6
CONTINUOUS
10
-4.3672467322834647
20
5.8737512204724407
11
-4.368525157480315
21
5.8724727952755904
0
LINE
8
BLACK
6
CONTINUOUS
10
-4.368525157480315
20
5.8724727952755904
11
-4.3703331102362206
21
5.8724727952755904
0
LINE
8
BLACK
6
CONTINUOUS
10
-4.3703331102362206
20
5.8724727952755904
11
-4.3716115354330709
21
5.8737512204724407
0
LINE
8
BLACK
6
CONTINUOUS
10
-4.3716115354330709
20
5.8737512204724407
11
-4.3717913385826774
21
5.8933369291338584
0
LINE
8
BLACK
6
CONTINUOUS
10
-4.3717913385826774
20
5.8933369291338584
11
-4.3716115354330709
21
5.8942409055118112
0
LINE
8
BLACK
6
CONTINUOUS
10
-4.3716115354330709
20
5.8942409055118112
11
-4.3703331102362206
21
5.8955193307086615
0
LINE
8
BLACK
6
CONTINUOUS
10
-4.3703331102362206
20
5.8955193307086615
11
-4.368525157480315
21
5.8955193307086615
0
LINE
8
BLACK
6
CONTINUOUS
10
-4.368525157480315
20
5.8955193307086615
11
-4.3672467322834647
21
5.8942409055118112
0
LINE
8
BLACK
6
CONTINUOUS
10
-4.3283884645669293
20
5.8942409055118112
11
-4.3282086614173227
21
5.8746551968503935
0
LINE
8
BLACK
6
CONTINUOUS
10
-4.3282086614173227
20
5.8746551968503935
11
-4.3283884645669293
21
5.8737512204724407
0
LINE
8
BLACK
6
CONTINUOUS
10
-4.3283884645669293
20
5.8737512204724407
11
-4.3296668897637796
21
5.8724727952755904
0
LINE
8
BLACK
6
CONTINUOUS
10
-4.3296668897637796
20
5.8724727952755904
11
-4.3314748425196852
21
5.8724727952755904
0
LINE
8
BLACK
6
CONTINUOUS
10
-4.3314748425196852
20
5.8724727952755904
11
-4.3327532677165355
21
5.8737512204724407
0
LINE
8
BLACK
6
CONTINUOUS
10
-4.3327532677165355
20
5.8737512204724407
11
-4.332933070866142
21
5.8933369291338584
0
LINE
8
BLACK
6
CONTINUOUS
10
-4.332933070866142
20
5.8933369291338584
11
-4.3327532677165355
21
5.8942409055118112
0
LINE
8
BLACK
6
CONTINUOUS
10
-4.3327532677165355
20
5.8942409055118112
11
-4.3314748425196852
21
5.8955193307086615
0
LINE
8
BLACK
6
CONTINUOUS
10
-4.3314748425196852
20
5.8955193307086615
11
-4.3296668897637796
21
5.8955193307086615
0
LINE
8
BLACK
6
CONTINUOUS
10
-4.3296668897637796
20
5.8955193307086615
11
-4.3283884645669293
21
5.8942409055118112
0
LINE
8
BLACK
6
CONTINUOUS
10
-4.2872467322834646
20
5.8942409055118112
11
-4.2870669291338581
21
5.8746551968503935
0
LINE
8
BLACK
6
CONTINUOUS
10
-4.2870669291338581
20
5.8746551968503935
11
-4.2872467322834646
21
5.8737512204724407
0
LINE
8
BLACK
6
CONTINUOUS
10
-4.2872467322834646
20
5.8737512204724407
11
-4.2885251574803149
21
5.8724727952755904
0
LINE
8
BLACK
6
CONTINUOUS
10
-4.2885251574803149
20
5.8724727952755904
11
-4.2903331102362205
21
5.8724727952755904
0
LINE
8
BLACK
6
CONTINUOUS
10
-4.2903331102362205
20
5.8724727952755904
11
-4.2916115354330708
21
5.8737512204724407
0
LINE
8
BLACK
6
CONTINUOUS
10
-4.2916115354330708
20
5.8737512204724407
11
-4.2917913385826774
21
5.8933369291338584
0
LINE
8
BLACK
6
CONTINUOUS
10
-4.2917913385826774
20
5.8933369291338584
11
-4.2916115354330708
21
5.8942409055118112
0
LINE
8
BLACK
6
CONTINUOUS
10
-4.2916115354330708
20
5.8942409055118112
11
-4.2903331102362205
21
5.8955193307086615
0
LINE
8
BLACK
6
CONTINUOUS
10
-4.2903331102362205
20
5.8955193307086615
11
-4.2885251574803149
21
5.8955193307086615
0
LINE
8
BLACK
6
CONTINUOUS
10
-4.2885251574803149
20
5.8955193307086615
11
-4.2872467322834646
21
5.8942409055118112
0
LINE
8
BLACK
6
CONTINUOUS
10
-4.4787512204724411
20
5.9127532677165355
11
-4.4774727952755908
21
5.9114748425196852
0
LINE
8
BLACK
6
CONTINUOUS
10
-4.4774727952755908
20
5.9114748425196852
11
-4.4774727952755908
21
5.9096668897637796
0
LINE
8
BLACK
6
CONTINUOUS
10
-4.4774727952755908
20
5.9096668897637796
11
-4.4787512204724411
21
5.9083884645669293
0
LINE
8
BLACK
6
CONTINUOUS
10
-4.4787512204724411
20
5.9083884645669293
11
-4.498336929133858
21
5.9082086614173228
0
LINE
8
BLACK
6
CONTINUOUS
10
-4.498336929133858
20
5.9082086614173228
11
-4.4992409055118108
21
5.9083884645669293
0
LINE
8
BLACK
6
CONTINUOUS
10
-4.4992409055118108
20
5.9083884645669293
11
-4.5005193307086611
21
5.9096668897637796
0
LINE
8
BLACK
6
CONTINUOUS
10
-4.5005193307086611
20
5.9096668897637796
11
-4.5005193307086611
21
5.9114748425196852
0
LINE
8
BLACK
6
CONTINUOUS
10
-4.5005193307086611
20
5.9114748425196852
11
-4.4992409055118108
21
5.9127532677165355
0
LINE
8
BLACK
6
CONTINUOUS
10
-4.4992409055118108
20
5.9127532677165355
11
-4.4796551968503939
21
5.9129330708661412
0
LINE
8
BLACK
6
CONTINUOUS
10
-4.4796551968503939
20
5.9129330708661412
11
-4.4787512204724411
21
5.9127532677165355
0
CIRCLE
8
BLACK
10
-4.8915748031496058
20
5.3899999999999997
40
0.0068897637795276
0
CIRCLE
8
BLACK
10
-4.8915748031496058
20
5.9805511811023617
40
0.0068897637795276
0
CIRCLE
8
BLACK
10
-4.1041732283464567
20
5.9805511811023617
40
0.0068897637795276
0
CIRCLE
8
BLACK
10
-4.4978740157480317
20
5.9805511811023617
40
0.0068897637795276
0
CIRCLE
8
BLACK
10
-4.1041732283464567
20
5.3899999999999997
40
0.0068897637795276
0
CIRCLE
8
BLACK
10
-4.4978740157480317
20
5.3899999999999997
40
0.0068897637795276
  0
ENDSEC
  0
EOF
