  0
SECTION
  2
HEADER
  9
$ANGBASE
  50
0.0
  9
$ANGDIR
  70
1
  9
$MEASUREMENT
  70
0
  0
ENDSEC
  0
SECTION
  2
TABLES
  0
TABLE
  2
LTYPE
  70
4
  0
LTYPE
  5
40F
  2
CONTINUOUS
  70
0
  3
Solid line
  72
65
  73
0
  40
0.0
  0
LTYPE
  5
410
  2
DASHDOT
 70
0
  3
Dash Dot ____ _ ____ _
 72
65
 73
4
 40
2.0
 49
1.25
 49
-0.25
 49
0.25
 49
-0.25
  0
LTYPE
  5
411
  2
DASHED
 70
0
  3
Dashed __ __ __ __ __
 72
65
 73
2
 40
0.75
 49
0.5
 49
-0.25
  0
LTYPE
  5
43B
  2
DOTTED
 70
0
  3
Dotted .  .  .  .
 72
65
 73
2
 40
0.2
 49
0.0
 49
-0.2
  0
ENDTAB
  0
TABLE
  2
STYLE
  70
4
  0
STYLE
  2
KICAD
  70
0
  40
0
  41
1
  42
1
  50
0
  71
0
  3
isocp.shx
  0
STYLE
  2
KICADB
  70
0
  40
0
  41
1
  42
1
  50
0
  71
0
  3
isocp.shx
  0
STYLE
  2
KICADI
  70
0
  40
0
  41
1
  42
1
  50
15
  71
0
  3
isocp.shx
  0
STYLE
  2
KICADBI
  70
0
  40
0
  41
1
  42
1
  50
15
  71
0
  3
isocp.shx
  0
ENDTAB
  0
TABLE
  2
LAYER
  70
1
  0
LAYER
  2
BLACK
  70
0
  62
7
  6
CONTINUOUS
  0
ENDTAB
  0
ENDSEC
  0
SECTION
  2
ENTITIES
0
LINE
8
BLACK
6
CONTINUOUS
10
-4.7421900787401574
20
5.4963713779527561
11
-4.7202572047244091
21
5.4744991338582674
0
LINE
8
BLACK
6
CONTINUOUS
10
-4.7202572047244091
20
5.4744991338582674
11
-4.7202035039370074
21
5.4744588976377955
0
LINE
8
BLACK
6
CONTINUOUS
10
-4.7202035039370074
20
5.4744588976377955
11
-4.7201843307086611
21
5.4744264566929131
0
LINE
8
BLACK
6
CONTINUOUS
10
-4.7201843307086611
20
5.4744264566929131
11
-4.7181877559055119
21
5.4724354330708662
0
LINE
8
BLACK
6
CONTINUOUS
10
-4.7181877559055119
20
5.4724354330708662
11
-4.7182118503937005
21
5.4939162598425195
0
LINE
8
BLACK
6
CONTINUOUS
10
-4.7182118503937005
20
5.4939162598425195
11
-4.7181551181102357
21
5.4944923228346454
0
LINE
8
BLACK
6
CONTINUOUS
10
-4.7181551181102357
20
5.4944923228346454
11
-4.717714212598425
21
5.4955567322834646
0
LINE
8
BLACK
6
CONTINUOUS
10
-4.717714212598425
20
5.4955567322834646
11
-4.7168995669291336
21
5.4963713779527561
0
LINE
8
BLACK
6
CONTINUOUS
10
-4.7168995669291336
20
5.4963713779527561
11
-4.7158351574803152
21
5.4968122834645667
0
LINE
8
BLACK
6
CONTINUOUS
10
-4.7158351574803152
20
5.4968122834645667
11
-4.7146830314960626
21
5.4968122834645667
0
LINE
8
BLACK
6
CONTINUOUS
10
-4.7146830314960626
20
5.4968122834645667
11
-4.7136186220472442
21
5.4963713779527561
0
LINE
8
BLACK
6
CONTINUOUS
10
-4.7136186220472442
20
5.4963713779527561
11
-4.7128039763779528
21
5.4955567322834646
0
LINE
8
BLACK
6
CONTINUOUS
10
-4.7128039763779528
20
5.4955567322834646
11
-4.7123630708661413
21
5.4944923228346454
0
LINE
8
BLACK
6
CONTINUOUS
10
-4.7123630708661413
20
5.4944923228346454
11
-4.7123063385826773
21
5.4439162598425197
0
LINE
8
BLACK
6
CONTINUOUS
10
-4.7123063385826773
20
5.4439162598425197
11
-4.7123630708661413
21
5.4433401968503938
0
LINE
8
BLACK
6
CONTINUOUS
10
-4.7123630708661413
20
5.4433401968503938
11
-4.7128039763779528
21
5.4422757874015746
0
LINE
8
BLACK
6
CONTINUOUS
10
-4.7128039763779528
20
5.4422757874015746
11
-4.7136186220472442
21
5.4414611417322831
0
LINE
8
BLACK
6
CONTINUOUS
10
-4.7136186220472442
20
5.4414611417322831
11
-4.7146830314960626
21
5.4410202362204725
0
LINE
8
BLACK
6
CONTINUOUS
10
-4.7146830314960626
20
5.4410202362204725
11
-4.7158351574803152
21
5.4410202362204725
0
LINE
8
BLACK
6
CONTINUOUS
10
-4.7158351574803152
20
5.4410202362204725
11
-4.7168995669291336
21
5.4414611417322831
0
LINE
8
BLACK
6
CONTINUOUS
10
-4.7168995669291336
20
5.4414611417322831
11
-4.717714212598425
21
5.4422757874015746
0
LINE
8
BLACK
6
CONTINUOUS
10
-4.717714212598425
20
5.4422757874015746
11
-4.7181551181102357
21
5.4433401968503938
0
LINE
8
BLACK
6
CONTINUOUS
10
-4.7181551181102357
20
5.4433401968503938
11
-4.7181785039370077
21
5.464165078740157
0
LINE
8
BLACK
6
CONTINUOUS
10
-4.7181785039370077
20
5.464165078740157
11
-4.722090433070866
21
5.4680661811023619
0
LINE
8
BLACK
6
CONTINUOUS
10
-4.722090433070866
20
5.4680661811023619
11
-4.7414683464566929
21
5.4421446062992125
0
LINE
8
BLACK
6
CONTINUOUS
10
-4.7414683464566929
20
5.4421446062992125
11
-4.7418593700787399
21
5.4417177952755909
0
LINE
8
BLACK
6
CONTINUOUS
10
-4.7418593700787399
20
5.4417177952755909
11
-4.7428507480314961
21
5.4411308267716532
0
LINE
8
BLACK
6
CONTINUOUS
10
-4.7428507480314961
20
5.4411308267716532
11
-4.7439912598425193
21
5.4409678740157483
0
LINE
8
BLACK
6
CONTINUOUS
10
-4.7439912598425193
20
5.4409678740157483
11
-4.7451073228346452
21
5.4412538188976374
0
LINE
8
BLACK
6
CONTINUOUS
10
-4.7451073228346452
20
5.4412538188976374
11
-4.7460290157480314
21
5.4419450787401571
0
LINE
8
BLACK
6
CONTINUOUS
10
-4.7460290157480314
20
5.4419450787401571
11
-4.7466159842519682
21
5.4429364566929133
0
LINE
8
BLACK
6
CONTINUOUS
10
-4.7466159842519682
20
5.4429364566929133
11
-4.7467789370078739
21
5.4440769685039365
0
LINE
8
BLACK
6
CONTINUOUS
10
-4.7467789370078739
20
5.4440769685039365
11
-4.746492992125984
21
5.4451930314960633
0
LINE
8
BLACK
6
CONTINUOUS
10
-4.746492992125984
20
5.4451930314960633
11
-4.7262746456692915
21
5.4722388188976376
0
LINE
8
BLACK
6
CONTINUOUS
10
-4.7262746456692915
20
5.4722388188976376
11
-4.7459184645669295
21
5.4918283464566926
0
LINE
8
BLACK
6
CONTINUOUS
10
-4.7459184645669295
20
5.4918283464566926
11
-4.7462856692913382
21
5.4922757874015744
0
LINE
8
BLACK
6
CONTINUOUS
10
-4.7462856692913382
20
5.4922757874015744
11
-4.7467265748031497
21
5.4933401968503937
0
LINE
8
BLACK
6
CONTINUOUS
10
-4.7467265748031497
20
5.4933401968503937
11
-4.7467265748031497
21
5.4944922834645666
0
LINE
8
BLACK
6
CONTINUOUS
10
-4.7467265748031497
20
5.4944922834645666
11
-4.7462856692913382
21
5.4955567322834646
0
LINE
8
BLACK
6
CONTINUOUS
10
-4.7462856692913382
20
5.4955567322834646
11
-4.7454710236220468
21
5.4963713779527561
0
LINE
8
BLACK
6
CONTINUOUS
10
-4.7454710236220468
20
5.4963713779527561
11
-4.7444066141732284
21
5.4968122834645667
0
LINE
8
BLACK
6
CONTINUOUS
10
-4.7444066141732284
20
5.4968122834645667
11
-4.7432545275590554
21
5.4968122834645667
0
LINE
8
BLACK
6
CONTINUOUS
10
-4.7432545275590554
20
5.4968122834645667
11
-4.7421900787401574
21
5.4963713779527561
0
LINE
8
BLACK
6
CONTINUOUS
10
-4.5563530708661419
20
5.5188802755905515
11
-4.5552886614173227
21
5.51843937007874
0
LINE
8
BLACK
6
CONTINUOUS
10
-4.5552886614173227
20
5.51843937007874
11
-4.5544740157480312
21
5.5176247244094485
0
LINE
8
BLACK
6
CONTINUOUS
10
-4.5544740157480312
20
5.5176247244094485
11
-4.5540331102362206
21
5.5165603149606302
0
LINE
8
BLACK
6
CONTINUOUS
10
-4.5540331102362206
20
5.5165603149606302
11
-4.5539763779527558
21
5.4214960629921256
0
LINE
8
BLACK
6
CONTINUOUS
10
-4.5539763779527558
20
5.4214960629921256
11
-4.5540331102362206
21
5.4209199999999997
0
LINE
8
BLACK
6
CONTINUOUS
10
-4.5540331102362206
20
5.4209199999999997
11
-4.5544740157480312
21
5.4198555905511814
0
LINE
8
BLACK
6
CONTINUOUS
10
-4.5544740157480312
20
5.4198555905511814
11
-4.5552886614173227
21
5.4190409448818899
0
LINE
8
BLACK
6
CONTINUOUS
10
-4.5552886614173227
20
5.4190409448818899
11
-4.5563530708661419
21
5.4186000393700784
0
LINE
8
BLACK
6
CONTINUOUS
10
-4.5563530708661419
20
5.4186000393700784
11
-4.7537795275590549
21
5.4185433070866145
0
LINE
8
BLACK
6
CONTINUOUS
10
-4.7537795275590549
20
5.4185433070866145
11
-4.7543555905511807
21
5.4186000393700784
0
LINE
8
BLACK
6
CONTINUOUS
10
-4.7543555905511807
20
5.4186000393700784
11
-4.75542
21
5.4190409448818899
0
LINE
8
BLACK
6
CONTINUOUS
10
-4.75542
20
5.4190409448818899
11
-4.7562346456692914
21
5.4198555905511814
0
LINE
8
BLACK
6
CONTINUOUS
10
-4.7562346456692914
20
5.4198555905511814
11
-4.7566755511811021
21
5.4209199999999997
0
LINE
8
BLACK
6
CONTINUOUS
10
-4.7566755511811021
20
5.4209199999999997
11
-4.7567322834645669
21
5.5159842519685034
0
LINE
8
BLACK
6
CONTINUOUS
10
-4.7567322834645669
20
5.5159842519685034
11
-4.7566755511811021
21
5.5165603149606302
0
LINE
8
BLACK
6
CONTINUOUS
10
-4.7566755511811021
20
5.5165603149606302
11
-4.7562346456692914
21
5.5176247244094485
0
LINE
8
BLACK
6
CONTINUOUS
10
-4.7562346456692914
20
5.5176247244094485
11
-4.75542
21
5.51843937007874
0
LINE
8
BLACK
6
CONTINUOUS
10
-4.75542
20
5.51843937007874
11
-4.7543555905511807
21
5.5188802755905515
0
LINE
8
BLACK
6
CONTINUOUS
10
-4.7543555905511807
20
5.5188802755905515
11
-4.5569291338582678
21
5.5189370078740154
0
LINE
8
BLACK
6
CONTINUOUS
10
-4.5569291338582678
20
5.5189370078740154
11
-4.5563530708661419
21
5.5188802755905515
0
LINE
8
BLACK
6
CONTINUOUS
10
-4.7508814173228346
20
5.5130323228346452
11
-4.750828503937008
21
5.4243930708661416
0
LINE
8
BLACK
6
CONTINUOUS
10
-4.750828503937008
20
5.4243930708661416
11
-4.5598272834645668
21
5.4244479527559051
0
LINE
8
BLACK
6
CONTINUOUS
10
-4.5598272834645668
20
5.4244479527559051
11
-4.5598801968503935
21
5.5130872047244095
0
LINE
8
BLACK
6
CONTINUOUS
10
-4.5598801968503935
20
5.5130872047244095
11
-4.7508814173228346
21
5.5130323228346452
0
LINE
8
BLACK
6
CONTINUOUS
10
-4.3823855118110231
20
5.4834664960629924
11
-4.3817463385826771
21
5.4828273228346456
0
LINE
8
BLACK
6
CONTINUOUS
10
-4.3817463385826771
20
5.4828273228346456
11
-4.3816564173228345
21
5.4726265354330703
0
LINE
8
BLACK
6
CONTINUOUS
10
-4.3816564173228345
20
5.4726265354330703
11
-4.3817463385826771
21
5.472174527559055
0
LINE
8
BLACK
6
CONTINUOUS
10
-4.3817463385826771
20
5.472174527559055
11
-4.3823855118110231
21
5.4715353543307081
0
LINE
8
BLACK
6
CONTINUOUS
10
-4.3823855118110231
20
5.4715353543307081
11
-4.3832895275590547
21
5.4715353543307081
0
LINE
8
BLACK
6
CONTINUOUS
10
-4.3832895275590547
20
5.4715353543307081
11
-4.3839287007874015
21
5.472174527559055
0
LINE
8
BLACK
6
CONTINUOUS
10
-4.3839287007874015
20
5.472174527559055
11
-4.3839945669291334
21
5.4796441732283467
0
LINE
8
BLACK
6
CONTINUOUS
10
-4.3839945669291334
20
5.4796441732283467
11
-4.3910012204724405
21
5.4725412598425196
0
LINE
8
BLACK
6
CONTINUOUS
10
-4.3910012204724405
20
5.4725412598425196
11
-4.3910504330708662
21
5.4725083858267718
0
LINE
8
BLACK
6
CONTINUOUS
10
-4.3910504330708662
20
5.4725083858267718
11
-4.3910625196850397
21
5.472484173228346
0
LINE
8
BLACK
6
CONTINUOUS
10
-4.3910625196850397
20
5.472484173228346
11
-4.3911164960629918
21
5.4724642519685034
0
LINE
8
BLACK
6
CONTINUOUS
10
-4.3911164960629918
20
5.4724642519685034
11
-4.3913844094488184
21
5.4722852362204719
0
LINE
8
BLACK
6
CONTINUOUS
10
-4.3913844094488184
20
5.4722852362204719
11
-4.3916014960629921
21
5.4722852362204719
0
LINE
8
BLACK
6
CONTINUOUS
10
-4.3916014960629921
20
5.4722852362204719
11
-4.3937125984251963
21
5.4715060236220472
0
LINE
8
BLACK
6
CONTINUOUS
10
-4.3937125984251963
20
5.4715060236220472
11
-4.3941698818897637
21
5.4714484251968507
0
LINE
8
BLACK
6
CONTINUOUS
10
-4.3941698818897637
20
5.4714484251968507
11
-4.3942838976377949
21
5.4715053937007871
0
LINE
8
BLACK
6
CONTINUOUS
10
-4.3942838976377949
20
5.4715053937007871
11
-4.3955859055118109
21
5.4714454330708664
0
LINE
8
BLACK
6
CONTINUOUS
10
-4.3955859055118109
20
5.4714454330708664
11
-4.3956439763779525
21
5.4714569685039365
0
LINE
8
BLACK
6
CONTINUOUS
10
-4.3956439763779525
20
5.4714569685039365
11
-4.3956696062992124
21
5.4714484251968507
0
LINE
8
BLACK
6
CONTINUOUS
10
-4.3956696062992124
20
5.4714484251968507
11
-4.3957244094488184
21
5.4714729527559056
0
LINE
8
BLACK
6
CONTINUOUS
10
-4.3957244094488184
20
5.4714729527559056
11
-4.3960379133858263
21
5.4715353543307081
0
LINE
8
BLACK
6
CONTINUOUS
10
-4.3960379133858263
20
5.4715353543307081
11
-4.3961796062992127
21
5.4716770078740158
0
LINE
8
BLACK
6
CONTINUOUS
10
-4.3961796062992127
20
5.4716770078740158
11
-4.3975364173228346
21
5.4722851968503932
0
LINE
8
BLACK
6
CONTINUOUS
10
-4.3975364173228346
20
5.4722851968503932
11
-4.3975377559055113
21
5.4722852362204719
0
LINE
8
BLACK
6
CONTINUOUS
10
-4.3975377559055113
20
5.4722852362204719
11
-4.3975391732283464
21
5.4722864566929132
0
LINE
8
BLACK
6
CONTINUOUS
10
-4.3975391732283464
20
5.4722864566929132
11
-4.3976139370078737
21
5.4723199999999999
0
LINE
8
BLACK
6
CONTINUOUS
10
-4.3976139370078737
20
5.4723199999999999
11
-4.3979779921259841
21
5.4726025590551179
0
LINE
8
BLACK
6
CONTINUOUS
10
-4.3979779921259841
20
5.4726025590551179
11
-4.3980128346456695
21
5.4727069685039371
0
LINE
8
BLACK
6
CONTINUOUS
10
-4.3980128346456695
20
5.4727069685039371
11
-4.3986047244094486
21
5.4732324409448818
0
LINE
8
BLACK
6
CONTINUOUS
10
-4.3986047244094486
20
5.4732324409448818
11
-4.3986094488188971
21
5.4732340551181098
0
LINE
8
BLACK
6
CONTINUOUS
10
-4.3986094488188971
20
5.4732340551181098
11
-4.3986123228346452
21
5.4732392125984255
0
LINE
8
BLACK
6
CONTINUOUS
10
-4.3986123228346452
20
5.4732392125984255
11
-4.3986708267716539
21
5.4732911811023621
0
LINE
8
BLACK
6
CONTINUOUS
10
-4.3986708267716539
20
5.4732911811023621
11
-4.3989268503937007
21
5.4736744094488188
0
LINE
8
BLACK
6
CONTINUOUS
10
-4.3989268503937007
20
5.4736744094488188
11
-4.3989268503937007
21
5.4738069685039372
0
LINE
8
BLACK
6
CONTINUOUS
10
-4.3989268503937007
20
5.4738069685039372
11
-4.3996419685039365
21
5.4750979133858264
0
LINE
8
BLACK
6
CONTINUOUS
10
-4.3996419685039365
20
5.4750979133858264
11
-4.3996575984251969
21
5.4751549606299212
0
LINE
8
BLACK
6
CONTINUOUS
10
-4.3996575984251969
20
5.4751549606299212
11
-4.3996767322834645
21
5.4751741338582676
0
LINE
8
BLACK
6
CONTINUOUS
10
-4.3996767322834645
20
5.4751741338582676
11
-4.399677913385827
21
5.475229173228346
0
LINE
8
BLACK
6
CONTINUOUS
10
-4.399677913385827
20
5.475229173228346
11
-4.3997636614173228
21
5.4755424409448814
0
LINE
8
BLACK
6
CONTINUOUS
10
-4.3997636614173228
20
5.4755424409448814
11
-4.3996894094488184
21
5.4757652755905513
0
LINE
8
BLACK
6
CONTINUOUS
10
-4.3996894094488184
20
5.4757652755905513
11
-4.3997666535433071
21
5.4793756692913389
0
LINE
8
BLACK
6
CONTINUOUS
10
-4.3997666535433071
20
5.4793756692913389
11
-4.3997551181102361
21
5.4794337007874017
0
LINE
8
BLACK
6
CONTINUOUS
10
-4.3997551181102361
20
5.4794337007874017
11
-4.3997636614173228
21
5.4794593700787404
0
LINE
8
BLACK
6
CONTINUOUS
10
-4.3997636614173228
20
5.4794593700787404
11
-4.3997391338582679
21
5.4795141338582676
0
LINE
8
BLACK
6
CONTINUOUS
10
-4.3997391338582679
20
5.4795141338582676
11
-4.3996767322834645
21
5.4798276771653542
0
LINE
8
BLACK
6
CONTINUOUS
10
-4.3996767322834645
20
5.4798276771653542
11
-4.3995350393700789
21
5.4799693700787397
0
LINE
8
BLACK
6
CONTINUOUS
10
-4.3995350393700789
20
5.4799693700787397
11
-4.3989268503937007
21
5.4813260629921254
0
LINE
8
BLACK
6
CONTINUOUS
10
-4.3989268503937007
20
5.4813260629921254
11
-4.3989268503937007
21
5.481327401574803
0
LINE
8
BLACK
6
CONTINUOUS
10
-4.3989268503937007
20
5.481327401574803
11
-4.3989256692913381
21
5.4813287401574806
0
LINE
8
BLACK
6
CONTINUOUS
10
-4.3989256692913381
20
5.4813287401574806
11
-4.398892047244094
21
5.4814037007874017
0
LINE
8
BLACK
6
CONTINUOUS
10
-4.398892047244094
20
5.4814037007874017
11
-4.3986094488188971
21
5.481767755905512
0
LINE
8
BLACK
6
CONTINUOUS
10
-4.3986094488188971
20
5.481767755905512
11
-4.3985050393700789
21
5.4818025590551178
0
LINE
8
BLACK
6
CONTINUOUS
10
-4.3985050393700789
20
5.4818025590551178
11
-4.3979209448818892
21
5.4824605118110235
0
LINE
8
BLACK
6
CONTINUOUS
10
-4.3979209448818892
20
5.4824605118110235
11
-4.3975377559055113
21
5.4827165748031499
0
LINE
8
BLACK
6
CONTINUOUS
10
-4.3975377559055113
20
5.4827165748031499
11
-4.3966338188976373
21
5.4827166141732286
0
LINE
8
BLACK
6
CONTINUOUS
10
-4.3966338188976373
20
5.4827166141732286
11
-4.3959945669291338
21
5.4820773622047243
0
LINE
8
BLACK
6
CONTINUOUS
10
-4.3959945669291338
20
5.4820773622047243
11
-4.3959945275590551
21
5.481173464566929
0
LINE
8
BLACK
6
CONTINUOUS
10
-4.3959945275590551
20
5.481173464566929
11
-4.396988188976378
21
5.4800540944881888
0
LINE
8
BLACK
6
CONTINUOUS
10
-4.396988188976378
20
5.4800540944881888
11
-4.3974759448818901
21
5.4789661023622047
0
LINE
8
BLACK
6
CONTINUOUS
10
-4.3974759448818901
20
5.4789661023622047
11
-4.3974079527559056
21
5.4757894881889762
0
LINE
8
BLACK
6
CONTINUOUS
10
-4.3974079527559056
20
5.4757894881889762
11
-4.3968079921259839
21
5.4747064566929131
0
LINE
8
BLACK
6
CONTINUOUS
10
-4.3968079921259839
20
5.4747064566929131
11
-4.3962643700787405
21
5.474223818897638
0
LINE
8
BLACK
6
CONTINUOUS
10
-4.3962643700787405
20
5.474223818897638
11
-4.3952194094488188
21
5.4737553937007872
0
LINE
8
BLACK
6
CONTINUOUS
10
-4.3952194094488188
20
5.4737553937007872
11
-4.3940861023622046
21
5.4738076377952751
0
LINE
8
BLACK
6
CONTINUOUS
10
-4.3940861023622046
20
5.4738076377952751
11
-4.394080433070866
21
5.4738064960629922
0
LINE
8
BLACK
6
CONTINUOUS
10
-4.394080433070866
20
5.4738064960629922
11
-4.3923014566929135
21
5.4744631102362202
0
LINE
8
BLACK
6
CONTINUOUS
10
-4.3923014566929135
20
5.4744631102362202
11
-4.3836726771653538
21
5.4832104724409447
0
LINE
8
BLACK
6
CONTINUOUS
10
-4.3836726771653538
20
5.4832104724409447
11
-4.3832896456692909
21
5.4834663779527562
0
LINE
8
BLACK
6
CONTINUOUS
10
-4.3832896456692909
20
5.4834663779527562
11
-4.3832895275590547
21
5.4834664960629924
0
LINE
8
BLACK
6
CONTINUOUS
10
-4.3832895275590547
20
5.4834664960629924
11
-4.3832894881889759
21
5.4834664960629924
0
LINE
8
BLACK
6
CONTINUOUS
10
-4.3832894881889759
20
5.4834664960629924
11
-4.3823855511811018
21
5.4834665354330712
0
LINE
8
BLACK
6
CONTINUOUS
10
-4.3823855511811018
20
5.4834665354330712
11
-4.3823855118110231
21
5.4834664960629924
0
LINE
8
BLACK
6
CONTINUOUS
10
-4.3823855118110231
20
5.4977146850393703
11
-4.3817463385826771
21
5.4970755118110235
0
LINE
8
BLACK
6
CONTINUOUS
10
-4.3817463385826771
20
5.4970755118110235
11
-4.3817463385826771
21
5.4961714960629919
0
LINE
8
BLACK
6
CONTINUOUS
10
-4.3817463385826771
20
5.4961714960629919
11
-4.3823855118110231
21
5.4955323228346451
0
LINE
8
BLACK
6
CONTINUOUS
10
-4.3823855118110231
20
5.4955323228346451
11
-4.3892233858267717
21
5.4954943307086612
0
LINE
8
BLACK
6
CONTINUOUS
10
-4.3892233858267717
20
5.4954943307086612
11
-4.3891944488188974
21
5.4934187007874016
0
LINE
8
BLACK
6
CONTINUOUS
10
-4.3891944488188974
20
5.4934187007874016
11
-4.3821602362204723
21
5.4885922440944883
0
LINE
8
BLACK
6
CONTINUOUS
10
-4.3821602362204723
20
5.4885922440944883
11
-4.3818414960629921
21
5.4882593700787403
0
LINE
8
BLACK
6
CONTINUOUS
10
-4.3818414960629921
20
5.4882593700787403
11
-4.3816844094488188
21
5.4873692125984252
0
LINE
8
BLACK
6
CONTINUOUS
10
-4.3816844094488188
20
5.4873692125984252
11
-4.3822027952755906
21
5.4866286220472436
0
LINE
8
BLACK
6
CONTINUOUS
10
-4.3822027952755906
20
5.4866286220472436
11
-4.3830929921259845
21
5.4864715354330711
0
LINE
8
BLACK
6
CONTINUOUS
10
-4.3830929921259845
20
5.4864715354330711
11
-4.389155590551181
21
5.4906312992125983
0
LINE
8
BLACK
6
CONTINUOUS
10
-4.389155590551181
20
5.4906312992125983
11
-4.3891554724409447
21
5.4906242519685042
0
LINE
8
BLACK
6
CONTINUOUS
10
-4.3891554724409447
20
5.4906242519685042
11
-4.3891670078740157
21
5.4905662598425193
0
LINE
8
BLACK
6
CONTINUOUS
10
-4.3891670078740157
20
5.4905662598425193
11
-4.3891584251968503
21
5.4905405511811018
0
LINE
8
BLACK
6
CONTINUOUS
10
-4.3891584251968503
20
5.4905405511811018
11
-4.3891830708661415
21
5.4904855905511809
0
LINE
8
BLACK
6
CONTINUOUS
10
-4.3891830708661415
20
5.4904855905511809
11
-4.3892453937007874
21
5.490172244094488
0
LINE
8
BLACK
6
CONTINUOUS
10
-4.3892453937007874
20
5.490172244094488
11
-4.3893870472440941
21
5.4900305905511813
0
LINE
8
BLACK
6
CONTINUOUS
10
-4.3893870472440941
20
5.4900305905511813
11
-4.3899952755905511
21
5.4886738188976381
0
LINE
8
BLACK
6
CONTINUOUS
10
-4.3899952755905511
20
5.4886738188976381
11
-4.3899952755905511
21
5.4886724803149605
0
LINE
8
BLACK
6
CONTINUOUS
10
-4.3899952755905511
20
5.4886724803149605
11
-4.3899965354330703
21
5.4886710629921263
0
LINE
8
BLACK
6
CONTINUOUS
10
-4.3899965354330703
20
5.4886710629921263
11
-4.3900300787401569
21
5.4885962204724406
0
LINE
8
BLACK
6
CONTINUOUS
10
-4.3900300787401569
20
5.4885962204724406
11
-4.3903126771653547
21
5.4882321653543302
0
LINE
8
BLACK
6
CONTINUOUS
10
-4.3903126771653547
20
5.4882321653543302
11
-4.390417086614173
21
5.4881973622047244
0
LINE
8
BLACK
6
CONTINUOUS
10
-4.390417086614173
20
5.4881973622047244
11
-4.3909425196850389
21
5.4876055511811019
0
LINE
8
BLACK
6
CONTINUOUS
10
-4.3909425196850389
20
5.4876055511811019
11
-4.390944094488189
21
5.4876007480314959
0
LINE
8
BLACK
6
CONTINUOUS
10
-4.390944094488189
20
5.4876007480314959
11
-4.3909493700787401
21
5.4875978346456691
0
LINE
8
BLACK
6
CONTINUOUS
10
-4.3909493700787401
20
5.4875978346456691
11
-4.3910012204724405
21
5.4875394094488188
0
LINE
8
BLACK
6
CONTINUOUS
10
-4.3910012204724405
20
5.4875394094488188
11
-4.3913844094488184
21
5.4872833858267711
0
LINE
8
BLACK
6
CONTINUOUS
10
-4.3913844094488184
20
5.4872833858267711
11
-4.3915170078740156
21
5.4872833858267711
0
LINE
8
BLACK
6
CONTINUOUS
10
-4.3915170078740156
20
5.4872833858267711
11
-4.3928080314960631
21
5.4865682283464565
0
LINE
8
BLACK
6
CONTINUOUS
10
-4.3928080314960631
20
5.4865682283464565
11
-4.3928650787401571
21
5.486552598425197
0
LINE
8
BLACK
6
CONTINUOUS
10
-4.3928650787401571
20
5.486552598425197
11
-4.3928842125984247
21
5.4865334645669286
0
LINE
8
BLACK
6
CONTINUOUS
10
-4.3928842125984247
20
5.4865334645669286
11
-4.3929420472440945
21
5.4865315354330706
0
LINE
8
BLACK
6
CONTINUOUS
10
-4.3929420472440945
20
5.4865315354330706
11
-4.3932525196850394
21
5.4864465354330711
0
LINE
8
BLACK
6
CONTINUOUS
10
-4.3932525196850394
20
5.4864465354330711
11
-4.3934562204724408
21
5.4865144094488185
0
LINE
8
BLACK
6
CONTINUOUS
10
-4.3934562204724408
20
5.4865144094488185
11
-4.3955859055118109
21
5.4864435433070868
0
LINE
8
BLACK
6
CONTINUOUS
10
-4.3955859055118109
20
5.4864435433070868
11
-4.395643897637795
21
5.4864550393700791
0
LINE
8
BLACK
6
CONTINUOUS
10
-4.395643897637795
20
5.4864550393700791
11
-4.3956696062992124
21
5.4864464960629924
0
LINE
8
BLACK
6
CONTINUOUS
10
-4.3956696062992124
20
5.4864464960629924
11
-4.3957245669291334
21
5.4864711023622048
0
LINE
8
BLACK
6
CONTINUOUS
10
-4.3957245669291334
20
5.4864711023622048
11
-4.3960379133858263
21
5.4865334645669286
0
LINE
8
BLACK
6
CONTINUOUS
10
-4.3960379133858263
20
5.4865334645669286
11
-4.3961795669291339
21
5.4866750787401575
0
LINE
8
BLACK
6
CONTINUOUS
10
-4.3961795669291339
20
5.4866750787401575
11
-4.3975362992125984
21
5.4872833464566924
0
LINE
8
BLACK
6
CONTINUOUS
10
-4.3975362992125984
20
5.4872833464566924
11
-4.3975377165354326
21
5.4872833464566924
0
LINE
8
BLACK
6
CONTINUOUS
10
-4.3975377165354326
20
5.4872833464566924
11
-4.3975391732283464
21
5.4872846062992124
0
LINE
8
BLACK
6
CONTINUOUS
10
-4.3975391732283464
20
5.4872846062992124
11
-4.3976139370078737
21
5.487318149606299
0
LINE
8
BLACK
6
CONTINUOUS
10
-4.3976139370078737
20
5.487318149606299
11
-4.3979780314960628
21
5.4876007480314959
0
LINE
8
BLACK
6
CONTINUOUS
10
-4.3979780314960628
20
5.4876007480314959
11
-4.3980128346456695
21
5.4877051181102363
0
LINE
8
BLACK
6
CONTINUOUS
10
-4.3980128346456695
20
5.4877051181102363
11
-4.3986046456692911
21
5.4882305511811023
0
LINE
8
BLACK
6
CONTINUOUS
10
-4.3986046456692911
20
5.4882305511811023
11
-4.3986094488188971
21
5.4882321653543302
0
LINE
8
BLACK
6
CONTINUOUS
10
-4.3986094488188971
20
5.4882321653543302
11
-4.398612362204724
21
5.4882374015748034
0
LINE
8
BLACK
6
CONTINUOUS
10
-4.398612362204724
20
5.4882374015748034
11
-4.3986707874015751
21
5.4882892913385826
0
LINE
8
BLACK
6
CONTINUOUS
10
-4.3986707874015751
20
5.4882892913385826
11
-4.3989268110236219
21
5.4886724803149605
0
LINE
8
BLACK
6
CONTINUOUS
10
-4.3989268110236219
20
5.4886724803149605
11
-4.3989268110236219
21
5.4888050393700789
0
LINE
8
BLACK
6
CONTINUOUS
10
-4.3989268110236219
20
5.4888050393700789
11
-4.3996419685039365
21
5.4900960236220469
0
LINE
8
BLACK
6
CONTINUOUS
10
-4.3996419685039365
20
5.4900960236220469
11
-4.3996575984251969
21
5.4901530708661417
0
LINE
8
BLACK
6
CONTINUOUS
10
-4.3996575984251969
20
5.4901530708661417
11
-4.3996767322834645
21
5.490172244094488
0
LINE
8
BLACK
6
CONTINUOUS
10
-4.3996767322834645
20
5.490172244094488
11
-4.3996774803149608
21
5.4902257086614172
0
LINE
8
BLACK
6
CONTINUOUS
10
-4.3996774803149608
20
5.4902257086614172
11
-4.3997636614173228
21
5.4905405511811018
0
LINE
8
BLACK
6
CONTINUOUS
10
-4.3997636614173228
20
5.4905405511811018
11
-4.3996851574803149
21
5.4907760629921256
0
LINE
8
BLACK
6
CONTINUOUS
10
-4.3996851574803149
20
5.4907760629921256
11
-4.3997666535433071
21
5.4966235039370082
0
LINE
8
BLACK
6
CONTINUOUS
10
-4.3997666535433071
20
5.4966235039370082
11
-4.3996767322834645
21
5.4970755118110235
0
LINE
8
BLACK
6
CONTINUOUS
10
-4.3996767322834645
20
5.4970755118110235
11
-4.3990375590551176
21
5.4977146850393703
0
LINE
8
BLACK
6
CONTINUOUS
10
-4.3990375590551176
20
5.4977146850393703
11
-4.3828375196850393
21
5.4978046062992121
0
LINE
8
BLACK
6
CONTINUOUS
10
-4.3828375196850393
20
5.4978046062992121
11
-4.3823855118110231
21
5.4977146850393703
0
LINE
8
BLACK
6
CONTINUOUS
10
-4.3974717322834644
20
5.4954485826771649
11
-4.3974067322834642
21
5.4907853543307086
0
LINE
8
BLACK
6
CONTINUOUS
10
-4.3974067322834642
20
5.4907853543307086
11
-4.3968079921259839
21
5.4897045669291336
0
LINE
8
BLACK
6
CONTINUOUS
10
-4.3968079921259839
20
5.4897045669291336
11
-4.3962644094488184
21
5.4892219685039372
0
LINE
8
BLACK
6
CONTINUOUS
10
-4.3962644094488184
20
5.4892219685039372
11
-4.3951976377952757
21
5.4887437795275593
0
LINE
8
BLACK
6
CONTINUOUS
10
-4.3951976377952757
20
5.4887437795275593
11
-4.3935033070866139
21
5.4888001574803145
0
LINE
8
BLACK
6
CONTINUOUS
10
-4.3935033070866139
20
5.4888001574803145
11
-4.3924165354330711
21
5.4894022047244091
0
LINE
8
BLACK
6
CONTINUOUS
10
-4.3924165354330711
20
5.4894022047244091
11
-4.3919339370078738
21
5.4899458267716534
0
LINE
8
BLACK
6
CONTINUOUS
10
-4.3919339370078738
20
5.4899458267716534
11
-4.3914399606299215
21
5.491047677165354
0
LINE
8
BLACK
6
CONTINUOUS
10
-4.3914399606299215
20
5.491047677165354
11
-4.3914672047244094
21
5.4930017322834646
0
LINE
8
BLACK
6
CONTINUOUS
10
-4.3914672047244094
20
5.4930017322834646
11
-4.3914897244094488
21
5.4931294094488186
0
LINE
8
BLACK
6
CONTINUOUS
10
-4.3914897244094488
20
5.4931294094488186
11
-4.3914694094488187
21
5.4931584645669291
0
LINE
8
BLACK
6
CONTINUOUS
10
-4.3914694094488187
20
5.4931584645669291
11
-4.3915017716535436
21
5.4954816929133861
0
LINE
8
BLACK
6
CONTINUOUS
10
-4.3915017716535436
20
5.4954816929133861
11
-4.3974717322834644
21
5.4954485826771649
0
LINE
8
BLACK
6
CONTINUOUS
10
-4.3730065354330705
20
5.518314724409449
11
-4.3719411811023621
21
5.5172493700787397
0
LINE
8
BLACK
6
CONTINUOUS
10
-4.3719411811023621
20
5.5172493700787397
11
-4.3717913385826774
21
5.4535039370078735
0
LINE
8
BLACK
6
CONTINUOUS
10
-4.3717913385826774
20
5.4535039370078735
11
-4.3719411811023621
21
5.45275062992126
0
LINE
8
BLACK
6
CONTINUOUS
10
-4.3719411811023621
20
5.45275062992126
11
-4.3730065354330705
21
5.4516852755905507
0
LINE
8
BLACK
6
CONTINUOUS
10
-4.3730065354330705
20
5.4516852755905507
11
-4.4062401574803145
21
5.4515354330708661
0
LINE
8
BLACK
6
CONTINUOUS
10
-4.4062401574803145
20
5.4515354330708661
11
-4.4069934645669289
21
5.4516852755905507
0
LINE
8
BLACK
6
CONTINUOUS
10
-4.4069934645669289
20
5.4516852755905507
11
-4.4080588188976373
21
5.45275062992126
0
LINE
8
BLACK
6
CONTINUOUS
10
-4.4080588188976373
20
5.45275062992126
11
-4.4082086614173228
21
5.5164960629921262
0
LINE
8
BLACK
6
CONTINUOUS
10
-4.4082086614173228
20
5.5164960629921262
11
-4.4080588188976373
21
5.5172493700787397
0
LINE
8
BLACK
6
CONTINUOUS
10
-4.4080588188976373
20
5.5172493700787397
11
-4.4069934645669289
21
5.518314724409449
0
LINE
8
BLACK
6
CONTINUOUS
10
-4.4069934645669289
20
5.518314724409449
11
-4.3737598425196849
21
5.5184645669291337
0
LINE
8
BLACK
6
CONTINUOUS
10
-4.3737598425196849
20
5.5184645669291337
11
-4.3730065354330705
21
5.518314724409449
0
LINE
8
BLACK
6
CONTINUOUS
10
-4.4044151181102364
20
5.5145357874015746
11
-4.4042759842519681
21
5.4553348425196848
0
LINE
8
BLACK
6
CONTINUOUS
10
-4.4042759842519681
20
5.4553348425196848
11
-4.3755849212598426
21
5.4554641732283464
0
LINE
8
BLACK
6
CONTINUOUS
10
-4.3755849212598426
20
5.4554641732283464
11
-4.37572405511811
21
5.5146651181102362
0
LINE
8
BLACK
6
CONTINUOUS
10
-4.37572405511811
20
5.5146651181102362
11
-4.4044151181102364
21
5.5145357874015746
0
LINE
8
BLACK
6
CONTINUOUS
10
-4.3107453149606298
20
5.482756141732283
11
-4.3106970078740154
21
5.4827165748031499
0
LINE
8
BLACK
6
CONTINUOUS
10
-4.3106970078740154
20
5.4827165748031499
11
-4.3106345669291342
21
5.4827166141732286
0
LINE
8
BLACK
6
CONTINUOUS
10
-4.3106345669291342
20
5.4827166141732286
11
-4.310353622047244
21
5.4824356299212598
0
LINE
8
BLACK
6
CONTINUOUS
10
-4.310353622047244
20
5.4824356299212598
11
-4.3100457086614172
21
5.4821837401574802
0
LINE
8
BLACK
6
CONTINUOUS
10
-4.3100457086614172
20
5.4821837401574802
11
-4.3100394881889761
21
5.4821214960629918
0
LINE
8
BLACK
6
CONTINUOUS
10
-4.3100394881889761
20
5.4821214960629918
11
-4.3099953149606298
21
5.4820773622047243
0
LINE
8
BLACK
6
CONTINUOUS
10
-4.3099953149606298
20
5.4820773622047243
11
-4.3099953149606298
21
5.4816796456692911
0
LINE
8
BLACK
6
CONTINUOUS
10
-4.3099953149606298
20
5.4816796456692911
11
-4.3099557480314958
21
5.4812842125984247
0
LINE
8
BLACK
6
CONTINUOUS
10
-4.3099557480314958
20
5.4812842125984247
11
-4.3099953149606298
21
5.4812358661417324
0
LINE
8
BLACK
6
CONTINUOUS
10
-4.3099953149606298
20
5.4812358661417324
11
-4.3099952755905511
21
5.481173464566929
0
LINE
8
BLACK
6
CONTINUOUS
10
-4.3099952755905511
20
5.481173464566929
11
-4.310988937007874
21
5.4800540944881888
0
LINE
8
BLACK
6
CONTINUOUS
10
-4.310988937007874
20
5.4800540944881888
11
-4.3114766929133861
21
5.4789661023622047
0
LINE
8
BLACK
6
CONTINUOUS
10
-4.3114766929133861
20
5.4789661023622047
11
-4.3114087007874016
21
5.4757894881889762
0
LINE
8
BLACK
6
CONTINUOUS
10
-4.3114087007874016
20
5.4757894881889762
11
-4.3108087401574799
21
5.4747064566929131
0
LINE
8
BLACK
6
CONTINUOUS
10
-4.3108087401574799
20
5.4747064566929131
11
-4.3102651181102365
21
5.474223818897638
0
LINE
8
BLACK
6
CONTINUOUS
10
-4.3102651181102365
20
5.474223818897638
11
-4.3091771653543303
21
5.4737361417322834
0
LINE
8
BLACK
6
CONTINUOUS
10
-4.3091771653543303
20
5.4737361417322834
11
-4.3060005511811026
21
5.4738041338582679
0
LINE
8
BLACK
6
CONTINUOUS
10
-4.3060005511811026
20
5.4738041338582679
11
-4.304917440944882
21
5.4744040551181099
0
LINE
8
BLACK
6
CONTINUOUS
10
-4.304917440944882
20
5.4744040551181099
11
-4.3044348818897635
21
5.4749475984251967
0
LINE
8
BLACK
6
CONTINUOUS
10
-4.3044348818897635
20
5.4749475984251967
11
-4.3039471653543302
21
5.4760356299212596
0
LINE
8
BLACK
6
CONTINUOUS
10
-4.3039471653543302
20
5.4760356299212596
11
-4.3040151574803147
21
5.4792122834645669
0
LINE
8
BLACK
6
CONTINUOUS
10
-4.3040151574803147
20
5.4792122834645669
11
-4.3046150787401576
21
5.4802953149606299
0
LINE
8
BLACK
6
CONTINUOUS
10
-4.3046150787401576
20
5.4802953149606299
11
-4.3051724803149609
21
5.4807902362204723
0
LINE
8
BLACK
6
CONTINUOUS
10
-4.3051724803149609
20
5.4807902362204723
11
-4.3054285039370077
21
5.4811734251968502
0
LINE
8
BLACK
6
CONTINUOUS
10
-4.3054285039370077
20
5.4811734251968502
11
-4.3054285039370077
21
5.4820773622047243
0
LINE
8
BLACK
6
CONTINUOUS
10
-4.3054285039370077
20
5.4820773622047243
11
-4.304789291338583
21
5.4827165748031499
0
LINE
8
BLACK
6
CONTINUOUS
10
-4.304789291338583
20
5.4827165748031499
11
-4.303885354330709
21
5.4827165748031499
0
LINE
8
BLACK
6
CONTINUOUS
10
-4.303885354330709
20
5.4827165748031499
11
-4.3028184251968504
21
5.48176937007874
0
LINE
8
BLACK
6
CONTINUOUS
10
-4.3028184251968504
20
5.48176937007874
11
-4.3028135433070869
21
5.481767755905512
0
LINE
8
BLACK
6
CONTINUOUS
10
-4.3028135433070869
20
5.481767755905512
11
-4.3028106299212601
21
5.4817624015748034
0
LINE
8
BLACK
6
CONTINUOUS
10
-4.3028106299212601
20
5.4817624015748034
11
-4.3027522440944885
21
5.4817106299212597
0
LINE
8
BLACK
6
CONTINUOUS
10
-4.3027522440944885
20
5.4817106299212597
11
-4.3024961811023621
21
5.4813274409448818
0
LINE
8
BLACK
6
CONTINUOUS
10
-4.3024961811023621
20
5.4813274409448818
11
-4.3024961811023621
21
5.4811948031496058
0
LINE
8
BLACK
6
CONTINUOUS
10
-4.3024961811023621
20
5.4811948031496058
11
-4.301781102362205
21
5.4799038582677166
0
LINE
8
BLACK
6
CONTINUOUS
10
-4.301781102362205
20
5.4799038582677166
11
-4.3017655118110234
21
5.4798468110236218
0
LINE
8
BLACK
6
CONTINUOUS
10
-4.3017655118110234
20
5.4798468110236218
11
-4.3017463385826771
21
5.4798276771653542
0
LINE
8
BLACK
6
CONTINUOUS
10
-4.3017463385826771
20
5.4798276771653542
11
-4.3017451968503932
21
5.4797725590551183
0
LINE
8
BLACK
6
CONTINUOUS
10
-4.3017451968503932
20
5.4797725590551183
11
-4.3016594094488187
21
5.4794593700787404
0
LINE
8
BLACK
6
CONTINUOUS
10
-4.3016594094488187
20
5.4794593700787404
11
-4.3017337007874019
21
5.4792364960629918
0
LINE
8
BLACK
6
CONTINUOUS
10
-4.3017337007874019
20
5.4792364960629918
11
-4.3016564173228344
21
5.4756261417322829
0
LINE
8
BLACK
6
CONTINUOUS
10
-4.3016564173228344
20
5.4756261417322829
11
-4.3016679921259842
21
5.4755680708661414
0
LINE
8
BLACK
6
CONTINUOUS
10
-4.3016679921259842
20
5.4755680708661414
11
-4.3016594094488187
21
5.4755424409448814
0
LINE
8
BLACK
6
CONTINUOUS
10
-4.3016594094488187
20
5.4755424409448814
11
-4.3016839763779524
21
5.4754876377952755
0
LINE
8
BLACK
6
CONTINUOUS
10
-4.3016839763779524
20
5.4754876377952755
11
-4.3017463385826771
21
5.4751741338582676
0
LINE
8
BLACK
6
CONTINUOUS
10
-4.3017463385826771
20
5.4751741338582676
11
-4.3018880314960626
21
5.4750324409448821
0
LINE
8
BLACK
6
CONTINUOUS
10
-4.3018880314960626
20
5.4750324409448821
11
-4.3024961811023621
21
5.4736757874015751
0
LINE
8
BLACK
6
CONTINUOUS
10
-4.3024961811023621
20
5.4736757874015751
11
-4.3024961811023621
21
5.47367437007874
0
LINE
8
BLACK
6
CONTINUOUS
10
-4.3024961811023621
20
5.47367437007874
11
-4.3024974803149609
21
5.4736729133858271
0
LINE
8
BLACK
6
CONTINUOUS
10
-4.3024974803149609
20
5.4736729133858271
11
-4.3025309842519688
21
5.4735981496062989
0
LINE
8
BLACK
6
CONTINUOUS
10
-4.3025309842519688
20
5.4735981496062989
11
-4.3028135433070869
21
5.4732340551181098
0
LINE
8
BLACK
6
CONTINUOUS
10
-4.3028135433070869
20
5.4732340551181098
11
-4.3029180314960627
21
5.4731992125984252
0
LINE
8
BLACK
6
CONTINUOUS
10
-4.3029180314960627
20
5.4731992125984252
11
-4.3034435039370074
21
5.472607362204724
0
LINE
8
BLACK
6
CONTINUOUS
10
-4.3034435039370074
20
5.472607362204724
11
-4.3034450787401575
21
5.4726025590551179
0
LINE
8
BLACK
6
CONTINUOUS
10
-4.3034450787401575
20
5.4726025590551179
11
-4.3034503543307085
21
5.4725996456692911
0
LINE
8
BLACK
6
CONTINUOUS
10
-4.3034503543307085
20
5.4725996456692911
11
-4.3035021653543302
21
5.4725412598425196
0
LINE
8
BLACK
6
CONTINUOUS
10
-4.3035021653543302
20
5.4725412598425196
11
-4.303885354330709
21
5.4722852362204719
0
LINE
8
BLACK
6
CONTINUOUS
10
-4.303885354330709
20
5.4722852362204719
11
-4.3040179527559053
21
5.4722852362204719
0
LINE
8
BLACK
6
CONTINUOUS
10
-4.3040179527559053
20
5.4722852362204719
11
-4.3053089370078741
21
5.4715701181102361
0
LINE
8
BLACK
6
CONTINUOUS
10
-4.3053089370078741
20
5.4715701181102361
11
-4.305365984251968
21
5.4715544881889766
0
LINE
8
BLACK
6
CONTINUOUS
10
-4.305365984251968
20
5.4715544881889766
11
-4.3053851181102365
21
5.4715353543307081
0
LINE
8
BLACK
6
CONTINUOUS
10
-4.3053851181102365
20
5.4715353543307081
11
-4.3054402362204724
21
5.4715341732283465
0
LINE
8
BLACK
6
CONTINUOUS
10
-4.3054402362204724
20
5.4715341732283465
11
-4.3057534251968503
21
5.4714484251968507
0
LINE
8
BLACK
6
CONTINUOUS
10
-4.3057534251968503
20
5.4714484251968507
11
-4.3059762992125981
21
5.4715226771653542
0
LINE
8
BLACK
6
CONTINUOUS
10
-4.3059762992125981
20
5.4715226771653542
11
-4.3095866535433069
21
5.4714454330708664
0
LINE
8
BLACK
6
CONTINUOUS
10
-4.3095866535433069
20
5.4714454330708664
11
-4.3096447244094485
21
5.4714569685039365
0
LINE
8
BLACK
6
CONTINUOUS
10
-4.3096447244094485
20
5.4714569685039365
11
-4.3096703543307084
21
5.4714484251968507
0
LINE
8
BLACK
6
CONTINUOUS
10
-4.3096703543307084
20
5.4714484251968507
11
-4.3097251574803153
21
5.4714729527559056
0
LINE
8
BLACK
6
CONTINUOUS
10
-4.3097251574803153
20
5.4714729527559056
11
-4.3100386614173232
21
5.4715353543307081
0
LINE
8
BLACK
6
CONTINUOUS
10
-4.3100386614173232
20
5.4715353543307081
11
-4.3101803543307087
21
5.4716770078740158
0
LINE
8
BLACK
6
CONTINUOUS
10
-4.3101803543307087
20
5.4716770078740158
11
-4.3115371653543306
21
5.4722851968503932
0
LINE
8
BLACK
6
CONTINUOUS
10
-4.3115371653543306
20
5.4722851968503932
11
-4.3115385039370082
21
5.4722852362204719
0
LINE
8
BLACK
6
CONTINUOUS
10
-4.3115385039370082
20
5.4722852362204719
11
-4.3115399212598424
21
5.4722864566929132
0
LINE
8
BLACK
6
CONTINUOUS
10
-4.3115399212598424
20
5.4722864566929132
11
-4.3116146850393697
21
5.4723199999999999
0
LINE
8
BLACK
6
CONTINUOUS
10
-4.3116146850393697
20
5.4723199999999999
11
-4.3119787401574801
21
5.4726025590551179
0
LINE
8
BLACK
6
CONTINUOUS
10
-4.3119787401574801
20
5.4726025590551179
11
-4.3120135826771655
21
5.4727069685039371
0
LINE
8
BLACK
6
CONTINUOUS
10
-4.3120135826771655
20
5.4727069685039371
11
-4.3126054724409446
21
5.4732324409448818
0
LINE
8
BLACK
6
CONTINUOUS
10
-4.3126054724409446
20
5.4732324409448818
11
-4.312610196850394
21
5.4732340551181098
0
LINE
8
BLACK
6
CONTINUOUS
10
-4.312610196850394
20
5.4732340551181098
11
-4.3126130708661412
21
5.4732392125984255
0
LINE
8
BLACK
6
CONTINUOUS
10
-4.3126130708661412
20
5.4732392125984255
11
-4.3126715748031499
21
5.4732911811023621
0
LINE
8
BLACK
6
CONTINUOUS
10
-4.3126715748031499
20
5.4732911811023621
11
-4.3129275984251967
21
5.4736744094488188
0
LINE
8
BLACK
6
CONTINUOUS
10
-4.3129275984251967
20
5.4736744094488188
11
-4.3129275984251967
21
5.4738069685039372
0
LINE
8
BLACK
6
CONTINUOUS
10
-4.3129275984251967
20
5.4738069685039372
11
-4.3136427165354334
21
5.4750979133858264
0
LINE
8
BLACK
6
CONTINUOUS
10
-4.3136427165354334
20
5.4750979133858264
11
-4.3136583464566929
21
5.4751549606299212
0
LINE
8
BLACK
6
CONTINUOUS
10
-4.3136583464566929
20
5.4751549606299212
11
-4.3136774803149605
21
5.4751741338582676
0
LINE
8
BLACK
6
CONTINUOUS
10
-4.3136774803149605
20
5.4751741338582676
11
-4.313678661417323
21
5.475229173228346
0
LINE
8
BLACK
6
CONTINUOUS
10
-4.313678661417323
20
5.475229173228346
11
-4.3137644094488188
21
5.4755424409448814
0
LINE
8
BLACK
6
CONTINUOUS
10
-4.3137644094488188
20
5.4755424409448814
11
-4.3136901574803153
21
5.4757652755905513
0
LINE
8
BLACK
6
CONTINUOUS
10
-4.3136901574803153
20
5.4757652755905513
11
-4.3137674015748031
21
5.4793756692913389
0
LINE
8
BLACK
6
CONTINUOUS
10
-4.3137674015748031
20
5.4793756692913389
11
-4.3137558661417321
21
5.4794337007874017
0
LINE
8
BLACK
6
CONTINUOUS
10
-4.3137558661417321
20
5.4794337007874017
11
-4.3137644094488188
21
5.4794593700787404
0
LINE
8
BLACK
6
CONTINUOUS
10
-4.3137644094488188
20
5.4794593700787404
11
-4.3137398818897639
21
5.4795141338582676
0
LINE
8
BLACK
6
CONTINUOUS
10
-4.3137398818897639
20
5.4795141338582676
11
-4.3136774803149605
21
5.4798276771653542
0
LINE
8
BLACK
6
CONTINUOUS
10
-4.3136774803149605
20
5.4798276771653542
11
-4.313535787401575
21
5.4799693700787397
0
LINE
8
BLACK
6
CONTINUOUS
10
-4.313535787401575
20
5.4799693700787397
11
-4.3134035826771653
21
5.4802643307086614
0
LINE
8
BLACK
6
CONTINUOUS
10
-4.3134035826771653
20
5.4802643307086614
11
-4.317477244094488
21
5.4798105905511809
0
LINE
8
BLACK
6
CONTINUOUS
10
-4.317477244094488
20
5.4798105905511809
11
-4.3174044488188974
21
5.4733764173228341
0
LINE
8
BLACK
6
CONTINUOUS
10
-4.3174044488188974
20
5.4733764173228341
11
-4.31749437007874
21
5.4729244094488187
0
LINE
8
BLACK
6
CONTINUOUS
10
-4.31749437007874
20
5.4729244094488187
11
-4.3181335433070869
21
5.4722852362204719
0
LINE
8
BLACK
6
CONTINUOUS
10
-4.3181335433070869
20
5.4722852362204719
11
-4.3190375590551184
21
5.4722852362204719
0
LINE
8
BLACK
6
CONTINUOUS
10
-4.3190375590551184
20
5.4722852362204719
11
-4.3196767322834644
21
5.4729244094488187
0
LINE
8
BLACK
6
CONTINUOUS
10
-4.3196767322834644
20
5.4729244094488187
11
-4.319766653543307
21
5.4808754724409452
0
LINE
8
BLACK
6
CONTINUOUS
10
-4.319766653543307
20
5.4808754724409452
11
-4.3197104724409447
21
5.4811580314960633
0
LINE
8
BLACK
6
CONTINUOUS
10
-4.3197104724409447
20
5.4811580314960633
11
-4.3197162992125984
21
5.4812166535433073
0
LINE
8
BLACK
6
CONTINUOUS
10
-4.3197162992125984
20
5.4812166535433073
11
-4.3196931889763777
21
5.481244921259842
0
LINE
8
BLACK
6
CONTINUOUS
10
-4.3196931889763777
20
5.481244921259842
11
-4.3196767322834644
21
5.4813274803149605
0
LINE
8
BLACK
6
CONTINUOUS
10
-4.3196767322834644
20
5.4813274803149605
11
-4.3193956692913389
21
5.4816085433070869
0
LINE
8
BLACK
6
CONTINUOUS
10
-4.3193956692913389
20
5.4816085433070869
11
-4.3191438976377956
21
5.48191625984252
0
LINE
8
BLACK
6
CONTINUOUS
10
-4.3191438976377956
20
5.48191625984252
11
-4.3190809448818896
21
5.4819232677165353
0
LINE
8
BLACK
6
CONTINUOUS
10
-4.3190809448818896
20
5.4819232677165353
11
-4.3190375590551184
21
5.4819666535433074
0
LINE
8
BLACK
6
CONTINUOUS
10
-4.3190375590551184
20
5.4819666535433074
11
-4.3186914566929131
21
5.4819666535433074
0
LINE
8
BLACK
6
CONTINUOUS
10
-4.3186914566929131
20
5.4819666535433074
11
-4.3112040157480314
21
5.4828006299212602
0
LINE
8
BLACK
6
CONTINUOUS
10
-4.3112040157480314
20
5.4828006299212602
11
-4.3107453149606298
21
5.482756141732283
0
LINE
8
BLACK
6
CONTINUOUS
10
-4.3023855118110239
20
5.4977146850393703
11
-4.3017463385826771
21
5.4970755118110235
0
LINE
8
BLACK
6
CONTINUOUS
10
-4.3017463385826771
20
5.4970755118110235
11
-4.3017463385826771
21
5.4961714960629919
0
LINE
8
BLACK
6
CONTINUOUS
10
-4.3017463385826771
20
5.4961714960629919
11
-4.3023855118110239
21
5.4955323228346451
0
LINE
8
BLACK
6
CONTINUOUS
10
-4.3023855118110239
20
5.4955323228346451
11
-4.3092233858267717
21
5.4954943307086612
0
LINE
8
BLACK
6
CONTINUOUS
10
-4.3092233858267717
20
5.4954943307086612
11
-4.3091944488188973
21
5.4934187007874016
0
LINE
8
BLACK
6
CONTINUOUS
10
-4.3091944488188973
20
5.4934187007874016
11
-4.3021602362204723
21
5.4885922440944883
0
LINE
8
BLACK
6
CONTINUOUS
10
-4.3021602362204723
20
5.4885922440944883
11
-4.301841496062992
21
5.4882593700787403
0
LINE
8
BLACK
6
CONTINUOUS
10
-4.301841496062992
20
5.4882593700787403
11
-4.3016844094488187
21
5.4873692125984252
0
LINE
8
BLACK
6
CONTINUOUS
10
-4.3016844094488187
20
5.4873692125984252
11
-4.3022027952755906
21
5.4866286220472436
0
LINE
8
BLACK
6
CONTINUOUS
10
-4.3022027952755906
20
5.4866286220472436
11
-4.3030929921259844
21
5.4864715354330711
0
LINE
8
BLACK
6
CONTINUOUS
10
-4.3030929921259844
20
5.4864715354330711
11
-4.3091555905511809
21
5.4906312992125983
0
LINE
8
BLACK
6
CONTINUOUS
10
-4.3091555905511809
20
5.4906312992125983
11
-4.3091554724409447
21
5.4906242519685042
0
LINE
8
BLACK
6
CONTINUOUS
10
-4.3091554724409447
20
5.4906242519685042
11
-4.3091670078740156
21
5.4905662598425193
0
LINE
8
BLACK
6
CONTINUOUS
10
-4.3091670078740156
20
5.4905662598425193
11
-4.3091584251968502
21
5.4905405511811018
0
LINE
8
BLACK
6
CONTINUOUS
10
-4.3091584251968502
20
5.4905405511811018
11
-4.3091830708661414
21
5.4904855905511809
0
LINE
8
BLACK
6
CONTINUOUS
10
-4.3091830708661414
20
5.4904855905511809
11
-4.3092453937007873
21
5.490172244094488
0
LINE
8
BLACK
6
CONTINUOUS
10
-4.3092453937007873
20
5.490172244094488
11
-4.309387047244094
21
5.4900305905511813
0
LINE
8
BLACK
6
CONTINUOUS
10
-4.309387047244094
20
5.4900305905511813
11
-4.3099952755905511
21
5.4886738188976381
0
LINE
8
BLACK
6
CONTINUOUS
10
-4.3099952755905511
20
5.4886738188976381
11
-4.3099952755905511
21
5.4886724803149605
0
LINE
8
BLACK
6
CONTINUOUS
10
-4.3099952755905511
20
5.4886724803149605
11
-4.3099965354330712
21
5.4886710629921263
0
LINE
8
BLACK
6
CONTINUOUS
10
-4.3099965354330712
20
5.4886710629921263
11
-4.3100300787401578
21
5.4885962204724406
0
LINE
8
BLACK
6
CONTINUOUS
10
-4.3100300787401578
20
5.4885962204724406
11
-4.3103126771653546
21
5.4882321653543302
0
LINE
8
BLACK
6
CONTINUOUS
10
-4.3103126771653546
20
5.4882321653543302
11
-4.3104170866141729
21
5.4881973622047244
0
LINE
8
BLACK
6
CONTINUOUS
10
-4.3104170866141729
20
5.4881973622047244
11
-4.3109425196850388
21
5.4876055511811019
0
LINE
8
BLACK
6
CONTINUOUS
10
-4.3109425196850388
20
5.4876055511811019
11
-4.3109440944881889
21
5.4876007480314959
0
LINE
8
BLACK
6
CONTINUOUS
10
-4.3109440944881889
20
5.4876007480314959
11
-4.31094937007874
21
5.4875978346456691
0
LINE
8
BLACK
6
CONTINUOUS
10
-4.31094937007874
20
5.4875978346456691
11
-4.3110012204724413
21
5.4875394094488188
0
LINE
8
BLACK
6
CONTINUOUS
10
-4.3110012204724413
20
5.4875394094488188
11
-4.3113844094488192
21
5.4872833858267711
0
LINE
8
BLACK
6
CONTINUOUS
10
-4.3113844094488192
20
5.4872833858267711
11
-4.3115170078740155
21
5.4872833858267711
0
LINE
8
BLACK
6
CONTINUOUS
10
-4.3115170078740155
20
5.4872833858267711
11
-4.3128080314960631
21
5.4865682283464565
0
LINE
8
BLACK
6
CONTINUOUS
10
-4.3128080314960631
20
5.4865682283464565
11
-4.312865078740157
21
5.486552598425197
0
LINE
8
BLACK
6
CONTINUOUS
10
-4.312865078740157
20
5.486552598425197
11
-4.3128842125984255
21
5.4865334645669286
0
LINE
8
BLACK
6
CONTINUOUS
10
-4.3128842125984255
20
5.4865334645669286
11
-4.3129420472440945
21
5.4865315354330706
0
LINE
8
BLACK
6
CONTINUOUS
10
-4.3129420472440945
20
5.4865315354330706
11
-4.3132525196850393
21
5.4864465354330711
0
LINE
8
BLACK
6
CONTINUOUS
10
-4.3132525196850393
20
5.4864465354330711
11
-4.3134562204724407
21
5.4865144094488185
0
LINE
8
BLACK
6
CONTINUOUS
10
-4.3134562204724407
20
5.4865144094488185
11
-4.3155859055118109
21
5.4864435433070868
0
LINE
8
BLACK
6
CONTINUOUS
10
-4.3155859055118109
20
5.4864435433070868
11
-4.3156438976377949
21
5.4864550393700791
0
LINE
8
BLACK
6
CONTINUOUS
10
-4.3156438976377949
20
5.4864550393700791
11
-4.3156696062992124
21
5.4864464960629924
0
LINE
8
BLACK
6
CONTINUOUS
10
-4.3156696062992124
20
5.4864464960629924
11
-4.3157245669291342
21
5.4864711023622048
0
LINE
8
BLACK
6
CONTINUOUS
10
-4.3157245669291342
20
5.4864711023622048
11
-4.3160379133858271
21
5.4865334645669286
0
LINE
8
BLACK
6
CONTINUOUS
10
-4.3160379133858271
20
5.4865334645669286
11
-4.3161795669291338
21
5.4866750787401575
0
LINE
8
BLACK
6
CONTINUOUS
10
-4.3161795669291338
20
5.4866750787401575
11
-4.3175362992125983
21
5.4872833464566924
0
LINE
8
BLACK
6
CONTINUOUS
10
-4.3175362992125983
20
5.4872833464566924
11
-4.3175377165354334
21
5.4872833464566924
0
LINE
8
BLACK
6
CONTINUOUS
10
-4.3175377165354334
20
5.4872833464566924
11
-4.3175391732283463
21
5.4872846062992124
0
LINE
8
BLACK
6
CONTINUOUS
10
-4.3175391732283463
20
5.4872846062992124
11
-4.3176139370078737
21
5.487318149606299
0
LINE
8
BLACK
6
CONTINUOUS
10
-4.3176139370078737
20
5.487318149606299
11
-4.3179780314960627
21
5.4876007480314959
0
LINE
8
BLACK
6
CONTINUOUS
10
-4.3179780314960627
20
5.4876007480314959
11
-4.3180128346456694
21
5.4877051181102363
0
LINE
8
BLACK
6
CONTINUOUS
10
-4.3180128346456694
20
5.4877051181102363
11
-4.318604645669291
21
5.4882305511811023
0
LINE
8
BLACK
6
CONTINUOUS
10
-4.318604645669291
20
5.4882305511811023
11
-4.318609448818898
21
5.4882321653543302
0
LINE
8
BLACK
6
CONTINUOUS
10
-4.318609448818898
20
5.4882321653543302
11
-4.3186123622047239
21
5.4882374015748034
0
LINE
8
BLACK
6
CONTINUOUS
10
-4.3186123622047239
20
5.4882374015748034
11
-4.3186707874015751
21
5.4882892913385826
0
LINE
8
BLACK
6
CONTINUOUS
10
-4.3186707874015751
20
5.4882892913385826
11
-4.3189268110236219
21
5.4886724803149605
0
LINE
8
BLACK
6
CONTINUOUS
10
-4.3189268110236219
20
5.4886724803149605
11
-4.3189268110236219
21
5.4888050393700789
0
LINE
8
BLACK
6
CONTINUOUS
10
-4.3189268110236219
20
5.4888050393700789
11
-4.3196419685039373
21
5.4900960236220469
0
LINE
8
BLACK
6
CONTINUOUS
10
-4.3196419685039373
20
5.4900960236220469
11
-4.3196575984251968
21
5.4901530708661417
0
LINE
8
BLACK
6
CONTINUOUS
10
-4.3196575984251968
20
5.4901530708661417
11
-4.3196767322834644
21
5.490172244094488
0
LINE
8
BLACK
6
CONTINUOUS
10
-4.3196767322834644
20
5.490172244094488
11
-4.3196774803149607
21
5.4902257086614172
0
LINE
8
BLACK
6
CONTINUOUS
10
-4.3196774803149607
20
5.4902257086614172
11
-4.3197636614173227
21
5.4905405511811018
0
LINE
8
BLACK
6
CONTINUOUS
10
-4.3197636614173227
20
5.4905405511811018
11
-4.3196851574803148
21
5.4907760629921256
0
LINE
8
BLACK
6
CONTINUOUS
10
-4.3196851574803148
20
5.4907760629921256
11
-4.319766653543307
21
5.4966235039370082
0
LINE
8
BLACK
6
CONTINUOUS
10
-4.319766653543307
20
5.4966235039370082
11
-4.3196767322834644
21
5.4970755118110235
0
LINE
8
BLACK
6
CONTINUOUS
10
-4.3196767322834644
20
5.4970755118110235
11
-4.3190375590551184
21
5.4977146850393703
0
LINE
8
BLACK
6
CONTINUOUS
10
-4.3190375590551184
20
5.4977146850393703
11
-4.3028375196850392
21
5.4978046062992121
0
LINE
8
BLACK
6
CONTINUOUS
10
-4.3028375196850392
20
5.4978046062992121
11
-4.3023855118110239
21
5.4977146850393703
0
LINE
8
BLACK
6
CONTINUOUS
10
-4.3174717322834644
20
5.4954485826771649
11
-4.3174067322834642
21
5.4907853543307086
0
LINE
8
BLACK
6
CONTINUOUS
10
-4.3174067322834642
20
5.4907853543307086
11
-4.3168079921259839
21
5.4897045669291336
0
LINE
8
BLACK
6
CONTINUOUS
10
-4.3168079921259839
20
5.4897045669291336
11
-4.3162644094488192
21
5.4892219685039372
0
LINE
8
BLACK
6
CONTINUOUS
10
-4.3162644094488192
20
5.4892219685039372
11
-4.3151976377952757
21
5.4887437795275593
0
LINE
8
BLACK
6
CONTINUOUS
10
-4.3151976377952757
20
5.4887437795275593
11
-4.3135033070866138
21
5.4888001574803145
0
LINE
8
BLACK
6
CONTINUOUS
10
-4.3135033070866138
20
5.4888001574803145
11
-4.312416535433071
21
5.4894022047244091
0
LINE
8
BLACK
6
CONTINUOUS
10
-4.312416535433071
20
5.4894022047244091
11
-4.3119339370078738
21
5.4899458267716534
0
LINE
8
BLACK
6
CONTINUOUS
10
-4.3119339370078738
20
5.4899458267716534
11
-4.3114399606299214
21
5.491047677165354
0
LINE
8
BLACK
6
CONTINUOUS
10
-4.3114399606299214
20
5.491047677165354
11
-4.3114672047244094
21
5.4930017322834646
0
LINE
8
BLACK
6
CONTINUOUS
10
-4.3114672047244094
20
5.4930017322834646
11
-4.3114897244094488
21
5.4931294094488186
0
LINE
8
BLACK
6
CONTINUOUS
10
-4.3114897244094488
20
5.4931294094488186
11
-4.3114694094488186
21
5.4931584645669291
0
LINE
8
BLACK
6
CONTINUOUS
10
-4.3114694094488186
20
5.4931584645669291
11
-4.3115017716535435
21
5.4954816929133861
0
LINE
8
BLACK
6
CONTINUOUS
10
-4.3115017716535435
20
5.4954816929133861
11
-4.3174717322834644
21
5.4954485826771649
0
LINE
8
BLACK
6
CONTINUOUS
10
-4.2930065354330704
20
5.518314724409449
11
-4.291941181102362
21
5.5172493700787397
0
LINE
8
BLACK
6
CONTINUOUS
10
-4.291941181102362
20
5.5172493700787397
11
-4.2917913385826774
21
5.4535039370078735
0
LINE
8
BLACK
6
CONTINUOUS
10
-4.2917913385826774
20
5.4535039370078735
11
-4.291941181102362
21
5.45275062992126
0
LINE
8
BLACK
6
CONTINUOUS
10
-4.291941181102362
20
5.45275062992126
11
-4.2930065354330704
21
5.4516852755905507
0
LINE
8
BLACK
6
CONTINUOUS
10
-4.2930065354330704
20
5.4516852755905507
11
-4.3262401574803144
21
5.4515354330708661
0
LINE
8
BLACK
6
CONTINUOUS
10
-4.3262401574803144
20
5.4515354330708661
11
-4.3269934645669288
21
5.4516852755905507
0
LINE
8
BLACK
6
CONTINUOUS
10
-4.3269934645669288
20
5.4516852755905507
11
-4.3280588188976381
21
5.45275062992126
0
LINE
8
BLACK
6
CONTINUOUS
10
-4.3280588188976381
20
5.45275062992126
11
-4.3282086614173227
21
5.5164960629921262
0
LINE
8
BLACK
6
CONTINUOUS
10
-4.3282086614173227
20
5.5164960629921262
11
-4.3280588188976381
21
5.5172493700787397
0
LINE
8
BLACK
6
CONTINUOUS
10
-4.3280588188976381
20
5.5172493700787397
11
-4.3269934645669288
21
5.518314724409449
0
LINE
8
BLACK
6
CONTINUOUS
10
-4.3269934645669288
20
5.518314724409449
11
-4.2937598425196848
21
5.5184645669291337
0
LINE
8
BLACK
6
CONTINUOUS
10
-4.2937598425196848
20
5.5184645669291337
11
-4.2930065354330704
21
5.518314724409449
0
LINE
8
BLACK
6
CONTINUOUS
10
-4.3244151181102364
20
5.5145357874015746
11
-4.324275984251968
21
5.4553348425196848
0
LINE
8
BLACK
6
CONTINUOUS
10
-4.324275984251968
20
5.4553348425196848
11
-4.2955849212598425
21
5.4554641732283464
0
LINE
8
BLACK
6
CONTINUOUS
10
-4.2955849212598425
20
5.4554641732283464
11
-4.29572405511811
21
5.5146651181102362
0
LINE
8
BLACK
6
CONTINUOUS
10
-4.29572405511811
20
5.5146651181102362
11
-4.3244151181102364
21
5.5145357874015746
0
LINE
8
BLACK
6
CONTINUOUS
10
-4.4779244881889761
20
5.4996766929133853
11
-4.4772853149606302
21
5.4990375196850394
0
LINE
8
BLACK
6
CONTINUOUS
10
-4.4772853149606302
20
5.4990375196850394
11
-4.4771953937007876
21
5.4828374803149602
0
LINE
8
BLACK
6
CONTINUOUS
10
-4.4771953937007876
20
5.4828374803149602
11
-4.4772853149606302
21
5.4823854724409449
0
LINE
8
BLACK
6
CONTINUOUS
10
-4.4772853149606302
20
5.4823854724409449
11
-4.4779244881889761
21
5.481746299212598
0
LINE
8
BLACK
6
CONTINUOUS
10
-4.4779244881889761
20
5.481746299212598
11
-4.4788285039370077
21
5.481746299212598
0
LINE
8
BLACK
6
CONTINUOUS
10
-4.4788285039370077
20
5.481746299212598
11
-4.4794676771653545
21
5.4823854724409449
0
LINE
8
BLACK
6
CONTINUOUS
10
-4.4794676771653545
20
5.4823854724409449
11
-4.4795056692913384
21
5.4892233070866139
0
LINE
8
BLACK
6
CONTINUOUS
10
-4.4795056692913384
20
5.4892233070866139
11
-4.4815812992125981
21
5.4891943700787404
0
LINE
8
BLACK
6
CONTINUOUS
10
-4.4815812992125981
20
5.4891943700787404
11
-4.4864077559055113
21
5.4821601574803145
0
LINE
8
BLACK
6
CONTINUOUS
10
-4.4864077559055113
20
5.4821601574803145
11
-4.4867406299212593
21
5.4818414173228343
0
LINE
8
BLACK
6
CONTINUOUS
10
-4.4867406299212593
20
5.4818414173228343
11
-4.4876307874015744
21
5.4816843307086609
0
LINE
8
BLACK
6
CONTINUOUS
10
-4.4876307874015744
20
5.4816843307086609
11
-4.4883714173228348
21
5.4822027559055115
0
LINE
8
BLACK
6
CONTINUOUS
10
-4.4883714173228348
20
5.4822027559055115
11
-4.4885285039370082
21
5.4830929133858266
0
LINE
8
BLACK
6
CONTINUOUS
10
-4.4885285039370082
20
5.4830929133858266
11
-4.4843687007874014
21
5.4891555118110231
0
LINE
8
BLACK
6
CONTINUOUS
10
-4.4843687007874014
20
5.4891555118110231
11
-4.4843757480314963
21
5.4891554330708656
0
LINE
8
BLACK
6
CONTINUOUS
10
-4.4843757480314963
20
5.4891554330708656
11
-4.4844337401574803
21
5.4891669291338578
0
LINE
8
BLACK
6
CONTINUOUS
10
-4.4844337401574803
20
5.4891669291338578
11
-4.4844594488188978
21
5.4891583858267712
0
LINE
8
BLACK
6
CONTINUOUS
10
-4.4844594488188978
20
5.4891583858267712
11
-4.4845144094488187
21
5.4891829921259845
0
LINE
8
BLACK
6
CONTINUOUS
10
-4.4845144094488187
20
5.4891829921259845
11
-4.4848277559055116
21
5.4892453543307083
0
LINE
8
BLACK
6
CONTINUOUS
10
-4.4848277559055116
20
5.4892453543307083
11
-4.4849694094488184
21
5.4893869685039371
0
LINE
8
BLACK
6
CONTINUOUS
10
-4.4849694094488184
20
5.4893869685039371
11
-4.4863261417322837
21
5.489995236220472
0
LINE
8
BLACK
6
CONTINUOUS
10
-4.4863261417322837
20
5.489995236220472
11
-4.4863275196850392
21
5.489995236220472
0
LINE
8
BLACK
6
CONTINUOUS
10
-4.4863275196850392
20
5.489995236220472
11
-4.4863289370078743
21
5.4899964566929134
0
LINE
8
BLACK
6
CONTINUOUS
10
-4.4863289370078743
20
5.4899964566929134
11
-4.4864037795275591
21
5.4900300393700787
0
LINE
8
BLACK
6
CONTINUOUS
10
-4.4864037795275591
20
5.4900300393700787
11
-4.4867678346456694
21
5.4903126377952756
0
LINE
8
BLACK
6
CONTINUOUS
10
-4.4867678346456694
20
5.4903126377952756
11
-4.4868026377952752
21
5.490417007874016
0
LINE
8
BLACK
6
CONTINUOUS
10
-4.4868026377952752
20
5.490417007874016
11
-4.4873944488188977
21
5.4909424409448819
0
LINE
8
BLACK
6
CONTINUOUS
10
-4.4873944488188977
20
5.4909424409448819
11
-4.4873992519685038
21
5.4909440551181099
0
LINE
8
BLACK
6
CONTINUOUS
10
-4.4873992519685038
20
5.4909440551181099
11
-4.4874021653543306
21
5.4909492913385822
0
LINE
8
BLACK
6
CONTINUOUS
10
-4.4874021653543306
20
5.4909492913385822
11
-4.4874605905511809
21
5.4910011811023622
0
LINE
8
BLACK
6
CONTINUOUS
10
-4.4874605905511809
20
5.4910011811023622
11
-4.4877166141732285
21
5.4913843700787401
0
LINE
8
BLACK
6
CONTINUOUS
10
-4.4877166141732285
20
5.4913843700787401
11
-4.4877166141732285
21
5.4915169291338586
0
LINE
8
BLACK
6
CONTINUOUS
10
-4.4877166141732285
20
5.4915169291338586
11
-4.4884317716535431
21
5.492807992125984
0
LINE
8
BLACK
6
CONTINUOUS
10
-4.4884317716535431
20
5.492807992125984
11
-4.4884474015748035
21
5.4928650000000001
0
LINE
8
BLACK
6
CONTINUOUS
10
-4.4884474015748035
20
5.4928650000000001
11
-4.4884665354330711
21
5.4928841732283464
0
LINE
8
BLACK
6
CONTINUOUS
10
-4.4884665354330711
20
5.4928841732283464
11
-4.4884684645669291
21
5.4929419685039367
0
LINE
8
BLACK
6
CONTINUOUS
10
-4.4884684645669291
20
5.4929419685039367
11
-4.4885534645669294
21
5.4932524803149603
0
LINE
8
BLACK
6
CONTINUOUS
10
-4.4885534645669294
20
5.4932524803149603
11
-4.4884855905511811
21
5.4934561417322829
0
LINE
8
BLACK
6
CONTINUOUS
10
-4.4884855905511811
20
5.4934561417322829
11
-4.4885564566929137
21
5.4955858661417318
0
LINE
8
BLACK
6
CONTINUOUS
10
-4.4885564566929137
20
5.4955858661417318
11
-4.4885449212598427
21
5.4956438976377955
0
LINE
8
BLACK
6
CONTINUOUS
10
-4.4885449212598427
20
5.4956438976377955
11
-4.4885534645669294
21
5.4956695669291333
0
LINE
8
BLACK
6
CONTINUOUS
10
-4.4885534645669294
20
5.4956695669291333
11
-4.4885289370078736
21
5.4957243307086614
0
LINE
8
BLACK
6
CONTINUOUS
10
-4.4885289370078736
20
5.4957243307086614
11
-4.4884665354330711
21
5.4960378740157481
0
LINE
8
BLACK
6
CONTINUOUS
10
-4.4884665354330711
20
5.4960378740157481
11
-4.4883248818897634
21
5.4961795275590548
0
LINE
8
BLACK
6
CONTINUOUS
10
-4.4883248818897634
20
5.4961795275590548
11
-4.4877166141732285
21
5.4975363779527555
0
LINE
8
BLACK
6
CONTINUOUS
10
-4.4877166141732285
20
5.4975363779527555
11
-4.4877166141732285
21
5.4975376771653544
0
LINE
8
BLACK
6
CONTINUOUS
10
-4.4877166141732285
20
5.4975376771653544
11
-4.4877154724409447
21
5.4975389763779523
0
LINE
8
BLACK
6
CONTINUOUS
10
-4.4877154724409447
20
5.4975389763779523
11
-4.4876818503937006
21
5.4976139370078743
0
LINE
8
BLACK
6
CONTINUOUS
10
-4.4876818503937006
20
5.4976139370078743
11
-4.4873992519685038
21
5.4979779921259837
0
LINE
8
BLACK
6
CONTINUOUS
10
-4.4873992519685038
20
5.4979779921259837
11
-4.4872948425196846
21
5.4980127952755904
0
LINE
8
BLACK
6
CONTINUOUS
10
-4.4872948425196846
20
5.4980127952755904
11
-4.4867694488188974
21
5.4986046456692916
0
LINE
8
BLACK
6
CONTINUOUS
10
-4.4867694488188974
20
5.4986046456692916
11
-4.4867678346456694
21
5.4986094094488189
0
LINE
8
BLACK
6
CONTINUOUS
10
-4.4867678346456694
20
5.4986094094488189
11
-4.4867626771653546
21
5.498612283464567
0
LINE
8
BLACK
6
CONTINUOUS
10
-4.4867626771653546
20
5.498612283464567
11
-4.4867107086614171
21
5.4986707874015748
0
LINE
8
BLACK
6
CONTINUOUS
10
-4.4867107086614171
20
5.4986707874015748
11
-4.4863275196850392
21
5.4989268110236216
0
LINE
8
BLACK
6
CONTINUOUS
10
-4.4863275196850392
20
5.4989268110236216
11
-4.4861948818897641
21
5.4989268110236216
0
LINE
8
BLACK
6
CONTINUOUS
10
-4.4861948818897641
20
5.4989268110236216
11
-4.484903937007874
21
5.4996419291338583
0
LINE
8
BLACK
6
CONTINUOUS
10
-4.484903937007874
20
5.4996419291338583
11
-4.484846929133858
21
5.499657519685039
0
LINE
8
BLACK
6
CONTINUOUS
10
-4.484846929133858
20
5.499657519685039
11
-4.4848277559055116
21
5.4996766929133853
0
LINE
8
BLACK
6
CONTINUOUS
10
-4.4848277559055116
20
5.4996766929133853
11
-4.4847742913385824
21
5.4996774015748029
0
LINE
8
BLACK
6
CONTINUOUS
10
-4.4847742913385824
20
5.4996774015748029
11
-4.4844594488188978
21
5.4997636614173224
0
LINE
8
BLACK
6
CONTINUOUS
10
-4.4844594488188978
20
5.4997636614173224
11
-4.4842238582677165
21
5.499685078740157
0
LINE
8
BLACK
6
CONTINUOUS
10
-4.4842238582677165
20
5.499685078740157
11
-4.4783764960629924
21
5.499766614173228
0
LINE
8
BLACK
6
CONTINUOUS
10
-4.4783764960629924
20
5.499766614173228
11
-4.4779244881889761
21
5.4996766929133853
0
LINE
8
BLACK
6
CONTINUOUS
10
-4.4842146456692911
20
5.4974066535433073
11
-4.4852954724409448
21
5.4968078740157482
0
LINE
8
BLACK
6
CONTINUOUS
10
-4.4852954724409448
20
5.4968078740157482
11
-4.4857779527559059
21
5.4962644488188976
0
LINE
8
BLACK
6
CONTINUOUS
10
-4.4857779527559059
20
5.4962644488188976
11
-4.4862562204724412
21
5.4951975984251966
0
LINE
8
BLACK
6
CONTINUOUS
10
-4.4862562204724412
20
5.4951975984251966
11
-4.4861998425196852
21
5.4935032283464569
0
LINE
8
BLACK
6
CONTINUOUS
10
-4.4861998425196852
20
5.4935032283464569
11
-4.4855977952755905
21
5.4924164566929132
0
LINE
8
BLACK
6
CONTINUOUS
10
-4.4855977952755905
20
5.4924164566929132
11
-4.4850541732283462
21
5.4919338582677169
0
LINE
8
BLACK
6
CONTINUOUS
10
-4.4850541732283462
20
5.4919338582677169
11
-4.4839523228346456
21
5.4914398818897636
0
LINE
8
BLACK
6
CONTINUOUS
10
-4.4839523228346456
20
5.4914398818897636
11
-4.4819980314960626
21
5.4914671259842516
0
LINE
8
BLACK
6
CONTINUOUS
10
-4.4819980314960626
20
5.4914671259842516
11
-4.4818705905511811
21
5.491489645669291
0
LINE
8
BLACK
6
CONTINUOUS
10
-4.4818705905511811
20
5.491489645669291
11
-4.481841614173228
21
5.4914693307086617
0
LINE
8
BLACK
6
CONTINUOUS
10
-4.481841614173228
20
5.4914693307086617
11
-4.4795183070866145
21
5.4915016929133857
0
LINE
8
BLACK
6
CONTINUOUS
10
-4.4795183070866145
20
5.4915016929133857
11
-4.4795514173228348
21
5.4974716535433066
0
LINE
8
BLACK
6
CONTINUOUS
10
-4.4795514173228348
20
5.4974716535433066
11
-4.4842146456692911
21
5.4974066535433073
0
LINE
8
BLACK
6
CONTINUOUS
10
-4.4962318897637799
20
5.5001092913385827
11
-4.4922540944881888
21
5.4884603149606299
0
LINE
8
BLACK
6
CONTINUOUS
10
-4.4922540944881888
20
5.4884603149606299
11
-4.4921964960629923
21
5.4880030708661414
0
LINE
8
BLACK
6
CONTINUOUS
10
-4.4921964960629923
20
5.4880030708661414
11
-4.4922834251968506
21
5.4878292125984247
0
LINE
8
BLACK
6
CONTINUOUS
10
-4.4922834251968506
20
5.4878292125984247
11
-4.4922834251968506
21
5.4876348031496063
0
LINE
8
BLACK
6
CONTINUOUS
10
-4.4922834251968506
20
5.4876348031496063
11
-4.4924778346456691
21
5.487440393700787
0
LINE
8
BLACK
6
CONTINUOUS
10
-4.4924778346456691
20
5.487440393700787
11
-4.4926007480314958
21
5.4871945669291335
0
LINE
8
BLACK
6
CONTINUOUS
10
-4.4926007480314958
20
5.4871945669291335
11
-4.4927851181102358
21
5.4871331102362202
0
LINE
8
BLACK
6
CONTINUOUS
10
-4.4927851181102358
20
5.4871331102362202
11
-4.4929225984251966
21
5.4869956299212594
0
LINE
8
BLACK
6
CONTINUOUS
10
-4.4929225984251966
20
5.4869956299212594
11
-4.4932050393700784
21
5.4869931102362202
0
LINE
8
BLACK
6
CONTINUOUS
10
-4.4932050393700784
20
5.4869931102362202
11
-4.4934583464566931
21
5.4869087007874011
0
LINE
8
BLACK
6
CONTINUOUS
10
-4.4934583464566931
20
5.4869087007874011
11
-4.4936199212598424
21
5.4869894488188979
0
LINE
8
BLACK
6
CONTINUOUS
10
-4.4936199212598424
20
5.4869894488188979
11
-4.4997262204724411
21
5.4869356299212599
0
LINE
8
BLACK
6
CONTINUOUS
10
-4.4997262204724411
20
5.4869356299212599
11
-4.4996925590551182
21
5.4828374803149602
0
LINE
8
BLACK
6
CONTINUOUS
10
-4.4996925590551182
20
5.4828374803149602
11
-4.4997824803149609
21
5.4823854724409449
0
LINE
8
BLACK
6
CONTINUOUS
10
-4.4997824803149609
20
5.4823854724409449
11
-4.5004216535433068
21
5.481746299212598
0
LINE
8
BLACK
6
CONTINUOUS
10
-4.5004216535433068
20
5.481746299212598
11
-4.5013256692913384
21
5.481746299212598
0
LINE
8
BLACK
6
CONTINUOUS
10
-4.5013256692913384
20
5.481746299212598
11
-4.5019648425196852
21
5.4823854724409449
0
LINE
8
BLACK
6
CONTINUOUS
10
-4.5019648425196852
20
5.4823854724409449
11
-4.502002047244094
21
5.4869155905511811
0
LINE
8
BLACK
6
CONTINUOUS
10
-4.502002047244094
20
5.4869155905511811
11
-4.5031233858267719
21
5.4869057086614168
0
LINE
8
BLACK
6
CONTINUOUS
10
-4.5031233858267719
20
5.4869057086614168
11
-4.5035753937007872
21
5.4869956299212594
0
LINE
8
BLACK
6
CONTINUOUS
10
-4.5035753937007872
20
5.4869956299212594
11
-4.504214566929134
21
5.4876348031496063
0
LINE
8
BLACK
6
CONTINUOUS
10
-4.504214566929134
20
5.4876348031496063
11
-4.504214566929134
21
5.4885388188976378
0
LINE
8
BLACK
6
CONTINUOUS
10
-4.504214566929134
20
5.4885388188976378
11
-4.5035753937007872
21
5.4891779921259838
0
LINE
8
BLACK
6
CONTINUOUS
10
-4.5035753937007872
20
5.4891779921259838
11
-4.5020207480314962
21
5.4891916929133853
0
LINE
8
BLACK
6
CONTINUOUS
10
-4.5020207480314962
20
5.4891916929133853
11
-4.5020547637795278
21
5.4933361811023618
0
LINE
8
BLACK
6
CONTINUOUS
10
-4.5020547637795278
20
5.4933361811023618
11
-4.5019648425196852
21
5.493788188976378
0
LINE
8
BLACK
6
CONTINUOUS
10
-4.5019648425196852
20
5.493788188976378
11
-4.5013256692913384
21
5.4944273622047239
0
LINE
8
BLACK
6
CONTINUOUS
10
-4.5013256692913384
20
5.4944273622047239
11
-4.5004216535433068
21
5.4944273622047239
0
LINE
8
BLACK
6
CONTINUOUS
10
-4.5004216535433068
20
5.4944273622047239
11
-4.4997824803149609
21
5.493788188976378
0
LINE
8
BLACK
6
CONTINUOUS
10
-4.4997824803149609
20
5.493788188976378
11
-4.4997449212598424
21
5.4892117322834642
0
LINE
8
BLACK
6
CONTINUOUS
10
-4.4997449212598424
20
5.4892117322834642
11
-4.4949297637795276
21
5.4892541732283462
0
LINE
8
BLACK
6
CONTINUOUS
10
-4.4949297637795276
20
5.4892541732283462
11
-4.4982446456692911
21
5.4989619291338583
0
LINE
8
BLACK
6
CONTINUOUS
10
-4.4982446456692911
20
5.4989619291338583
11
-4.4983022440944884
21
5.4994191732283459
0
LINE
8
BLACK
6
CONTINUOUS
10
-4.4983022440944884
20
5.4994191732283459
11
-4.4978979921259841
21
5.5002276771653538
0
LINE
8
BLACK
6
CONTINUOUS
10
-4.4978979921259841
20
5.5002276771653538
11
-4.4970403937007877
21
5.5005135433070862
0
LINE
8
BLACK
6
CONTINUOUS
10
-4.4970403937007877
20
5.5005135433070862
11
-4.4962318897637799
21
5.5001092913385827
0
LINE
8
BLACK
6
CONTINUOUS
10
-4.4577506299212599
20
5.5080588188976378
11
-4.4566852755905515
21
5.5069934645669294
0
LINE
8
BLACK
6
CONTINUOUS
10
-4.4566852755905515
20
5.5069934645669294
11
-4.456535433070866
21
5.4737598425196845
0
LINE
8
BLACK
6
CONTINUOUS
10
-4.456535433070866
20
5.4737598425196845
11
-4.4566852755905515
21
5.473006535433071
0
LINE
8
BLACK
6
CONTINUOUS
10
-4.4566852755905515
20
5.473006535433071
11
-4.4577506299212599
21
5.4719411811023617
0
LINE
8
BLACK
6
CONTINUOUS
10
-4.4577506299212599
20
5.4719411811023617
11
-4.5214960629921261
21
5.4717913385826771
0
LINE
8
BLACK
6
CONTINUOUS
10
-4.5214960629921261
20
5.4717913385826771
11
-4.5222493700787396
21
5.4719411811023617
0
LINE
8
BLACK
6
CONTINUOUS
10
-4.5222493700787396
20
5.4719411811023617
11
-4.5233147244094489
21
5.473006535433071
0
LINE
8
BLACK
6
CONTINUOUS
10
-4.5233147244094489
20
5.473006535433071
11
-4.5234645669291336
21
5.506240157480315
0
LINE
8
BLACK
6
CONTINUOUS
10
-4.5234645669291336
20
5.506240157480315
11
-4.5233147244094489
21
5.5069934645669294
0
LINE
8
BLACK
6
CONTINUOUS
10
-4.5233147244094489
20
5.5069934645669294
11
-4.5222493700787396
21
5.5080588188976378
0
LINE
8
BLACK
6
CONTINUOUS
10
-4.5222493700787396
20
5.5080588188976378
11
-4.4585039370078743
21
5.5082086614173225
0
LINE
8
BLACK
6
CONTINUOUS
10
-4.4585039370078743
20
5.5082086614173225
11
-4.4577506299212599
21
5.5080588188976378
0
LINE
8
BLACK
6
CONTINUOUS
10
-4.5196651574803148
20
5.5042759448818899
11
-4.5195358267716532
21
5.4755848818897634
0
LINE
8
BLACK
6
CONTINUOUS
10
-4.5195358267716532
20
5.4755848818897634
11
-4.4603348818897635
21
5.4757240157480318
0
LINE
8
BLACK
6
CONTINUOUS
10
-4.4603348818897635
20
5.4757240157480318
11
-4.4604642125984251
21
5.5044150787401573
0
LINE
8
BLACK
6
CONTINUOUS
10
-4.4604642125984251
20
5.5044150787401573
11
-4.5196651574803148
21
5.5042759448818899
0
LINE
8
BLACK
6
CONTINUOUS
10
-4.8891991338582672
20
5.6843739370078739
11
-4.8881686220472442
21
5.6838586614173225
0
LINE
8
BLACK
6
CONTINUOUS
10
-4.8881686220472442
20
5.6838586614173225
11
-4.8874137795275585
21
5.6829883070866138
0
LINE
8
BLACK
6
CONTINUOUS
10
-4.8874137795275585
20
5.6829883070866138
11
-4.8870494488188978
21
5.6818953149606299
0
LINE
8
BLACK
6
CONTINUOUS
10
-4.8870494488188978
20
5.6818953149606299
11
-4.887131102362205
21
5.680746102362205
0
LINE
8
BLACK
6
CONTINUOUS
10
-4.887131102362205
20
5.680746102362205
11
-4.8892127559055121
21
5.6764559842519686
0
LINE
8
BLACK
6
CONTINUOUS
10
-4.8892127559055121
20
5.6764559842519686
11
-4.8893687795275591
21
5.6762081496062988
0
LINE
8
BLACK
6
CONTINUOUS
10
-4.8893687795275591
20
5.6762081496062988
11
-4.8893986220472438
21
5.6761360236220471
0
LINE
8
BLACK
6
CONTINUOUS
10
-4.8893986220472438
20
5.6761360236220471
11
-4.8894419685039372
21
5.676091811023622
0
LINE
8
BLACK
6
CONTINUOUS
10
-4.8894419685039372
20
5.676091811023622
11
-4.8895211023622043
21
5.6759661023622048
0
LINE
8
BLACK
6
CONTINUOUS
10
-4.8895211023622043
20
5.6759661023622048
11
-4.8898170866141735
21
5.6757094094488192
0
LINE
8
BLACK
6
CONTINUOUS
10
-4.8898170866141735
20
5.6757094094488192
11
-4.8922913385826767
21
5.6731869685039369
0
LINE
8
BLACK
6
CONTINUOUS
10
-4.8922913385826767
20
5.6731869685039369
11
-4.8647898818897639
21
5.6732260236220471
0
LINE
8
BLACK
6
CONTINUOUS
10
-4.8647898818897639
20
5.6732260236220471
11
-4.8648102755905507
21
5.6815260236220473
0
LINE
8
BLACK
6
CONTINUOUS
10
-4.8648102755905507
20
5.6815260236220473
11
-4.8647535433070868
21
5.6821020866141732
0
LINE
8
BLACK
6
CONTINUOUS
10
-4.8647535433070868
20
5.6821020866141732
11
-4.8643126377952752
21
5.6831664960629924
0
LINE
8
BLACK
6
CONTINUOUS
10
-4.8643126377952752
20
5.6831664960629924
11
-4.8634979921259838
21
5.683981141732283
0
LINE
8
BLACK
6
CONTINUOUS
10
-4.8634979921259838
20
5.683981141732283
11
-4.8624335826771654
21
5.6844220472440945
0
LINE
8
BLACK
6
CONTINUOUS
10
-4.8624335826771654
20
5.6844220472440945
11
-4.8612814566929137
21
5.6844220472440945
0
LINE
8
BLACK
6
CONTINUOUS
10
-4.8612814566929137
20
5.6844220472440945
11
-4.8602170472440944
21
5.683981141732283
0
LINE
8
BLACK
6
CONTINUOUS
10
-4.8602170472440944
20
5.683981141732283
11
-4.859402401574803
21
5.6831664960629924
0
LINE
8
BLACK
6
CONTINUOUS
10
-4.859402401574803
20
5.6831664960629924
11
-4.8589614960629923
21
5.6821020866141732
0
LINE
8
BLACK
6
CONTINUOUS
10
-4.8589614960629923
20
5.6821020866141732
11
-4.8589047637795275
21
5.6590288582677166
0
LINE
8
BLACK
6
CONTINUOUS
10
-4.8589047637795275
20
5.6590288582677166
11
-4.8589614960629923
21
5.6584527952755908
0
LINE
8
BLACK
6
CONTINUOUS
10
-4.8589614960629923
20
5.6584527952755908
11
-4.859402401574803
21
5.6573883858267715
0
LINE
8
BLACK
6
CONTINUOUS
10
-4.859402401574803
20
5.6573883858267715
11
-4.8602170472440944
21
5.65657374015748
0
LINE
8
BLACK
6
CONTINUOUS
10
-4.8602170472440944
20
5.65657374015748
11
-4.8612814566929137
21
5.6561328346456694
0
LINE
8
BLACK
6
CONTINUOUS
10
-4.8612814566929137
20
5.6561328346456694
11
-4.8624335826771654
21
5.6561328346456694
0
LINE
8
BLACK
6
CONTINUOUS
10
-4.8624335826771654
20
5.6561328346456694
11
-4.8634979921259838
21
5.65657374015748
0
LINE
8
BLACK
6
CONTINUOUS
10
-4.8634979921259838
20
5.65657374015748
11
-4.8643126377952752
21
5.6573883858267715
0
LINE
8
BLACK
6
CONTINUOUS
10
-4.8643126377952752
20
5.6573883858267715
11
-4.8647535433070868
21
5.6584527952755908
0
LINE
8
BLACK
6
CONTINUOUS
10
-4.8647535433070868
20
5.6584527952755908
11
-4.8647755118110236
21
5.6673764173228349
0
LINE
8
BLACK
6
CONTINUOUS
10
-4.8647755118110236
20
5.6673764173228349
11
-4.901227598425197
21
5.6673246850393699
0
LINE
8
BLACK
6
CONTINUOUS
10
-4.901227598425197
20
5.6673246850393699
11
-4.90122968503937
21
5.6673248818897637
0
LINE
8
BLACK
6
CONTINUOUS
10
-4.90122968503937
20
5.6673248818897637
11
-4.9012307086614175
21
5.6673246850393699
0
LINE
8
BLACK
6
CONTINUOUS
10
-4.9012307086614175
20
5.6673246850393699
11
-4.9012337401574806
21
5.6673252755905512
0
LINE
8
BLACK
6
CONTINUOUS
10
-4.9012337401574806
20
5.6673252755905512
11
-4.9018036614173228
21
5.6673814173228347
0
LINE
8
BLACK
6
CONTINUOUS
10
-4.9018036614173228
20
5.6673814173228347
11
-4.9020737795275586
21
5.6674932677165355
0
LINE
8
BLACK
6
CONTINUOUS
10
-4.9020737795275586
20
5.6674932677165355
11
-4.9023603937007874
21
5.6675506299212595
0
LINE
8
BLACK
6
CONTINUOUS
10
-4.9023603937007874
20
5.6675506299212595
11
-4.9026007874015747
21
5.6677115748031497
0
LINE
8
BLACK
6
CONTINUOUS
10
-4.9026007874015747
20
5.6677115748031497
11
-4.9028680708661412
21
5.6678223228346454
0
LINE
8
BLACK
6
CONTINUOUS
10
-4.9028680708661412
20
5.6678223228346454
11
-4.9030748031496065
21
5.6680290157480311
0
LINE
8
BLACK
6
CONTINUOUS
10
-4.9030748031496065
20
5.6680290157480311
11
-4.9033176771653544
21
5.6681916929133855
0
LINE
8
BLACK
6
CONTINUOUS
10
-4.9033176771653544
20
5.6681916929133855
11
-4.9034781889763774
21
5.6684324015748029
0
LINE
8
BLACK
6
CONTINUOUS
10
-4.9034781889763774
20
5.6684324015748029
11
-4.9036827165354326
21
5.6686369685039368
0
LINE
8
BLACK
6
CONTINUOUS
10
-4.9036827165354326
20
5.6686369685039368
11
-4.9037946062992122
21
5.6689070472440948
0
LINE
8
BLACK
6
CONTINUOUS
10
-4.9037946062992122
20
5.6689070472440948
11
-4.9039567716535428
21
5.6691503149606302
0
LINE
8
BLACK
6
CONTINUOUS
10
-4.9039567716535428
20
5.6691503149606302
11
-4.9040129133858263
21
5.6694340944881887
0
LINE
8
BLACK
6
CONTINUOUS
10
-4.9040129133858263
20
5.6694340944881887
11
-4.9041236220472442
21
5.6697013779527561
0
LINE
8
BLACK
6
CONTINUOUS
10
-4.9041236220472442
20
5.6697013779527561
11
-4.9041236220472442
21
5.66999374015748
0
LINE
8
BLACK
6
CONTINUOUS
10
-4.9041236220472442
20
5.66999374015748
11
-4.904180354330709
21
5.6702805511811025
0
LINE
8
BLACK
6
CONTINUOUS
10
-4.904180354330709
20
5.6702805511811025
11
-4.9041236220472442
21
5.670564173228346
0
LINE
8
BLACK
6
CONTINUOUS
10
-4.9041236220472442
20
5.670564173228346
11
-4.9041236220472442
21
5.6708535039370078
0
LINE
8
BLACK
6
CONTINUOUS
10
-4.9041236220472442
20
5.6708535039370078
11
-4.9040117716535434
21
5.6711235826771649
0
LINE
8
BLACK
6
CONTINUOUS
10
-4.9040117716535434
20
5.6711235826771649
11
-4.9039544094488186
21
5.6714102362204724
0
LINE
8
BLACK
6
CONTINUOUS
10
-4.9039544094488186
20
5.6714102362204724
11
-4.9037934645669292
21
5.6716505905511809
0
LINE
8
BLACK
6
CONTINUOUS
10
-4.9037934645669292
20
5.6716505905511809
11
-4.9036827165354326
21
5.6719179133858271
0
LINE
8
BLACK
6
CONTINUOUS
10
-4.9036827165354326
20
5.6719179133858271
11
-4.9034760236220469
21
5.6721246062992128
0
LINE
8
BLACK
6
CONTINUOUS
10
-4.9034760236220469
20
5.6721246062992128
11
-4.9033133464566925
21
5.6723675196850394
0
LINE
8
BLACK
6
CONTINUOUS
10
-4.9033133464566925
20
5.6723675196850394
11
-4.9030642519685035
21
5.6725363779527553
0
LINE
8
BLACK
6
CONTINUOUS
10
-4.9030642519685035
20
5.6725363779527553
11
-4.9028680708661412
21
5.6727325590551176
0
LINE
8
BLACK
6
CONTINUOUS
10
-4.9028680708661412
20
5.6727325590551176
11
-4.9026284251968502
21
5.672831811023622
0
LINE
8
BLACK
6
CONTINUOUS
10
-4.9026284251968502
20
5.672831811023622
11
-4.8972903543307087
21
5.676450472440945
0
LINE
8
BLACK
6
CONTINUOUS
10
-4.8972903543307087
20
5.676450472440945
11
-4.8941897244094488
21
5.6796115354330707
0
LINE
8
BLACK
6
CONTINUOUS
10
-4.8941897244094488
20
5.6796115354330707
11
-4.8926200393700787
21
5.6828465354330708
0
LINE
8
BLACK
6
CONTINUOUS
10
-4.8926200393700787
20
5.6828465354330708
11
-4.8923116929133856
21
5.6833364173228347
0
LINE
8
BLACK
6
CONTINUOUS
10
-4.8923116929133856
20
5.6833364173228347
11
-4.8914412992125982
21
5.6840912598425195
0
LINE
8
BLACK
6
CONTINUOUS
10
-4.8914412992125982
20
5.6840912598425195
11
-4.890348346456693
21
5.6844555905511811
0
LINE
8
BLACK
6
CONTINUOUS
10
-4.890348346456693
20
5.6844555905511811
11
-4.8891991338582672
21
5.6843739370078739
0
LINE
8
BLACK
6
CONTINUOUS
10
-4.8602170472440944
20
5.7158521653543302
11
-4.859402401574803
21
5.7150375196850396
0
LINE
8
BLACK
6
CONTINUOUS
10
-4.859402401574803
20
5.7150375196850396
11
-4.8589614960629923
21
5.7139731102362203
0
LINE
8
BLACK
6
CONTINUOUS
10
-4.8589614960629923
20
5.7139731102362203
11
-4.8589047637795275
21
5.7096475196850394
0
LINE
8
BLACK
6
CONTINUOUS
10
-4.8589047637795275
20
5.7096475196850394
11
-4.8589335039370081
21
5.7093559055118108
0
LINE
8
BLACK
6
CONTINUOUS
10
-4.8589335039370081
20
5.7093559055118108
11
-4.8589279527559057
21
5.709278188976378
0
LINE
8
BLACK
6
CONTINUOUS
10
-4.8589279527559057
20
5.709278188976378
11
-4.8589469291338583
21
5.7092196062992127
0
LINE
8
BLACK
6
CONTINUOUS
10
-4.8589469291338583
20
5.7092196062992127
11
-4.8589614960629923
21
5.7090714566929135
0
LINE
8
BLACK
6
CONTINUOUS
10
-4.8589614960629923
20
5.7090714566929135
11
-4.8591141732283463
21
5.7087029133858262
0
LINE
8
BLACK
6
CONTINUOUS
10
-4.8591141732283463
20
5.7087029133858262
11
-4.8609310629921261
21
5.7030894881889767
0
LINE
8
BLACK
6
CONTINUOUS
10
-4.8609310629921261
20
5.7030894881889767
11
-4.861167047244094
21
5.7025609055118105
0
LINE
8
BLACK
6
CONTINUOUS
10
-4.861167047244094
20
5.7025609055118105
11
-4.8612365354330711
21
5.7024807874015746
0
LINE
8
BLACK
6
CONTINUOUS
10
-4.8612365354330711
20
5.7024807874015746
11
-4.8612771259842518
21
5.7023827559055116
0
LINE
8
BLACK
6
CONTINUOUS
10
-4.8612771259842518
20
5.7023827559055116
11
-4.861660905511811
21
5.701991496062992
0
LINE
8
BLACK
6
CONTINUOUS
10
-4.861660905511811
20
5.701991496062992
11
-4.8619219291338585
21
5.7016905511811018
0
LINE
8
BLACK
6
CONTINUOUS
10
-4.8619219291338585
20
5.7016905511811018
11
-4.8619890157480317
21
5.7016570078740152
0
LINE
8
BLACK
6
CONTINUOUS
10
-4.8619890157480317
20
5.7016570078740152
11
-4.865393937007874
21
5.6981857874015747
0
LINE
8
BLACK
6
CONTINUOUS
10
-4.865393937007874
20
5.6981857874015747
11
-4.8658414173228346
21
5.6978185433070863
0
LINE
8
BLACK
6
CONTINUOUS
10
-4.8658414173228346
20
5.6978185433070863
11
-4.8659394881889764
21
5.6977779133858268
0
LINE
8
BLACK
6
CONTINUOUS
10
-4.8659394881889764
20
5.6977779133858268
11
-4.8660195669291335
21
5.6977084645669294
0
LINE
8
BLACK
6
CONTINUOUS
10
-4.8660195669291335
20
5.6977084645669294
11
-4.8665297637795275
21
5.6975334251968501
0
LINE
8
BLACK
6
CONTINUOUS
10
-4.8665297637795275
20
5.6975334251968501
11
-4.8669058267716538
21
5.6973776771653544
0
LINE
8
BLACK
6
CONTINUOUS
10
-4.8669058267716538
20
5.6973776771653544
11
-4.866983818897638
21
5.6973776771653544
0
LINE
8
BLACK
6
CONTINUOUS
10
-4.866983818897638
20
5.6973776771653544
11
-4.8721724015748027
21
5.695597716535433
0
LINE
8
BLACK
6
CONTINUOUS
10
-4.8721724015748027
20
5.695597716535433
11
-4.8724579921259838
21
5.6955327559055116
0
LINE
8
BLACK
6
CONTINUOUS
10
-4.8724579921259838
20
5.6955327559055116
11
-4.8725300787401578
21
5.6955029133858268
0
LINE
8
BLACK
6
CONTINUOUS
10
-4.8725300787401578
20
5.6955029133858268
11
-4.8725898818897635
21
5.6955027559055118
0
LINE
8
BLACK
6
CONTINUOUS
10
-4.8725898818897635
20
5.6955027559055118
11
-4.872736850393701
21
5.6954693700787402
0
LINE
8
BLACK
6
CONTINUOUS
10
-4.872736850393701
20
5.6954693700787402
11
-4.8731903937007877
21
5.6955015748031492
0
LINE
8
BLACK
6
CONTINUOUS
10
-4.8731903937007877
20
5.6955015748031492
11
-4.901227598425197
21
5.695446181102362
0
LINE
8
BLACK
6
CONTINUOUS
10
-4.901227598425197
20
5.695446181102362
11
-4.9018036614173228
21
5.6955029133858268
0
LINE
8
BLACK
6
CONTINUOUS
10
-4.9018036614173228
20
5.6955029133858268
11
-4.9028680708661412
21
5.6959438188976375
0
LINE
8
BLACK
6
CONTINUOUS
10
-4.9028680708661412
20
5.6959438188976375
11
-4.9036827165354326
21
5.6967584645669289
0
LINE
8
BLACK
6
CONTINUOUS
10
-4.9036827165354326
20
5.6967584645669289
11
-4.9041236220472442
21
5.6978228740157482
0
LINE
8
BLACK
6
CONTINUOUS
10
-4.9041236220472442
20
5.6978228740157482
11
-4.9041236220472442
21
5.6989749999999999
0
LINE
8
BLACK
6
CONTINUOUS
10
-4.9041236220472442
20
5.6989749999999999
11
-4.9036827165354326
21
5.7000394094488191
0
LINE
8
BLACK
6
CONTINUOUS
10
-4.9036827165354326
20
5.7000394094488191
11
-4.9028680708661412
21
5.7008540551181097
0
LINE
8
BLACK
6
CONTINUOUS
10
-4.9028680708661412
20
5.7008540551181097
11
-4.9018036614173228
21
5.7012949606299212
0
LINE
8
BLACK
6
CONTINUOUS
10
-4.9018036614173228
20
5.7012949606299212
11
-4.8734407874015746
21
5.7013510236220473
0
LINE
8
BLACK
6
CONTINUOUS
10
-4.8734407874015746
20
5.7013510236220473
11
-4.8689925590551182
21
5.7028770078740152
0
LINE
8
BLACK
6
CONTINUOUS
10
-4.8689925590551182
20
5.7028770078740152
11
-4.8662461417322831
21
5.7056768897637795
0
LINE
8
BLACK
6
CONTINUOUS
10
-4.8662461417322831
20
5.7056768897637795
11
-4.864768897637795
21
5.7102409448818898
0
LINE
8
BLACK
6
CONTINUOUS
10
-4.864768897637795
20
5.7102409448818898
11
-4.8648102755905507
21
5.7133970472440945
0
LINE
8
BLACK
6
CONTINUOUS
10
-4.8648102755905507
20
5.7133970472440945
11
-4.8647535433070868
21
5.7139731102362203
0
LINE
8
BLACK
6
CONTINUOUS
10
-4.8647535433070868
20
5.7139731102362203
11
-4.8643126377952752
21
5.7150375196850396
0
LINE
8
BLACK
6
CONTINUOUS
10
-4.8643126377952752
20
5.7150375196850396
11
-4.8634979921259838
21
5.7158521653543302
0
LINE
8
BLACK
6
CONTINUOUS
10
-4.8634979921259838
20
5.7158521653543302
11
-4.8624335826771654
21
5.7162930708661417
0
LINE
8
BLACK
6
CONTINUOUS
10
-4.8624335826771654
20
5.7162930708661417
11
-4.8612814566929137
21
5.7162930708661417
0
LINE
8
BLACK
6
CONTINUOUS
10
-4.8612814566929137
20
5.7162930708661417
11
-4.8602170472440944
21
5.7158521653543302
0
LINE
8
BLACK
6
CONTINUOUS
10
-4.8160183464566932
20
5.849495826771653
11
-4.8149529921259839
21
5.8484304724409446
0
LINE
8
BLACK
6
CONTINUOUS
10
-4.8149529921259839
20
5.8484304724409446
11
-4.8148531889763779
21
5.6315786614173229
0
LINE
8
BLACK
6
CONTINUOUS
10
-4.8148531889763779
20
5.6315786614173229
11
-4.8148517716535428
21
5.6315766929133861
0
LINE
8
BLACK
6
CONTINUOUS
10
-4.8148517716535428
20
5.6315766929133861
11
-4.8148531889763779
21
5.6315684645669286
0
LINE
8
BLACK
6
CONTINUOUS
10
-4.8148531889763779
20
5.6315684645669286
11
-4.8148031496062993
21
5.5228740157480312
0
LINE
8
BLACK
6
CONTINUOUS
10
-4.8148031496062993
20
5.5228740157480312
11
-4.8149529921259839
21
5.5221207086614168
0
LINE
8
BLACK
6
CONTINUOUS
10
-4.8149529921259839
20
5.5221207086614168
11
-4.8160183464566932
21
5.5210553543307084
0
LINE
8
BLACK
6
CONTINUOUS
10
-4.8160183464566932
20
5.5210553543307084
11
-4.9762204724409447
21
5.5209055118110237
0
LINE
8
BLACK
6
CONTINUOUS
10
-4.9762204724409447
20
5.5209055118110237
11
-4.976973779527559
21
5.5210553543307084
0
LINE
8
BLACK
6
CONTINUOUS
10
-4.976973779527559
20
5.5210553543307084
11
-4.9780391338582675
21
5.5221207086614168
0
LINE
8
BLACK
6
CONTINUOUS
10
-4.9780391338582675
20
5.5221207086614168
11
-4.978188976377953
21
5.8476771653543302
0
LINE
8
BLACK
6
CONTINUOUS
10
-4.978188976377953
20
5.8476771653543302
11
-4.9780391338582675
21
5.8484304724409446
0
LINE
8
BLACK
6
CONTINUOUS
10
-4.9780391338582675
20
5.8484304724409446
11
-4.976973779527559
21
5.849495826771653
0
LINE
8
BLACK
6
CONTINUOUS
10
-4.976973779527559
20
5.849495826771653
11
-4.8167716535433067
21
5.8496456692913386
0
LINE
8
BLACK
6
CONTINUOUS
10
-4.8167716535433067
20
5.8496456692913386
11
-4.8160183464566932
21
5.849495826771653
0
LINE
8
BLACK
6
CONTINUOUS
10
-4.9744005905511806
20
5.8457103543307083
11
-4.9742528346456689
21
5.5246951968503932
0
LINE
8
BLACK
6
CONTINUOUS
10
-4.9742528346456689
20
5.5246951968503932
11
-4.8185915748031496
21
5.5248407874015744
0
LINE
8
BLACK
6
CONTINUOUS
10
-4.8185915748031496
20
5.5248407874015744
11
-4.8186219685039369
21
5.5908434645669294
0
LINE
8
BLACK
6
CONTINUOUS
10
-4.8186219685039369
20
5.5908434645669294
11
-4.8457470472440942
21
5.6098494094488185
0
LINE
8
BLACK
6
CONTINUOUS
10
-4.8457470472440942
20
5.6098494094488185
11
-4.8462755905511807
21
5.6104066929133856
0
LINE
8
BLACK
6
CONTINUOUS
10
-4.8462755905511807
20
5.6104066929133856
11
-4.8463333464566931
21
5.6107430708661417
0
LINE
8
BLACK
6
CONTINUOUS
10
-4.8463333464566931
20
5.6107430708661417
11
-4.8465303543307083
21
5.6110217716535429
0
LINE
8
BLACK
6
CONTINUOUS
10
-4.8465303543307083
20
5.6110217716535429
11
-4.846455748031496
21
5.6114566929133858
0
LINE
8
BLACK
6
CONTINUOUS
10
-4.846455748031496
20
5.6114566929133858
11
-4.8465303543307083
21
5.6118916141732278
0
LINE
8
BLACK
6
CONTINUOUS
10
-4.8465303543307083
20
5.6118916141732278
11
-4.8463333464566931
21
5.6121702755905511
0
LINE
8
BLACK
6
CONTINUOUS
10
-4.8463333464566931
20
5.6121702755905511
11
-4.8462755905511807
21
5.612506692913386
0
LINE
8
BLACK
6
CONTINUOUS
10
-4.8462755905511807
20
5.612506692913386
11
-4.8459119685039367
21
5.6127661417322834
0
LINE
8
BLACK
6
CONTINUOUS
10
-4.8459119685039367
20
5.6127661417322834
11
-4.8456605118110234
21
5.6131217716535433
0
LINE
8
BLACK
6
CONTINUOUS
10
-4.8456605118110234
20
5.6131217716535433
11
-4.8453355118110233
21
5.6131775196850393
0
LINE
8
BLACK
6
CONTINUOUS
10
-4.8453355118110233
20
5.6131775196850393
11
-4.8186410236220469
21
5.6322260629921255
0
LINE
8
BLACK
6
CONTINUOUS
10
-4.8186410236220469
20
5.6322260629921255
11
-4.8187393307086612
21
5.8458559448818894
0
LINE
8
BLACK
6
CONTINUOUS
10
-4.8187393307086612
20
5.8458559448818894
11
-4.9744005905511806
21
5.8457103543307083
0
LINE
8
BLACK
6
CONTINUOUS
10
-4.8413275984251971
20
5.6113809842519684
11
-4.8186240944881886
21
5.5954731889763778
0
LINE
8
BLACK
6
CONTINUOUS
10
-4.8186240944881886
20
5.5954731889763778
11
-4.8186388582677164
21
5.6275711811023621
0
LINE
8
BLACK
6
CONTINUOUS
10
-4.8186388582677164
20
5.6275711811023621
11
-4.8413275984251971
21
5.6113809842519684
0
LINE
8
BLACK
6
CONTINUOUS
10
-4.1358075984251972
20
5.6858559055118105
11
-4.1349929527559057
21
5.68504125984252
0
LINE
8
BLACK
6
CONTINUOUS
10
-4.1349929527559057
20
5.68504125984252
11
-4.1345520472440942
21
5.6839768503937007
0
LINE
8
BLACK
6
CONTINUOUS
10
-4.1345520472440942
20
5.6839768503937007
11
-4.1345099999999997
21
5.6654737007874019
0
LINE
8
BLACK
6
CONTINUOUS
10
-4.1345099999999997
20
5.6654737007874019
11
-4.1243943700787398
21
5.6743743700787403
0
LINE
8
BLACK
6
CONTINUOUS
10
-4.1243943700787398
20
5.6743743700787403
11
-4.124145393700787
21
5.6745523622047243
0
LINE
8
BLACK
6
CONTINUOUS
10
-4.124145393700787
20
5.6745523622047243
11
-4.1240904330708661
21
5.6746073228346452
0
LINE
8
BLACK
6
CONTINUOUS
10
-4.1240904330708661
20
5.6746073228346452
11
-4.1240383464566932
21
5.6746288976377954
0
LINE
8
BLACK
6
CONTINUOUS
10
-4.1240383464566932
20
5.6746288976377954
11
-4.1239234645669294
21
5.6747110236220468
0
LINE
8
BLACK
6
CONTINUOUS
10
-4.1239234645669294
20
5.6747110236220468
11
-4.1234692519685039
21
5.6748646062992121
0
LINE
8
BLACK
6
CONTINUOUS
10
-4.1234692519685039
20
5.6748646062992121
11
-4.1230260236220468
21
5.6750482283464567
0
LINE
8
BLACK
6
CONTINUOUS
10
-4.1230260236220468
20
5.6750482283464567
11
-4.1229263779527558
21
5.6750482283464567
0
LINE
8
BLACK
6
CONTINUOUS
10
-4.1229263779527558
20
5.6750482283464567
11
-4.1228320866141734
21
5.6750801181102357
0
LINE
8
BLACK
6
CONTINUOUS
10
-4.1228320866141734
20
5.6750801181102357
11
-4.1223536220472443
21
5.6750482283464567
0
LINE
8
BLACK
6
CONTINUOUS
10
-4.1223536220472443
20
5.6750482283464567
11
-4.1218738976377951
21
5.6750482283464567
0
LINE
8
BLACK
6
CONTINUOUS
10
-4.1218738976377951
20
5.6750482283464567
11
-4.1217819291338582
21
5.6750101181102357
0
LINE
8
BLACK
6
CONTINUOUS
10
-4.1217819291338582
20
5.6750101181102357
11
-4.1216825590551176
21
5.6750035039370079
0
LINE
8
BLACK
6
CONTINUOUS
10
-4.1216825590551176
20
5.6750035039370079
11
-4.1212524409448816
21
5.6747907874015748
0
LINE
8
BLACK
6
CONTINUOUS
10
-4.1212524409448816
20
5.6747907874015748
11
-4.1208094881889759
21
5.6746073228346452
0
LINE
8
BLACK
6
CONTINUOUS
10
-4.1208094881889759
20
5.6746073228346452
11
-4.1207391732283467
21
5.6745369685039373
0
LINE
8
BLACK
6
CONTINUOUS
10
-4.1207391732283467
20
5.6745369685039373
11
-4.1206498031496066
21
5.6744927952755901
0
LINE
8
BLACK
6
CONTINUOUS
10
-4.1206498031496066
20
5.6744927952755901
11
-4.120333858267716
21
5.6741316535433066
0
LINE
8
BLACK
6
CONTINUOUS
10
-4.120333858267716
20
5.6741316535433066
11
-4.1199948425196853
21
5.6737926771653546
0
LINE
8
BLACK
6
CONTINUOUS
10
-4.1199948425196853
20
5.6737926771653546
11
-4.1199567322834643
21
5.6737006692913381
0
LINE
8
BLACK
6
CONTINUOUS
10
-4.1199567322834643
20
5.6737006692913381
11
-4.1198911417322837
21
5.673625708661417
0
LINE
8
BLACK
6
CONTINUOUS
10
-4.1198911417322837
20
5.673625708661417
11
-4.1197375590551184
21
5.6731714566929137
0
LINE
8
BLACK
6
CONTINUOUS
10
-4.1197375590551184
20
5.6731714566929137
11
-4.1195539370078738
21
5.6727282677165354
0
LINE
8
BLACK
6
CONTINUOUS
10
-4.1195539370078738
20
5.6727282677165354
11
-4.1195530314960633
21
5.6726258267716538
0
LINE
8
BLACK
6
CONTINUOUS
10
-4.1195530314960633
20
5.6726258267716538
11
-4.1195220472440948
21
5.6725343307086611
0
LINE
8
BLACK
6
CONTINUOUS
10
-4.1195220472440948
20
5.6725343307086611
11
-4.1195485433070864
21
5.6721370078740154
0
LINE
8
BLACK
6
CONTINUOUS
10
-4.1195485433070864
20
5.6721370078740154
11
-4.1195028740157476
21
5.6671451181102359
0
LINE
8
BLACK
6
CONTINUOUS
10
-4.1195028740157476
20
5.6671451181102359
11
-4.1181068897637791
21
5.6644342125984251
0
LINE
8
BLACK
6
CONTINUOUS
10
-4.1181068897637791
20
5.6644342125984251
11
-4.1168735039370077
21
5.6632434645669294
0
LINE
8
BLACK
6
CONTINUOUS
10
-4.1168735039370077
20
5.6632434645669294
11
-4.1141718897637798
21
5.6619325984251967
0
LINE
8
BLACK
6
CONTINUOUS
10
-4.1141718897637798
20
5.6619325984251967
11
-4.1061901574803148
21
5.6619781102362206
0
LINE
8
BLACK
6
CONTINUOUS
10
-4.1061901574803148
20
5.6619781102362206
11
-4.1034834251968499
21
5.6633719685039372
0
LINE
8
BLACK
6
CONTINUOUS
10
-4.1034834251968499
20
5.6633719685039372
11
-4.1022926377952755
21
5.6646053149606299
0
LINE
8
BLACK
6
CONTINUOUS
10
-4.1022926377952755
20
5.6646053149606299
11
-4.1009805511811024
21
5.6673094488188971
0
LINE
8
BLACK
6
CONTINUOUS
10
-4.1009805511811024
20
5.6673094488188971
11
-4.1010278346456692
21
5.6771645275590554
0
LINE
8
BLACK
6
CONTINUOUS
10
-4.1010278346456692
20
5.6771645275590554
11
-4.1024211023622046
21
5.6798701181102365
0
LINE
8
BLACK
6
CONTINUOUS
10
-4.1024211023622046
20
5.6798701181102365
11
-4.103915433070866
21
5.6813128346456692
0
LINE
8
BLACK
6
CONTINUOUS
10
-4.103915433070866
20
5.6813128346456692
11
-4.1042826771653544
21
5.6817603149606297
0
LINE
8
BLACK
6
CONTINUOUS
10
-4.1042826771653544
20
5.6817603149606297
11
-4.1047235826771651
21
5.682824724409449
0
LINE
8
BLACK
6
CONTINUOUS
10
-4.1047235826771651
20
5.682824724409449
11
-4.1047235826771651
21
5.683976811023622
0
LINE
8
BLACK
6
CONTINUOUS
10
-4.1047235826771651
20
5.683976811023622
11
-4.1042827165354332
21
5.6850412204724412
0
LINE
8
BLACK
6
CONTINUOUS
10
-4.1042827165354332
20
5.6850412204724412
11
-4.103468031496063
21
5.6858559055118105
0
LINE
8
BLACK
6
CONTINUOUS
10
-4.103468031496063
20
5.6858559055118105
11
-4.1024036220472437
21
5.6862968110236221
0
LINE
8
BLACK
6
CONTINUOUS
10
-4.1024036220472437
20
5.6862968110236221
11
-4.1012515354330707
21
5.6862968110236221
0
LINE
8
BLACK
6
CONTINUOUS
10
-4.1012515354330707
20
5.6862968110236221
11
-4.1001871259842515
21
5.6858559448818893
0
LINE
8
BLACK
6
CONTINUOUS
10
-4.1001871259842515
20
5.6858559448818893
11
-4.0978648818897634
21
5.683613976377953
0
LINE
8
BLACK
6
CONTINUOUS
10
-4.0978648818897634
20
5.683613976377953
11
-4.0976791338582679
21
5.6833875984251971
0
LINE
8
BLACK
6
CONTINUOUS
10
-4.0976791338582679
20
5.6833875984251971
11
-4.0976200787401575
21
5.6833364173228347
0
LINE
8
BLACK
6
CONTINUOUS
10
-4.0976200787401575
20
5.6833364173228347
11
-4.0975914566929132
21
5.6832807480314962
0
LINE
8
BLACK
6
CONTINUOUS
10
-4.0975914566929132
20
5.6832807480314962
11
-4.0974976377952759
21
5.6831664960629924
0
LINE
8
BLACK
6
CONTINUOUS
10
-4.0974976377952759
20
5.6831664960629924
11
-4.0973539763779527
21
5.6828196062992129
0
LINE
8
BLACK
6
CONTINUOUS
10
-4.0973539763779527
20
5.6828196062992129
11
-4.0954369685039369
21
5.6790970078740157
0
LINE
8
BLACK
6
CONTINUOUS
10
-4.0954369685039369
20
5.6790970078740157
11
-4.0952300787401574
21
5.6785564173228344
0
LINE
8
BLACK
6
CONTINUOUS
10
-4.0952300787401574
20
5.6785564173228344
11
-4.0952225590551183
21
5.6784505118110236
0
LINE
8
BLACK
6
CONTINUOUS
10
-4.0952225590551183
20
5.6784505118110236
11
-4.0951819685039368
21
5.678352559055118
0
LINE
8
BLACK
6
CONTINUOUS
10
-4.0951819685039368
20
5.678352559055118
11
-4.0951795669291338
21
5.6778449999999996
0
LINE
8
BLACK
6
CONTINUOUS
10
-4.0951795669291338
20
5.6778449999999996
11
-4.0951484251968502
21
5.6774072047244095
0
LINE
8
BLACK
6
CONTINUOUS
10
-4.0951484251968502
20
5.6774072047244095
11
-4.0951770472440945
21
5.6773213779527554
0
LINE
8
BLACK
6
CONTINUOUS
10
-4.0951770472440945
20
5.6773213779527554
11
-4.095125236220472
21
5.6665279133858268
0
LINE
8
BLACK
6
CONTINUOUS
10
-4.095125236220472
20
5.6665279133858268
11
-4.0951819685039368
21
5.665951850393701
0
LINE
8
BLACK
6
CONTINUOUS
10
-4.0951819685039368
20
5.665951850393701
11
-4.0952225590551183
21
5.6658538582677167
0
LINE
8
BLACK
6
CONTINUOUS
10
-4.0952225590551183
20
5.6658538582677167
11
-4.0952300787401574
21
5.6657479921259846
0
LINE
8
BLACK
6
CONTINUOUS
10
-4.0952300787401574
20
5.6657479921259846
11
-4.0954784251968501
21
5.6652362204724405
0
LINE
8
BLACK
6
CONTINUOUS
10
-4.0954784251968501
20
5.6652362204724405
11
-4.0956228740157483
21
5.6648874409448817
0
LINE
8
BLACK
6
CONTINUOUS
10
-4.0956228740157483
20
5.6648874409448817
11
-4.0956709842519681
21
5.6648393307086611
0
LINE
8
BLACK
6
CONTINUOUS
10
-4.0956709842519681
20
5.6648393307086611
11
-4.0973117322834645
21
5.6614578740157482
0
LINE
8
BLACK
6
CONTINUOUS
10
-4.0973117322834645
20
5.6614578740157482
11
-4.097467834645669
21
5.6612098425196846
0
LINE
8
BLACK
6
CONTINUOUS
10
-4.097467834645669
20
5.6612098425196846
11
-4.0974976377952759
21
5.6611379133858266
0
LINE
8
BLACK
6
CONTINUOUS
10
-4.0974976377952759
20
5.6611379133858266
11
-4.0975421653543309
21
5.6610918110236224
0
LINE
8
BLACK
6
CONTINUOUS
10
-4.0975421653543309
20
5.6610918110236224
11
-4.0976200787401575
21
5.6609679921259843
0
LINE
8
BLACK
6
CONTINUOUS
10
-4.0976200787401575
20
5.6609679921259843
11
-4.0978758661417318
21
5.6607461811023621
0
LINE
8
BLACK
6
CONTINUOUS
10
-4.0978758661417318
20
5.6607461811023621
11
-4.0997396850393697
21
5.6588156692913385
0
LINE
8
BLACK
6
CONTINUOUS
10
-4.0997396850393697
20
5.6588156692913385
11
-4.0999660236220468
21
5.6586299212598421
0
LINE
8
BLACK
6
CONTINUOUS
10
-4.0999660236220468
20
5.6586299212598421
11
-4.1000171653543305
21
5.6585709448818893
0
LINE
8
BLACK
6
CONTINUOUS
10
-4.1000171653543305
20
5.6585709448818893
11
-4.1000727952755902
21
5.6585422834645671
0
LINE
8
BLACK
6
CONTINUOUS
10
-4.1000727952755902
20
5.6585422834645671
11
-4.1001871259842515
21
5.6584484645669288
0
LINE
8
BLACK
6
CONTINUOUS
10
-4.1001871259842515
20
5.6584484645669288
11
-4.1005340551181098
21
5.6583047637795278
0
LINE
8
BLACK
6
CONTINUOUS
10
-4.1005340551181098
20
5.6583047637795278
11
-4.1042565748031494
21
5.6563878346456695
0
LINE
8
BLACK
6
CONTINUOUS
10
-4.1042565748031494
20
5.6563878346456695
11
-4.1047972047244095
21
5.65618094488189
0
LINE
8
BLACK
6
CONTINUOUS
10
-4.1047972047244095
20
5.65618094488189
11
-4.1049030314960628
21
5.6561734251968501
0
LINE
8
BLACK
6
CONTINUOUS
10
-4.1049030314960628
20
5.6561734251968501
11
-4.1050010236220471
21
5.6561328346456694
0
LINE
8
BLACK
6
CONTINUOUS
10
-4.1050010236220471
20
5.6561328346456694
11
-4.1055156299212596
21
5.6561298818897638
0
LINE
8
BLACK
6
CONTINUOUS
10
-4.1055156299212596
20
5.6561298818897638
11
-4.1059464173228344
21
5.6560992913385828
0
LINE
8
BLACK
6
CONTINUOUS
10
-4.1059464173228344
20
5.6560992913385828
11
-4.1060294881889767
21
5.656126968503937
0
LINE
8
BLACK
6
CONTINUOUS
10
-4.1060294881889767
20
5.656126968503937
11
-4.1149509055118108
21
5.6560761023622046
0
LINE
8
BLACK
6
CONTINUOUS
10
-4.1149509055118108
20
5.6560761023622046
11
-4.1155269685039366
21
5.6561328346456694
0
LINE
8
BLACK
6
CONTINUOUS
10
-4.1155269685039366
20
5.6561328346456694
11
-4.1156249606299209
21
5.6561733858267713
0
LINE
8
BLACK
6
CONTINUOUS
10
-4.1156249606299209
20
5.6561733858267713
11
-4.115730826771653
21
5.65618094488189
0
LINE
8
BLACK
6
CONTINUOUS
10
-4.115730826771653
20
5.65618094488189
11
-4.1162425984251971
21
5.656429251968504
0
LINE
8
BLACK
6
CONTINUOUS
10
-4.1162425984251971
20
5.656429251968504
11
-4.1165913779527559
21
5.65657374015748
0
LINE
8
BLACK
6
CONTINUOUS
10
-4.1165913779527559
20
5.65657374015748
11
-4.1166394881889765
21
5.6566218110236219
0
LINE
8
BLACK
6
CONTINUOUS
10
-4.1166394881889765
20
5.6566218110236219
11
-4.1200209448818894
21
5.6582625984251971
0
LINE
8
BLACK
6
CONTINUOUS
10
-4.1200209448818894
20
5.6582625984251971
11
-4.120268976377953
21
5.6584186614173229
0
LINE
8
BLACK
6
CONTINUOUS
10
-4.120268976377953
20
5.6584186614173229
11
-4.120340905511811
21
5.6584485039370076
0
LINE
8
BLACK
6
CONTINUOUS
10
-4.120340905511811
20
5.6584485039370076
11
-4.1203870078740152
21
5.6584929921259839
0
LINE
8
BLACK
6
CONTINUOUS
10
-4.1203870078740152
20
5.6584929921259839
11
-4.1205108267716533
21
5.6585709448818893
0
LINE
8
BLACK
6
CONTINUOUS
10
-4.1205108267716533
20
5.6585709448818893
11
-4.1207325984251968
21
5.6588266141732282
0
LINE
8
BLACK
6
CONTINUOUS
10
-4.1207325984251968
20
5.6588266141732282
11
-4.1226631102362203
21
5.6606904724409448
0
LINE
8
BLACK
6
CONTINUOUS
10
-4.1226631102362203
20
5.6606904724409448
11
-4.1228488976377955
21
5.6609168110236219
0
LINE
8
BLACK
6
CONTINUOUS
10
-4.1228488976377955
20
5.6609168110236219
11
-4.1229078740157483
21
5.6609679921259843
0
LINE
8
BLACK
6
CONTINUOUS
10
-4.1229078740157483
20
5.6609679921259843
11
-4.1229365354330705
21
5.6610236220472441
0
LINE
8
BLACK
6
CONTINUOUS
10
-4.1229365354330705
20
5.6610236220472441
11
-4.12303031496063
21
5.6611379133858266
0
LINE
8
BLACK
6
CONTINUOUS
10
-4.12303031496063
20
5.6611379133858266
11
-4.1231739763779522
21
5.6614846850393699
0
LINE
8
BLACK
6
CONTINUOUS
10
-4.1231739763779522
20
5.6614846850393699
11
-4.1250909842519681
21
5.6652074015748033
0
LINE
8
BLACK
6
CONTINUOUS
10
-4.1250909842519681
20
5.6652074015748033
11
-4.1252978740157475
21
5.6657480314960624
0
LINE
8
BLACK
6
CONTINUOUS
10
-4.1252978740157475
20
5.6657480314960624
11
-4.1253004724409452
21
5.6657844488188971
0
LINE
8
BLACK
6
CONTINUOUS
10
-4.1253004724409452
20
5.6657844488188971
11
-4.1355036614173226
21
5.6568066929133858
0
LINE
8
BLACK
6
CONTINUOUS
10
-4.1355036614173226
20
5.6568066929133858
11
-4.1357526771653541
21
5.6566286614173231
0
LINE
8
BLACK
6
CONTINUOUS
10
-4.1357526771653541
20
5.6566286614173231
11
-4.1358075984251972
21
5.65657374015748
0
LINE
8
BLACK
6
CONTINUOUS
10
-4.1358075984251972
20
5.65657374015748
11
-4.1358597244094488
21
5.6565521259842519
0
LINE
8
BLACK
6
CONTINUOUS
10
-4.1358597244094488
20
5.6565521259842519
11
-4.1359745669291339
21
5.6564700393700784
0
LINE
8
BLACK
6
CONTINUOUS
10
-4.1359745669291339
20
5.6564700393700784
11
-4.1364288188976381
21
5.6563164173228344
0
LINE
8
BLACK
6
CONTINUOUS
10
-4.1364288188976381
20
5.6563164173228344
11
-4.1368720078740155
21
5.6561328346456694
0
LINE
8
BLACK
6
CONTINUOUS
10
-4.1368720078740155
20
5.6561328346456694
11
-4.1369716535433074
21
5.6561328346456694
0
LINE
8
BLACK
6
CONTINUOUS
10
-4.1369716535433074
20
5.6561328346456694
11
-4.1370659448818898
21
5.6561009448818895
0
LINE
8
BLACK
6
CONTINUOUS
10
-4.1370659448818898
20
5.6561009448818895
11
-4.137544409448819
21
5.6561328346456694
0
LINE
8
BLACK
6
CONTINUOUS
10
-4.137544409448819
20
5.6561328346456694
11
-4.1380241338582673
21
5.6561328346456694
0
LINE
8
BLACK
6
CONTINUOUS
10
-4.1380241338582673
20
5.6561328346456694
11
-4.1381161417322829
21
5.6561709055118108
0
LINE
8
BLACK
6
CONTINUOUS
10
-4.1381161417322829
20
5.6561709055118108
11
-4.1382154724409448
21
5.6561775590551182
0
LINE
8
BLACK
6
CONTINUOUS
10
-4.1382154724409448
20
5.6561775590551182
11
-4.1386456299212595
21
5.6563902362204725
0
LINE
8
BLACK
6
CONTINUOUS
10
-4.1386456299212595
20
5.6563902362204725
11
-4.1390885433070865
21
5.65657374015748
0
LINE
8
BLACK
6
CONTINUOUS
10
-4.1390885433070865
20
5.65657374015748
11
-4.1391588976377953
21
5.6566440551181101
0
LINE
8
BLACK
6
CONTINUOUS
10
-4.1391588976377953
20
5.6566440551181101
11
-4.1392482283464567
21
5.6566882677165351
0
LINE
8
BLACK
6
CONTINUOUS
10
-4.1392482283464567
20
5.6566882677165351
11
-4.1395642125984251
21
5.6570493700787399
0
LINE
8
BLACK
6
CONTINUOUS
10
-4.1395642125984251
20
5.6570493700787399
11
-4.139903188976378
21
5.6573883858267715
0
LINE
8
BLACK
6
CONTINUOUS
10
-4.139903188976378
20
5.6573883858267715
11
-4.1399413385826769
21
5.6574803543307084
0
LINE
8
BLACK
6
CONTINUOUS
10
-4.1399413385826769
20
5.6574803543307084
11
-4.1400068897637796
21
5.6575553543307082
0
LINE
8
BLACK
6
CONTINUOUS
10
-4.1400068897637796
20
5.6575553543307082
11
-4.1401605118110236
21
5.6580095669291337
0
LINE
8
BLACK
6
CONTINUOUS
10
-4.1401605118110236
20
5.6580095669291337
11
-4.1403440944881886
21
5.6584527952755908
0
LINE
8
BLACK
6
CONTINUOUS
10
-4.1403440944881886
20
5.6584527952755908
11
-4.1403443307086611
21
5.6585531102362205
0
LINE
8
BLACK
6
CONTINUOUS
10
-4.1403443307086611
20
5.6585531102362205
11
-4.1403759842519685
21
5.6586467322834642
0
LINE
8
BLACK
6
CONTINUOUS
10
-4.1403759842519685
20
5.6586467322834642
11
-4.1403455905511812
21
5.6591029921259839
0
LINE
8
BLACK
6
CONTINUOUS
10
-4.1403455905511812
20
5.6591029921259839
11
-4.1404008267716534
21
5.6834007874015748
0
LINE
8
BLACK
6
CONTINUOUS
10
-4.1404008267716534
20
5.6834007874015748
11
-4.1403440944881886
21
5.6839768503937007
0
LINE
8
BLACK
6
CONTINUOUS
10
-4.1403440944881886
20
5.6839768503937007
11
-4.139903188976378
21
5.68504125984252
0
LINE
8
BLACK
6
CONTINUOUS
10
-4.139903188976378
20
5.68504125984252
11
-4.1390885433070865
21
5.6858559055118105
0
LINE
8
BLACK
6
CONTINUOUS
10
-4.1390885433070865
20
5.6858559055118105
11
-4.1380241338582673
21
5.6862968110236221
0
LINE
8
BLACK
6
CONTINUOUS
10
-4.1380241338582673
20
5.6862968110236221
11
-4.1368720078740155
21
5.6862968110236221
0
LINE
8
BLACK
6
CONTINUOUS
10
-4.1368720078740155
20
5.6862968110236221
11
-4.1358075984251972
21
5.6858559055118105
0
LINE
8
BLACK
6
CONTINUOUS
10
-4.0964375196850389
20
5.7158521653543302
11
-4.0956228740157483
21
5.7150375196850396
0
LINE
8
BLACK
6
CONTINUOUS
10
-4.0956228740157483
20
5.7150375196850396
11
-4.0951819685039368
21
5.7139731102362203
0
LINE
8
BLACK
6
CONTINUOUS
10
-4.0951819685039368
20
5.7139731102362203
11
-4.095125236220472
21
5.7096475196850394
0
LINE
8
BLACK
6
CONTINUOUS
10
-4.095125236220472
20
5.7096475196850394
11
-4.0951539763779525
21
5.7093559055118108
0
LINE
8
BLACK
6
CONTINUOUS
10
-4.0951539763779525
20
5.7093559055118108
11
-4.0951484251968502
21
5.709278188976378
0
LINE
8
BLACK
6
CONTINUOUS
10
-4.0951484251968502
20
5.709278188976378
11
-4.0951674015748027
21
5.7092196062992127
0
LINE
8
BLACK
6
CONTINUOUS
10
-4.0951674015748027
20
5.7092196062992127
11
-4.0951819685039368
21
5.7090714566929135
0
LINE
8
BLACK
6
CONTINUOUS
10
-4.0951819685039368
20
5.7090714566929135
11
-4.0953346456692916
21
5.7087029133858262
0
LINE
8
BLACK
6
CONTINUOUS
10
-4.0953346456692916
20
5.7087029133858262
11
-4.0971515354330705
21
5.7030894881889767
0
LINE
8
BLACK
6
CONTINUOUS
10
-4.0971515354330705
20
5.7030894881889767
11
-4.0973875196850393
21
5.7025609055118105
0
LINE
8
BLACK
6
CONTINUOUS
10
-4.0973875196850393
20
5.7025609055118105
11
-4.0974570078740156
21
5.7024807874015746
0
LINE
8
BLACK
6
CONTINUOUS
10
-4.0974570078740156
20
5.7024807874015746
11
-4.0974975984251971
21
5.7023827559055116
0
LINE
8
BLACK
6
CONTINUOUS
10
-4.0974975984251971
20
5.7023827559055116
11
-4.0978813779527554
21
5.701991496062992
0
LINE
8
BLACK
6
CONTINUOUS
10
-4.0978813779527554
20
5.701991496062992
11
-4.0981424015748029
21
5.7016905511811018
0
LINE
8
BLACK
6
CONTINUOUS
10
-4.0981424015748029
20
5.7016905511811018
11
-4.0982094881889761
21
5.7016570078740152
0
LINE
8
BLACK
6
CONTINUOUS
10
-4.0982094881889761
20
5.7016570078740152
11
-4.1016144094488185
21
5.6981857874015747
0
LINE
8
BLACK
6
CONTINUOUS
10
-4.1016144094488185
20
5.6981857874015747
11
-4.1020618897637791
21
5.6978185433070863
0
LINE
8
BLACK
6
CONTINUOUS
10
-4.1020618897637791
20
5.6978185433070863
11
-4.1021599606299208
21
5.6977779133858268
0
LINE
8
BLACK
6
CONTINUOUS
10
-4.1021599606299208
20
5.6977779133858268
11
-4.1022400393700789
21
5.6977084645669294
0
LINE
8
BLACK
6
CONTINUOUS
10
-4.1022400393700789
20
5.6977084645669294
11
-4.102750236220472
21
5.6975334251968501
0
LINE
8
BLACK
6
CONTINUOUS
10
-4.102750236220472
20
5.6975334251968501
11
-4.1031262992125983
21
5.6973776771653544
0
LINE
8
BLACK
6
CONTINUOUS
10
-4.1031262992125983
20
5.6973776771653544
11
-4.1032042913385824
21
5.6973776771653544
0
LINE
8
BLACK
6
CONTINUOUS
10
-4.1032042913385824
20
5.6973776771653544
11
-4.108392874015748
21
5.695597716535433
0
LINE
8
BLACK
6
CONTINUOUS
10
-4.108392874015748
20
5.695597716535433
11
-4.1086784645669292
21
5.6955327559055116
0
LINE
8
BLACK
6
CONTINUOUS
10
-4.1086784645669292
20
5.6955327559055116
11
-4.1087505511811022
21
5.6955029133858268
0
LINE
8
BLACK
6
CONTINUOUS
10
-4.1087505511811022
20
5.6955029133858268
11
-4.1088103543307088
21
5.6955027559055118
0
LINE
8
BLACK
6
CONTINUOUS
10
-4.1088103543307088
20
5.6955027559055118
11
-4.1089573228346454
21
5.6954693700787402
0
LINE
8
BLACK
6
CONTINUOUS
10
-4.1089573228346454
20
5.6954693700787402
11
-4.1094108661417321
21
5.6955015748031492
0
LINE
8
BLACK
6
CONTINUOUS
10
-4.1094108661417321
20
5.6955015748031492
11
-4.1374480708661414
21
5.695446181102362
0
LINE
8
BLACK
6
CONTINUOUS
10
-4.1374480708661414
20
5.695446181102362
11
-4.1380241338582673
21
5.6955029133858268
0
LINE
8
BLACK
6
CONTINUOUS
10
-4.1380241338582673
20
5.6955029133858268
11
-4.1390885433070865
21
5.6959438188976375
0
LINE
8
BLACK
6
CONTINUOUS
10
-4.1390885433070865
20
5.6959438188976375
11
-4.139903188976378
21
5.6967584645669289
0
LINE
8
BLACK
6
CONTINUOUS
10
-4.139903188976378
20
5.6967584645669289
11
-4.1403440944881886
21
5.6978228740157482
0
LINE
8
BLACK
6
CONTINUOUS
10
-4.1403440944881886
20
5.6978228740157482
11
-4.1403440944881886
21
5.6989749999999999
0
LINE
8
BLACK
6
CONTINUOUS
10
-4.1403440944881886
20
5.6989749999999999
11
-4.139903188976378
21
5.7000394094488191
0
LINE
8
BLACK
6
CONTINUOUS
10
-4.139903188976378
20
5.7000394094488191
11
-4.1390885433070865
21
5.7008540551181097
0
LINE
8
BLACK
6
CONTINUOUS
10
-4.1390885433070865
20
5.7008540551181097
11
-4.1380241338582673
21
5.7012949606299212
0
LINE
8
BLACK
6
CONTINUOUS
10
-4.1380241338582673
20
5.7012949606299212
11
-4.10966125984252
21
5.7013510236220473
0
LINE
8
BLACK
6
CONTINUOUS
10
-4.10966125984252
20
5.7013510236220473
11
-4.1052130314960626
21
5.7028770078740152
0
LINE
8
BLACK
6
CONTINUOUS
10
-4.1052130314960626
20
5.7028770078740152
11
-4.1024666141732284
21
5.7056768897637795
0
LINE
8
BLACK
6
CONTINUOUS
10
-4.1024666141732284
20
5.7056768897637795
11
-4.1009893700787403
21
5.7102409448818898
0
LINE
8
BLACK
6
CONTINUOUS
10
-4.1009893700787403
20
5.7102409448818898
11
-4.101030748031496
21
5.7133970472440945
0
LINE
8
BLACK
6
CONTINUOUS
10
-4.101030748031496
20
5.7133970472440945
11
-4.1009740157480312
21
5.7139731102362203
0
LINE
8
BLACK
6
CONTINUOUS
10
-4.1009740157480312
20
5.7139731102362203
11
-4.1005331102362206
21
5.7150375196850396
0
LINE
8
BLACK
6
CONTINUOUS
10
-4.1005331102362206
20
5.7150375196850396
11
-4.0997184645669291
21
5.7158521653543302
0
LINE
8
BLACK
6
CONTINUOUS
10
-4.0997184645669291
20
5.7158521653543302
11
-4.0986540551181099
21
5.7162930708661417
0
LINE
8
BLACK
6
CONTINUOUS
10
-4.0986540551181099
20
5.7162930708661417
11
-4.0975019291338581
21
5.7162930708661417
0
LINE
8
BLACK
6
CONTINUOUS
10
-4.0975019291338581
20
5.7162930708661417
11
-4.0964375196850389
21
5.7158521653543302
0
LINE
8
BLACK
6
CONTINUOUS
10
-4.0187742519685035
20
5.849495826771653
11
-4.017708897637795
21
5.8484304724409446
0
LINE
8
BLACK
6
CONTINUOUS
10
-4.017708897637795
20
5.8484304724409446
11
-4.0175590551181104
21
5.5228740157480312
0
LINE
8
BLACK
6
CONTINUOUS
10
-4.0175590551181104
20
5.5228740157480312
11
-4.017708897637795
21
5.5221207086614168
0
LINE
8
BLACK
6
CONTINUOUS
10
-4.017708897637795
20
5.5221207086614168
11
-4.0187742519685035
21
5.5210553543307084
0
LINE
8
BLACK
6
CONTINUOUS
10
-4.0187742519685035
20
5.5210553543307084
11
-4.1789763779527558
21
5.5209055118110237
0
LINE
8
BLACK
6
CONTINUOUS
10
-4.1789763779527558
20
5.5209055118110237
11
-4.1797296850393701
21
5.5210553543307084
0
LINE
8
BLACK
6
CONTINUOUS
10
-4.1797296850393701
20
5.5210553543307084
11
-4.1807950393700786
21
5.5221207086614168
0
LINE
8
BLACK
6
CONTINUOUS
10
-4.1807950393700786
20
5.5221207086614168
11
-4.1808948818897633
21
5.7389725590551182
0
LINE
8
BLACK
6
CONTINUOUS
10
-4.1808948818897633
20
5.7389725590551182
11
-4.1808962204724409
21
5.7389745275590549
0
LINE
8
BLACK
6
CONTINUOUS
10
-4.1808962204724409
20
5.7389745275590549
11
-4.1808948818897633
21
5.7389824803149603
0
LINE
8
BLACK
6
CONTINUOUS
10
-4.1808948818897633
20
5.7389824803149603
11
-4.1809448818897641
21
5.8476771653543302
0
LINE
8
BLACK
6
CONTINUOUS
10
-4.1809448818897641
20
5.8476771653543302
11
-4.1807950393700786
21
5.8484304724409446
0
LINE
8
BLACK
6
CONTINUOUS
10
-4.1807950393700786
20
5.8484304724409446
11
-4.1797296850393701
21
5.849495826771653
0
LINE
8
BLACK
6
CONTINUOUS
10
-4.1797296850393701
20
5.849495826771653
11
-4.0195275590551178
21
5.8496456692913386
0
LINE
8
BLACK
6
CONTINUOUS
10
-4.0195275590551178
20
5.8496456692913386
11
-4.0187742519685035
21
5.849495826771653
0
LINE
8
BLACK
6
CONTINUOUS
10
-4.1771564960629917
20
5.8457103543307083
11
-4.1771261023622044
21
5.7797076377952754
0
LINE
8
BLACK
6
CONTINUOUS
10
-4.1771261023622044
20
5.7797076377952754
11
-4.1500009842519683
21
5.7607017716535429
0
LINE
8
BLACK
6
CONTINUOUS
10
-4.1500009842519683
20
5.7607017716535429
11
-4.1494724409448818
21
5.7601444881889758
0
LINE
8
BLACK
6
CONTINUOUS
10
-4.1494724409448818
20
5.7601444881889758
11
-4.1494147637795278
21
5.7598081496062994
0
LINE
8
BLACK
6
CONTINUOUS
10
-4.1494147637795278
20
5.7598081496062994
11
-4.1492176377952754
21
5.7595294488188973
0
LINE
8
BLACK
6
CONTINUOUS
10
-4.1492176377952754
20
5.7595294488188973
11
-4.1492922834645665
21
5.7590944881889765
0
LINE
8
BLACK
6
CONTINUOUS
10
-4.1492922834645665
20
5.7590944881889765
11
-4.1492176377952754
21
5.7586595275590549
0
LINE
8
BLACK
6
CONTINUOUS
10
-4.1492176377952754
20
5.7586595275590549
11
-4.1494147637795278
21
5.7583807874015749
0
LINE
8
BLACK
6
CONTINUOUS
10
-4.1494147637795278
20
5.7583807874015749
11
-4.1494724409448818
21
5.7580444881889763
0
LINE
8
BLACK
6
CONTINUOUS
10
-4.1494724409448818
20
5.7580444881889763
11
-4.1498359842519683
21
5.7577850393700789
0
LINE
8
BLACK
6
CONTINUOUS
10
-4.1498359842519683
20
5.7577850393700789
11
-4.1500874803149603
21
5.757429409448819
0
LINE
8
BLACK
6
CONTINUOUS
10
-4.1500874803149603
20
5.757429409448819
11
-4.1504125984251967
21
5.7573736220472442
0
LINE
8
BLACK
6
CONTINUOUS
10
-4.1504125984251967
20
5.7573736220472442
11
-4.1771070472440943
21
5.7383250393700784
0
LINE
8
BLACK
6
CONTINUOUS
10
-4.1771070472440943
20
5.7383250393700784
11
-4.17700874015748
21
5.5246951968503932
0
LINE
8
BLACK
6
CONTINUOUS
10
-4.17700874015748
20
5.5246951968503932
11
-4.0213474803149607
21
5.5248407874015744
0
LINE
8
BLACK
6
CONTINUOUS
10
-4.0213474803149607
20
5.5248407874015744
11
-4.0214952362204723
21
5.8458559448818894
0
LINE
8
BLACK
6
CONTINUOUS
10
-4.0214952362204723
20
5.8458559448818894
11
-4.1771564960629917
21
5.8457103543307083
0
LINE
8
BLACK
6
CONTINUOUS
10
-4.1771092125984248
20
5.7429799606299214
11
-4.154420472440945
21
5.7591701181102364
0
LINE
8
BLACK
6
CONTINUOUS
10
-4.154420472440945
20
5.7591701181102364
11
-4.1771239763779526
21
5.775077913385827
0
LINE
8
BLACK
6
CONTINUOUS
10
-4.1771239763779526
20
5.775077913385827
11
-4.1771092125984248
21
5.7429799606299214
0
LINE
8
BLACK
6
CONTINUOUS
10
-4.5423855118110232
20
5.5994704330708664
11
-4.5417463385826773
21
5.5988312598425196
0
LINE
8
BLACK
6
CONTINUOUS
10
-4.5417463385826773
20
5.5988312598425196
11
-4.5416564173228346
21
5.5886304724409444
0
LINE
8
BLACK
6
CONTINUOUS
10
-4.5416564173228346
20
5.5886304724409444
11
-4.5417463385826773
21
5.588178464566929
0
LINE
8
BLACK
6
CONTINUOUS
10
-4.5417463385826773
20
5.588178464566929
11
-4.5423855118110232
21
5.5875392913385822
0
LINE
8
BLACK
6
CONTINUOUS
10
-4.5423855118110232
20
5.5875392913385822
11
-4.5432895275590548
21
5.5875392913385822
0
LINE
8
BLACK
6
CONTINUOUS
10
-4.5432895275590548
20
5.5875392913385822
11
-4.5439287007874016
21
5.588178464566929
0
LINE
8
BLACK
6
CONTINUOUS
10
-4.5439287007874016
20
5.588178464566929
11
-4.5439945669291335
21
5.5956481102362208
0
LINE
8
BLACK
6
CONTINUOUS
10
-4.5439945669291335
20
5.5956481102362208
11
-4.5510012204724406
21
5.5885451968503936
0
LINE
8
BLACK
6
CONTINUOUS
10
-4.5510012204724406
20
5.5885451968503936
11
-4.5510504330708663
21
5.5885123228346458
0
LINE
8
BLACK
6
CONTINUOUS
10
-4.5510504330708663
20
5.5885123228346458
11
-4.5510625196850389
21
5.5884881102362201
0
LINE
8
BLACK
6
CONTINUOUS
10
-4.5510625196850389
20
5.5884881102362201
11
-4.551116496062992
21
5.5884681889763774
0
LINE
8
BLACK
6
CONTINUOUS
10
-4.551116496062992
20
5.5884681889763774
11
-4.5513844094488185
21
5.588289173228346
0
LINE
8
BLACK
6
CONTINUOUS
10
-4.5513844094488185
20
5.588289173228346
11
-4.5516014960629922
21
5.588289173228346
0
LINE
8
BLACK
6
CONTINUOUS
10
-4.5516014960629922
20
5.588289173228346
11
-4.5537125984251965
21
5.5875099606299212
0
LINE
8
BLACK
6
CONTINUOUS
10
-4.5537125984251965
20
5.5875099606299212
11
-4.5541698818897638
21
5.5874523622047239
0
LINE
8
BLACK
6
CONTINUOUS
10
-4.5541698818897638
20
5.5874523622047239
11
-4.5542838976377951
21
5.5875093307086612
0
LINE
8
BLACK
6
CONTINUOUS
10
-4.5542838976377951
20
5.5875093307086612
11
-4.5555859055118111
21
5.5874493700787404
0
LINE
8
BLACK
6
CONTINUOUS
10
-4.5555859055118111
20
5.5874493700787404
11
-4.5556439763779526
21
5.5874609055118105
0
LINE
8
BLACK
6
CONTINUOUS
10
-4.5556439763779526
20
5.5874609055118105
11
-4.5556696062992126
21
5.5874523622047239
0
LINE
8
BLACK
6
CONTINUOUS
10
-4.5556696062992126
20
5.5874523622047239
11
-4.5557244094488185
21
5.5874768897637797
0
LINE
8
BLACK
6
CONTINUOUS
10
-4.5557244094488185
20
5.5874768897637797
11
-4.5560379133858264
21
5.5875392913385822
0
LINE
8
BLACK
6
CONTINUOUS
10
-4.5560379133858264
20
5.5875392913385822
11
-4.5561796062992128
21
5.5876809448818898
0
LINE
8
BLACK
6
CONTINUOUS
10
-4.5561796062992128
20
5.5876809448818898
11
-4.5575364173228348
21
5.5882891338582672
0
LINE
8
BLACK
6
CONTINUOUS
10
-4.5575364173228348
20
5.5882891338582672
11
-4.5575377559055115
21
5.588289173228346
0
LINE
8
BLACK
6
CONTINUOUS
10
-4.5575377559055115
20
5.588289173228346
11
-4.5575391732283466
21
5.5882903937007873
0
LINE
8
BLACK
6
CONTINUOUS
10
-4.5575391732283466
20
5.5882903937007873
11
-4.5576139370078739
21
5.5883239370078739
0
LINE
8
BLACK
6
CONTINUOUS
10
-4.5576139370078739
20
5.5883239370078739
11
-4.5579779921259842
21
5.588606496062992
0
LINE
8
BLACK
6
CONTINUOUS
10
-4.5579779921259842
20
5.588606496062992
11
-4.5580128346456688
21
5.5887109055118112
0
LINE
8
BLACK
6
CONTINUOUS
10
-4.5580128346456688
20
5.5887109055118112
11
-4.5586047244094487
21
5.5892363779527559
0
LINE
8
BLACK
6
CONTINUOUS
10
-4.5586047244094487
20
5.5892363779527559
11
-4.5586094488188973
21
5.5892379921259838
0
LINE
8
BLACK
6
CONTINUOUS
10
-4.5586094488188973
20
5.5892379921259838
11
-4.5586123228346453
21
5.5892431496062986
0
LINE
8
BLACK
6
CONTINUOUS
10
-4.5586123228346453
20
5.5892431496062986
11
-4.5586708267716531
21
5.5892951181102362
0
LINE
8
BLACK
6
CONTINUOUS
10
-4.5586708267716531
20
5.5892951181102362
11
-4.5589268503937008
21
5.5896783464566928
0
LINE
8
BLACK
6
CONTINUOUS
10
-4.5589268503937008
20
5.5896783464566928
11
-4.5589268503937008
21
5.5898109055118113
0
LINE
8
BLACK
6
CONTINUOUS
10
-4.5589268503937008
20
5.5898109055118113
11
-4.5596419685039367
21
5.5911018503937004
0
LINE
8
BLACK
6
CONTINUOUS
10
-4.5596419685039367
20
5.5911018503937004
11
-4.559657598425197
21
5.5911588976377953
0
LINE
8
BLACK
6
CONTINUOUS
10
-4.559657598425197
20
5.5911588976377953
11
-4.5596767322834646
21
5.5911780708661416
0
LINE
8
BLACK
6
CONTINUOUS
10
-4.5596767322834646
20
5.5911780708661416
11
-4.5596779133858263
21
5.59123311023622
0
LINE
8
BLACK
6
CONTINUOUS
10
-4.5596779133858263
20
5.59123311023622
11
-4.5597636614173229
21
5.5915463779527554
0
LINE
8
BLACK
6
CONTINUOUS
10
-4.5597636614173229
20
5.5915463779527554
11
-4.5596894094488185
21
5.5917692125984253
0
LINE
8
BLACK
6
CONTINUOUS
10
-4.5596894094488185
20
5.5917692125984253
11
-4.5597666535433072
21
5.595379606299212
0
LINE
8
BLACK
6
CONTINUOUS
10
-4.5597666535433072
20
5.595379606299212
11
-4.5597551181102363
21
5.5954376377952757
0
LINE
8
BLACK
6
CONTINUOUS
10
-4.5597551181102363
20
5.5954376377952757
11
-4.5597636614173229
21
5.5954633070866144
0
LINE
8
BLACK
6
CONTINUOUS
10
-4.5597636614173229
20
5.5954633070866144
11
-4.559739133858268
21
5.5955180708661416
0
LINE
8
BLACK
6
CONTINUOUS
10
-4.559739133858268
20
5.5955180708661416
11
-4.5596767322834646
21
5.5958316141732283
0
LINE
8
BLACK
6
CONTINUOUS
10
-4.5596767322834646
20
5.5958316141732283
11
-4.5595350393700782
21
5.5959733070866138
0
LINE
8
BLACK
6
CONTINUOUS
10
-4.5595350393700782
20
5.5959733070866138
11
-4.5589268503937008
21
5.5973299999999995
0
LINE
8
BLACK
6
CONTINUOUS
10
-4.5589268503937008
20
5.5973299999999995
11
-4.5589268503937008
21
5.5973313385826771
0
LINE
8
BLACK
6
CONTINUOUS
10
-4.5589268503937008
20
5.5973313385826771
11
-4.5589256692913382
21
5.5973326771653538
0
LINE
8
BLACK
6
CONTINUOUS
10
-4.5589256692913382
20
5.5973326771653538
11
-4.5588920472440941
21
5.5974076377952757
0
LINE
8
BLACK
6
CONTINUOUS
10
-4.5588920472440941
20
5.5974076377952757
11
-4.5586094488188973
21
5.5977716929133861
0
LINE
8
BLACK
6
CONTINUOUS
10
-4.5586094488188973
20
5.5977716929133861
11
-4.558505039370079
21
5.5978064960629919
0
LINE
8
BLACK
6
CONTINUOUS
10
-4.558505039370079
20
5.5978064960629919
11
-4.5579209448818894
21
5.5984644488188975
0
LINE
8
BLACK
6
CONTINUOUS
10
-4.5579209448818894
20
5.5984644488188975
11
-4.5575377559055115
21
5.5987205118110239
0
LINE
8
BLACK
6
CONTINUOUS
10
-4.5575377559055115
20
5.5987205118110239
11
-4.5566338188976374
21
5.5987205511811027
0
LINE
8
BLACK
6
CONTINUOUS
10
-4.5566338188976374
20
5.5987205511811027
11
-4.555994566929134
21
5.5980812992125983
0
LINE
8
BLACK
6
CONTINUOUS
10
-4.555994566929134
20
5.5980812992125983
11
-4.5559945275590552
21
5.597177401574803
0
LINE
8
BLACK
6
CONTINUOUS
10
-4.5559945275590552
20
5.597177401574803
11
-4.5569881889763781
21
5.5960580314960628
0
LINE
8
BLACK
6
CONTINUOUS
10
-4.5569881889763781
20
5.5960580314960628
11
-4.5574759448818893
21
5.5949700393700788
0
LINE
8
BLACK
6
CONTINUOUS
10
-4.5574759448818893
20
5.5949700393700788
11
-4.5574079527559057
21
5.5917934251968502
0
LINE
8
BLACK
6
CONTINUOUS
10
-4.5574079527559057
20
5.5917934251968502
11
-4.5568079921259841
21
5.5907103937007872
0
LINE
8
BLACK
6
CONTINUOUS
10
-4.5568079921259841
20
5.5907103937007872
11
-4.5562643700787397
21
5.590227755905512
0
LINE
8
BLACK
6
CONTINUOUS
10
-4.5562643700787397
20
5.590227755905512
11
-4.555219409448819
21
5.5897593307086613
0
LINE
8
BLACK
6
CONTINUOUS
10
-4.555219409448819
20
5.5897593307086613
11
-4.5540861023622048
21
5.5898115748031492
0
LINE
8
BLACK
6
CONTINUOUS
10
-4.5540861023622048
20
5.5898115748031492
11
-4.5540804330708662
21
5.5898104330708662
0
LINE
8
BLACK
6
CONTINUOUS
10
-4.5540804330708662
20
5.5898104330708662
11
-4.5523014566929136
21
5.5904670472440943
0
LINE
8
BLACK
6
CONTINUOUS
10
-4.5523014566929136
20
5.5904670472440943
11
-4.5436726771653539
21
5.5992144094488188
0
LINE
8
BLACK
6
CONTINUOUS
10
-4.5436726771653539
20
5.5992144094488188
11
-4.5432896456692911
21
5.5994703149606302
0
LINE
8
BLACK
6
CONTINUOUS
10
-4.5432896456692911
20
5.5994703149606302
11
-4.5432895275590548
21
5.5994704330708664
0
LINE
8
BLACK
6
CONTINUOUS
10
-4.5432895275590548
20
5.5994704330708664
11
-4.543289488188976
21
5.5994704330708664
0
LINE
8
BLACK
6
CONTINUOUS
10
-4.543289488188976
20
5.5994704330708664
11
-4.542385551181102
21
5.5994704724409443
0
LINE
8
BLACK
6
CONTINUOUS
10
-4.542385551181102
20
5.5994704724409443
11
-4.5423855118110232
21
5.5994704330708664
0
LINE
8
BLACK
6
CONTINUOUS
10
-4.5491346456692909
20
5.6144685433070869
11
-4.5490540157480313
21
5.6143878740157476
0
LINE
8
BLACK
6
CONTINUOUS
10
-4.5490540157480313
20
5.6143878740157476
11
-4.5463005905511809
21
5.6137732677165353
0
LINE
8
BLACK
6
CONTINUOUS
10
-4.5463005905511809
20
5.6137732677165353
11
-4.5458838976377951
21
5.6135764173228342
0
LINE
8
BLACK
6
CONTINUOUS
10
-4.5458838976377951
20
5.6135764173228342
11
-4.5458440551181098
21
5.6135099999999998
0
LINE
8
BLACK
6
CONTINUOUS
10
-4.5458440551181098
20
5.6135099999999998
11
-4.5446367322834647
21
5.6129687401574806
0
LINE
8
BLACK
6
CONTINUOUS
10
-4.5446367322834647
20
5.6129687401574806
11
-4.5446352755905508
21
5.6129687795275593
0
LINE
8
BLACK
6
CONTINUOUS
10
-4.5446352755905508
20
5.6129687795275593
11
-4.5446339763779529
21
5.6129675196850393
0
LINE
8
BLACK
6
CONTINUOUS
10
-4.5446339763779529
20
5.6129675196850393
11
-4.5445590551181105
21
5.6129339763779527
0
LINE
8
BLACK
6
CONTINUOUS
10
-4.5445590551181105
20
5.6129339763779527
11
-4.5441950000000002
21
5.6126514173228346
0
LINE
8
BLACK
6
CONTINUOUS
10
-4.5441950000000002
20
5.6126514173228346
11
-4.5441499606299214
21
5.6125162204724406
0
LINE
8
BLACK
6
CONTINUOUS
10
-4.5441499606299214
20
5.6125162204724406
11
-4.5427522440944879
21
5.6112129527559054
0
LINE
8
BLACK
6
CONTINUOUS
10
-4.5427522440944879
20
5.6112129527559054
11
-4.54271937007874
21
5.6111637007874018
0
LINE
8
BLACK
6
CONTINUOUS
10
-4.54271937007874
20
5.6111637007874018
11
-4.5426951574803152
21
5.6111516141732283
0
LINE
8
BLACK
6
CONTINUOUS
10
-4.5426951574803152
20
5.6111516141732283
11
-4.5426752755905513
21
5.6110977165354328
0
LINE
8
BLACK
6
CONTINUOUS
10
-4.5426752755905513
20
5.6110977165354328
11
-4.5424962204724411
21
5.6108297244094487
0
LINE
8
BLACK
6
CONTINUOUS
10
-4.5424962204724411
20
5.6108297244094487
11
-4.5424962204724411
21
5.6106125984251971
0
LINE
8
BLACK
6
CONTINUOUS
10
-4.5424962204724411
20
5.6106125984251971
11
-4.5417170078740154
21
5.608501496062992
0
LINE
8
BLACK
6
CONTINUOUS
10
-4.5417170078740154
20
5.608501496062992
11
-4.541659409448819
21
5.6080442519685034
0
LINE
8
BLACK
6
CONTINUOUS
10
-4.541659409448819
20
5.6080442519685034
11
-4.5417164173228342
21
5.6079302362204722
0
LINE
8
BLACK
6
CONTINUOUS
10
-4.5417164173228342
20
5.6079302362204722
11
-4.5416603937007869
21
5.6067138582677165
0
LINE
8
BLACK
6
CONTINUOUS
10
-4.5416603937007869
20
5.6067138582677165
11
-4.541659409448819
21
5.6067119685039373
0
LINE
8
BLACK
6
CONTINUOUS
10
-4.541659409448819
20
5.6067119685039373
11
-4.541660196850394
21
5.6067094488188971
0
LINE
8
BLACK
6
CONTINUOUS
10
-4.541660196850394
20
5.6067094488188971
11
-4.5416564173228346
21
5.6066281889763783
0
LINE
8
BLACK
6
CONTINUOUS
10
-4.5416564173228346
20
5.6066281889763783
11
-4.5417463385826773
21
5.606176181102362
0
LINE
8
BLACK
6
CONTINUOUS
10
-4.5417463385826773
20
5.606176181102362
11
-4.5418502362204727
21
5.6060722834645667
0
LINE
8
BLACK
6
CONTINUOUS
10
-4.5418502362204727
20
5.6060722834645667
11
-4.5424668897637792
21
5.6040049999999999
0
LINE
8
BLACK
6
CONTINUOUS
10
-4.5424668897637792
20
5.6040049999999999
11
-4.5424961811023623
21
5.6039536220472437
0
LINE
8
BLACK
6
CONTINUOUS
10
-4.5424961811023623
20
5.6039536220472437
11
-4.5424961811023623
21
5.6039265354330707
0
LINE
8
BLACK
6
CONTINUOUS
10
-4.5424961811023623
20
5.6039265354330707
11
-4.5425393700787398
21
5.6038778740157476
0
LINE
8
BLACK
6
CONTINUOUS
10
-4.5425393700787398
20
5.6038778740157476
11
-4.5426951574803152
21
5.6036046456692912
0
LINE
8
BLACK
6
CONTINUOUS
10
-4.5426951574803152
20
5.6036046456692912
11
-4.5428512598425197
21
5.6035265748031495
0
LINE
8
BLACK
6
CONTINUOUS
10
-4.5428512598425197
20
5.6035265748031495
11
-4.5435021653543304
21
5.6027934251968503
0
LINE
8
BLACK
6
CONTINUOUS
10
-4.5435021653543304
20
5.6027934251968503
11
-4.5438853543307083
21
5.6025374015748026
0
LINE
8
BLACK
6
CONTINUOUS
10
-4.5438853543307083
20
5.6025374015748026
11
-4.5447892913385823
21
5.6025374015748026
0
LINE
8
BLACK
6
CONTINUOUS
10
-4.5447892913385823
20
5.6025374015748026
11
-4.5454285039370079
21
5.6031766141732282
0
LINE
8
BLACK
6
CONTINUOUS
10
-4.5454285039370079
20
5.6031766141732282
11
-4.5454285039370079
21
5.6040805511811023
0
LINE
8
BLACK
6
CONTINUOUS
10
-4.5454285039370079
20
5.6040805511811023
11
-4.5445262598425193
21
5.6050968503937009
0
LINE
8
BLACK
6
CONTINUOUS
10
-4.5445262598425193
20
5.6050968503937009
11
-4.5439655905511813
21
5.6069764173228345
0
LINE
8
BLACK
6
CONTINUOUS
10
-4.5439655905511813
20
5.6069764173228345
11
-4.5440186220472443
21
5.6081280314960624
0
LINE
8
BLACK
6
CONTINUOUS
10
-4.5440186220472443
20
5.6081280314960624
11
-4.5440175196850392
21
5.608133700787401
0
LINE
8
BLACK
6
CONTINUOUS
10
-4.5440175196850392
20
5.608133700787401
11
-4.5446548818897634
21
5.6098604330708657
0
LINE
8
BLACK
6
CONTINUOUS
10
-4.5446548818897634
20
5.6098604330708657
11
-4.5459098425196851
21
5.6110306299212596
0
LINE
8
BLACK
6
CONTINUOUS
10
-4.5459098425196851
20
5.6110306299212596
11
-4.5471152362204723
21
5.6115710236220471
0
LINE
8
BLACK
6
CONTINUOUS
10
-4.5471152362204723
20
5.6115710236220471
11
-4.5471964566929133
21
5.6116340157480318
0
LINE
8
BLACK
6
CONTINUOUS
10
-4.5471964566929133
20
5.6116340157480318
11
-4.54987311023622
21
5.6122315354330707
0
LINE
8
BLACK
6
CONTINUOUS
10
-4.54987311023622
20
5.6122315354330707
11
-4.5499325984251966
21
5.6122596062992125
0
LINE
8
BLACK
6
CONTINUOUS
10
-4.5499325984251966
20
5.6122596062992125
11
-4.551836377952756
21
5.6121962598425199
0
LINE
8
BLACK
6
CONTINUOUS
10
-4.551836377952756
20
5.6121962598425199
11
-4.5519146850393701
21
5.6122118110236219
0
LINE
8
BLACK
6
CONTINUOUS
10
-4.5519146850393701
20
5.6122118110236219
11
-4.5545495669291336
21
5.6114816141732282
0
LINE
8
BLACK
6
CONTINUOUS
10
-4.5545495669291336
20
5.6114816141732282
11
-4.5546216535433066
21
5.6114780708661414
0
LINE
8
BLACK
6
CONTINUOUS
10
-4.5546216535433066
20
5.6114780708661414
11
-4.5558076377952759
21
5.6108211417322833
0
LINE
8
BLACK
6
CONTINUOUS
10
-4.5558076377952759
20
5.6108211417322833
11
-4.5558085039370075
21
5.6108209055118108
0
LINE
8
BLACK
6
CONTINUOUS
10
-4.5558085039370075
20
5.6108209055118108
11
-4.5568992913385822
21
5.6096511023622044
0
LINE
8
BLACK
6
CONTINUOUS
10
-4.5568992913385822
20
5.6096511023622044
11
-4.5574575196850393
21
5.6077798818897637
0
LINE
8
BLACK
6
CONTINUOUS
10
-4.5574575196850393
20
5.6077798818897637
11
-4.5574044488188976
21
5.6066281889763783
0
LINE
8
BLACK
6
CONTINUOUS
10
-4.5574044488188976
20
5.6066281889763783
11
-4.5574055905511814
21
5.6066225196850397
0
LINE
8
BLACK
6
CONTINUOUS
10
-4.5574055905511814
20
5.6066225196850397
11
-4.5567833858267717
21
5.6049367322834645
0
LINE
8
BLACK
6
CONTINUOUS
10
-4.5567833858267717
20
5.6049367322834645
11
-4.556250551181102
21
5.6044637401574802
0
LINE
8
BLACK
6
CONTINUOUS
10
-4.556250551181102
20
5.6044637401574802
11
-4.5559945275590552
21
5.6040805118110235
0
LINE
8
BLACK
6
CONTINUOUS
10
-4.5559945275590552
20
5.6040805118110235
11
-4.555994566929134
21
5.6031766141732282
0
LINE
8
BLACK
6
CONTINUOUS
10
-4.555994566929134
20
5.6031766141732282
11
-4.5566338188976374
21
5.6025373622047239
0
LINE
8
BLACK
6
CONTINUOUS
10
-4.5566338188976374
20
5.6025373622047239
11
-4.5575377559055115
21
5.6025374015748026
0
LINE
8
BLACK
6
CONTINUOUS
10
-4.5575377559055115
20
5.6025374015748026
11
-4.5586708267716531
21
5.6035433464566928
0
LINE
8
BLACK
6
CONTINUOUS
10
-4.5586708267716531
20
5.6035433464566928
11
-4.5587037401574806
21
5.6035925590551177
0
LINE
8
BLACK
6
CONTINUOUS
10
-4.5587037401574806
20
5.6035925590551177
11
-4.558727874015748
21
5.6036046456692912
0
LINE
8
BLACK
6
CONTINUOUS
10
-4.558727874015748
20
5.6036046456692912
11
-4.5587477559055118
21
5.6036584645669292
0
LINE
8
BLACK
6
CONTINUOUS
10
-4.5587477559055118
20
5.6036584645669292
11
-4.5589268503937008
21
5.6039265748031495
0
LINE
8
BLACK
6
CONTINUOUS
10
-4.5589268503937008
20
5.6039265748031495
11
-4.5589268503937008
21
5.6041436614173223
0
LINE
8
BLACK
6
CONTINUOUS
10
-4.5589268503937008
20
5.6041436614173223
11
-4.5597060236220468
21
5.60625468503937
0
LINE
8
BLACK
6
CONTINUOUS
10
-4.5597060236220468
20
5.60625468503937
11
-4.5597636614173229
21
5.6067119291338585
0
LINE
8
BLACK
6
CONTINUOUS
10
-4.5597636614173229
20
5.6067119291338585
11
-4.5597066929133856
21
5.606825905511811
0
LINE
8
BLACK
6
CONTINUOUS
10
-4.5597066929133856
20
5.606825905511811
11
-4.5597627165354329
21
5.6080423622047242
0
LINE
8
BLACK
6
CONTINUOUS
10
-4.5597627165354329
20
5.6080423622047242
11
-4.5597636614173229
21
5.6080442913385822
0
LINE
8
BLACK
6
CONTINUOUS
10
-4.5597636614173229
20
5.6080442913385822
11
-4.5597629133858266
21
5.6080467716535436
0
LINE
8
BLACK
6
CONTINUOUS
10
-4.5597629133858266
20
5.6080467716535436
11
-4.5597666535433072
21
5.6081280314960624
0
LINE
8
BLACK
6
CONTINUOUS
10
-4.5597666535433072
20
5.6081280314960624
11
-4.5596767322834646
21
5.6085800393700787
0
LINE
8
BLACK
6
CONTINUOUS
10
-4.5596767322834646
20
5.6085800393700787
11
-4.559572874015748
21
5.6086838976377953
0
LINE
8
BLACK
6
CONTINUOUS
10
-4.559572874015748
20
5.6086838976377953
11
-4.5589561023622043
21
5.6107512598425195
0
LINE
8
BLACK
6
CONTINUOUS
10
-4.5589561023622043
20
5.6107512598425195
11
-4.5589268110236221
21
5.6108026377952758
0
LINE
8
BLACK
6
CONTINUOUS
10
-4.5589268110236221
20
5.6108026377952758
11
-4.5589268110236221
21
5.6108297244094487
0
LINE
8
BLACK
6
CONTINUOUS
10
-4.5589268110236221
20
5.6108297244094487
11
-4.5588870866141731
21
5.6108723228346458
0
LINE
8
BLACK
6
CONTINUOUS
10
-4.5588870866141731
20
5.6108723228346458
11
-4.558727874015748
21
5.6111516141732283
0
LINE
8
BLACK
6
CONTINUOUS
10
-4.558727874015748
20
5.6111516141732283
11
-4.5585382677165356
21
5.6112464173228345
0
LINE
8
BLACK
6
CONTINUOUS
10
-4.5585382677165356
20
5.6112464173228345
11
-4.5571710236220468
21
5.6127127165354329
0
LINE
8
BLACK
6
CONTINUOUS
10
-4.5571710236220468
20
5.6127127165354329
11
-4.5567877952755902
21
5.6129687401574806
0
LINE
8
BLACK
6
CONTINUOUS
10
-4.5567877952755902
20
5.6129687401574806
11
-4.5566552362204726
21
5.6129687401574806
0
LINE
8
BLACK
6
CONTINUOUS
10
-4.5566552362204726
20
5.6129687401574806
11
-4.5553642125984251
21
5.6136838582677164
0
LINE
8
BLACK
6
CONTINUOUS
10
-4.5553642125984251
20
5.6136838582677164
11
-4.5549197244094488
21
5.6138055511811018
0
LINE
8
BLACK
6
CONTINUOUS
10
-4.5549197244094488
20
5.6138055511811018
11
-4.5548255905511814
21
5.6137741732283466
0
LINE
8
BLACK
6
CONTINUOUS
10
-4.5548255905511814
20
5.6137741732283466
11
-4.5521228346456688
21
5.6145231889763778
0
LINE
8
BLACK
6
CONTINUOUS
10
-4.5521228346456688
20
5.6145231889763778
11
-4.5516625196850393
21
5.614545590551181
0
LINE
8
BLACK
6
CONTINUOUS
10
-4.5516625196850393
20
5.614545590551181
11
-4.5515737795275593
21
5.6144923228346455
0
LINE
8
BLACK
6
CONTINUOUS
10
-4.5515737795275593
20
5.6144923228346455
11
-4.5495866535433072
21
5.6145584645669286
0
LINE
8
BLACK
6
CONTINUOUS
10
-4.5495866535433072
20
5.6145584645669286
11
-4.5491346456692909
21
5.6144685433070869
0
LINE
8
BLACK
6
CONTINUOUS
10
-4.5330065354330706
20
5.6343186614173231
11
-4.5319411811023622
21
5.6332533070866138
0
LINE
8
BLACK
6
CONTINUOUS
10
-4.5319411811023622
20
5.6332533070866138
11
-4.5317913385826767
21
5.5695078740157475
0
LINE
8
BLACK
6
CONTINUOUS
10
-4.5317913385826767
20
5.5695078740157475
11
-4.5319411811023622
21
5.5687545669291341
0
LINE
8
BLACK
6
CONTINUOUS
10
-4.5319411811023622
20
5.5687545669291341
11
-4.5330065354330706
21
5.5676892125984248
0
LINE
8
BLACK
6
CONTINUOUS
10
-4.5330065354330706
20
5.5676892125984248
11
-4.5662401574803146
21
5.5675393700787401
0
LINE
8
BLACK
6
CONTINUOUS
10
-4.5662401574803146
20
5.5675393700787401
11
-4.566993464566929
21
5.5676892125984248
0
LINE
8
BLACK
6
CONTINUOUS
10
-4.566993464566929
20
5.5676892125984248
11
-4.5680588188976374
21
5.5687545669291341
0
LINE
8
BLACK
6
CONTINUOUS
10
-4.5680588188976374
20
5.5687545669291341
11
-4.568208661417323
21
5.6325000000000003
0
LINE
8
BLACK
6
CONTINUOUS
10
-4.568208661417323
20
5.6325000000000003
11
-4.5680588188976374
21
5.6332533070866138
0
LINE
8
BLACK
6
CONTINUOUS
10
-4.5680588188976374
20
5.6332533070866138
11
-4.566993464566929
21
5.6343186614173231
0
LINE
8
BLACK
6
CONTINUOUS
10
-4.566993464566929
20
5.6343186614173231
11
-4.533759842519685
21
5.6344685039370077
0
LINE
8
BLACK
6
CONTINUOUS
10
-4.533759842519685
20
5.6344685039370077
11
-4.5330065354330706
21
5.6343186614173231
0
LINE
8
BLACK
6
CONTINUOUS
10
-4.5644151181102357
20
5.6305397244094486
11
-4.5642759842519682
21
5.5713387795275588
0
LINE
8
BLACK
6
CONTINUOUS
10
-4.5642759842519682
20
5.5713387795275588
11
-4.5355849212598427
21
5.5714681102362205
0
LINE
8
BLACK
6
CONTINUOUS
10
-4.5355849212598427
20
5.5714681102362205
11
-4.5357240551181102
21
5.6306690551181102
0
LINE
8
BLACK
6
CONTINUOUS
10
-4.5357240551181102
20
5.6306690551181102
11
-4.5644151181102357
21
5.6305397244094486
0
LINE
8
BLACK
6
CONTINUOUS
10
-4.6581938188976375
20
5.6270242519685034
11
-4.6579079527559051
21
5.6261667322834645
0
LINE
8
BLACK
6
CONTINUOUS
10
-4.6579079527559051
20
5.6261667322834645
11
-4.6587448425196847
21
5.6242999212598423
0
LINE
8
BLACK
6
CONTINUOUS
10
-4.6587448425196847
20
5.6242999212598423
11
-4.6587448425196847
21
5.6242986614173223
0
LINE
8
BLACK
6
CONTINUOUS
10
-4.6587448425196847
20
5.6242986614173223
11
-4.6587459842519685
21
5.6242974409448818
0
LINE
8
BLACK
6
CONTINUOUS
10
-4.6587459842519685
20
5.6242974409448818
11
-4.6587796062992126
21
5.6242224015748032
0
LINE
8
BLACK
6
CONTINUOUS
10
-4.6587796062992126
20
5.6242224015748032
11
-4.6590622047244095
21
5.6238583464566929
0
LINE
8
BLACK
6
CONTINUOUS
10
-4.6590622047244095
20
5.6238583464566929
11
-4.6591974803149609
21
5.6238132283464566
0
LINE
8
BLACK
6
CONTINUOUS
10
-4.6591974803149609
20
5.6238132283464566
11
-4.6600825196850391
21
5.6228640944881887
0
LINE
8
BLACK
6
CONTINUOUS
10
-4.6600825196850391
20
5.6228640944881887
11
-4.6489870078740152
21
5.6229256692913383
0
LINE
8
BLACK
6
CONTINUOUS
10
-4.6489870078740152
20
5.6229256692913383
11
-4.6490186220472438
21
5.626250433070866
0
LINE
8
BLACK
6
CONTINUOUS
10
-4.6490186220472438
20
5.626250433070866
11
-4.6489287007874012
21
5.6267024409448814
0
LINE
8
BLACK
6
CONTINUOUS
10
-4.6489287007874012
20
5.6267024409448814
11
-4.6482895275590552
21
5.6273416141732282
0
LINE
8
BLACK
6
CONTINUOUS
10
-4.6482895275590552
20
5.6273416141732282
11
-4.6473855118110237
21
5.6273416141732282
0
LINE
8
BLACK
6
CONTINUOUS
10
-4.6473855118110237
20
5.6273416141732282
11
-4.6467463385826768
21
5.6267024409448814
0
LINE
8
BLACK
6
CONTINUOUS
10
-4.6467463385826768
20
5.6267024409448814
11
-4.6466564173228342
21
5.6172515748031495
0
LINE
8
BLACK
6
CONTINUOUS
10
-4.6466564173228342
20
5.6172515748031495
11
-4.6467463385826768
21
5.6167995669291333
0
LINE
8
BLACK
6
CONTINUOUS
10
-4.6467463385826768
20
5.6167995669291333
11
-4.6473855118110237
21
5.6161603937007873
0
LINE
8
BLACK
6
CONTINUOUS
10
-4.6473855118110237
20
5.6161603937007873
11
-4.6482895275590552
21
5.6161603937007873
0
LINE
8
BLACK
6
CONTINUOUS
10
-4.6482895275590552
20
5.6161603937007873
11
-4.6489287007874012
21
5.6167995669291333
0
LINE
8
BLACK
6
CONTINUOUS
10
-4.6489287007874012
20
5.6167995669291333
11
-4.6489653543307083
21
5.620651023622047
0
LINE
8
BLACK
6
CONTINUOUS
10
-4.6489653543307083
20
5.620651023622047
11
-4.663585551181102
21
5.6205698818897636
0
LINE
8
BLACK
6
CONTINUOUS
10
-4.663585551181102
20
5.6205698818897636
11
-4.6640375590551182
21
5.6206598031496062
0
LINE
8
BLACK
6
CONTINUOUS
10
-4.6640375590551182
20
5.6206598031496062
11
-4.6641235433070865
21
5.6207457480314957
0
LINE
8
BLACK
6
CONTINUOUS
10
-4.6641235433070865
20
5.6207457480314957
11
-4.6642427165354325
21
5.6207696062992127
0
LINE
8
BLACK
6
CONTINUOUS
10
-4.6642427165354325
20
5.6207696062992127
11
-4.6644335039370075
21
5.6210557086614168
0
LINE
8
BLACK
6
CONTINUOUS
10
-4.6644335039370075
20
5.6210557086614168
11
-4.6646767322834641
21
5.6212989763779531
0
LINE
8
BLACK
6
CONTINUOUS
10
-4.6646767322834641
20
5.6212989763779531
11
-4.6646767322834641
21
5.6214205511811022
0
LINE
8
BLACK
6
CONTINUOUS
10
-4.6646767322834641
20
5.6214205511811022
11
-4.6647442125984249
21
5.6215217716535433
0
LINE
8
BLACK
6
CONTINUOUS
10
-4.6647442125984249
20
5.6215217716535433
11
-4.6646767322834641
21
5.6218591338582673
0
LINE
8
BLACK
6
CONTINUOUS
10
-4.6646767322834641
20
5.6218591338582673
11
-4.6646767322834641
21
5.6222029921259837
0
LINE
8
BLACK
6
CONTINUOUS
10
-4.6646767322834641
20
5.6222029921259837
11
-4.6645907874015746
21
5.6222889370078741
0
LINE
8
BLACK
6
CONTINUOUS
10
-4.6645907874015746
20
5.6222889370078741
11
-4.6645669291338585
21
5.622408149606299
0
LINE
8
BLACK
6
CONTINUOUS
10
-4.6645669291338585
20
5.622408149606299
11
-4.6642396850393704
21
5.6226400393700784
0
LINE
8
BLACK
6
CONTINUOUS
10
-4.6642396850393704
20
5.6226400393700784
11
-4.6640375590551182
21
5.6228421653543306
0
LINE
8
BLACK
6
CONTINUOUS
10
-4.6640375590551182
20
5.6228421653543306
11
-4.6639538188976379
21
5.6228425984251968
0
LINE
8
BLACK
6
CONTINUOUS
10
-4.6639538188976379
20
5.6228425984251968
11
-4.6619909842519682
21
5.6242335826771654
0
LINE
8
BLACK
6
CONTINUOUS
10
-4.6619909842519682
20
5.6242335826771654
11
-4.6618951968503932
21
5.6242731102362207
0
LINE
8
BLACK
6
CONTINUOUS
10
-4.6618951968503932
20
5.6242731102362207
11
-4.6606828740157482
21
5.6255732677165353
0
LINE
8
BLACK
6
CONTINUOUS
10
-4.6606828740157482
20
5.6255732677165353
11
-4.6601425196850395
21
5.6267786614173225
0
LINE
8
BLACK
6
CONTINUOUS
10
-4.6601425196850395
20
5.6267786614173225
11
-4.6598599212598426
21
5.6271427165354329
0
LINE
8
BLACK
6
CONTINUOUS
10
-4.6598599212598426
20
5.6271427165354329
11
-4.6590024015748028
21
5.6274285826771653
0
LINE
8
BLACK
6
CONTINUOUS
10
-4.6590024015748028
20
5.6274285826771653
11
-4.6581938188976375
21
5.6270242519685034
0
LINE
8
BLACK
6
CONTINUOUS
10
-4.6507790944881888
20
5.6431679921259841
11
-4.6507534251968501
21
5.6431765748031495
0
LINE
8
BLACK
6
CONTINUOUS
10
-4.6507534251968501
20
5.6431765748031495
11
-4.6506986614173229
21
5.6431520078740158
0
LINE
8
BLACK
6
CONTINUOUS
10
-4.6506986614173229
20
5.6431520078740158
11
-4.6503851181102362
21
5.6430896456692912
0
LINE
8
BLACK
6
CONTINUOUS
10
-4.6503851181102362
20
5.6430896456692912
11
-4.6502434645669286
21
5.6429479527559057
0
LINE
8
BLACK
6
CONTINUOUS
10
-4.6502434645669286
20
5.6429479527559057
11
-4.6488866929133854
21
5.6423397637795274
0
LINE
8
BLACK
6
CONTINUOUS
10
-4.6488866929133854
20
5.6423397637795274
11
-4.6488853543307087
21
5.6423397637795274
0
LINE
8
BLACK
6
CONTINUOUS
10
-4.6488853543307087
20
5.6423397637795274
11
-4.6488840157480311
21
5.6423385433070861
0
LINE
8
BLACK
6
CONTINUOUS
10
-4.6488840157480311
20
5.6423385433070861
11
-4.6488091338582676
21
5.6423049999999995
0
LINE
8
BLACK
6
CONTINUOUS
10
-4.6488091338582676
20
5.6423049999999995
11
-4.6484450787401572
21
5.6420224409448814
0
LINE
8
BLACK
6
CONTINUOUS
10
-4.6484450787401572
20
5.6420224409448814
11
-4.6484102755905514
21
5.6419179527559056
0
LINE
8
BLACK
6
CONTINUOUS
10
-4.6484102755905514
20
5.6419179527559056
11
-4.6478184251968502
21
5.6413925590551184
0
LINE
8
BLACK
6
CONTINUOUS
10
-4.6478184251968502
20
5.6413925590551184
11
-4.6478135433070866
21
5.6413909448818895
0
LINE
8
BLACK
6
CONTINUOUS
10
-4.6478135433070866
20
5.6413909448818895
11
-4.6478106299212598
21
5.6413855905511809
0
LINE
8
BLACK
6
CONTINUOUS
10
-4.6478106299212598
20
5.6413855905511809
11
-4.6477522440944883
21
5.6413338188976381
0
LINE
8
BLACK
6
CONTINUOUS
10
-4.6477522440944883
20
5.6413338188976381
11
-4.6474961811023618
21
5.6409506299212593
0
LINE
8
BLACK
6
CONTINUOUS
10
-4.6474961811023618
20
5.6409506299212593
11
-4.6474961811023618
21
5.6408179921259842
0
LINE
8
BLACK
6
CONTINUOUS
10
-4.6474961811023618
20
5.6408179921259842
11
-4.6467811023622048
21
5.6395270472440941
0
LINE
8
BLACK
6
CONTINUOUS
10
-4.6467811023622048
20
5.6395270472440941
11
-4.6467655118110232
21
5.6394700000000002
0
LINE
8
BLACK
6
CONTINUOUS
10
-4.6467655118110232
20
5.6394700000000002
11
-4.6467463385826768
21
5.6394508661417317
0
LINE
8
BLACK
6
CONTINUOUS
10
-4.6467463385826768
20
5.6394508661417317
11
-4.6467448818897639
21
5.6393947244094491
0
LINE
8
BLACK
6
CONTINUOUS
10
-4.6467448818897639
20
5.6393947244094491
11
-4.6466594094488185
21
5.6390825590551179
0
LINE
8
BLACK
6
CONTINUOUS
10
-4.6466594094488185
20
5.6390825590551179
11
-4.6467311417322836
21
5.6388673622047243
0
LINE
8
BLACK
6
CONTINUOUS
10
-4.6467311417322836
20
5.6388673622047243
11
-4.6466564173228342
21
5.6359992125984251
0
LINE
8
BLACK
6
CONTINUOUS
10
-4.6466564173228342
20
5.6359992125984251
11
-4.6466679921259839
21
5.6359411417322836
0
LINE
8
BLACK
6
CONTINUOUS
10
-4.6466679921259839
20
5.6359411417322836
11
-4.6466594094488185
21
5.6359155118110236
0
LINE
8
BLACK
6
CONTINUOUS
10
-4.6466594094488185
20
5.6359155118110236
11
-4.6466839763779531
21
5.6358607086614168
0
LINE
8
BLACK
6
CONTINUOUS
10
-4.6466839763779531
20
5.6358607086614168
11
-4.6467463385826768
21
5.6355472047244097
0
LINE
8
BLACK
6
CONTINUOUS
10
-4.6467463385826768
20
5.6355472047244097
11
-4.6468880314960632
21
5.6354055118110233
0
LINE
8
BLACK
6
CONTINUOUS
10
-4.6468880314960632
20
5.6354055118110233
11
-4.6474962204724406
21
5.6340487401574801
0
LINE
8
BLACK
6
CONTINUOUS
10
-4.6474962204724406
20
5.6340487401574801
11
-4.6474962204724406
21
5.6340474015748034
0
LINE
8
BLACK
6
CONTINUOUS
10
-4.6474962204724406
20
5.6340474015748034
11
-4.6474974803149607
21
5.6340459842519683
0
LINE
8
BLACK
6
CONTINUOUS
10
-4.6474974803149607
20
5.6340459842519683
11
-4.6475309842519685
21
5.633971220472441
0
LINE
8
BLACK
6
CONTINUOUS
10
-4.6475309842519685
20
5.633971220472441
11
-4.6478135433070866
21
5.633607125984252
0
LINE
8
BLACK
6
CONTINUOUS
10
-4.6478135433070866
20
5.633607125984252
11
-4.6479180314960633
21
5.6335722834645665
0
LINE
8
BLACK
6
CONTINUOUS
10
-4.6479180314960633
20
5.6335722834645665
11
-4.6484434645669293
21
5.6329804330708662
0
LINE
8
BLACK
6
CONTINUOUS
10
-4.6484434645669293
20
5.6329804330708662
11
-4.6484450393700785
21
5.6329757086614176
0
LINE
8
BLACK
6
CONTINUOUS
10
-4.6484450393700785
20
5.6329757086614176
11
-4.648450236220472
21
5.6329728346456696
0
LINE
8
BLACK
6
CONTINUOUS
10
-4.648450236220472
20
5.6329728346456696
11
-4.6485021653543308
21
5.6329143307086609
0
LINE
8
BLACK
6
CONTINUOUS
10
-4.6485021653543308
20
5.6329143307086609
11
-4.6488853937007875
21
5.6326583070866141
0
LINE
8
BLACK
6
CONTINUOUS
10
-4.6488853937007875
20
5.6326583070866141
11
-4.6490179921259838
21
5.6326583070866141
0
LINE
8
BLACK
6
CONTINUOUS
10
-4.6490179921259838
20
5.6326583070866141
11
-4.6503088976377951
21
5.6319431889763782
0
LINE
8
BLACK
6
CONTINUOUS
10
-4.6503088976377951
20
5.6319431889763782
11
-4.6503659842519687
21
5.6319275590551179
0
LINE
8
BLACK
6
CONTINUOUS
10
-4.6503659842519687
20
5.6319275590551179
11
-4.6503851181102362
21
5.6319084251968503
0
LINE
8
BLACK
6
CONTINUOUS
10
-4.6503851181102362
20
5.6319084251968503
11
-4.6504372047244091
21
5.6319080314960628
0
LINE
8
BLACK
6
CONTINUOUS
10
-4.6504372047244091
20
5.6319080314960628
11
-4.6507534251968501
21
5.631821496062992
0
LINE
8
BLACK
6
CONTINUOUS
10
-4.6507534251968501
20
5.631821496062992
11
-4.6510016535433074
21
5.6319042125984247
0
LINE
8
BLACK
6
CONTINUOUS
10
-4.6510016535433074
20
5.6319042125984247
11
-4.663585551181102
21
5.6318185039370077
0
LINE
8
BLACK
6
CONTINUOUS
10
-4.663585551181102
20
5.6318185039370077
11
-4.6640375590551182
21
5.6319084251968503
0
LINE
8
BLACK
6
CONTINUOUS
10
-4.6640375590551182
20
5.6319084251968503
11
-4.6646767322834641
21
5.6325475984251971
0
LINE
8
BLACK
6
CONTINUOUS
10
-4.6646767322834641
20
5.6325475984251971
11
-4.6646767322834641
21
5.6334516141732278
0
LINE
8
BLACK
6
CONTINUOUS
10
-4.6646767322834641
20
5.6334516141732278
11
-4.6640375590551182
21
5.6340907874015747
0
LINE
8
BLACK
6
CONTINUOUS
10
-4.6640375590551182
20
5.6340907874015747
11
-4.6509961417322829
21
5.6341796062992122
0
LINE
8
BLACK
6
CONTINUOUS
10
-4.6509961417322829
20
5.6341796062992122
11
-4.6499174803149605
21
5.6347771653543308
0
LINE
8
BLACK
6
CONTINUOUS
10
-4.6499174803149605
20
5.6347771653543308
11
-4.6494348425196845
21
5.6353207480314955
0
LINE
8
BLACK
6
CONTINUOUS
10
-4.6494348425196845
20
5.6353207480314955
11
-4.6489509448818893
21
5.6364002362204726
0
LINE
8
BLACK
6
CONTINUOUS
10
-4.6489509448818893
20
5.6364002362204726
11
-4.6490143307086615
21
5.6388340551181102
0
LINE
8
BLACK
6
CONTINUOUS
10
-4.6490143307086615
20
5.6388340551181102
11
-4.6496150787401573
21
5.6399185039370074
0
LINE
8
BLACK
6
CONTINUOUS
10
-4.6496150787401573
20
5.6399185039370074
11
-4.6501586220472442
21
5.6404011023622047
0
LINE
8
BLACK
6
CONTINUOUS
10
-4.6501586220472442
20
5.6404011023622047
11
-4.6512742913385825
21
5.6409012204724407
0
LINE
8
BLACK
6
CONTINUOUS
10
-4.6512742913385825
20
5.6409012204724407
11
-4.663585551181102
21
5.6408173622047242
0
LINE
8
BLACK
6
CONTINUOUS
10
-4.663585551181102
20
5.6408173622047242
11
-4.6640375590551182
21
5.6409072834645668
0
LINE
8
BLACK
6
CONTINUOUS
10
-4.6640375590551182
20
5.6409072834645668
11
-4.6646767322834641
21
5.6415464566929137
0
LINE
8
BLACK
6
CONTINUOUS
10
-4.6646767322834641
20
5.6415464566929137
11
-4.6646767322834641
21
5.6424504724409443
0
LINE
8
BLACK
6
CONTINUOUS
10
-4.6646767322834641
20
5.6424504724409443
11
-4.6640375590551182
21
5.6430896456692912
0
LINE
8
BLACK
6
CONTINUOUS
10
-4.6640375590551182
20
5.6430896456692912
11
-4.6508371259842516
21
5.6431795669291338
0
LINE
8
BLACK
6
CONTINUOUS
10
-4.6508371259842516
20
5.6431795669291338
11
-4.6507790944881888
21
5.6431679921259841
0
LINE
8
BLACK
6
CONTINUOUS
10
-4.5971600787401572
20
5.6633147244094486
11
-4.5960947244094488
21
5.6622493700787402
0
LINE
8
BLACK
6
CONTINUOUS
10
-4.5960947244094488
20
5.6622493700787402
11
-4.5959448818897632
21
5.6142519685039369
0
LINE
8
BLACK
6
CONTINUOUS
10
-4.5959448818897632
20
5.6142519685039369
11
-4.5960947244094488
21
5.6134986614173226
0
LINE
8
BLACK
6
CONTINUOUS
10
-4.5960947244094488
20
5.6134986614173226
11
-4.5960947244094488
21
5.6134986220472438
0
LINE
8
BLACK
6
CONTINUOUS
10
-4.5960947244094488
20
5.6134986220472438
11
-4.6122694881889759
21
5.5971120078740153
0
LINE
8
BLACK
6
CONTINUOUS
10
-4.6122694881889759
20
5.5971120078740153
11
-4.6129081102362202
21
5.5966852755905512
0
LINE
8
BLACK
6
CONTINUOUS
10
-4.6129081102362202
20
5.5966852755905512
11
-4.712086614173228
21
5.5965354330708657
0
LINE
8
BLACK
6
CONTINUOUS
10
-4.712086614173228
20
5.5965354330708657
11
-4.7128399212598424
21
5.5966852755905512
0
LINE
8
BLACK
6
CONTINUOUS
10
-4.7128399212598424
20
5.5966852755905512
11
-4.7139052755905508
21
5.5977506299212596
0
LINE
8
BLACK
6
CONTINUOUS
10
-4.7139052755905508
20
5.5977506299212596
11
-4.7140551181102364
21
5.6614960629921258
0
LINE
8
BLACK
6
CONTINUOUS
10
-4.7140551181102364
20
5.6614960629921258
11
-4.7139052755905508
21
5.6622493700787402
0
LINE
8
BLACK
6
CONTINUOUS
10
-4.7139052755905508
20
5.6622493700787402
11
-4.7128399212598424
21
5.6633147244094486
0
LINE
8
BLACK
6
CONTINUOUS
10
-4.7128399212598424
20
5.6633147244094486
11
-4.5979133858267716
21
5.6634645669291341
0
LINE
8
BLACK
6
CONTINUOUS
10
-4.5979133858267716
20
5.6634645669291341
11
-4.5971600787401572
21
5.6633147244094486
0
LINE
8
BLACK
6
CONTINUOUS
10
-4.7102615748031491
20
5.6595299212598427
11
-4.7101224015748029
21
5.6003266929133861
0
LINE
8
BLACK
6
CONTINUOUS
10
-4.7101224015748029
20
5.6003266929133861
11
-4.6142815354330704
21
5.6004714960629922
0
LINE
8
BLACK
6
CONTINUOUS
10
-4.6142815354330704
20
5.6004714960629922
11
-4.5997374015748029
21
5.6152061811023621
0
LINE
8
BLACK
6
CONTINUOUS
10
-4.5997374015748029
20
5.6152061811023621
11
-4.5998762204724413
21
5.6596738582677162
0
LINE
8
BLACK
6
CONTINUOUS
10
-4.5998762204724413
20
5.6596738582677162
11
-4.7102615748031491
21
5.6595299212598427
0
LINE
8
BLACK
6
CONTINUOUS
10
-4.3992794094488188
20
5.6822793700787404
11
-4.3992794094488188
21
5.6822793307086616
0
LINE
8
BLACK
6
CONTINUOUS
10
-4.3992794094488188
20
5.6822793307086616
11
-4.3991295669291341
21
5.6693400393700788
0
LINE
8
BLACK
6
CONTINUOUS
10
-4.3991295669291341
20
5.6693400393700788
11
-4.3992794094488188
21
5.6685867322834644
0
LINE
8
BLACK
6
CONTINUOUS
10
-4.3992794094488188
20
5.6685867322834644
11
-4.4003447637795272
21
5.667521377952756
0
LINE
8
BLACK
6
CONTINUOUS
10
-4.4003447637795272
20
5.667521377952756
11
-4.4018513779527559
21
5.667521377952756
0
LINE
8
BLACK
6
CONTINUOUS
10
-4.4018513779527559
20
5.667521377952756
11
-4.4029167322834644
21
5.6685867322834644
0
LINE
8
BLACK
6
CONTINUOUS
10
-4.4029167322834644
20
5.6685867322834644
11
-4.4030138582677161
21
5.6769705118110236
0
LINE
8
BLACK
6
CONTINUOUS
10
-4.4030138582677161
20
5.6769705118110236
11
-4.4109547244094491
21
5.6688855118110233
0
LINE
8
BLACK
6
CONTINUOUS
10
-4.4109547244094491
20
5.6688855118110233
11
-4.4110366929133855
21
5.6688307480314961
0
LINE
8
BLACK
6
CONTINUOUS
10
-4.4110366929133855
20
5.6688307480314961
11
-4.4110568897637794
21
5.6687903149606296
0
LINE
8
BLACK
6
CONTINUOUS
10
-4.4110568897637794
20
5.6687903149606296
11
-4.4111499212598426
21
5.6687550787401575
0
LINE
8
BLACK
6
CONTINUOUS
10
-4.4111499212598426
20
5.6687550787401575
11
-4.4115933464566925
21
5.6684587795275592
0
LINE
8
BLACK
6
CONTINUOUS
10
-4.4115933464566925
20
5.6684587795275592
11
-4.4119322834645667
21
5.6684587795275592
0
LINE
8
BLACK
6
CONTINUOUS
10
-4.4119322834645667
20
5.6684587795275592
11
-4.4144043700787403
21
5.667522519685039
0
LINE
8
BLACK
6
CONTINUOUS
10
-4.4144043700787403
20
5.667522519685039
11
-4.4144055118110233
21
5.667521377952756
0
LINE
8
BLACK
6
CONTINUOUS
10
-4.4144055118110233
20
5.667521377952756
11
-4.4144077559055122
21
5.667521220472441
0
LINE
8
BLACK
6
CONTINUOUS
10
-4.4144077559055122
20
5.667521220472441
11
-4.4145362992125987
21
5.6674725590551178
0
LINE
8
BLACK
6
CONTINUOUS
10
-4.4145362992125987
20
5.6674725590551178
11
-4.4152983464566926
21
5.6673764960629924
0
LINE
8
BLACK
6
CONTINUOUS
10
-4.4152983464566926
20
5.6673764960629924
11
-4.4154670866141732
21
5.6674608267716531
0
LINE
8
BLACK
6
CONTINUOUS
10
-4.4154670866141732
20
5.6674608267716531
11
-4.4170335826771652
21
5.6673715354330705
0
LINE
8
BLACK
6
CONTINUOUS
10
-4.4170335826771652
20
5.6673715354330705
11
-4.4171303149606302
21
5.6673907480314956
0
LINE
8
BLACK
6
CONTINUOUS
10
-4.4171303149606302
20
5.6673907480314956
11
-4.4171731496062989
21
5.6673764960629924
0
LINE
8
BLACK
6
CONTINUOUS
10
-4.4171731496062989
20
5.6673764960629924
11
-4.4172693700787402
21
5.6674184251968507
0
LINE
8
BLACK
6
CONTINUOUS
10
-4.4172693700787402
20
5.6674184251968507
11
-4.4177868897637795
21
5.667521377952756
0
LINE
8
BLACK
6
CONTINUOUS
10
-4.4177868897637795
20
5.667521377952756
11
-4.4180044094488187
21
5.6677388582677164
0
LINE
8
BLACK
6
CONTINUOUS
10
-4.4180044094488187
20
5.6677388582677164
11
-4.4196556692913385
21
5.6684587795275592
0
LINE
8
BLACK
6
CONTINUOUS
10
-4.4196556692913385
20
5.6684587795275592
11
-4.4196616535433071
21
5.6684587795275592
0
LINE
8
BLACK
6
CONTINUOUS
10
-4.4196616535433071
20
5.6684587795275592
11
-4.419667755905512
21
5.6684640157480315
0
LINE
8
BLACK
6
CONTINUOUS
10
-4.419667755905512
20
5.6684640157480315
11
-4.419788700787401
21
5.6685167716535432
0
LINE
8
BLACK
6
CONTINUOUS
10
-4.419788700787401
20
5.6685167716535432
11
-4.4203954724409451
21
5.6689876771653545
0
LINE
8
BLACK
6
CONTINUOUS
10
-4.4203954724409451
20
5.6689876771653545
11
-4.4204452755905512
21
5.6691370078740153
0
LINE
8
BLACK
6
CONTINUOUS
10
-4.4204452755905512
20
5.6691370078740153
11
-4.4211227952755907
21
5.6697234251968505
0
LINE
8
BLACK
6
CONTINUOUS
10
-4.4211227952755907
20
5.6697234251968505
11
-4.4211354724409446
21
5.669727677165354
0
LINE
8
BLACK
6
CONTINUOUS
10
-4.4211354724409446
20
5.669727677165354
11
-4.4211430314960625
21
5.6697409448818901
0
LINE
8
BLACK
6
CONTINUOUS
10
-4.4211430314960625
20
5.6697409448818901
11
-4.4212376377952758
21
5.6698228740157477
0
LINE
8
BLACK
6
CONTINUOUS
10
-4.4212376377952758
20
5.6698228740157477
11
-4.4216643700787399
21
5.670461496062992
0
LINE
8
BLACK
6
CONTINUOUS
10
-4.4216643700787399
20
5.670461496062992
11
-4.4216643700787399
21
5.6706596062992123
0
LINE
8
BLACK
6
CONTINUOUS
10
-4.4216643700787399
20
5.6706596062992123
11
-4.4225437795275591
21
5.6722092125984247
0
LINE
8
BLACK
6
CONTINUOUS
10
-4.4225437795275591
20
5.6722092125984247
11
-4.4225698425196853
21
5.6723042913385822
0
LINE
8
BLACK
6
CONTINUOUS
10
-4.4225698425196853
20
5.6723042913385822
11
-4.4226017716535431
21
5.6723362598425195
0
LINE
8
BLACK
6
CONTINUOUS
10
-4.4226017716535431
20
5.6723362598425195
11
-4.4226043700787399
21
5.6724304330708657
0
LINE
8
BLACK
6
CONTINUOUS
10
-4.4226043700787399
20
5.6724304330708657
11
-4.4227466535433066
21
5.6729500000000002
0
LINE
8
BLACK
6
CONTINUOUS
10
-4.4227466535433066
20
5.6729500000000002
11
-4.4226284645669294
21
5.6733046456692913
0
LINE
8
BLACK
6
CONTINUOUS
10
-4.4226284645669294
20
5.6733046456692913
11
-4.4227516141732286
21
5.6777764960629922
0
LINE
8
BLACK
6
CONTINUOUS
10
-4.4227516141732286
20
5.6777764960629922
11
-4.4227324015748026
21
5.6778731889763776
0
LINE
8
BLACK
6
CONTINUOUS
10
-4.4227324015748026
20
5.6778731889763776
11
-4.4227466535433066
21
5.6779160629921259
0
LINE
8
BLACK
6
CONTINUOUS
10
-4.4227466535433066
20
5.6779160629921259
11
-4.4227047244094484
21
5.6780122440944885
0
LINE
8
BLACK
6
CONTINUOUS
10
-4.4227047244094484
20
5.6780122440944885
11
-4.4226017716535431
21
5.6785298031496065
0
LINE
8
BLACK
6
CONTINUOUS
10
-4.4226017716535431
20
5.6785298031496065
11
-4.4223842913385827
21
5.6787472834645669
0
LINE
8
BLACK
6
CONTINUOUS
10
-4.4223842913385827
20
5.6787472834645669
11
-4.4216643700787399
21
5.6803985826771655
0
LINE
8
BLACK
6
CONTINUOUS
10
-4.4216643700787399
20
5.6803985826771655
11
-4.4216643700787399
21
5.6804045669291341
0
LINE
8
BLACK
6
CONTINUOUS
10
-4.4216643700787399
20
5.6804045669291341
11
-4.4216591338582676
21
5.6804106299212593
0
LINE
8
BLACK
6
CONTINUOUS
10
-4.4216591338582676
20
5.6804106299212593
11
-4.4216063779527559
21
5.680531614173228
0
LINE
8
BLACK
6
CONTINUOUS
10
-4.4216063779527559
20
5.680531614173228
11
-4.4211354724409446
21
5.6811383858267712
0
LINE
8
BLACK
6
CONTINUOUS
10
-4.4211354724409446
20
5.6811383858267712
11
-4.4209861417322838
21
5.6811881496062995
0
LINE
8
BLACK
6
CONTINUOUS
10
-4.4209861417322838
20
5.6811881496062995
11
-4.4203002755905514
21
5.6819805511811019
0
LINE
8
BLACK
6
CONTINUOUS
10
-4.4203002755905514
20
5.6819805511811019
11
-4.4196616535433071
21
5.6824072834645669
0
LINE
8
BLACK
6
CONTINUOUS
10
-4.4196616535433071
20
5.6824072834645669
11
-4.4181550393700784
21
5.6824072834645669
0
LINE
8
BLACK
6
CONTINUOUS
10
-4.4181550393700784
20
5.6824072834645669
11
-4.4170896850393699
21
5.6813419291338585
0
LINE
8
BLACK
6
CONTINUOUS
10
-4.4170896850393699
20
5.6813419291338585
11
-4.4170896850393699
21
5.6798353149606298
0
LINE
8
BLACK
6
CONTINUOUS
10
-4.4170896850393699
20
5.6798353149606298
11
-4.4184021653543306
21
5.6783189763779527
0
LINE
8
BLACK
6
CONTINUOUS
10
-4.4184021653543306
20
5.6783189763779527
11
-4.4189255905511811
21
5.677118307086614
0
LINE
8
BLACK
6
CONTINUOUS
10
-4.4189255905511811
20
5.677118307086614
11
-4.418823070866142
21
5.6733955511811018
0
LINE
8
BLACK
6
CONTINUOUS
10
-4.418823070866142
20
5.6733955511811018
11
-4.418159094488189
21
5.6722256299212601
0
LINE
8
BLACK
6
CONTINUOUS
10
-4.418159094488189
20
5.6722256299212601
11
-4.4175761023622044
21
5.6717209842519685
0
LINE
8
BLACK
6
CONTINUOUS
10
-4.4175761023622044
20
5.6717209842519685
11
-4.4164598425196848
21
5.6712343307086615
0
LINE
8
BLACK
6
CONTINUOUS
10
-4.4164598425196848
20
5.6712343307086615
11
-4.415180866141732
21
5.671307283464567
0
LINE
8
BLACK
6
CONTINUOUS
10
-4.415180866141732
20
5.671307283464567
11
-4.4131313779527561
21
5.6720834645669287
0
LINE
8
BLACK
6
CONTINUOUS
10
-4.4131313779527561
20
5.6720834645669287
11
-4.4024900000000002
21
5.6829179921259838
0
LINE
8
BLACK
6
CONTINUOUS
10
-4.4024900000000002
20
5.6829179921259838
11
-4.4018513779527559
21
5.6833446850393701
0
LINE
8
BLACK
6
CONTINUOUS
10
-4.4018513779527559
20
5.6833446850393701
11
-4.4003447244094485
21
5.6833446850393701
0
LINE
8
BLACK
6
CONTINUOUS
10
-4.4003447244094485
20
5.6833446850393701
11
-4.3992794094488188
21
5.6822793700787404
0
LINE
8
BLACK
6
CONTINUOUS
10
-4.4047509055118113
20
5.7022229527559052
11
-4.4047080314960629
21
5.702237244094488
0
LINE
8
BLACK
6
CONTINUOUS
10
-4.4047080314960629
20
5.702237244094488
11
-4.4046118503937004
21
5.7021952755905509
0
LINE
8
BLACK
6
CONTINUOUS
10
-4.4046118503937004
20
5.7021952755905509
11
-4.4040942913385823
21
5.7020923622047244
0
LINE
8
BLACK
6
CONTINUOUS
10
-4.4040942913385823
20
5.7020923622047244
11
-4.4038768110236219
21
5.7018748425196852
0
LINE
8
BLACK
6
CONTINUOUS
10
-4.4038768110236219
20
5.7018748425196852
11
-4.4022255118110234
21
5.7011549212598425
0
LINE
8
BLACK
6
CONTINUOUS
10
-4.4022255118110234
20
5.7011549212598425
11
-4.4022195669291335
21
5.7011549606299212
0
LINE
8
BLACK
6
CONTINUOUS
10
-4.4022195669291335
20
5.7011549606299212
11
-4.4022135433070861
21
5.7011497244094489
0
LINE
8
BLACK
6
CONTINUOUS
10
-4.4022135433070861
20
5.7011497244094489
11
-4.4020924803149608
21
5.7010969685039372
0
LINE
8
BLACK
6
CONTINUOUS
10
-4.4020924803149608
20
5.7010969685039372
11
-4.4014857086614176
21
5.7006260629921259
0
LINE
8
BLACK
6
CONTINUOUS
10
-4.4014857086614176
20
5.7006260629921259
11
-4.4014359448818894
21
5.7004767322834642
0
LINE
8
BLACK
6
CONTINUOUS
10
-4.4014359448818894
20
5.7004767322834642
11
-4.4007583070866136
21
5.6998902362204724
0
LINE
8
BLACK
6
CONTINUOUS
10
-4.4007583070866136
20
5.6998902362204724
11
-4.4007456299212597
21
5.6998860236220468
0
LINE
8
BLACK
6
CONTINUOUS
10
-4.4007456299212597
20
5.6998860236220468
11
-4.4007381496062994
21
5.6998727952755903
0
LINE
8
BLACK
6
CONTINUOUS
10
-4.4007381496062994
20
5.6998727952755903
11
-4.4006435039370082
21
5.6997909055118106
0
LINE
8
BLACK
6
CONTINUOUS
10
-4.4006435039370082
20
5.6997909055118106
11
-4.4002167716535432
21
5.6991522834645671
0
LINE
8
BLACK
6
CONTINUOUS
10
-4.4002167716535432
20
5.6991522834645671
11
-4.4002167716535432
21
5.6989540944881885
0
LINE
8
BLACK
6
CONTINUOUS
10
-4.4002167716535432
20
5.6989540944881885
11
-4.3993374015748028
21
5.6974045275590548
0
LINE
8
BLACK
6
CONTINUOUS
10
-4.3993374015748028
20
5.6974045275590548
11
-4.3993113779527562
21
5.6973094094488186
0
LINE
8
BLACK
6
CONTINUOUS
10
-4.3993113779527562
20
5.6973094094488186
11
-4.3992794094488188
21
5.6972774803149608
0
LINE
8
BLACK
6
CONTINUOUS
10
-4.3992794094488188
20
5.6972774803149608
11
-4.3992762204724407
21
5.697181023622047
0
LINE
8
BLACK
6
CONTINUOUS
10
-4.3992762204724407
20
5.697181023622047
11
-4.3991345275590552
21
5.6966637401574802
0
LINE
8
BLACK
6
CONTINUOUS
10
-4.3991345275590552
20
5.6966637401574802
11
-4.3992477165354327
21
5.6963242519685036
0
LINE
8
BLACK
6
CONTINUOUS
10
-4.3992477165354327
20
5.6963242519685036
11
-4.3991295669291341
21
5.6927746456692914
0
LINE
8
BLACK
6
CONTINUOUS
10
-4.3991295669291341
20
5.6927746456692914
11
-4.399148818897638
21
5.6926779133858263
0
LINE
8
BLACK
6
CONTINUOUS
10
-4.399148818897638
20
5.6926779133858263
11
-4.3991345275590552
21
5.6926350787401576
0
LINE
8
BLACK
6
CONTINUOUS
10
-4.3991345275590552
20
5.6926350787401576
11
-4.3991764960629922
21
5.6925388582677163
0
LINE
8
BLACK
6
CONTINUOUS
10
-4.3991764960629922
20
5.6925388582677163
11
-4.3992794094488188
21
5.692021338582677
0
LINE
8
BLACK
6
CONTINUOUS
10
-4.3992794094488188
20
5.692021338582677
11
-4.3994968897637792
21
5.6918038582677166
0
LINE
8
BLACK
6
CONTINUOUS
10
-4.3994968897637792
20
5.6918038582677166
11
-4.4002167716535432
21
5.6901524803149606
0
LINE
8
BLACK
6
CONTINUOUS
10
-4.4002167716535432
20
5.6901524803149606
11
-4.4002167716535432
21
5.6901465354330707
0
LINE
8
BLACK
6
CONTINUOUS
10
-4.4002167716535432
20
5.6901465354330707
11
-4.4002220472440943
21
5.6901404724409446
0
LINE
8
BLACK
6
CONTINUOUS
10
-4.4002220472440943
20
5.6901404724409446
11
-4.4002747244094484
21
5.6900195669291334
0
LINE
8
BLACK
6
CONTINUOUS
10
-4.4002747244094484
20
5.6900195669291334
11
-4.4007456299212597
21
5.6894127952755902
0
LINE
8
BLACK
6
CONTINUOUS
10
-4.4007456299212597
20
5.6894127952755902
11
-4.4008950000000002
21
5.6893629921259841
0
LINE
8
BLACK
6
CONTINUOUS
10
-4.4008950000000002
20
5.6893629921259841
11
-4.4014815354330707
21
5.6886853543307083
0
LINE
8
BLACK
6
CONTINUOUS
10
-4.4014815354330707
20
5.6886853543307083
11
-4.4014857480314964
21
5.6886726771653544
0
LINE
8
BLACK
6
CONTINUOUS
10
-4.4014857480314964
20
5.6886726771653544
11
-4.4014990551181103
21
5.6886651181102357
0
LINE
8
BLACK
6
CONTINUOUS
10
-4.4014990551181103
20
5.6886651181102357
11
-4.4015809055118114
21
5.688570551181102
0
LINE
8
BLACK
6
CONTINUOUS
10
-4.4015809055118114
20
5.688570551181102
11
-4.4022195275590548
21
5.6881438188976379
0
LINE
8
BLACK
6
CONTINUOUS
10
-4.4022195275590548
20
5.6881438188976379
11
-4.4024176771653538
21
5.6881438188976379
0
LINE
8
BLACK
6
CONTINUOUS
10
-4.4024176771653538
20
5.6881438188976379
11
-4.4039672834645671
21
5.6872644094488187
0
LINE
8
BLACK
6
CONTINUOUS
10
-4.4039672834645671
20
5.6872644094488187
11
-4.4040624015748033
21
5.6872383464566925
0
LINE
8
BLACK
6
CONTINUOUS
10
-4.4040624015748033
20
5.6872383464566925
11
-4.4040942913385823
21
5.6872064566929135
0
LINE
8
BLACK
6
CONTINUOUS
10
-4.4040942913385823
20
5.6872064566929135
11
-4.4041818110236219
21
5.6872056692913384
0
LINE
8
BLACK
6
CONTINUOUS
10
-4.4041818110236219
20
5.6872056692913384
11
-4.4047080708661417
21
5.6870615748031499
0
LINE
8
BLACK
6
CONTINUOUS
10
-4.4047080708661417
20
5.6870615748031499
11
-4.405115236220472
21
5.6871972834645668
0
LINE
8
BLACK
6
CONTINUOUS
10
-4.405115236220472
20
5.6871972834645668
11
-4.4207831102362203
21
5.6870566141732279
0
LINE
8
BLACK
6
CONTINUOUS
10
-4.4207831102362203
20
5.6870566141732279
11
-4.4215364173228346
21
5.6872064566929135
0
LINE
8
BLACK
6
CONTINUOUS
10
-4.4215364173228346
20
5.6872064566929135
11
-4.4226017716535431
21
5.6882718110236219
0
LINE
8
BLACK
6
CONTINUOUS
10
-4.4226017716535431
20
5.6882718110236219
11
-4.4226017716535431
21
5.6897784251968506
0
LINE
8
BLACK
6
CONTINUOUS
10
-4.4226017716535431
20
5.6897784251968506
11
-4.4215364173228346
21
5.690843779527559
0
LINE
8
BLACK
6
CONTINUOUS
10
-4.4215364173228346
20
5.690843779527559
11
-4.40514342519685
21
5.6909909448818894
0
LINE
8
BLACK
6
CONTINUOUS
10
-4.40514342519685
20
5.6909909448818894
11
-4.4039837007874016
21
5.69164905511811
0
LINE
8
BLACK
6
CONTINUOUS
10
-4.4039837007874016
20
5.69164905511811
11
-4.4034790157480312
21
5.6922321653543309
0
LINE
8
BLACK
6
CONTINUOUS
10
-4.4034790157480312
20
5.6922321653543309
11
-4.4029631496062995
21
5.6934155511811024
0
LINE
8
BLACK
6
CONTINUOUS
10
-4.4029631496062995
20
5.6934155511811024
11
-4.4030562992125981
21
5.6962148818897633
0
LINE
8
BLACK
6
CONTINUOUS
10
-4.4030562992125981
20
5.6962148818897633
11
-4.4037220866141729
21
5.6973880708661415
0
LINE
8
BLACK
6
CONTINUOUS
10
-4.4037220866141729
20
5.6973880708661415
11
-4.4043051968503937
21
5.6978927559055119
0
LINE
8
BLACK
6
CONTINUOUS
10
-4.4043051968503937
20
5.6978927559055119
11
-4.4055646850393702
21
5.6984418110236223
0
LINE
8
BLACK
6
CONTINUOUS
10
-4.4055646850393702
20
5.6984418110236223
11
-4.4207831102362203
21
5.6983051968503933
0
LINE
8
BLACK
6
CONTINUOUS
10
-4.4207831102362203
20
5.6983051968503933
11
-4.4215364173228346
21
5.6984550393700788
0
LINE
8
BLACK
6
CONTINUOUS
10
-4.4215364173228346
20
5.6984550393700788
11
-4.4226017716535431
21
5.6995203937007872
0
LINE
8
BLACK
6
CONTINUOUS
10
-4.4226017716535431
20
5.6995203937007872
11
-4.4226017716535431
21
5.701027007874016
0
LINE
8
BLACK
6
CONTINUOUS
10
-4.4226017716535431
20
5.701027007874016
11
-4.4215364173228346
21
5.7020923622047244
0
LINE
8
BLACK
6
CONTINUOUS
10
-4.4215364173228346
20
5.7020923622047244
11
-4.4048475984251967
21
5.702242204724409
0
LINE
8
BLACK
6
CONTINUOUS
10
-4.4048475984251967
20
5.702242204724409
11
-4.4047509055118113
21
5.7022229527559052
0
LINE
8
BLACK
6
CONTINUOUS
10
-4.3501915748031497
20
5.74614937007874
11
-4.3491262204724412
21
5.7450840157480316
0
LINE
8
BLACK
6
CONTINUOUS
10
-4.3491262204724412
20
5.7450840157480316
11
-4.3489763779527557
21
5.6655905511811024
0
LINE
8
BLACK
6
CONTINUOUS
10
-4.3489763779527557
20
5.6655905511811024
11
-4.3491262204724412
21
5.6648372440944881
0
LINE
8
BLACK
6
CONTINUOUS
10
-4.3491262204724412
20
5.6648372440944881
11
-4.3889230314960628
21
5.6248285433070864
0
LINE
8
BLACK
6
CONTINUOUS
10
-4.3889230314960628
20
5.6248285433070864
11
-4.3895616535433071
21
5.6244018110236222
0
LINE
8
BLACK
6
CONTINUOUS
10
-4.3895616535433071
20
5.6244018110236222
11
-4.4690551181102363
21
5.6242519685039367
0
LINE
8
BLACK
6
CONTINUOUS
10
-4.4690551181102363
20
5.6242519685039367
11
-4.4698084251968506
21
5.6244018110236222
0
LINE
8
BLACK
6
CONTINUOUS
10
-4.4698084251968506
20
5.6244018110236222
11
-4.470873779527559
21
5.6254671653543307
0
LINE
8
BLACK
6
CONTINUOUS
10
-4.470873779527559
20
5.6254671653543307
11
-4.4710236220472437
21
5.7443307086614173
0
LINE
8
BLACK
6
CONTINUOUS
10
-4.4710236220472437
20
5.7443307086614173
11
-4.470873779527559
21
5.7450840157480316
0
LINE
8
BLACK
6
CONTINUOUS
10
-4.470873779527559
20
5.7450840157480316
11
-4.4698084251968506
21
5.74614937007874
0
LINE
8
BLACK
6
CONTINUOUS
10
-4.4698084251968506
20
5.74614937007874
11
-4.350944881889764
21
5.7462992125984247
0
LINE
8
BLACK
6
CONTINUOUS
10
-4.350944881889764
20
5.7462992125984247
11
-4.3501915748031497
21
5.74614937007874
0
LINE
8
BLACK
6
CONTINUOUS
10
-4.4672330314960629
20
5.7423644881889766
11
-4.4670889370078743
21
5.6280442519685039
0
LINE
8
BLACK
6
CONTINUOUS
10
-4.4670889370078743
20
5.6280442519685039
11
-4.3909260236220469
21
5.6281877952755908
0
LINE
8
BLACK
6
CONTINUOUS
10
-4.3909260236220469
20
5.6281877952755908
11
-4.3527668110236215
21
5.6665502362204725
0
LINE
8
BLACK
6
CONTINUOUS
10
-4.3527668110236215
20
5.6665502362204725
11
-4.3529099606299209
21
5.7425085826771651
0
LINE
8
BLACK
6
CONTINUOUS
10
-4.3529099606299209
20
5.7425085826771651
11
-4.4672330314960629
21
5.7423644881889766
0
LINE
8
BLACK
6
CONTINUOUS
10
-4.2928292519685041
20
5.7577165748031494
11
-4.2926348425196847
21
5.7577165748031494
0
LINE
8
BLACK
6
CONTINUOUS
10
-4.2926348425196847
20
5.7577165748031494
11
-4.2924404330708663
21
5.7575221653543309
0
LINE
8
BLACK
6
CONTINUOUS
10
-4.2924404330708663
20
5.7575221653543309
11
-4.2921946062992129
21
5.7573992519685042
0
LINE
8
BLACK
6
CONTINUOUS
10
-4.2921946062992129
20
5.7573992519685042
11
-4.2921331496062995
21
5.7572148818897633
0
LINE
8
BLACK
6
CONTINUOUS
10
-4.2921331496062995
20
5.7572148818897633
11
-4.2919956692913388
21
5.7570774015748034
0
LINE
8
BLACK
6
CONTINUOUS
10
-4.2919956692913388
20
5.7570774015748034
11
-4.2919931889763783
21
5.7567949606299207
0
LINE
8
BLACK
6
CONTINUOUS
10
-4.2919931889763783
20
5.7567949606299207
11
-4.2919087401574805
21
5.7565416535433069
0
LINE
8
BLACK
6
CONTINUOUS
10
-4.2919087401574805
20
5.7565416535433069
11
-4.2919895275590552
21
5.7563800787401576
0
LINE
8
BLACK
6
CONTINUOUS
10
-4.2919895275590552
20
5.7563800787401576
11
-4.2919357086614172
21
5.7502737795275589
0
LINE
8
BLACK
6
CONTINUOUS
10
-4.2919357086614172
20
5.7502737795275589
11
-4.2878375196850396
21
5.7503074409448818
0
LINE
8
BLACK
6
CONTINUOUS
10
-4.2878375196850396
20
5.7503074409448818
11
-4.2873855118110233
21
5.7502175196850391
0
LINE
8
BLACK
6
CONTINUOUS
10
-4.2873855118110233
20
5.7502175196850391
11
-4.2867463385826774
21
5.7495783464566932
0
LINE
8
BLACK
6
CONTINUOUS
10
-4.2867463385826774
20
5.7495783464566932
11
-4.2867463385826774
21
5.7486743307086616
0
LINE
8
BLACK
6
CONTINUOUS
10
-4.2867463385826774
20
5.7486743307086616
11
-4.2873855118110233
21
5.7480351574803148
0
LINE
8
BLACK
6
CONTINUOUS
10
-4.2873855118110233
20
5.7480351574803148
11
-4.2919156692913383
21
5.7479979527559051
0
LINE
8
BLACK
6
CONTINUOUS
10
-4.2919156692913383
20
5.7479979527559051
11
-4.2919057480314962
21
5.7468766141732281
0
LINE
8
BLACK
6
CONTINUOUS
10
-4.2919057480314962
20
5.7468766141732281
11
-4.2919956692913388
21
5.7464246062992128
0
LINE
8
BLACK
6
CONTINUOUS
10
-4.2919956692913388
20
5.7464246062992128
11
-4.2926348425196847
21
5.745785433070866
0
LINE
8
BLACK
6
CONTINUOUS
10
-4.2926348425196847
20
5.745785433070866
11
-4.2935388582677163
21
5.745785433070866
0
LINE
8
BLACK
6
CONTINUOUS
10
-4.2935388582677163
20
5.745785433070866
11
-4.2941780314960631
21
5.7464246062992128
0
LINE
8
BLACK
6
CONTINUOUS
10
-4.2941780314960631
20
5.7464246062992128
11
-4.2941917716535434
21
5.7479792519685038
0
LINE
8
BLACK
6
CONTINUOUS
10
-4.2941917716535434
20
5.7479792519685038
11
-4.2983362204724411
21
5.7479452362204722
0
LINE
8
BLACK
6
CONTINUOUS
10
-4.2983362204724411
20
5.7479452362204722
11
-4.2987882283464565
21
5.7480351574803148
0
LINE
8
BLACK
6
CONTINUOUS
10
-4.2987882283464565
20
5.7480351574803148
11
-4.2994274015748033
21
5.7486743307086616
0
LINE
8
BLACK
6
CONTINUOUS
10
-4.2994274015748033
20
5.7486743307086616
11
-4.2994274015748033
21
5.7495783464566932
0
LINE
8
BLACK
6
CONTINUOUS
10
-4.2994274015748033
20
5.7495783464566932
11
-4.2987882283464565
21
5.7502175196850391
0
LINE
8
BLACK
6
CONTINUOUS
10
-4.2987882283464565
20
5.7502175196850391
11
-4.2942118110236223
21
5.7502550787401576
0
LINE
8
BLACK
6
CONTINUOUS
10
-4.2942118110236223
20
5.7502550787401576
11
-4.2942542519685034
21
5.7550702362204724
0
LINE
8
BLACK
6
CONTINUOUS
10
-4.2942542519685034
20
5.7550702362204724
11
-4.303961929133858
21
5.7517553937007877
0
LINE
8
BLACK
6
CONTINUOUS
10
-4.303961929133858
20
5.7517553937007877
11
-4.3044191732283466
21
5.7516977559055116
0
LINE
8
BLACK
6
CONTINUOUS
10
-4.3044191732283466
20
5.7516977559055116
11
-4.3052276771653544
21
5.7521020078740159
0
LINE
8
BLACK
6
CONTINUOUS
10
-4.3052276771653544
20
5.7521020078740159
11
-4.3055135433070868
21
5.7529596062992123
0
LINE
8
BLACK
6
CONTINUOUS
10
-4.3055135433070868
20
5.7529596062992123
11
-4.3051092913385824
21
5.7537681102362201
0
LINE
8
BLACK
6
CONTINUOUS
10
-4.3051092913385824
20
5.7537681102362201
11
-4.2934603543307084
21
5.7577458661417324
0
LINE
8
BLACK
6
CONTINUOUS
10
-4.2934603543307084
20
5.7577458661417324
11
-4.2930031102362207
21
5.7578035039370077
0
LINE
8
BLACK
6
CONTINUOUS
10
-4.2930031102362207
20
5.7578035039370077
11
-4.2928292519685041
21
5.7577165748031494
0
LINE
8
BLACK
6
CONTINUOUS
10
-4.294134645669291
20
5.7734646062992123
11
-4.2940540157480314
21
5.7733839370078739
0
LINE
8
BLACK
6
CONTINUOUS
10
-4.2940540157480314
20
5.7733839370078739
11
-4.291300590551181
21
5.7727693307086616
0
LINE
8
BLACK
6
CONTINUOUS
10
-4.291300590551181
20
5.7727693307086616
11
-4.2908838976377952
21
5.7725724803149605
0
LINE
8
BLACK
6
CONTINUOUS
10
-4.2908838976377952
20
5.7725724803149605
11
-4.29084405511811
21
5.7725060629921261
0
LINE
8
BLACK
6
CONTINUOUS
10
-4.29084405511811
20
5.7725060629921261
11
-4.2896367322834648
21
5.771964803149606
0
LINE
8
BLACK
6
CONTINUOUS
10
-4.2896367322834648
20
5.771964803149606
11
-4.2896352755905509
21
5.7719648425196848
0
LINE
8
BLACK
6
CONTINUOUS
10
-4.2896352755905509
20
5.7719648425196848
11
-4.289633976377953
21
5.7719635826771656
0
LINE
8
BLACK
6
CONTINUOUS
10
-4.289633976377953
20
5.7719635826771656
11
-4.2895590551181098
21
5.771930039370079
0
LINE
8
BLACK
6
CONTINUOUS
10
-4.2895590551181098
20
5.771930039370079
11
-4.2891950000000003
21
5.7716474803149609
0
LINE
8
BLACK
6
CONTINUOUS
10
-4.2891950000000003
20
5.7716474803149609
11
-4.2891499606299215
21
5.7715122834645669
0
LINE
8
BLACK
6
CONTINUOUS
10
-4.2891499606299215
20
5.7715122834645669
11
-4.287752244094488
21
5.7702090157480317
0
LINE
8
BLACK
6
CONTINUOUS
10
-4.287752244094488
20
5.7702090157480317
11
-4.2877193700787402
21
5.7701597637795272
0
LINE
8
BLACK
6
CONTINUOUS
10
-4.2877193700787402
20
5.7701597637795272
11
-4.2876951574803153
21
5.7701476771653546
0
LINE
8
BLACK
6
CONTINUOUS
10
-4.2876951574803153
20
5.7701476771653546
11
-4.2876752755905514
21
5.7700937795275591
0
LINE
8
BLACK
6
CONTINUOUS
10
-4.2876752755905514
20
5.7700937795275591
11
-4.2874962204724412
21
5.769825787401575
0
LINE
8
BLACK
6
CONTINUOUS
10
-4.2874962204724412
20
5.769825787401575
11
-4.2874962204724412
21
5.7696086614173225
0
LINE
8
BLACK
6
CONTINUOUS
10
-4.2874962204724412
20
5.7696086614173225
11
-4.2867170078740156
21
5.7674975590551183
0
LINE
8
BLACK
6
CONTINUOUS
10
-4.2867170078740156
20
5.7674975590551183
11
-4.2866594094488191
21
5.7670403149606297
0
LINE
8
BLACK
6
CONTINUOUS
10
-4.2866594094488191
20
5.7670403149606297
11
-4.2867164173228343
21
5.7669262992125985
0
LINE
8
BLACK
6
CONTINUOUS
10
-4.2867164173228343
20
5.7669262992125985
11
-4.286660393700787
21
5.7657099212598428
0
LINE
8
BLACK
6
CONTINUOUS
10
-4.286660393700787
20
5.7657099212598428
11
-4.2866594094488191
21
5.7657080314960627
0
LINE
8
BLACK
6
CONTINUOUS
10
-4.2866594094488191
20
5.7657080314960627
11
-4.2866601968503932
21
5.7657055118110234
0
LINE
8
BLACK
6
CONTINUOUS
10
-4.2866601968503932
20
5.7657055118110234
11
-4.2866564173228348
21
5.7656242519685037
0
LINE
8
BLACK
6
CONTINUOUS
10
-4.2866564173228348
20
5.7656242519685037
11
-4.2867463385826774
21
5.7651722440944884
0
LINE
8
BLACK
6
CONTINUOUS
10
-4.2867463385826774
20
5.7651722440944884
11
-4.2868502362204728
21
5.765068346456693
0
LINE
8
BLACK
6
CONTINUOUS
10
-4.2868502362204728
20
5.765068346456693
11
-4.2874668897637793
21
5.7630010629921262
0
LINE
8
BLACK
6
CONTINUOUS
10
-4.2874668897637793
20
5.7630010629921262
11
-4.2874961811023624
21
5.76294968503937
0
LINE
8
BLACK
6
CONTINUOUS
10
-4.2874961811023624
20
5.76294968503937
11
-4.2874961811023624
21
5.7629225984251971
0
LINE
8
BLACK
6
CONTINUOUS
10
-4.2874961811023624
20
5.7629225984251971
11
-4.2875393700787399
21
5.7628739370078739
0
LINE
8
BLACK
6
CONTINUOUS
10
-4.2875393700787399
20
5.7628739370078739
11
-4.2876951574803153
21
5.7626007086614175
0
LINE
8
BLACK
6
CONTINUOUS
10
-4.2876951574803153
20
5.7626007086614175
11
-4.2878512598425198
21
5.7625226377952758
0
LINE
8
BLACK
6
CONTINUOUS
10
-4.2878512598425198
20
5.7625226377952758
11
-4.2885021653543305
21
5.7617894881889766
0
LINE
8
BLACK
6
CONTINUOUS
10
-4.2885021653543305
20
5.7617894881889766
11
-4.2888853543307084
21
5.7615334645669289
0
LINE
8
BLACK
6
CONTINUOUS
10
-4.2888853543307084
20
5.7615334645669289
11
-4.2897892913385824
21
5.7615334645669289
0
LINE
8
BLACK
6
CONTINUOUS
10
-4.2897892913385824
20
5.7615334645669289
11
-4.290428503937008
21
5.7621726771653545
0
LINE
8
BLACK
6
CONTINUOUS
10
-4.290428503937008
20
5.7621726771653545
11
-4.290428503937008
21
5.7630766141732286
0
LINE
8
BLACK
6
CONTINUOUS
10
-4.290428503937008
20
5.7630766141732286
11
-4.2895262598425195
21
5.7640929133858263
0
LINE
8
BLACK
6
CONTINUOUS
10
-4.2895262598425195
20
5.7640929133858263
11
-4.2889655905511814
21
5.7659724803149608
0
LINE
8
BLACK
6
CONTINUOUS
10
-4.2889655905511814
20
5.7659724803149608
11
-4.2890186220472444
21
5.7671240944881887
0
LINE
8
BLACK
6
CONTINUOUS
10
-4.2890186220472444
20
5.7671240944881887
11
-4.2890175196850393
21
5.7671297637795274
0
LINE
8
BLACK
6
CONTINUOUS
10
-4.2890175196850393
20
5.7671297637795274
11
-4.2896548818897635
21
5.768856496062992
0
LINE
8
BLACK
6
CONTINUOUS
10
-4.2896548818897635
20
5.768856496062992
11
-4.2909098425196852
21
5.7700266929133859
0
LINE
8
BLACK
6
CONTINUOUS
10
-4.2909098425196852
20
5.7700266929133859
11
-4.2921152362204724
21
5.7705670866141734
0
LINE
8
BLACK
6
CONTINUOUS
10
-4.2921152362204724
20
5.7705670866141734
11
-4.2921964566929134
21
5.7706300787401572
0
LINE
8
BLACK
6
CONTINUOUS
10
-4.2921964566929134
20
5.7706300787401572
11
-4.2948731102362201
21
5.7712275984251971
0
LINE
8
BLACK
6
CONTINUOUS
10
-4.2948731102362201
20
5.7712275984251971
11
-4.2949325984251967
21
5.7712556692913388
0
LINE
8
BLACK
6
CONTINUOUS
10
-4.2949325984251967
20
5.7712556692913388
11
-4.2968363779527561
21
5.7711923228346453
0
LINE
8
BLACK
6
CONTINUOUS
10
-4.2968363779527561
20
5.7711923228346453
11
-4.2969146850393702
21
5.7712078740157482
0
LINE
8
BLACK
6
CONTINUOUS
10
-4.2969146850393702
20
5.7712078740157482
11
-4.2995495669291337
21
5.7704776771653545
0
LINE
8
BLACK
6
CONTINUOUS
10
-4.2995495669291337
20
5.7704776771653545
11
-4.2996216535433067
21
5.7704741338582677
0
LINE
8
BLACK
6
CONTINUOUS
10
-4.2996216535433067
20
5.7704741338582677
11
-4.3008076377952751
21
5.7698172047244096
0
LINE
8
BLACK
6
CONTINUOUS
10
-4.3008076377952751
20
5.7698172047244096
11
-4.3008085039370076
21
5.7698169685039371
0
LINE
8
BLACK
6
CONTINUOUS
10
-4.3008085039370076
20
5.7698169685039371
11
-4.3018992913385823
21
5.7686471653543308
0
LINE
8
BLACK
6
CONTINUOUS
10
-4.3018992913385823
20
5.7686471653543308
11
-4.3024575196850394
21
5.76677594488189
0
LINE
8
BLACK
6
CONTINUOUS
10
-4.3024575196850394
20
5.76677594488189
11
-4.3024044488188977
21
5.7656242519685037
0
LINE
8
BLACK
6
CONTINUOUS
10
-4.3024044488188977
20
5.7656242519685037
11
-4.3024055905511807
21
5.7656185826771651
0
LINE
8
BLACK
6
CONTINUOUS
10
-4.3024055905511807
20
5.7656185826771651
11
-4.3017833858267718
21
5.7639327952755908
0
LINE
8
BLACK
6
CONTINUOUS
10
-4.3017833858267718
20
5.7639327952755908
11
-4.3012505511811021
21
5.7634598031496065
0
LINE
8
BLACK
6
CONTINUOUS
10
-4.3012505511811021
20
5.7634598031496065
11
-4.3009945275590553
21
5.7630765748031498
0
LINE
8
BLACK
6
CONTINUOUS
10
-4.3009945275590553
20
5.7630765748031498
11
-4.3009945669291341
21
5.7621726771653545
0
LINE
8
BLACK
6
CONTINUOUS
10
-4.3009945669291341
20
5.7621726771653545
11
-4.3016338188976375
21
5.7615334251968502
0
LINE
8
BLACK
6
CONTINUOUS
10
-4.3016338188976375
20
5.7615334251968502
11
-4.3025377559055116
21
5.7615334645669289
0
LINE
8
BLACK
6
CONTINUOUS
10
-4.3025377559055116
20
5.7615334645669289
11
-4.3036708267716532
21
5.7625394094488191
0
LINE
8
BLACK
6
CONTINUOUS
10
-4.3036708267716532
20
5.7625394094488191
11
-4.3037037401574798
21
5.762588622047244
0
LINE
8
BLACK
6
CONTINUOUS
10
-4.3037037401574798
20
5.762588622047244
11
-4.3037278740157481
21
5.7626007086614175
0
LINE
8
BLACK
6
CONTINUOUS
10
-4.3037278740157481
20
5.7626007086614175
11
-4.303747755905512
21
5.7626545275590546
0
LINE
8
BLACK
6
CONTINUOUS
10
-4.303747755905512
20
5.7626545275590546
11
-4.3039268503937009
21
5.7629226377952758
0
LINE
8
BLACK
6
CONTINUOUS
10
-4.3039268503937009
20
5.7629226377952758
11
-4.3039268503937009
21
5.7631397244094487
0
LINE
8
BLACK
6
CONTINUOUS
10
-4.3039268503937009
20
5.7631397244094487
11
-4.3047060236220469
21
5.7652507480314963
0
LINE
8
BLACK
6
CONTINUOUS
10
-4.3047060236220469
20
5.7652507480314963
11
-4.304763661417323
21
5.7657079921259839
0
LINE
8
BLACK
6
CONTINUOUS
10
-4.304763661417323
20
5.7657079921259839
11
-4.3047066929133857
21
5.7658219685039365
0
LINE
8
BLACK
6
CONTINUOUS
10
-4.3047066929133857
20
5.7658219685039365
11
-4.304762716535433
21
5.7670384251968505
0
LINE
8
BLACK
6
CONTINUOUS
10
-4.304762716535433
20
5.7670384251968505
11
-4.304763661417323
21
5.7670403543307085
0
LINE
8
BLACK
6
CONTINUOUS
10
-4.304763661417323
20
5.7670403543307085
11
-4.3047629133858267
21
5.767042834645669
0
LINE
8
BLACK
6
CONTINUOUS
10
-4.3047629133858267
20
5.767042834645669
11
-4.3047666535433073
21
5.7671240944881887
0
LINE
8
BLACK
6
CONTINUOUS
10
-4.3047666535433073
20
5.7671240944881887
11
-4.3046767322834647
21
5.767576102362205
0
LINE
8
BLACK
6
CONTINUOUS
10
-4.3046767322834647
20
5.767576102362205
11
-4.3045728740157481
21
5.7676799606299207
0
LINE
8
BLACK
6
CONTINUOUS
10
-4.3045728740157481
20
5.7676799606299207
11
-4.3039561023622044
21
5.7697473228346459
0
LINE
8
BLACK
6
CONTINUOUS
10
-4.3039561023622044
20
5.7697473228346459
11
-4.3039268110236222
21
5.7697987007874012
0
LINE
8
BLACK
6
CONTINUOUS
10
-4.3039268110236222
20
5.7697987007874012
11
-4.3039268110236222
21
5.769825787401575
0
LINE
8
BLACK
6
CONTINUOUS
10
-4.3039268110236222
20
5.769825787401575
11
-4.3038870866141732
21
5.7698683858267712
0
LINE
8
BLACK
6
CONTINUOUS
10
-4.3038870866141732
20
5.7698683858267712
11
-4.3037278740157481
21
5.7701476771653546
0
LINE
8
BLACK
6
CONTINUOUS
10
-4.3037278740157481
20
5.7701476771653546
11
-4.3035382677165357
21
5.7702424803149608
0
LINE
8
BLACK
6
CONTINUOUS
10
-4.3035382677165357
20
5.7702424803149608
11
-4.302171023622047
21
5.7717087795275592
0
LINE
8
BLACK
6
CONTINUOUS
10
-4.302171023622047
20
5.7717087795275592
11
-4.3017877952755903
21
5.771964803149606
0
LINE
8
BLACK
6
CONTINUOUS
10
-4.3017877952755903
20
5.771964803149606
11
-4.3016552362204727
21
5.771964803149606
0
LINE
8
BLACK
6
CONTINUOUS
10
-4.3016552362204727
20
5.771964803149606
11
-4.3003642125984252
21
5.7726799212598428
0
LINE
8
BLACK
6
CONTINUOUS
10
-4.3003642125984252
20
5.7726799212598428
11
-4.2999197244094489
21
5.7728016141732281
0
LINE
8
BLACK
6
CONTINUOUS
10
-4.2999197244094489
20
5.7728016141732281
11
-4.2998255905511806
21
5.772770236220472
0
LINE
8
BLACK
6
CONTINUOUS
10
-4.2998255905511806
20
5.772770236220472
11
-4.2971228346456689
21
5.7735192519685041
0
LINE
8
BLACK
6
CONTINUOUS
10
-4.2971228346456689
20
5.7735192519685041
11
-4.2966625196850394
21
5.7735416535433073
0
LINE
8
BLACK
6
CONTINUOUS
10
-4.2966625196850394
20
5.7735416535433073
11
-4.2965737795275594
21
5.7734883858267718
0
LINE
8
BLACK
6
CONTINUOUS
10
-4.2965737795275594
20
5.7734883858267718
11
-4.2945866535433073
21
5.773554527559055
0
LINE
8
BLACK
6
CONTINUOUS
10
-4.2945866535433073
20
5.773554527559055
11
-4.294134645669291
21
5.7734646062992123
0
LINE
8
BLACK
6
CONTINUOUS
10
-4.2780065354330707
20
5.7933147244094485
11
-4.2769411811023623
21
5.7922493700787401
0
LINE
8
BLACK
6
CONTINUOUS
10
-4.2769411811023623
20
5.7922493700787401
11
-4.2767913385826768
21
5.7285039370078739
0
LINE
8
BLACK
6
CONTINUOUS
10
-4.2767913385826768
20
5.7285039370078739
11
-4.2769411811023623
21
5.7277506299212595
0
LINE
8
BLACK
6
CONTINUOUS
10
-4.2769411811023623
20
5.7277506299212595
11
-4.2780065354330707
21
5.7266852755905511
0
LINE
8
BLACK
6
CONTINUOUS
10
-4.2780065354330707
20
5.7266852755905511
11
-4.3112401574803147
21
5.7265354330708664
0
LINE
8
BLACK
6
CONTINUOUS
10
-4.3112401574803147
20
5.7265354330708664
11
-4.3119934645669291
21
5.7266852755905511
0
LINE
8
BLACK
6
CONTINUOUS
10
-4.3119934645669291
20
5.7266852755905511
11
-4.3130588188976375
21
5.7277506299212595
0
LINE
8
BLACK
6
CONTINUOUS
10
-4.3130588188976375
20
5.7277506299212595
11
-4.3132086614173231
21
5.7914960629921257
0
LINE
8
BLACK
6
CONTINUOUS
10
-4.3132086614173231
20
5.7914960629921257
11
-4.3130588188976375
21
5.7922493700787401
0
LINE
8
BLACK
6
CONTINUOUS
10
-4.3130588188976375
20
5.7922493700787401
11
-4.3119934645669291
21
5.7933147244094485
0
LINE
8
BLACK
6
CONTINUOUS
10
-4.3119934645669291
20
5.7933147244094485
11
-4.2787598425196851
21
5.793464566929134
0
LINE
8
BLACK
6
CONTINUOUS
10
-4.2787598425196851
20
5.793464566929134
11
-4.2780065354330707
21
5.7933147244094485
0
LINE
8
BLACK
6
CONTINUOUS
10
-4.3094151181102358
20
5.7895357874015749
11
-4.3092759842519683
21
5.7303348425196852
0
LINE
8
BLACK
6
CONTINUOUS
10
-4.3092759842519683
20
5.7303348425196852
11
-4.2805849212598428
21
5.7304641732283459
0
LINE
8
BLACK
6
CONTINUOUS
10
-4.2805849212598428
20
5.7304641732283459
11
-4.2807240551181103
21
5.7896651181102357
0
LINE
8
BLACK
6
CONTINUOUS
10
-4.2807240551181103
20
5.7896651181102357
11
-4.3094151181102358
21
5.7895357874015749
0
LINE
8
BLACK
6
CONTINUOUS
10
-4.5524943700787404
20
5.7618233858267711
11
-4.5524265748031496
21
5.7541288188976374
0
LINE
8
BLACK
6
CONTINUOUS
10
-4.5524265748031496
20
5.7541288188976374
11
-4.5483640551181104
21
5.7577607874015744
0
LINE
8
BLACK
6
CONTINUOUS
10
-4.5483640551181104
20
5.7577607874015744
11
-4.5480730314960631
21
5.7579283858267711
0
LINE
8
BLACK
6
CONTINUOUS
10
-4.5480730314960631
20
5.7579283858267711
11
-4.5480383070866139
21
5.7579631102362203
0
LINE
8
BLACK
6
CONTINUOUS
10
-4.5480383070866139
20
5.7579631102362203
11
-4.5480127559055115
21
5.7579631102362203
0
LINE
8
BLACK
6
CONTINUOUS
10
-4.5480127559055115
20
5.7579631102362203
11
-4.5479646850393696
21
5.7579907874015746
0
LINE
8
BLACK
6
CONTINUOUS
10
-4.5479646850393696
20
5.7579907874015746
11
-4.5475494488188977
21
5.7579631102362203
0
LINE
8
BLACK
6
CONTINUOUS
10
-4.5475494488188977
20
5.7579631102362203
11
-4.5471342913385824
21
5.7579631102362203
0
LINE
8
BLACK
6
CONTINUOUS
10
-4.5471342913385824
20
5.7579631102362203
11
-4.5471046456692914
21
5.7579334251968506
0
LINE
8
BLACK
6
CONTINUOUS
10
-4.5471046456692914
20
5.7579334251968506
11
-4.5470627559055119
21
5.7579306692913388
0
LINE
8
BLACK
6
CONTINUOUS
10
-4.5470627559055119
20
5.7579306692913388
11
-4.5467890944881892
21
5.7576178740157475
0
LINE
8
BLACK
6
CONTINUOUS
10
-4.5467890944881892
20
5.7576178740157475
11
-4.5464951181102364
21
5.7573239370078735
0
LINE
8
BLACK
6
CONTINUOUS
10
-4.5464951181102364
20
5.7573239370078735
11
-4.5464937007874013
21
5.757280275590551
0
LINE
8
BLACK
6
CONTINUOUS
10
-4.5464937007874013
20
5.757280275590551
11
-4.5464674409448822
21
5.75725031496063
0
LINE
8
BLACK
6
CONTINUOUS
10
-4.5464674409448822
20
5.75725031496063
11
-4.546484291338583
21
5.7569978740157479
0
LINE
8
BLACK
6
CONTINUOUS
10
-4.546484291338583
20
5.7569978740157479
11
-4.5464107874015749
21
5.7547892913385823
0
LINE
8
BLACK
6
CONTINUOUS
10
-4.5464107874015749
20
5.7547892913385823
11
-4.5458087401574803
21
5.7537025196850395
0
LINE
8
BLACK
6
CONTINUOUS
10
-4.5458087401574803
20
5.7537025196850395
11
-4.5452651181102359
21
5.7532198818897635
0
LINE
8
BLACK
6
CONTINUOUS
10
-4.5452651181102359
20
5.7532198818897635
11
-4.5441771653543306
21
5.7527322047244089
0
LINE
8
BLACK
6
CONTINUOUS
10
-4.5441771653543306
20
5.7527322047244089
11
-4.541000551181102
21
5.7528001968503935
0
LINE
8
BLACK
6
CONTINUOUS
10
-4.541000551181102
20
5.7528001968503935
11
-4.5399174409448815
21
5.7534001181102363
0
LINE
8
BLACK
6
CONTINUOUS
10
-4.5399174409448815
20
5.7534001181102363
11
-4.5394348818897639
21
5.7539436614173223
0
LINE
8
BLACK
6
CONTINUOUS
10
-4.5394348818897639
20
5.7539436614173223
11
-4.5389444881889762
21
5.7550376771653546
0
LINE
8
BLACK
6
CONTINUOUS
10
-4.5389444881889762
20
5.7550376771653546
11
-4.5390157086614176
21
5.7589592519685038
0
LINE
8
BLACK
6
CONTINUOUS
10
-4.5390157086614176
20
5.7589592519685038
11
-4.539615078740157
21
5.760041299212598
0
LINE
8
BLACK
6
CONTINUOUS
10
-4.539615078740157
20
5.760041299212598
11
-4.5401724803149603
21
5.7605362204724404
0
LINE
8
BLACK
6
CONTINUOUS
10
-4.5401724803149603
20
5.7605362204724404
11
-4.540428503937008
21
5.7609194094488192
0
LINE
8
BLACK
6
CONTINUOUS
10
-4.540428503937008
20
5.7609194094488192
11
-4.540428503937008
21
5.7618233464566924
0
LINE
8
BLACK
6
CONTINUOUS
10
-4.540428503937008
20
5.7618233464566924
11
-4.5397892913385824
21
5.7624625590551179
0
LINE
8
BLACK
6
CONTINUOUS
10
-4.5397892913385824
20
5.7624625590551179
11
-4.5388853543307084
21
5.7624625590551179
0
LINE
8
BLACK
6
CONTINUOUS
10
-4.5388853543307084
20
5.7624625590551179
11
-4.5378184251968499
21
5.7615153543307089
0
LINE
8
BLACK
6
CONTINUOUS
10
-4.5378184251968499
20
5.7615153543307089
11
-4.5378135433070863
21
5.7615137401574801
0
LINE
8
BLACK
6
CONTINUOUS
10
-4.5378135433070863
20
5.7615137401574801
11
-4.5378106299212595
21
5.7615083858267715
0
LINE
8
BLACK
6
CONTINUOUS
10
-4.5378106299212595
20
5.7615083858267715
11
-4.537752244094488
21
5.7614566141732286
0
LINE
8
BLACK
6
CONTINUOUS
10
-4.537752244094488
20
5.7614566141732286
11
-4.5374961811023624
21
5.7610734251968498
0
LINE
8
BLACK
6
CONTINUOUS
10
-4.5374961811023624
20
5.7610734251968498
11
-4.5374961811023624
21
5.7609407874015748
0
LINE
8
BLACK
6
CONTINUOUS
10
-4.5374961811023624
20
5.7609407874015748
11
-4.5367811023622044
21
5.7596498425196847
0
LINE
8
BLACK
6
CONTINUOUS
10
-4.5367811023622044
20
5.7596498425196847
11
-4.5367655118110237
21
5.7595927952755908
0
LINE
8
BLACK
6
CONTINUOUS
10
-4.5367655118110237
20
5.7595927952755908
11
-4.5367463385826774
21
5.7595736614173223
0
LINE
8
BLACK
6
CONTINUOUS
10
-4.5367463385826774
20
5.7595736614173223
11
-4.5367453543307086
21
5.7595192519685039
0
LINE
8
BLACK
6
CONTINUOUS
10
-4.5367453543307086
20
5.7595192519685039
11
-4.5366594094488191
21
5.7592053543307085
0
LINE
8
BLACK
6
CONTINUOUS
10
-4.5366594094488191
20
5.7592053543307085
11
-4.5367355118110231
21
5.7589770472440946
0
LINE
8
BLACK
6
CONTINUOUS
10
-4.5367355118110231
20
5.7589770472440946
11
-4.5366564173228348
21
5.7546222047244093
0
LINE
8
BLACK
6
CONTINUOUS
10
-4.5366564173228348
20
5.7546222047244093
11
-4.5366679921259845
21
5.7545641338582678
0
LINE
8
BLACK
6
CONTINUOUS
10
-4.5366679921259845
20
5.7545641338582678
11
-4.5366594094488191
21
5.7545385039370078
0
LINE
8
BLACK
6
CONTINUOUS
10
-4.5366594094488191
20
5.7545385039370078
11
-4.5366839763779527
21
5.754483700787401
0
LINE
8
BLACK
6
CONTINUOUS
10
-4.5366839763779527
20
5.754483700787401
11
-4.5367463385826774
21
5.754170196850394
0
LINE
8
BLACK
6
CONTINUOUS
10
-4.5367463385826774
20
5.754170196850394
11
-4.5368880314960629
21
5.7540285039370076
0
LINE
8
BLACK
6
CONTINUOUS
10
-4.5368880314960629
20
5.7540285039370076
11
-4.5374961811023624
21
5.7526718503937007
0
LINE
8
BLACK
6
CONTINUOUS
10
-4.5374961811023624
20
5.7526718503937007
11
-4.5374961811023624
21
5.7526704330708665
0
LINE
8
BLACK
6
CONTINUOUS
10
-4.5374961811023624
20
5.7526704330708665
11
-4.5374974803149604
21
5.7526689763779526
0
LINE
8
BLACK
6
CONTINUOUS
10
-4.5374974803149604
20
5.7526689763779526
11
-4.5375309842519682
21
5.7525942125984253
0
LINE
8
BLACK
6
CONTINUOUS
10
-4.5375309842519682
20
5.7525942125984253
11
-4.5378135433070863
21
5.7522301181102362
0
LINE
8
BLACK
6
CONTINUOUS
10
-4.5378135433070863
20
5.7522301181102362
11
-4.537918031496063
21
5.7521952755905508
0
LINE
8
BLACK
6
CONTINUOUS
10
-4.537918031496063
20
5.7521952755905508
11
-4.5384435039370077
21
5.7516034251968504
0
LINE
8
BLACK
6
CONTINUOUS
10
-4.5384435039370077
20
5.7516034251968504
11
-4.5384450787401578
21
5.7515986220472444
0
LINE
8
BLACK
6
CONTINUOUS
10
-4.5384450787401578
20
5.7515986220472444
11
-4.5384503543307089
21
5.7515957086614176
0
LINE
8
BLACK
6
CONTINUOUS
10
-4.5384503543307089
20
5.7515957086614176
11
-4.5385021653543305
21
5.7515373228346451
0
LINE
8
BLACK
6
CONTINUOUS
10
-4.5385021653543305
20
5.7515373228346451
11
-4.5388853543307084
21
5.7512812992125983
0
LINE
8
BLACK
6
CONTINUOUS
10
-4.5388853543307084
20
5.7512812992125983
11
-4.5390179527559056
21
5.7512812992125983
0
LINE
8
BLACK
6
CONTINUOUS
10
-4.5390179527559056
20
5.7512812992125983
11
-4.5403089370078735
21
5.7505661811023625
0
LINE
8
BLACK
6
CONTINUOUS
10
-4.5403089370078735
20
5.7505661811023625
11
-4.5403659842519684
21
5.7505505511811021
0
LINE
8
BLACK
6
CONTINUOUS
10
-4.5403659842519684
20
5.7505505511811021
11
-4.5403851181102359
21
5.7505314173228346
0
LINE
8
BLACK
6
CONTINUOUS
10
-4.5403851181102359
20
5.7505314173228346
11
-4.5404402362204728
21
5.750530236220472
0
LINE
8
BLACK
6
CONTINUOUS
10
-4.5404402362204728
20
5.750530236220472
11
-4.5407534251968507
21
5.7504444881889762
0
LINE
8
BLACK
6
CONTINUOUS
10
-4.5407534251968507
20
5.7504444881889762
11
-4.5409762992125984
21
5.7505187401574798
0
LINE
8
BLACK
6
CONTINUOUS
10
-4.5409762992125984
20
5.7505187401574798
11
-4.5445866535433073
21
5.7504414960629919
0
LINE
8
BLACK
6
CONTINUOUS
10
-4.5445866535433073
20
5.7504414960629919
11
-4.5446447244094488
21
5.7504530314960629
0
LINE
8
BLACK
6
CONTINUOUS
10
-4.5446447244094488
20
5.7504530314960629
11
-4.5446703543307088
21
5.7504444881889762
0
LINE
8
BLACK
6
CONTINUOUS
10
-4.5446703543307088
20
5.7504444881889762
11
-4.5447251574803147
21
5.7504690157480312
0
LINE
8
BLACK
6
CONTINUOUS
10
-4.5447251574803147
20
5.7504690157480312
11
-4.5450386614173226
21
5.7505314173228346
0
LINE
8
BLACK
6
CONTINUOUS
10
-4.5450386614173226
20
5.7505314173228346
11
-4.545180354330709
21
5.7506730708661413
0
LINE
8
BLACK
6
CONTINUOUS
10
-4.545180354330709
20
5.7506730708661413
11
-4.5465371653543309
21
5.7512812598425196
0
LINE
8
BLACK
6
CONTINUOUS
10
-4.5465371653543309
20
5.7512812598425196
11
-4.5465385039370076
21
5.7512812992125983
0
LINE
8
BLACK
6
CONTINUOUS
10
-4.5465385039370076
20
5.7512812992125983
11
-4.5465399212598427
21
5.7512825196850397
0
LINE
8
BLACK
6
CONTINUOUS
10
-4.5465399212598427
20
5.7512825196850397
11
-4.5466146850393701
21
5.7513160629921263
0
LINE
8
BLACK
6
CONTINUOUS
10
-4.5466146850393701
20
5.7513160629921263
11
-4.5469787401574804
21
5.7515986220472444
0
LINE
8
BLACK
6
CONTINUOUS
10
-4.5469787401574804
20
5.7515986220472444
11
-4.5470135826771649
21
5.7517030314960627
0
LINE
8
BLACK
6
CONTINUOUS
10
-4.5470135826771649
20
5.7517030314960627
11
-4.5476054724409449
21
5.7522285039370074
0
LINE
8
BLACK
6
CONTINUOUS
10
-4.5476054724409449
20
5.7522285039370074
11
-4.5476101968503935
21
5.7522301181102362
0
LINE
8
BLACK
6
CONTINUOUS
10
-4.5476101968503935
20
5.7522301181102362
11
-4.5476130708661415
21
5.752235275590551
0
LINE
8
BLACK
6
CONTINUOUS
10
-4.5476130708661415
20
5.752235275590551
11
-4.5476715748031493
21
5.7522872440944877
0
LINE
8
BLACK
6
CONTINUOUS
10
-4.5476715748031493
20
5.7522872440944877
11
-4.547927598425197
21
5.7526704724409443
0
LINE
8
BLACK
6
CONTINUOUS
10
-4.547927598425197
20
5.7526704724409443
11
-4.547927598425197
21
5.7528030314960628
0
LINE
8
BLACK
6
CONTINUOUS
10
-4.547927598425197
20
5.7528030314960628
11
-4.5486427165354328
21
5.7540939763779528
0
LINE
8
BLACK
6
CONTINUOUS
10
-4.5486427165354328
20
5.7540939763779528
11
-4.5486583464566932
21
5.7541510236220468
0
LINE
8
BLACK
6
CONTINUOUS
10
-4.5486583464566932
20
5.7541510236220468
11
-4.5486774803149608
21
5.754170196850394
0
LINE
8
BLACK
6
CONTINUOUS
10
-4.5486774803149608
20
5.754170196850394
11
-4.5486794094488188
21
5.7542279527559055
0
LINE
8
BLACK
6
CONTINUOUS
10
-4.5486794094488188
20
5.7542279527559055
11
-4.5487226771653546
21
5.7543859055118105
0
LINE
8
BLACK
6
CONTINUOUS
10
-4.5487226771653546
20
5.7543859055118105
11
-4.5528077952755908
21
5.7507337401574805
0
LINE
8
BLACK
6
CONTINUOUS
10
-4.5528077952755908
20
5.7507337401574805
11
-4.5530988582677168
21
5.750566102362205
0
LINE
8
BLACK
6
CONTINUOUS
10
-4.5530988582677168
20
5.750566102362205
11
-4.5531335433070863
21
5.7505314173228346
0
LINE
8
BLACK
6
CONTINUOUS
10
-4.5531335433070863
20
5.7505314173228346
11
-4.5531590944881888
21
5.7505314173228346
0
LINE
8
BLACK
6
CONTINUOUS
10
-4.5531590944881888
20
5.7505314173228346
11
-4.5532071653543307
21
5.7505037401574803
0
LINE
8
BLACK
6
CONTINUOUS
10
-4.5532071653543307
20
5.7505037401574803
11
-4.5536221259842522
21
5.7505314173228346
0
LINE
8
BLACK
6
CONTINUOUS
10
-4.5536221259842522
20
5.7505314173228346
11
-4.5540375590551179
21
5.7505314173228346
0
LINE
8
BLACK
6
CONTINUOUS
10
-4.5540375590551179
20
5.7505314173228346
11
-4.5540672834645672
21
5.7505611023622043
0
LINE
8
BLACK
6
CONTINUOUS
10
-4.5540672834645672
20
5.7505611023622043
11
-4.5541090944881892
21
5.7505638976377949
0
LINE
8
BLACK
6
CONTINUOUS
10
-4.5541090944881892
20
5.7505638976377949
11
-4.5543826377952756
21
5.7508764566929136
0
LINE
8
BLACK
6
CONTINUOUS
10
-4.5543826377952756
20
5.7508764566929136
11
-4.5546767322834647
21
5.7511705905511814
0
LINE
8
BLACK
6
CONTINUOUS
10
-4.5546767322834647
20
5.7511705905511814
11
-4.5546771259842522
21
5.7512129921259838
0
LINE
8
BLACK
6
CONTINUOUS
10
-4.5546771259842522
20
5.7512129921259838
11
-4.5547044094488189
21
5.7512442125984249
0
LINE
8
BLACK
6
CONTINUOUS
10
-4.5547044094488189
20
5.7512442125984249
11
-4.5546805511811019
21
5.7516021259842516
0
LINE
8
BLACK
6
CONTINUOUS
10
-4.5546805511811019
20
5.7516021259842516
11
-4.5547666535433073
21
5.7613713779527558
0
LINE
8
BLACK
6
CONTINUOUS
10
-4.5547666535433073
20
5.7613713779527558
11
-4.5546767322834647
21
5.7618233858267711
0
LINE
8
BLACK
6
CONTINUOUS
10
-4.5546767322834647
20
5.7618233858267711
11
-4.5540375590551179
21
5.7624625590551179
0
LINE
8
BLACK
6
CONTINUOUS
10
-4.5540375590551179
20
5.7624625590551179
11
-4.5531335433070863
21
5.7624625590551179
0
LINE
8
BLACK
6
CONTINUOUS
10
-4.5531335433070863
20
5.7624625590551179
11
-4.5524943700787404
21
5.7618233858267711
0
LINE
8
BLACK
6
CONTINUOUS
10
-4.544134645669291
20
5.7774606692913384
11
-4.5440540157480314
21
5.77738
0
LINE
8
BLACK
6
CONTINUOUS
10
-4.5440540157480314
20
5.77738
11
-4.541300590551181
21
5.7767653937007877
0
LINE
8
BLACK
6
CONTINUOUS
10
-4.541300590551181
20
5.7767653937007877
11
-4.5408838976377952
21
5.7765685433070866
0
LINE
8
BLACK
6
CONTINUOUS
10
-4.5408838976377952
20
5.7765685433070866
11
-4.54084405511811
21
5.7765021259842522
0
LINE
8
BLACK
6
CONTINUOUS
10
-4.54084405511811
20
5.7765021259842522
11
-4.5396367322834648
21
5.7759608661417321
0
LINE
8
BLACK
6
CONTINUOUS
10
-4.5396367322834648
20
5.7759608661417321
11
-4.5396352755905509
21
5.7759609055118109
0
LINE
8
BLACK
6
CONTINUOUS
10
-4.5396352755905509
20
5.7759609055118109
11
-4.539633976377953
21
5.7759596456692908
0
LINE
8
BLACK
6
CONTINUOUS
10
-4.539633976377953
20
5.7759596456692908
11
-4.5395590551181098
21
5.7759261023622042
0
LINE
8
BLACK
6
CONTINUOUS
10
-4.5395590551181098
20
5.7759261023622042
11
-4.5391950000000003
21
5.7756435433070861
0
LINE
8
BLACK
6
CONTINUOUS
10
-4.5391950000000003
20
5.7756435433070861
11
-4.5391499606299215
21
5.775508346456693
0
LINE
8
BLACK
6
CONTINUOUS
10
-4.5391499606299215
20
5.775508346456693
11
-4.537752244094488
21
5.7742050787401578
0
LINE
8
BLACK
6
CONTINUOUS
10
-4.537752244094488
20
5.7742050787401578
11
-4.5377193700787402
21
5.7741558267716533
0
LINE
8
BLACK
6
CONTINUOUS
10
-4.5377193700787402
20
5.7741558267716533
11
-4.5376951574803153
21
5.7741437401574798
0
LINE
8
BLACK
6
CONTINUOUS
10
-4.5376951574803153
20
5.7741437401574798
11
-4.5376752755905514
21
5.7740898425196852
0
LINE
8
BLACK
6
CONTINUOUS
10
-4.5376752755905514
20
5.7740898425196852
11
-4.5374962204724412
21
5.7738218503937002
0
LINE
8
BLACK
6
CONTINUOUS
10
-4.5374962204724412
20
5.7738218503937002
11
-4.5374962204724412
21
5.7736047244094486
0
LINE
8
BLACK
6
CONTINUOUS
10
-4.5374962204724412
20
5.7736047244094486
11
-4.5367170078740156
21
5.7714936220472444
0
LINE
8
BLACK
6
CONTINUOUS
10
-4.5367170078740156
20
5.7714936220472444
11
-4.5366594094488191
21
5.7710363779527558
0
LINE
8
BLACK
6
CONTINUOUS
10
-4.5366594094488191
20
5.7710363779527558
11
-4.5367164173228343
21
5.7709223622047245
0
LINE
8
BLACK
6
CONTINUOUS
10
-4.5367164173228343
20
5.7709223622047245
11
-4.536660393700787
21
5.769705984251968
0
LINE
8
BLACK
6
CONTINUOUS
10
-4.536660393700787
20
5.769705984251968
11
-4.5366594094488191
21
5.7697040944881888
0
LINE
8
BLACK
6
CONTINUOUS
10
-4.5366594094488191
20
5.7697040944881888
11
-4.5366601968503932
21
5.7697015748031495
0
LINE
8
BLACK
6
CONTINUOUS
10
-4.5366601968503932
20
5.7697015748031495
11
-4.5366564173228348
21
5.7696203149606298
0
LINE
8
BLACK
6
CONTINUOUS
10
-4.5366564173228348
20
5.7696203149606298
11
-4.5367463385826774
21
5.7691683070866144
0
LINE
8
BLACK
6
CONTINUOUS
10
-4.5367463385826774
20
5.7691683070866144
11
-4.5368502362204719
21
5.769064409448819
0
LINE
8
BLACK
6
CONTINUOUS
10
-4.5368502362204719
20
5.769064409448819
11
-4.5374668897637793
21
5.7669971259842514
0
LINE
8
BLACK
6
CONTINUOUS
10
-4.5374668897637793
20
5.7669971259842514
11
-4.5374961811023624
21
5.7669457480314961
0
LINE
8
BLACK
6
CONTINUOUS
10
-4.5374961811023624
20
5.7669457480314961
11
-4.5374961811023624
21
5.7669186614173231
0
LINE
8
BLACK
6
CONTINUOUS
10
-4.5374961811023624
20
5.7669186614173231
11
-4.5375393700787399
21
5.7668699999999999
0
LINE
8
BLACK
6
CONTINUOUS
10
-4.5375393700787399
20
5.7668699999999999
11
-4.5376951574803153
21
5.7665967716535436
0
LINE
8
BLACK
6
CONTINUOUS
10
-4.5376951574803153
20
5.7665967716535436
11
-4.5378512598425198
21
5.766518700787401
0
LINE
8
BLACK
6
CONTINUOUS
10
-4.5378512598425198
20
5.766518700787401
11
-4.5385021653543305
21
5.7657855511811018
0
LINE
8
BLACK
6
CONTINUOUS
10
-4.5385021653543305
20
5.7657855511811018
11
-4.5388853543307084
21
5.765529527559055
0
LINE
8
BLACK
6
CONTINUOUS
10
-4.5388853543307084
20
5.765529527559055
11
-4.5397892913385824
21
5.765529527559055
0
LINE
8
BLACK
6
CONTINUOUS
10
-4.5397892913385824
20
5.765529527559055
11
-4.540428503937008
21
5.7661687401574806
0
LINE
8
BLACK
6
CONTINUOUS
10
-4.540428503937008
20
5.7661687401574806
11
-4.540428503937008
21
5.7670726771653538
0
LINE
8
BLACK
6
CONTINUOUS
10
-4.540428503937008
20
5.7670726771653538
11
-4.5395262598425195
21
5.7680889763779524
0
LINE
8
BLACK
6
CONTINUOUS
10
-4.5395262598425195
20
5.7680889763779524
11
-4.5389655905511814
21
5.7699685433070869
0
LINE
8
BLACK
6
CONTINUOUS
10
-4.5389655905511814
20
5.7699685433070869
11
-4.5390186220472444
21
5.7711201574803148
0
LINE
8
BLACK
6
CONTINUOUS
10
-4.5390186220472444
20
5.7711201574803148
11
-4.5390175196850393
21
5.7711258267716534
0
LINE
8
BLACK
6
CONTINUOUS
10
-4.5390175196850393
20
5.7711258267716534
11
-4.5396548818897635
21
5.7728525590551181
0
LINE
8
BLACK
6
CONTINUOUS
10
-4.5396548818897635
20
5.7728525590551181
11
-4.5409098425196852
21
5.7740227559055119
0
LINE
8
BLACK
6
CONTINUOUS
10
-4.5409098425196852
20
5.7740227559055119
11
-4.5421152362204724
21
5.7745631496062995
0
LINE
8
BLACK
6
CONTINUOUS
10
-4.5421152362204724
20
5.7745631496062995
11
-4.5421964566929134
21
5.7746261417322833
0
LINE
8
BLACK
6
CONTINUOUS
10
-4.5421964566929134
20
5.7746261417322833
11
-4.5448731102362201
21
5.7752236614173231
0
LINE
8
BLACK
6
CONTINUOUS
10
-4.5448731102362201
20
5.7752236614173231
11
-4.5449325984251967
21
5.775251732283464
0
LINE
8
BLACK
6
CONTINUOUS
10
-4.5449325984251967
20
5.775251732283464
11
-4.5468363779527561
21
5.7751883858267714
0
LINE
8
BLACK
6
CONTINUOUS
10
-4.5468363779527561
20
5.7751883858267714
11
-4.5469146850393702
21
5.7752039370078743
0
LINE
8
BLACK
6
CONTINUOUS
10
-4.5469146850393702
20
5.7752039370078743
11
-4.5495495669291337
21
5.7744737401574806
0
LINE
8
BLACK
6
CONTINUOUS
10
-4.5495495669291337
20
5.7744737401574806
11
-4.5496216535433067
21
5.7744701968503938
0
LINE
8
BLACK
6
CONTINUOUS
10
-4.5496216535433067
20
5.7744701968503938
11
-4.5508076377952751
21
5.7738132677165357
0
LINE
8
BLACK
6
CONTINUOUS
10
-4.5508076377952751
20
5.7738132677165357
11
-4.5508085039370076
21
5.7738130314960632
0
LINE
8
BLACK
6
CONTINUOUS
10
-4.5508085039370076
20
5.7738130314960632
11
-4.5518992913385823
21
5.7726432283464568
0
LINE
8
BLACK
6
CONTINUOUS
10
-4.5518992913385823
20
5.7726432283464568
11
-4.5524575196850394
21
5.7707720078740152
0
LINE
8
BLACK
6
CONTINUOUS
10
-4.5524575196850394
20
5.7707720078740152
11
-4.5524044488188977
21
5.7696203149606298
0
LINE
8
BLACK
6
CONTINUOUS
10
-4.5524044488188977
20
5.7696203149606298
11
-4.5524055905511807
21
5.7696146456692912
0
LINE
8
BLACK
6
CONTINUOUS
10
-4.5524055905511807
20
5.7696146456692912
11
-4.5517833858267718
21
5.7679288582677168
0
LINE
8
BLACK
6
CONTINUOUS
10
-4.5517833858267718
20
5.7679288582677168
11
-4.5512505511811021
21
5.7674558661417326
0
LINE
8
BLACK
6
CONTINUOUS
10
-4.5512505511811021
20
5.7674558661417326
11
-4.5509945275590553
21
5.7670726377952759
0
LINE
8
BLACK
6
CONTINUOUS
10
-4.5509945275590553
20
5.7670726377952759
11
-4.5509945669291341
21
5.7661687401574806
0
LINE
8
BLACK
6
CONTINUOUS
10
-4.5509945669291341
20
5.7661687401574806
11
-4.5516338188976375
21
5.7655294881889763
0
LINE
8
BLACK
6
CONTINUOUS
10
-4.5516338188976375
20
5.7655294881889763
11
-4.5525377559055116
21
5.765529527559055
0
LINE
8
BLACK
6
CONTINUOUS
10
-4.5525377559055116
20
5.765529527559055
11
-4.5536708267716532
21
5.7665354724409443
0
LINE
8
BLACK
6
CONTINUOUS
10
-4.5536708267716532
20
5.7665354724409443
11
-4.5537037401574798
21
5.7665846850393701
0
LINE
8
BLACK
6
CONTINUOUS
10
-4.5537037401574798
20
5.7665846850393701
11
-4.5537278740157481
21
5.7665967716535436
0
LINE
8
BLACK
6
CONTINUOUS
10
-4.5537278740157481
20
5.7665967716535436
11
-4.553747755905512
21
5.7666505905511807
0
LINE
8
BLACK
6
CONTINUOUS
10
-4.553747755905512
20
5.7666505905511807
11
-4.5539268503937009
21
5.7669187007874019
0
LINE
8
BLACK
6
CONTINUOUS
10
-4.5539268503937009
20
5.7669187007874019
11
-4.5539268503937009
21
5.7671357874015747
0
LINE
8
BLACK
6
CONTINUOUS
10
-4.5539268503937009
20
5.7671357874015747
11
-4.5547060236220469
21
5.7692468110236224
0
LINE
8
BLACK
6
CONTINUOUS
10
-4.5547060236220469
20
5.7692468110236224
11
-4.554763661417323
21
5.76970405511811
0
LINE
8
BLACK
6
CONTINUOUS
10
-4.554763661417323
20
5.76970405511811
11
-4.5547066929133857
21
5.7698180314960625
0
LINE
8
BLACK
6
CONTINUOUS
10
-4.5547066929133857
20
5.7698180314960625
11
-4.554762716535433
21
5.7710344881889766
0
LINE
8
BLACK
6
CONTINUOUS
10
-4.554762716535433
20
5.7710344881889766
11
-4.554763661417323
21
5.7710364173228346
0
LINE
8
BLACK
6
CONTINUOUS
10
-4.554763661417323
20
5.7710364173228346
11
-4.5547629133858267
21
5.7710388976377951
0
LINE
8
BLACK
6
CONTINUOUS
10
-4.5547629133858267
20
5.7710388976377951
11
-4.5547666535433073
21
5.7711201574803148
0
LINE
8
BLACK
6
CONTINUOUS
10
-4.5547666535433073
20
5.7711201574803148
11
-4.5546767322834647
21
5.7715721653543302
0
LINE
8
BLACK
6
CONTINUOUS
10
-4.5546767322834647
20
5.7715721653543302
11
-4.5545728740157481
21
5.7716760236220468
0
LINE
8
BLACK
6
CONTINUOUS
10
-4.5545728740157481
20
5.7716760236220468
11
-4.5539561023622044
21
5.7737433858267719
0
LINE
8
BLACK
6
CONTINUOUS
10
-4.5539561023622044
20
5.7737433858267719
11
-4.5539268110236222
21
5.7737947637795273
0
LINE
8
BLACK
6
CONTINUOUS
10
-4.5539268110236222
20
5.7737947637795273
11
-4.5539268110236222
21
5.7738218503937002
0
LINE
8
BLACK
6
CONTINUOUS
10
-4.5539268110236222
20
5.7738218503937002
11
-4.5538870866141732
21
5.7738644488188973
0
LINE
8
BLACK
6
CONTINUOUS
10
-4.5538870866141732
20
5.7738644488188973
11
-4.5537278740157481
21
5.7741437401574798
0
LINE
8
BLACK
6
CONTINUOUS
10
-4.5537278740157481
20
5.7741437401574798
11
-4.5535382677165357
21
5.7742385433070869
0
LINE
8
BLACK
6
CONTINUOUS
10
-4.5535382677165357
20
5.7742385433070869
11
-4.552171023622047
21
5.7757048425196853
0
LINE
8
BLACK
6
CONTINUOUS
10
-4.552171023622047
20
5.7757048425196853
11
-4.5517877952755903
21
5.7759608661417321
0
LINE
8
BLACK
6
CONTINUOUS
10
-4.5517877952755903
20
5.7759608661417321
11
-4.5516552362204727
21
5.7759608661417321
0
LINE
8
BLACK
6
CONTINUOUS
10
-4.5516552362204727
20
5.7759608661417321
11
-4.5503642125984252
21
5.7766759842519679
0
LINE
8
BLACK
6
CONTINUOUS
10
-4.5503642125984252
20
5.7766759842519679
11
-4.5499197244094489
21
5.7767976771653542
0
LINE
8
BLACK
6
CONTINUOUS
10
-4.5499197244094489
20
5.7767976771653542
11
-4.5498255905511806
21
5.7767662992125981
0
LINE
8
BLACK
6
CONTINUOUS
10
-4.5498255905511806
20
5.7767662992125981
11
-4.5471228346456689
21
5.7775153149606302
0
LINE
8
BLACK
6
CONTINUOUS
10
-4.5471228346456689
20
5.7775153149606302
11
-4.5466625196850394
21
5.7775377165354334
0
LINE
8
BLACK
6
CONTINUOUS
10
-4.5466625196850394
20
5.7775377165354334
11
-4.5465737795275594
21
5.7774844488188979
0
LINE
8
BLACK
6
CONTINUOUS
10
-4.5465737795275594
20
5.7774844488188979
11
-4.5445866535433073
21
5.777550590551181
0
LINE
8
BLACK
6
CONTINUOUS
10
-4.5445866535433073
20
5.777550590551181
11
-4.544134645669291
21
5.7774606692913384
0
LINE
8
BLACK
6
CONTINUOUS
10
-4.5280065354330707
20
5.7973107874015746
11
-4.5269411811023623
21
5.7962454330708661
0
LINE
8
BLACK
6
CONTINUOUS
10
-4.5269411811023623
20
5.7962454330708661
11
-4.5267913385826768
21
5.7324999999999999
0
LINE
8
BLACK
6
CONTINUOUS
10
-4.5267913385826768
20
5.7324999999999999
11
-4.5269411811023623
21
5.7317466929133856
0
LINE
8
BLACK
6
CONTINUOUS
10
-4.5269411811023623
20
5.7317466929133856
11
-4.5280065354330707
21
5.7306813385826771
0
LINE
8
BLACK
6
CONTINUOUS
10
-4.5280065354330707
20
5.7306813385826771
11
-4.5612401574803147
21
5.7305314960629916
0
LINE
8
BLACK
6
CONTINUOUS
10
-4.5612401574803147
20
5.7305314960629916
11
-4.5619934645669291
21
5.7306813385826771
0
LINE
8
BLACK
6
CONTINUOUS
10
-4.5619934645669291
20
5.7306813385826771
11
-4.5630588188976375
21
5.7317466929133856
0
LINE
8
BLACK
6
CONTINUOUS
10
-4.5630588188976375
20
5.7317466929133856
11
-4.5632086614173231
21
5.7954921259842518
0
LINE
8
BLACK
6
CONTINUOUS
10
-4.5632086614173231
20
5.7954921259842518
11
-4.5630588188976375
21
5.7962454330708661
0
LINE
8
BLACK
6
CONTINUOUS
10
-4.5630588188976375
20
5.7962454330708661
11
-4.5619934645669291
21
5.7973107874015746
0
LINE
8
BLACK
6
CONTINUOUS
10
-4.5619934645669291
20
5.7973107874015746
11
-4.5287598425196851
21
5.7974606299212601
0
LINE
8
BLACK
6
CONTINUOUS
10
-4.5287598425196851
20
5.7974606299212601
11
-4.5280065354330707
21
5.7973107874015746
0
LINE
8
BLACK
6
CONTINUOUS
10
-4.5594151181102358
20
5.793531850393701
11
-4.5592759842519683
21
5.7343309055118112
0
LINE
8
BLACK
6
CONTINUOUS
10
-4.5592759842519683
20
5.7343309055118112
11
-4.5305849212598428
21
5.734460236220472
0
LINE
8
BLACK
6
CONTINUOUS
10
-4.5305849212598428
20
5.734460236220472
11
-4.5307240551181103
21
5.7936611811023617
0
LINE
8
BLACK
6
CONTINUOUS
10
-4.5307240551181103
20
5.7936611811023617
11
-4.5594151181102358
21
5.793531850393701
0
LINE
8
BLACK
6
CONTINUOUS
10
-4.6189282283464568
20
5.7743135433070867
11
-4.6185470472440944
21
5.773170078740157
0
LINE
8
BLACK
6
CONTINUOUS
10
-4.6185470472440944
20
5.773170078740157
11
-4.6196003149606302
21
5.7708067716535432
0
LINE
8
BLACK
6
CONTINUOUS
10
-4.6196003149606302
20
5.7708067716535432
11
-4.6196003149606302
21
5.7708042913385826
0
LINE
8
BLACK
6
CONTINUOUS
10
-4.6196003149606302
20
5.7708042913385826
11
-4.6196024803149607
21
5.7708019685039371
0
LINE
8
BLACK
6
CONTINUOUS
10
-4.6196024803149607
20
5.7708019685039371
11
-4.6196466929133857
21
5.7707027165354328
0
LINE
8
BLACK
6
CONTINUOUS
10
-4.6196466929133857
20
5.7707027165354328
11
-4.6200234251968499
21
5.7702172834645671
0
LINE
8
BLACK
6
CONTINUOUS
10
-4.6200234251968499
20
5.7702172834645671
11
-4.6202004330708659
21
5.7701582677165355
0
LINE
8
BLACK
6
CONTINUOUS
10
-4.6202004330708659
20
5.7701582677165355
11
-4.6211435039370077
21
5.769143070866142
0
LINE
8
BLACK
6
CONTINUOUS
10
-4.6211435039370077
20
5.769143070866142
11
-4.6075909055118105
21
5.7692231496062991
0
LINE
8
BLACK
6
CONTINUOUS
10
-4.6075909055118105
20
5.7692231496062991
11
-4.6076319291338583
21
5.7732817322834649
0
LINE
8
BLACK
6
CONTINUOUS
10
-4.6076319291338583
20
5.7732817322834649
11
-4.6075120472440947
21
5.7738843700787399
0
LINE
8
BLACK
6
CONTINUOUS
10
-4.6075120472440947
20
5.7738843700787399
11
-4.6066597637795272
21
5.7747366535433073
0
LINE
8
BLACK
6
CONTINUOUS
10
-4.6066597637795272
20
5.7747366535433073
11
-4.6054544881889763
21
5.7747366535433073
0
LINE
8
BLACK
6
CONTINUOUS
10
-4.6054544881889763
20
5.7747366535433073
11
-4.6046022047244097
21
5.7738843700787399
0
LINE
8
BLACK
6
CONTINUOUS
10
-4.6046022047244097
20
5.7738843700787399
11
-4.6044823228346452
21
5.7620331496062986
0
LINE
8
BLACK
6
CONTINUOUS
10
-4.6044823228346452
20
5.7620331496062986
11
-4.6046022047244097
21
5.7614305118110236
0
LINE
8
BLACK
6
CONTINUOUS
10
-4.6046022047244097
20
5.7614305118110236
11
-4.6054544881889763
21
5.7605782283464562
0
LINE
8
BLACK
6
CONTINUOUS
10
-4.6054544881889763
20
5.7605782283464562
11
-4.6066597637795272
21
5.7605782283464562
0
LINE
8
BLACK
6
CONTINUOUS
10
-4.6066597637795272
20
5.7605782283464562
11
-4.6075120472440947
21
5.7614305118110236
0
LINE
8
BLACK
6
CONTINUOUS
10
-4.6075120472440947
20
5.7614305118110236
11
-4.6075601968503932
21
5.7661900393700787
0
LINE
8
BLACK
6
CONTINUOUS
10
-4.6075601968503932
20
5.7661900393700787
11
-4.6257421653543309
21
5.7660826377952752
0
LINE
8
BLACK
6
CONTINUOUS
10
-4.6257421653543309
20
5.7660826377952752
11
-4.6263448031496059
21
5.7662025196850388
0
LINE
8
BLACK
6
CONTINUOUS
10
-4.6263448031496059
20
5.7662025196850388
11
-4.626459488188976
21
5.7663171653543301
0
LINE
8
BLACK
6
CONTINUOUS
10
-4.626459488188976
20
5.7663171653543301
11
-4.6266184645669286
21
5.7663489763779525
0
LINE
8
BLACK
6
CONTINUOUS
10
-4.6266184645669286
20
5.7663489763779525
11
-4.6268728740157483
21
5.7667305511811024
0
LINE
8
BLACK
6
CONTINUOUS
10
-4.6268728740157483
20
5.7667305511811024
11
-4.6271970866141734
21
5.7670548031496063
0
LINE
8
BLACK
6
CONTINUOUS
10
-4.6271970866141734
20
5.7670548031496063
11
-4.6271970866141734
21
5.7672168897637794
0
LINE
8
BLACK
6
CONTINUOUS
10
-4.6271970866141734
20
5.7672168897637794
11
-4.627287007874016
21
5.7673518110236222
0
LINE
8
BLACK
6
CONTINUOUS
10
-4.627287007874016
20
5.7673518110236222
11
-4.6271970866141734
21
5.7678014173228345
0
LINE
8
BLACK
6
CONTINUOUS
10
-4.6271970866141734
20
5.7678014173228345
11
-4.6271970866141734
21
5.7682600787401572
0
LINE
8
BLACK
6
CONTINUOUS
10
-4.6271970866141734
20
5.7682600787401572
11
-4.6270824409448821
21
5.7683747244094485
0
LINE
8
BLACK
6
CONTINUOUS
10
-4.6270824409448821
20
5.7683747244094485
11
-4.6270506299212597
21
5.7685337401574799
0
LINE
8
BLACK
6
CONTINUOUS
10
-4.6270506299212597
20
5.7685337401574799
11
-4.6266104330708657
21
5.768846732283464
0
LINE
8
BLACK
6
CONTINUOUS
10
-4.6266104330708657
20
5.768846732283464
11
-4.6263448031496059
21
5.7691123622047247
0
LINE
8
BLACK
6
CONTINUOUS
10
-4.6263448031496059
20
5.7691123622047247
11
-4.6262359842519682
21
5.7691129921259838
0
LINE
8
BLACK
6
CONTINUOUS
10
-4.6262359842519682
20
5.7691129921259838
11
-4.6238035433070861
21
5.770842519685039
0
LINE
8
BLACK
6
CONTINUOUS
10
-4.6238035433070861
20
5.770842519685039
11
-4.6236802755905515
21
5.7708934251968502
0
LINE
8
BLACK
6
CONTINUOUS
10
-4.6236802755905515
20
5.7708934251968502
11
-4.6221894488188973
21
5.7724983070866136
0
LINE
8
BLACK
6
CONTINUOUS
10
-4.6221894488188973
20
5.7724983070866136
11
-4.6215264173228343
21
5.7739859842519685
0
LINE
8
BLACK
6
CONTINUOUS
10
-4.6215264173228343
20
5.7739859842519685
11
-4.6211497244094488
21
5.7744713779527554
0
LINE
8
BLACK
6
CONTINUOUS
10
-4.6211497244094488
20
5.7744713779527554
11
-4.62000625984252
21
5.7748525590551179
0
LINE
8
BLACK
6
CONTINUOUS
10
-4.62000625984252
20
5.7748525590551179
11
-4.6189282283464568
21
5.7743135433070867
0
LINE
8
BLACK
6
CONTINUOUS
10
-4.6138909448818897
20
5.794421692913386
11
-4.6137852755905513
21
5.794315984251968
0
LINE
8
BLACK
6
CONTINUOUS
10
-4.6137852755905513
20
5.794315984251968
11
-4.6103621259842518
21
5.7935572047244097
0
LINE
8
BLACK
6
CONTINUOUS
10
-4.6103621259842518
20
5.7935572047244097
11
-4.6098065354330711
21
5.7932947244094484
0
LINE
8
BLACK
6
CONTINUOUS
10
-4.6098065354330711
20
5.7932947244094484
11
-4.6097553149606298
21
5.7932092913385826
0
LINE
8
BLACK
6
CONTINUOUS
10
-4.6097553149606298
20
5.7932092913385826
11
-4.60826905511811
21
5.7925469291338585
0
LINE
8
BLACK
6
CONTINUOUS
10
-4.60826905511811
20
5.7925469291338585
11
-4.608266653543307
21
5.7925469291338585
0
LINE
8
BLACK
6
CONTINUOUS
10
-4.608266653543307
20
5.7925469291338585
11
-4.6082644488188977
21
5.7925448425196846
0
LINE
8
BLACK
6
CONTINUOUS
10
-4.6082644488188977
20
5.7925448425196846
11
-4.6081649999999996
21
5.7925005511811021
0
LINE
8
BLACK
6
CONTINUOUS
10
-4.6081649999999996
20
5.7925005511811021
11
-4.6076796062992127
21
5.7921238188976378
0
LINE
8
BLACK
6
CONTINUOUS
10
-4.6076796062992127
20
5.7921238188976378
11
-4.6076206299212599
21
5.7919467716535431
0
LINE
8
BLACK
6
CONTINUOUS
10
-4.6076206299212599
20
5.7919467716535431
11
-4.60588094488189
21
5.7903308267716538
0
LINE
8
BLACK
6
CONTINUOUS
10
-4.60588094488189
20
5.7903308267716538
11
-4.6058371259842517
21
5.7902651968503935
0
LINE
8
BLACK
6
CONTINUOUS
10
-4.6058371259842517
20
5.7902651968503935
11
-4.6058048031496064
21
5.7902490551181103
0
LINE
8
BLACK
6
CONTINUOUS
10
-4.6058048031496064
20
5.7902490551181103
11
-4.6057779527559051
21
5.7901766535433072
0
LINE
8
BLACK
6
CONTINUOUS
10
-4.6057779527559051
20
5.7901766535433072
11
-4.6055395669291341
21
5.7898199212598422
0
LINE
8
BLACK
6
CONTINUOUS
10
-4.6055395669291341
20
5.7898199212598422
11
-4.6055395669291341
21
5.7895343307086611
0
LINE
8
BLACK
6
CONTINUOUS
10
-4.6055395669291341
20
5.7895343307086611
11
-4.6045631102362208
21
5.7869031102362207
0
LINE
8
BLACK
6
CONTINUOUS
10
-4.6045631102362208
20
5.7869031102362207
11
-4.6044862992125983
21
5.7862934645669286
0
LINE
8
BLACK
6
CONTINUOUS
10
-4.6044862992125983
20
5.7862934645669286
11
-4.6045604724409444
21
5.7861451181102357
0
LINE
8
BLACK
6
CONTINUOUS
10
-4.6045604724409444
20
5.7861451181102357
11
-4.6044879133858263
21
5.7846451574803153
0
LINE
8
BLACK
6
CONTINUOUS
10
-4.6044879133858263
20
5.7846451574803153
11
-4.6044862992125983
21
5.7846420078740159
0
LINE
8
BLACK
6
CONTINUOUS
10
-4.6044862992125983
20
5.7846420078740159
11
-4.6044875590551184
21
5.7846378346456691
0
LINE
8
BLACK
6
CONTINUOUS
10
-4.6044875590551184
20
5.7846378346456691
11
-4.6044823228346452
21
5.7845303543307089
0
LINE
8
BLACK
6
CONTINUOUS
10
-4.6044823228346452
20
5.7845303543307089
11
-4.6046022047244097
21
5.783927716535433
0
LINE
8
BLACK
6
CONTINUOUS
10
-4.6046022047244097
20
5.783927716535433
11
-4.6047383858267716
21
5.7837915354330711
0
LINE
8
BLACK
6
CONTINUOUS
10
-4.6047383858267716
20
5.7837915354330711
11
-4.6055005118110239
21
5.781220196850394
0
LINE
8
BLACK
6
CONTINUOUS
10
-4.6055005118110239
20
5.781220196850394
11
-4.6055395669291341
21
5.781151653543307
0
LINE
8
BLACK
6
CONTINUOUS
10
-4.6055395669291341
20
5.781151653543307
11
-4.6055395669291341
21
5.7811155118110236
0
LINE
8
BLACK
6
CONTINUOUS
10
-4.6055395669291341
20
5.7811155118110236
11
-4.6055977952755907
21
5.7810495669291333
0
LINE
8
BLACK
6
CONTINUOUS
10
-4.6055977952755907
20
5.7810495669291333
11
-4.6058048031496064
21
5.7806864173228343
0
LINE
8
BLACK
6
CONTINUOUS
10
-4.6058048031496064
20
5.7806864173228343
11
-4.606008307086614
21
5.7805846456692915
0
LINE
8
BLACK
6
CONTINUOUS
10
-4.606008307086614
20
5.7805846456692915
11
-4.6068183464566932
21
5.7796672440944876
0
LINE
8
BLACK
6
CONTINUOUS
10
-4.6068183464566932
20
5.7796672440944876
11
-4.6073292519685038
21
5.7793259055118105
0
LINE
8
BLACK
6
CONTINUOUS
10
-4.6073292519685038
20
5.7793259055118105
11
-4.6085345669291335
21
5.7793259448818892
0
LINE
8
BLACK
6
CONTINUOUS
10
-4.6085345669291335
20
5.7793259448818892
11
-4.6093868110236222
21
5.7801781889763779
0
LINE
8
BLACK
6
CONTINUOUS
10
-4.6093868110236222
20
5.7801781889763779
11
-4.6093867716535435
21
5.7813835039370076
0
LINE
8
BLACK
6
CONTINUOUS
10
-4.6093867716535435
20
5.7813835039370076
11
-4.6082497637795274
21
5.7826712204724409
0
LINE
8
BLACK
6
CONTINUOUS
10
-4.6082497637795274
20
5.7826712204724409
11
-4.6075633464566925
21
5.7849871259842516
0
LINE
8
BLACK
6
CONTINUOUS
10
-4.6075633464566925
20
5.7849871259842516
11
-4.6076319291338583
21
5.7864051181102365
0
LINE
8
BLACK
6
CONTINUOUS
10
-4.6076319291338583
20
5.7864051181102365
11
-4.607631181102362
21
5.7864089763779525
0
LINE
8
BLACK
6
CONTINUOUS
10
-4.607631181102362
20
5.7864089763779525
11
-4.608415472440945
21
5.7885224409448819
0
LINE
8
BLACK
6
CONTINUOUS
10
-4.608415472440945
20
5.7885224409448819
11
-4.6099606692913389
21
5.7899577952755905
0
LINE
8
BLACK
6
CONTINUOUS
10
-4.6099606692913389
20
5.7899577952755905
11
-4.6114483464566929
21
5.7906208661417322
0
LINE
8
BLACK
6
CONTINUOUS
10
-4.6114483464566929
20
5.7906208661417322
11
-4.6115537007874012
21
5.790702598425197
0
LINE
8
BLACK
6
CONTINUOUS
10
-4.6115537007874012
20
5.790702598425197
11
-4.6148755118110234
21
5.791438976377953
0
LINE
8
BLACK
6
CONTINUOUS
10
-4.6148755118110234
20
5.791438976377953
11
-4.614951023622047
21
5.7914746062992126
0
LINE
8
BLACK
6
CONTINUOUS
10
-4.614951023622047
20
5.7914746062992126
11
-4.6173057086614175
21
5.7913919685039366
0
LINE
8
BLACK
6
CONTINUOUS
10
-4.6173057086614175
20
5.7913919685039366
11
-4.6174066535433074
21
5.7914120078740154
0
LINE
8
BLACK
6
CONTINUOUS
10
-4.6174066535433074
20
5.7914120078740154
11
-4.6206733070866139
21
5.7905016141732286
0
LINE
8
BLACK
6
CONTINUOUS
10
-4.6206733070866139
20
5.7905016141732286
11
-4.6207642913385829
21
5.7904971653543305
0
LINE
8
BLACK
6
CONTINUOUS
10
-4.6207642913385829
20
5.7904971653543305
11
-4.6222215354330709
21
5.7896857874015746
0
LINE
8
BLACK
6
CONTINUOUS
10
-4.6222215354330709
20
5.7896857874015746
11
-4.6235529921259841
21
5.7882524803149602
0
LINE
8
BLACK
6
CONTINUOUS
10
-4.6235529921259841
20
5.7882524803149602
11
-4.6242359842519685
21
5.7859483070866142
0
LINE
8
BLACK
6
CONTINUOUS
10
-4.6242359842519685
20
5.7859483070866142
11
-4.6241673622047239
21
5.7845303543307089
0
LINE
8
BLACK
6
CONTINUOUS
10
-4.6241673622047239
20
5.7845303543307089
11
-4.624168149606299
21
5.7845264566929133
0
LINE
8
BLACK
6
CONTINUOUS
10
-4.624168149606299
20
5.7845264566929133
11
-4.6234046062992125
21
5.7824688976377949
0
LINE
8
BLACK
6
CONTINUOUS
10
-4.6234046062992125
20
5.7824688976377949
11
-4.6227538582677168
21
5.7818943700787404
0
LINE
8
BLACK
6
CONTINUOUS
10
-4.6227538582677168
20
5.7818943700787404
11
-4.6224124803149609
21
5.7813834645669289
0
LINE
8
BLACK
6
CONTINUOUS
10
-4.6224124803149609
20
5.7813834645669289
11
-4.6224124803149609
21
5.7801781889763779
0
LINE
8
BLACK
6
CONTINUOUS
10
-4.6224124803149609
20
5.7801781889763779
11
-4.6232647637795274
21
5.7793259055118105
0
LINE
8
BLACK
6
CONTINUOUS
10
-4.6232647637795274
20
5.7793259055118105
11
-4.6244700393700784
21
5.7793259055118105
0
LINE
8
BLACK
6
CONTINUOUS
10
-4.6244700393700784
20
5.7793259055118105
11
-4.6259183070866143
21
5.7806046456692908
0
LINE
8
BLACK
6
CONTINUOUS
10
-4.6259183070866143
20
5.7806046456692908
11
-4.6259621259842518
21
5.7806701968503935
0
LINE
8
BLACK
6
CONTINUOUS
10
-4.6259621259842518
20
5.7806701968503935
11
-4.6259944488188971
21
5.7806863779527555
0
LINE
8
BLACK
6
CONTINUOUS
10
-4.6259944488188971
20
5.7806863779527555
11
-4.6260213779527559
21
5.7807588188976373
0
LINE
8
BLACK
6
CONTINUOUS
10
-4.6260213779527559
20
5.7807588188976373
11
-4.6262596850393702
21
5.7811155511811023
0
LINE
8
BLACK
6
CONTINUOUS
10
-4.6262596850393702
20
5.7811155511811023
11
-4.6262596850393702
21
5.7814011023622047
0
LINE
8
BLACK
6
CONTINUOUS
10
-4.6262596850393702
20
5.7814011023622047
11
-4.6272361417322836
21
5.7840323622047247
0
LINE
8
BLACK
6
CONTINUOUS
10
-4.6272361417322836
20
5.7840323622047247
11
-4.6273129921259839
21
5.7846419685039372
0
LINE
8
BLACK
6
CONTINUOUS
10
-4.6273129921259839
20
5.7846419685039372
11
-4.6272388582677166
21
5.7847902755905514
0
LINE
8
BLACK
6
CONTINUOUS
10
-4.6272388582677166
20
5.7847902755905514
11
-4.6273114173228347
21
5.7862903149606302
0
LINE
8
BLACK
6
CONTINUOUS
10
-4.6273114173228347
20
5.7862903149606302
11
-4.6273129921259839
21
5.7862935039370074
0
LINE
8
BLACK
6
CONTINUOUS
10
-4.6273129921259839
20
5.7862935039370074
11
-4.6273117716535435
21
5.7862975984251968
0
LINE
8
BLACK
6
CONTINUOUS
10
-4.6273117716535435
20
5.7862975984251968
11
-4.627316968503937
21
5.7864051181102365
0
LINE
8
BLACK
6
CONTINUOUS
10
-4.627316968503937
20
5.7864051181102365
11
-4.6271970866141734
21
5.7870077559055115
0
LINE
8
BLACK
6
CONTINUOUS
10
-4.6271970866141734
20
5.7870077559055115
11
-4.6270609448818893
21
5.7871438976377956
0
LINE
8
BLACK
6
CONTINUOUS
10
-4.6270609448818893
20
5.7871438976377956
11
-4.6262987401574804
21
5.7897152362204727
0
LINE
8
BLACK
6
CONTINUOUS
10
-4.6262987401574804
20
5.7897152362204727
11
-4.6262596850393702
21
5.7897837401574801
0
LINE
8
BLACK
6
CONTINUOUS
10
-4.6262596850393702
20
5.7897837401574801
11
-4.6262596850393702
21
5.7898198818897635
0
LINE
8
BLACK
6
CONTINUOUS
10
-4.6262596850393702
20
5.7898198818897635
11
-4.626206377952756
21
5.7898772440944883
0
LINE
8
BLACK
6
CONTINUOUS
10
-4.626206377952756
20
5.7898772440944883
11
-4.6259944488188971
21
5.7902490551181103
0
LINE
8
BLACK
6
CONTINUOUS
10
-4.6259944488188971
20
5.7902490551181103
11
-4.6257453149606302
21
5.7903736220472437
0
LINE
8
BLACK
6
CONTINUOUS
10
-4.6257453149606302
20
5.7903736220472437
11
-4.6241198031496058
21
5.7921235039370078
0
LINE
8
BLACK
6
CONTINUOUS
10
-4.6241198031496058
20
5.7921235039370078
11
-4.6241196850393695
21
5.7921238188976378
0
LINE
8
BLACK
6
CONTINUOUS
10
-4.6241196850393695
20
5.7921238188976378
11
-4.6241193307086617
21
5.7921240157480316
0
LINE
8
BLACK
6
CONTINUOUS
10
-4.6241193307086617
20
5.7921240157480316
11
-4.6240435826771655
21
5.7922055511811026
0
LINE
8
BLACK
6
CONTINUOUS
10
-4.6240435826771655
20
5.7922055511811026
11
-4.623532677165354
21
5.7925469291338585
0
LINE
8
BLACK
6
CONTINUOUS
10
-4.623532677165354
20
5.7925469291338585
11
-4.6233598031496062
21
5.7925469291338585
0
LINE
8
BLACK
6
CONTINUOUS
10
-4.6233598031496062
20
5.7925469291338585
11
-4.6217595275590551
21
5.7934379527559052
0
LINE
8
BLACK
6
CONTINUOUS
10
-4.6217595275590551
20
5.7934379527559052
11
-4.6211668897637797
21
5.7936002362204722
0
LINE
8
BLACK
6
CONTINUOUS
10
-4.6211668897637797
20
5.7936002362204722
11
-4.6210438188976379
21
5.7935591732283465
0
LINE
8
BLACK
6
CONTINUOUS
10
-4.6210438188976379
20
5.7935591732283465
11
-4.6176876377952754
21
5.7944945669291341
0
LINE
8
BLACK
6
CONTINUOUS
10
-4.6176876377952754
20
5.7944945669291341
11
-4.6170739370078735
21
5.7945244094488189
0
LINE
8
BLACK
6
CONTINUOUS
10
-4.6170739370078735
20
5.7945244094488189
11
-4.616958346456693
21
5.7944550393700789
0
LINE
8
BLACK
6
CONTINUOUS
10
-4.616958346456693
20
5.7944550393700789
11
-4.6144935826771656
21
5.7945415748031497
0
LINE
8
BLACK
6
CONTINUOUS
10
-4.6144935826771656
20
5.7945415748031497
11
-4.6138909448818897
21
5.794421692913386
0
LINE
8
BLACK
6
CONTINUOUS
10
-4.5896403937007877
20
5.8186887401574801
11
-4.5885750393700784
21
5.8176233858267716
0
LINE
8
BLACK
6
CONTINUOUS
10
-4.5885750393700784
20
5.8176233858267716
11
-4.5884251968503937
21
5.7381299212598424
0
LINE
8
BLACK
6
CONTINUOUS
10
-4.5884251968503937
20
5.7381299212598424
11
-4.5885750393700784
21
5.7373766141732281
0
LINE
8
BLACK
6
CONTINUOUS
10
-4.5885750393700784
20
5.7373766141732281
11
-4.5896403937007877
21
5.7363112598425197
0
LINE
8
BLACK
6
CONTINUOUS
10
-4.5896403937007877
20
5.7363112598425197
11
-4.6396062992125984
21
5.7361614173228341
0
LINE
8
BLACK
6
CONTINUOUS
10
-4.6396062992125984
20
5.7361614173228341
11
-4.6403596062992127
21
5.7363112598425197
0
LINE
8
BLACK
6
CONTINUOUS
10
-4.6403596062992127
20
5.7363112598425197
11
-4.6414249606299212
21
5.7373766141732281
0
LINE
8
BLACK
6
CONTINUOUS
10
-4.6414249606299212
20
5.7373766141732281
11
-4.6415748031496058
21
5.8168700787401573
0
LINE
8
BLACK
6
CONTINUOUS
10
-4.6415748031496058
20
5.8168700787401573
11
-4.6414249606299212
21
5.8176233858267716
0
LINE
8
BLACK
6
CONTINUOUS
10
-4.6414249606299212
20
5.8176233858267716
11
-4.6403596062992127
21
5.8186887401574801
0
LINE
8
BLACK
6
CONTINUOUS
10
-4.6403596062992127
20
5.8186887401574801
11
-4.5903937007874012
21
5.8188385826771656
0
LINE
8
BLACK
6
CONTINUOUS
10
-4.5903937007874012
20
5.8188385826771656
11
-4.5896403937007877
21
5.8186887401574801
0
LINE
8
BLACK
6
CONTINUOUS
10
-4.6377825196850395
20
5.8149070078740159
11
-4.6376412598425194
21
5.7399567322834644
0
LINE
8
BLACK
6
CONTINUOUS
10
-4.6376412598425194
20
5.7399567322834644
11
-4.5922175196850397
21
5.740092952755905
0
LINE
8
BLACK
6
CONTINUOUS
10
-4.5922175196850397
20
5.740092952755905
11
-4.5923587795275589
21
5.8150432283464566
0
LINE
8
BLACK
6
CONTINUOUS
10
-4.5923587795275589
20
5.8150432283464566
11
-4.6377825196850395
21
5.8149070078740159
0
LINE
8
BLACK
6
CONTINUOUS
10
-4.730453267716535
20
5.7833343307086613
11
-4.7296385826771656
21
5.7825196850393699
0
LINE
8
BLACK
6
CONTINUOUS
10
-4.7296385826771656
20
5.7825196850393699
11
-4.7293821259842517
21
5.7819004724409444
0
LINE
8
BLACK
6
CONTINUOUS
10
-4.7293821259842517
20
5.7819004724409444
11
-4.7291977165354329
21
5.7814552755905506
0
LINE
8
BLACK
6
CONTINUOUS
10
-4.7291977165354329
20
5.7814552755905506
11
-4.729140984251968
21
5.7565072834645665
0
LINE
8
BLACK
6
CONTINUOUS
10
-4.729140984251968
20
5.7565072834645665
11
-4.7291977165354329
21
5.7559312204724407
0
LINE
8
BLACK
6
CONTINUOUS
10
-4.7291977165354329
20
5.7559312204724407
11
-4.7296386220472444
21
5.7548668110236223
0
LINE
8
BLACK
6
CONTINUOUS
10
-4.7296386220472444
20
5.7548668110236223
11
-4.730453267716535
21
5.7540521653543308
0
LINE
8
BLACK
6
CONTINUOUS
10
-4.730453267716535
20
5.7540521653543308
11
-4.7315176771653542
21
5.7536112598425193
0
LINE
8
BLACK
6
CONTINUOUS
10
-4.7315176771653542
20
5.7536112598425193
11
-4.7326698031496059
21
5.7536112598425193
0
LINE
8
BLACK
6
CONTINUOUS
10
-4.7326698031496059
20
5.7536112598425193
11
-4.7337342125984252
21
5.7540521653543308
0
LINE
8
BLACK
6
CONTINUOUS
10
-4.7337342125984252
20
5.7540521653543308
11
-4.7345488582677167
21
5.7548668110236223
0
LINE
8
BLACK
6
CONTINUOUS
10
-4.7345488582677167
20
5.7548668110236223
11
-4.7349897637795273
21
5.7559312204724407
0
LINE
8
BLACK
6
CONTINUOUS
10
-4.7349897637795273
20
5.7559312204724407
11
-4.7350304724409451
21
5.7738279527559051
0
LINE
8
BLACK
6
CONTINUOUS
10
-4.7350304724409451
20
5.7738279527559051
11
-4.7525030314960626
21
5.7562941338582672
0
LINE
8
BLACK
6
CONTINUOUS
10
-4.7525030314960626
20
5.7562941338582672
11
-4.7529504724409444
21
5.7559269291338584
0
LINE
8
BLACK
6
CONTINUOUS
10
-4.7529504724409444
20
5.7559269291338584
11
-4.7530485433070861
21
5.7558862992125981
0
LINE
8
BLACK
6
CONTINUOUS
10
-4.7530485433070861
20
5.7558862992125981
11
-4.7531286614173229
21
5.7558168110236219
0
LINE
8
BLACK
6
CONTINUOUS
10
-4.7531286614173229
20
5.7558168110236219
11
-4.7536389763779523
21
5.7556417322834648
0
LINE
8
BLACK
6
CONTINUOUS
10
-4.7536389763779523
20
5.7556417322834648
11
-4.7540149212598424
21
5.7554860236220469
0
LINE
8
BLACK
6
CONTINUOUS
10
-4.7540149212598424
20
5.7554860236220469
11
-4.7540929133858265
21
5.7554860236220469
0
LINE
8
BLACK
6
CONTINUOUS
10
-4.7540929133858265
20
5.7554860236220469
11
-4.7592814960629921
21
5.7537060629921255
0
LINE
8
BLACK
6
CONTINUOUS
10
-4.7592814960629921
20
5.7537060629921255
11
-4.7595670866141733
21
5.7536411023622049
0
LINE
8
BLACK
6
CONTINUOUS
10
-4.7595670866141733
20
5.7536411023622049
11
-4.7596391732283463
21
5.7536112598425193
0
LINE
8
BLACK
6
CONTINUOUS
10
-4.7596391732283463
20
5.7536112598425193
11
-4.7597020866141735
21
5.7536104330708664
0
LINE
8
BLACK
6
CONTINUOUS
10
-4.7597020866141735
20
5.7536104330708664
11
-4.7598459448818895
21
5.7535777165354327
0
LINE
8
BLACK
6
CONTINUOUS
10
-4.7598459448818895
20
5.7535777165354327
11
-4.7602121259842516
21
5.7536037401574802
0
LINE
8
BLACK
6
CONTINUOUS
10
-4.7602121259842516
20
5.7536037401574802
11
-4.7639647637795273
21
5.7535545275590554
0
LINE
8
BLACK
6
CONTINUOUS
10
-4.7639647637795273
20
5.7535545275590554
11
-4.7645408267716531
21
5.7536112598425193
0
LINE
8
BLACK
6
CONTINUOUS
10
-4.7645408267716531
20
5.7536112598425193
11
-4.7646388188976374
21
5.7536518110236221
0
LINE
8
BLACK
6
CONTINUOUS
10
-4.7646388188976374
20
5.7536518110236221
11
-4.7647446850393695
21
5.75365937007874
0
LINE
8
BLACK
6
CONTINUOUS
10
-4.7647446850393695
20
5.75365937007874
11
-4.7652564566929136
21
5.7539076771653539
0
LINE
8
BLACK
6
CONTINUOUS
10
-4.7652564566929136
20
5.7539076771653539
11
-4.7656052362204724
21
5.7540521653543308
0
LINE
8
BLACK
6
CONTINUOUS
10
-4.7656052362204724
20
5.7540521653543308
11
-4.765653346456693
21
5.7541002362204727
0
LINE
8
BLACK
6
CONTINUOUS
10
-4.765653346456693
20
5.7541002362204727
11
-4.7690348031496059
21
5.755741023622047
0
LINE
8
BLACK
6
CONTINUOUS
10
-4.7690348031496059
20
5.755741023622047
11
-4.7692828346456695
21
5.7558970866141728
0
LINE
8
BLACK
6
CONTINUOUS
10
-4.7692828346456695
20
5.7558970866141728
11
-4.7693547637795275
21
5.7559269291338584
0
LINE
8
BLACK
6
CONTINUOUS
10
-4.7693547637795275
20
5.7559269291338584
11
-4.7694008661417318
21
5.7559714173228347
0
LINE
8
BLACK
6
CONTINUOUS
10
-4.7694008661417318
20
5.7559714173228347
11
-4.7695246850393698
21
5.7560493700787401
0
LINE
8
BLACK
6
CONTINUOUS
10
-4.7695246850393698
20
5.7560493700787401
11
-4.7697464566929133
21
5.756305039370079
0
LINE
8
BLACK
6
CONTINUOUS
10
-4.7697464566929133
20
5.756305039370079
11
-4.7716769685039369
21
5.7581688976377947
0
LINE
8
BLACK
6
CONTINUOUS
10
-4.7716769685039369
20
5.7581688976377947
11
-4.771862755905512
21
5.7583952362204727
0
LINE
8
BLACK
6
CONTINUOUS
10
-4.771862755905512
20
5.7583952362204727
11
-4.7719217322834648
21
5.7584464173228342
0
LINE
8
BLACK
6
CONTINUOUS
10
-4.7719217322834648
20
5.7584464173228342
11
-4.771950393700787
21
5.758502047244094
0
LINE
8
BLACK
6
CONTINUOUS
10
-4.771950393700787
20
5.758502047244094
11
-4.7720441732283465
21
5.7586163385826774
0
LINE
8
BLACK
6
CONTINUOUS
10
-4.7720441732283465
20
5.7586163385826774
11
-4.7721878346456688
21
5.7589631102362207
0
LINE
8
BLACK
6
CONTINUOUS
10
-4.7721878346456688
20
5.7589631102362207
11
-4.7741048425196846
21
5.7626858267716532
0
LINE
8
BLACK
6
CONTINUOUS
10
-4.7741048425196846
20
5.7626858267716532
11
-4.7743117322834641
21
5.7632264566929132
0
LINE
8
BLACK
6
CONTINUOUS
10
-4.7743117322834641
20
5.7632264566929132
11
-4.774319251968504
21
5.7633322440944879
0
LINE
8
BLACK
6
CONTINUOUS
10
-4.774319251968504
20
5.7633322440944879
11
-4.7743598425196847
21
5.7634302755905509
0
LINE
8
BLACK
6
CONTINUOUS
10
-4.7743598425196847
20
5.7634302755905509
11
-4.7743627952755903
21
5.7639448425196846
0
LINE
8
BLACK
6
CONTINUOUS
10
-4.7743627952755903
20
5.7639448425196846
11
-4.7743933858267713
21
5.7643756692913382
0
LINE
8
BLACK
6
CONTINUOUS
10
-4.7743933858267713
20
5.7643756692913382
11
-4.7743657086614171
21
5.7644587007874017
0
LINE
8
BLACK
6
CONTINUOUS
10
-4.7743657086614171
20
5.7644587007874017
11
-4.7744165748031495
21
5.7733801574803145
0
LINE
8
BLACK
6
CONTINUOUS
10
-4.7744165748031495
20
5.7733801574803145
11
-4.7743598425196847
21
5.7739562204724404
0
LINE
8
BLACK
6
CONTINUOUS
10
-4.7743598425196847
20
5.7739562204724404
11
-4.774319251968504
21
5.7740542125984247
0
LINE
8
BLACK
6
CONTINUOUS
10
-4.774319251968504
20
5.7740542125984247
11
-4.7743117322834641
21
5.7741600393700789
0
LINE
8
BLACK
6
CONTINUOUS
10
-4.7743117322834641
20
5.7741600393700789
11
-4.7740635433070864
21
5.7746715748031496
0
LINE
8
BLACK
6
CONTINUOUS
10
-4.7740635433070864
20
5.7746715748031496
11
-4.7739189370078741
21
5.7750206299212596
0
LINE
8
BLACK
6
CONTINUOUS
10
-4.7739189370078741
20
5.7750206299212596
11
-4.7738708267716534
21
5.7750687401574803
0
LINE
8
BLACK
6
CONTINUOUS
10
-4.7738708267716534
20
5.7750687401574803
11
-4.772230078740157
21
5.7784501968503932
0
LINE
8
BLACK
6
CONTINUOUS
10
-4.772230078740157
20
5.7784501968503932
11
-4.7720740157480313
21
5.778698188976378
0
LINE
8
BLACK
6
CONTINUOUS
10
-4.7720740157480313
20
5.778698188976378
11
-4.7720441732283465
21
5.7787701574803148
0
LINE
8
BLACK
6
CONTINUOUS
10
-4.7720441732283465
20
5.7787701574803148
11
-4.7719996850393702
21
5.7788162204724411
0
LINE
8
BLACK
6
CONTINUOUS
10
-4.7719996850393702
20
5.7788162204724411
11
-4.7719217322834648
21
5.778940078740157
0
LINE
8
BLACK
6
CONTINUOUS
10
-4.7719217322834648
20
5.778940078740157
11
-4.7716660629921259
21
5.7791618110236218
0
LINE
8
BLACK
6
CONTINUOUS
10
-4.7716660629921259
20
5.7791618110236218
11
-4.7698022047244093
21
5.7810923622047241
0
LINE
8
BLACK
6
CONTINUOUS
10
-4.7698022047244093
20
5.7810923622047241
11
-4.7693547637795275
21
5.7814595669291338
0
LINE
8
BLACK
6
CONTINUOUS
10
-4.7693547637795275
20
5.7814595669291338
11
-4.7682903543307082
21
5.7819004724409444
0
LINE
8
BLACK
6
CONTINUOUS
10
-4.7682903543307082
20
5.7819004724409444
11
-4.7671382677165353
21
5.7819004724409444
0
LINE
8
BLACK
6
CONTINUOUS
10
-4.7671382677165353
20
5.7819004724409444
11
-4.766073858267716
21
5.7814595669291338
0
LINE
8
BLACK
6
CONTINUOUS
10
-4.766073858267716
20
5.7814595669291338
11
-4.7652591732283467
21
5.7806448818897636
0
LINE
8
BLACK
6
CONTINUOUS
10
-4.7652591732283467
20
5.7806448818897636
11
-4.7648182677165352
21
5.7795804724409452
0
LINE
8
BLACK
6
CONTINUOUS
10
-4.7648182677165352
20
5.7795804724409452
11
-4.7648182677165352
21
5.7784283858267713
0
LINE
8
BLACK
6
CONTINUOUS
10
-4.7648182677165352
20
5.7784283858267713
11
-4.7652591732283467
21
5.777363976377953
0
LINE
8
BLACK
6
CONTINUOUS
10
-4.7652591732283467
20
5.777363976377953
11
-4.767249173228346
21
5.7753027559055115
0
LINE
8
BLACK
6
CONTINUOUS
10
-4.767249173228346
20
5.7753027559055115
11
-4.7685600787401574
21
5.7726011023622048
0
LINE
8
BLACK
6
CONTINUOUS
10
-4.7685600787401574
20
5.7726011023622048
11
-4.7685145669291336
21
5.7646193700787398
0
LINE
8
BLACK
6
CONTINUOUS
10
-4.7685145669291336
20
5.7646193700787398
11
-4.7671207480314957
21
5.7619126377952758
0
LINE
8
BLACK
6
CONTINUOUS
10
-4.7671207480314957
20
5.7619126377952758
11
-4.7658873622047242
21
5.7607218897637793
0
LINE
8
BLACK
6
CONTINUOUS
10
-4.7658873622047242
20
5.7607218897637793
11
-4.7632059055118106
21
5.7594207874015746
0
LINE
8
BLACK
6
CONTINUOUS
10
-4.7632059055118106
20
5.7594207874015746
11
-4.7605611811023625
21
5.759455472440945
0
LINE
8
BLACK
6
CONTINUOUS
10
-4.7605611811023625
20
5.759455472440945
11
-4.7560787795275585
21
5.7609931889763777
0
LINE
8
BLACK
6
CONTINUOUS
10
-4.7560787795275585
20
5.7609931889763777
11
-4.734181653543307
21
5.7829671259842517
0
LINE
8
BLACK
6
CONTINUOUS
10
-4.734181653543307
20
5.7829671259842517
11
-4.7337342125984252
21
5.7833343700787401
0
LINE
8
BLACK
6
CONTINUOUS
10
-4.7337342125984252
20
5.7833343700787401
11
-4.7329815748031496
21
5.783646102362205
0
LINE
8
BLACK
6
CONTINUOUS
10
-4.7329815748031496
20
5.783646102362205
11
-4.7326698031496059
21
5.783775236220472
0
LINE
8
BLACK
6
CONTINUOUS
10
-4.7326698031496059
20
5.783775236220472
11
-4.7315176771653542
21
5.783775236220472
0
LINE
8
BLACK
6
CONTINUOUS
10
-4.7315176771653542
20
5.783775236220472
11
-4.730453267716535
21
5.7833343307086613
0
LINE
8
BLACK
6
CONTINUOUS
10
-4.6981813385826774
20
5.7980367716535435
11
-4.6980746062992127
21
5.7932924015748029
0
LINE
8
BLACK
6
CONTINUOUS
10
-4.6980746062992127
20
5.7932924015748029
11
-4.6921259842519687
21
5.7933464566929134
0
LINE
8
BLACK
6
CONTINUOUS
10
-4.6921259842519687
20
5.7933464566929134
11
-4.6918406299212601
21
5.7932896850393698
0
LINE
8
BLACK
6
CONTINUOUS
10
-4.6918406299212601
20
5.7932896850393698
11
-4.6917439763779525
21
5.7933090157480311
0
LINE
8
BLACK
6
CONTINUOUS
10
-4.6917439763779525
20
5.7933090157480311
11
-4.6916615748031498
21
5.7932540551181102
0
LINE
8
BLACK
6
CONTINUOUS
10
-4.6916615748031498
20
5.7932540551181102
11
-4.6913726771653543
21
5.7931966141732278
0
LINE
8
BLACK
6
CONTINUOUS
10
-4.6913726771653543
20
5.7931966141732278
11
-4.6909673228346458
21
5.7927912204724405
0
LINE
8
BLACK
6
CONTINUOUS
10
-4.6909673228346458
20
5.7927912204724405
11
-4.6904903937007871
21
5.7924733070866141
0
LINE
8
BLACK
6
CONTINUOUS
10
-4.6904903937007871
20
5.7924733070866141
11
-4.6904506692913381
21
5.7922745669291338
0
LINE
8
BLACK
6
CONTINUOUS
10
-4.6904506692913381
20
5.7922745669291338
11
-4.6903073228346459
21
5.7921312598425194
0
LINE
8
BLACK
6
CONTINUOUS
10
-4.6903073228346459
20
5.7921312598425194
11
-4.6903073228346459
21
5.7915579527559053
0
LINE
8
BLACK
6
CONTINUOUS
10
-4.6903073228346459
20
5.7915579527559053
11
-4.6901949212598426
21
5.7909959448818897
0
LINE
8
BLACK
6
CONTINUOUS
10
-4.6901949212598426
20
5.7909959448818897
11
-4.6903073228346459
21
5.7908236220472435
0
LINE
8
BLACK
6
CONTINUOUS
10
-4.6903073228346459
20
5.7908236220472435
11
-4.6903073228346459
21
5.7906246456692916
0
LINE
8
BLACK
6
CONTINUOUS
10
-4.6903073228346459
20
5.7906246456692916
11
-4.6906805905511808
21
5.7902513779527558
0
LINE
8
BLACK
6
CONTINUOUS
10
-4.6906805905511808
20
5.7902513779527558
11
-4.6963911023622043
21
5.781496692913386
0
LINE
8
BLACK
6
CONTINUOUS
10
-4.6963911023622043
20
5.781496692913386
11
-4.6921259842519687
21
5.7815354330708661
0
LINE
8
BLACK
6
CONTINUOUS
10
-4.6921259842519687
20
5.7815354330708661
11
-4.6913726771653543
21
5.7813855905511806
0
LINE
8
BLACK
6
CONTINUOUS
10
-4.6913726771653543
20
5.7813855905511806
11
-4.6903073228346459
21
5.7803202362204722
0
LINE
8
BLACK
6
CONTINUOUS
10
-4.6903073228346459
20
5.7803202362204722
11
-4.6903073228346459
21
5.7788136220472444
0
LINE
8
BLACK
6
CONTINUOUS
10
-4.6903073228346459
20
5.7788136220472444
11
-4.6913726771653543
21
5.777748267716535
0
LINE
8
BLACK
6
CONTINUOUS
10
-4.6913726771653543
20
5.777748267716535
11
-4.6981220866141733
21
5.7776869685039367
0
LINE
8
BLACK
6
CONTINUOUS
10
-4.6981220866141733
20
5.7776869685039367
11
-4.6980314960629919
21
5.7736614173228347
0
LINE
8
BLACK
6
CONTINUOUS
10
-4.6980314960629919
20
5.7736614173228347
11
-4.6981813385826774
21
5.7729081102362203
0
LINE
8
BLACK
6
CONTINUOUS
10
-4.6981813385826774
20
5.7729081102362203
11
-4.6992466929133858
21
5.7718427559055119
0
LINE
8
BLACK
6
CONTINUOUS
10
-4.6992466929133858
20
5.7718427559055119
11
-4.7007533070866137
21
5.7718427559055119
0
LINE
8
BLACK
6
CONTINUOUS
10
-4.7007533070866137
20
5.7718427559055119
11
-4.701818661417323
21
5.7729081102362203
0
LINE
8
BLACK
6
CONTINUOUS
10
-4.701818661417323
20
5.7729081102362203
11
-4.7019254330708664
21
5.7776524409448822
0
LINE
8
BLACK
6
CONTINUOUS
10
-4.7019254330708664
20
5.7776524409448822
11
-4.7078740157480317
21
5.7775984251968504
0
LINE
8
BLACK
6
CONTINUOUS
10
-4.7078740157480317
20
5.7775984251968504
11
-4.7086273228346451
21
5.777748267716535
0
LINE
8
BLACK
6
CONTINUOUS
10
-4.7086273228346451
20
5.777748267716535
11
-4.7096926771653544
21
5.7788136220472444
0
LINE
8
BLACK
6
CONTINUOUS
10
-4.7096926771653544
20
5.7788136220472444
11
-4.7096926771653544
21
5.7803202362204722
0
LINE
8
BLACK
6
CONTINUOUS
10
-4.7096926771653544
20
5.7803202362204722
11
-4.7086273228346451
21
5.7813855905511806
0
LINE
8
BLACK
6
CONTINUOUS
10
-4.7086273228346451
20
5.7813855905511806
11
-4.7034803937007874
21
5.7814323228346458
0
LINE
8
BLACK
6
CONTINUOUS
10
-4.7034803937007874
20
5.7814323228346458
11
-4.7095119291338579
21
5.7902860236220475
0
LINE
8
BLACK
6
CONTINUOUS
10
-4.7095119291338579
20
5.7902860236220475
11
-4.7096229921259845
21
5.7905549212598419
0
LINE
8
BLACK
6
CONTINUOUS
10
-4.7096229921259845
20
5.7905549212598419
11
-4.7096926771653544
21
5.7906246456692916
0
LINE
8
BLACK
6
CONTINUOUS
10
-4.7096926771653544
20
5.7906246456692916
11
-4.7096926771653544
21
5.79072374015748
0
LINE
8
BLACK
6
CONTINUOUS
10
-4.7096926771653544
20
5.79072374015748
11
-4.7098050787401577
21
5.7909959448818897
0
LINE
8
BLACK
6
CONTINUOUS
10
-4.7098050787401577
20
5.7909959448818897
11
-4.7096926771653544
21
5.7915579527559053
0
LINE
8
BLACK
6
CONTINUOUS
10
-4.7096926771653544
20
5.7915579527559053
11
-4.7096926771653544
21
5.7921312598425194
0
LINE
8
BLACK
6
CONTINUOUS
10
-4.7096926771653544
20
5.7921312598425194
11
-4.7095493700787401
21
5.7922745669291338
0
LINE
8
BLACK
6
CONTINUOUS
10
-4.7095493700787401
20
5.7922745669291338
11
-4.7095096062992123
21
5.7924733070866141
0
LINE
8
BLACK
6
CONTINUOUS
10
-4.7095096062992123
20
5.7924733070866141
11
-4.7090327165354333
21
5.7927912204724405
0
LINE
8
BLACK
6
CONTINUOUS
10
-4.7090327165354333
20
5.7927912204724405
11
-4.7086273228346451
21
5.7931966141732278
0
LINE
8
BLACK
6
CONTINUOUS
10
-4.7086273228346451
20
5.7931966141732278
11
-4.7084218503937008
21
5.7931984645669292
0
LINE
8
BLACK
6
CONTINUOUS
10
-4.7084218503937008
20
5.7931984645669292
11
-4.708256023622047
21
5.7933090157480311
0
LINE
8
BLACK
6
CONTINUOUS
10
-4.708256023622047
20
5.7933090157480311
11
-4.7077345669291342
21
5.7932046850393704
0
LINE
8
BLACK
6
CONTINUOUS
10
-4.7077345669291342
20
5.7932046850393704
11
-4.7018779527559058
21
5.7932578740157483
0
LINE
8
BLACK
6
CONTINUOUS
10
-4.7018779527559058
20
5.7932578740157483
11
-4.7019685039370076
21
5.7972834645669291
0
LINE
8
BLACK
6
CONTINUOUS
10
-4.7019685039370076
20
5.7972834645669291
11
-4.701818661417323
21
5.7980367716535435
0
LINE
8
BLACK
6
CONTINUOUS
10
-4.701818661417323
20
5.7980367716535435
11
-4.7007533070866137
21
5.7991021259842519
0
LINE
8
BLACK
6
CONTINUOUS
10
-4.7007533070866137
20
5.7991021259842519
11
-4.6992466929133858
21
5.7991021259842519
0
LINE
8
BLACK
6
CONTINUOUS
10
-4.6992466929133858
20
5.7991021259842519
11
-4.6981813385826774
21
5.7980367716535435
0
LINE
8
BLACK
6
CONTINUOUS
10
-4.7043452362204725
20
5.7894414566929129
11
-4.6999488188976377
21
5.7829879133858269
0
LINE
8
BLACK
6
CONTINUOUS
10
-4.6999488188976377
20
5.7829879133858269
11
-4.6956879921259844
21
5.7895200787401571
0
LINE
8
BLACK
6
CONTINUOUS
10
-4.6956879921259844
20
5.7895200787401571
11
-4.7043452362204725
21
5.7894414566929129
0
LINE
8
BLACK
6
CONTINUOUS
10
-4.6815301574803145
20
5.8148501574803149
11
-4.6804648031496061
21
5.8137848031496064
0
LINE
8
BLACK
6
CONTINUOUS
10
-4.6804648031496061
20
5.8137848031496064
11
-4.6803149606299215
21
5.7618503937007874
0
LINE
8
BLACK
6
CONTINUOUS
10
-4.6803149606299215
20
5.7618503937007874
11
-4.6804648031496061
21
5.7610970866141731
0
LINE
8
BLACK
6
CONTINUOUS
10
-4.6804648031496061
20
5.7610970866141731
11
-4.6815301574803145
21
5.7600317322834647
0
LINE
8
BLACK
6
CONTINUOUS
10
-4.6815301574803145
20
5.7600317322834647
11
-4.7177165354330706
21
5.7598818897637791
0
LINE
8
BLACK
6
CONTINUOUS
10
-4.7177165354330706
20
5.7598818897637791
11
-4.7184698425196849
21
5.7600317322834647
0
LINE
8
BLACK
6
CONTINUOUS
10
-4.7184698425196849
20
5.7600317322834647
11
-4.7195351968503934
21
5.7610970866141731
0
LINE
8
BLACK
6
CONTINUOUS
10
-4.7195351968503934
20
5.7610970866141731
11
-4.7196850393700789
21
5.8130314960629921
0
LINE
8
BLACK
6
CONTINUOUS
10
-4.7196850393700789
20
5.8130314960629921
11
-4.7195351968503934
21
5.8137848031496064
0
LINE
8
BLACK
6
CONTINUOUS
10
-4.7195351968503934
20
5.8137848031496064
11
-4.7184698425196849
21
5.8148501574803149
0
LINE
8
BLACK
6
CONTINUOUS
10
-4.7184698425196849
20
5.8148501574803149
11
-4.6822834645669289
21
5.8149999999999995
0
LINE
8
BLACK
6
CONTINUOUS
10
-4.6822834645669289
20
5.8149999999999995
11
-4.6815301574803145
21
5.8148501574803149
0
LINE
8
BLACK
6
CONTINUOUS
10
-4.7158900787401574
20
5.8110705511811025
11
-4.715753346456693
21
5.7636802755905512
0
LINE
8
BLACK
6
CONTINUOUS
10
-4.715753346456693
20
5.7636802755905512
11
-4.6841099606299208
21
5.7638112992125983
0
LINE
8
BLACK
6
CONTINUOUS
10
-4.6841099606299208
20
5.7638112992125983
11
-4.6842466929133861
21
5.8112015748031496
0
LINE
8
BLACK
6
CONTINUOUS
10
-4.6842466929133861
20
5.8112015748031496
11
-4.7158900787401574
21
5.8110705511811025
0
LINE
8
BLACK
6
CONTINUOUS
10
-4.7315176771653542
20
5.8193957874015743
11
-4.730453267716535
21
5.8189548818897636
0
LINE
8
BLACK
6
CONTINUOUS
10
-4.730453267716535
20
5.8189548818897636
11
-4.7296386220472444
21
5.8181402362204722
0
LINE
8
BLACK
6
CONTINUOUS
10
-4.7296386220472444
20
5.8181402362204722
11
-4.7291977165354329
21
5.8170758267716538
0
LINE
8
BLACK
6
CONTINUOUS
10
-4.7291977165354329
20
5.8170758267716538
11
-4.729140984251968
21
5.8071259448818893
0
LINE
8
BLACK
6
CONTINUOUS
10
-4.729140984251968
20
5.8071259448818893
11
-4.7291697244094486
21
5.8068343307086616
0
LINE
8
BLACK
6
CONTINUOUS
10
-4.7291697244094486
20
5.8068343307086616
11
-4.7291641732283463
21
5.8067566141732279
0
LINE
8
BLACK
6
CONTINUOUS
10
-4.7291641732283463
20
5.8067566141732279
11
-4.7291831496062988
21
5.8066980314960626
0
LINE
8
BLACK
6
CONTINUOUS
10
-4.7291831496062988
20
5.8066980314960626
11
-4.7291977165354329
21
5.8065498818897634
0
LINE
8
BLACK
6
CONTINUOUS
10
-4.7291977165354329
20
5.8065498818897634
11
-4.7293503937007877
21
5.806181338582677
0
LINE
8
BLACK
6
CONTINUOUS
10
-4.7293503937007877
20
5.806181338582677
11
-4.7311672834645666
21
5.8005679133858266
0
LINE
8
BLACK
6
CONTINUOUS
10
-4.7311672834645666
20
5.8005679133858266
11
-4.7314032677165354
21
5.8000393307086613
0
LINE
8
BLACK
6
CONTINUOUS
10
-4.7314032677165354
20
5.8000393307086613
11
-4.7314727559055116
21
5.7999592125984254
0
LINE
8
BLACK
6
CONTINUOUS
10
-4.7314727559055116
20
5.7999592125984254
11
-4.7315133464566932
21
5.7998611811023624
0
LINE
8
BLACK
6
CONTINUOUS
10
-4.7315133464566932
20
5.7998611811023624
11
-4.7318971259842515
21
5.799469921259842
0
LINE
8
BLACK
6
CONTINUOUS
10
-4.7318971259842515
20
5.799469921259842
11
-4.732158149606299
21
5.7991689763779526
0
LINE
8
BLACK
6
CONTINUOUS
10
-4.732158149606299
20
5.7991689763779526
11
-4.7322252362204722
21
5.799135433070866
0
LINE
8
BLACK
6
CONTINUOUS
10
-4.7322252362204722
20
5.799135433070866
11
-4.7356301574803146
21
5.7956642125984255
0
LINE
8
BLACK
6
CONTINUOUS
10
-4.7356301574803146
20
5.7956642125984255
11
-4.7358565354330704
21
5.7954784251968503
0
LINE
8
BLACK
6
CONTINUOUS
10
-4.7358565354330704
20
5.7954784251968503
11
-4.7359076771653541
21
5.7954194488188975
0
LINE
8
BLACK
6
CONTINUOUS
10
-4.7359076771653541
20
5.7954194488188975
11
-4.7359633070866138
21
5.7953907874015744
0
LINE
8
BLACK
6
CONTINUOUS
10
-4.7359633070866138
20
5.7953907874015744
11
-4.7360776377952751
21
5.7952969685039371
0
LINE
8
BLACK
6
CONTINUOUS
10
-4.7360776377952751
20
5.7952969685039371
11
-4.7364245669291334
21
5.7951532677165352
0
LINE
8
BLACK
6
CONTINUOUS
10
-4.7364245669291334
20
5.7951532677165352
11
-4.7401470866141731
21
5.7932363385826768
0
LINE
8
BLACK
6
CONTINUOUS
10
-4.7401470866141731
20
5.7932363385826768
11
-4.7401892125984251
21
5.7932201968503936
0
LINE
8
BLACK
6
CONTINUOUS
10
-4.7401892125984251
20
5.7932201968503936
11
-4.7402063385826771
21
5.7932075196850397
0
LINE
8
BLACK
6
CONTINUOUS
10
-4.7402063385826771
20
5.7932075196850397
11
-4.7402553543307082
21
5.7931948818897636
0
LINE
8
BLACK
6
CONTINUOUS
10
-4.7402553543307082
20
5.7931948818897636
11
-4.7406877165354331
21
5.7930294488188974
0
LINE
8
BLACK
6
CONTINUOUS
10
-4.7406877165354331
20
5.7930294488188974
11
-4.7409789370078741
21
5.7930087401574806
0
LINE
8
BLACK
6
CONTINUOUS
10
-4.7409789370078741
20
5.7930087401574806
11
-4.7482505118110234
21
5.791137992125984
0
LINE
8
BLACK
6
CONTINUOUS
10
-4.7482505118110234
20
5.791137992125984
11
-4.7483503937007869
21
5.7911231889763775
0
LINE
8
BLACK
6
CONTINUOUS
10
-4.7483503937007869
20
5.7911231889763775
11
-4.748390590551181
21
5.7911065748031492
0
LINE
8
BLACK
6
CONTINUOUS
10
-4.748390590551181
20
5.7911065748031492
11
-4.7484678346456688
21
5.7911058661417325
0
LINE
8
BLACK
6
CONTINUOUS
10
-4.7484678346456688
20
5.7911058661417325
11
-4.7488231102362199
21
5.7910533464566925
0
LINE
8
BLACK
6
CONTINUOUS
10
-4.7488231102362199
20
5.7910533464566925
11
-4.7491350787401574
21
5.7910997244094489
0
LINE
8
BLACK
6
CONTINUOUS
10
-4.7491350787401574
20
5.7910997244094489
11
-4.7545909448818895
21
5.7910498425196852
0
LINE
8
BLACK
6
CONTINUOUS
10
-4.7545909448818895
20
5.7910498425196852
11
-4.7546914960629918
21
5.7910597244094486
0
LINE
8
BLACK
6
CONTINUOUS
10
-4.7546914960629918
20
5.7910597244094486
11
-4.7547344881889764
21
5.7910533464566925
0
LINE
8
BLACK
6
CONTINUOUS
10
-4.7547344881889764
20
5.7910533464566925
11
-4.7548081889763782
21
5.7910712204724408
0
LINE
8
BLACK
6
CONTINUOUS
10
-4.7548081889763782
20
5.7910712204724408
11
-4.7551670078740154
21
5.7911065748031492
0
LINE
8
BLACK
6
CONTINUOUS
10
-4.7551670078740154
20
5.7911065748031492
11
-4.7554689370078735
21
5.7912316141732285
0
LINE
8
BLACK
6
CONTINUOUS
10
-4.7554689370078735
20
5.7912316141732285
11
-4.7628061417322831
21
5.7930127559055116
0
LINE
8
BLACK
6
CONTINUOUS
10
-4.7628061417322831
20
5.7930127559055116
11
-4.7628486614173227
21
5.7930279133858269
0
LINE
8
BLACK
6
CONTINUOUS
10
-4.7628486614173227
20
5.7930279133858269
11
-4.762869921259842
21
5.7930294488188974
0
LINE
8
BLACK
6
CONTINUOUS
10
-4.762869921259842
20
5.7930294488188974
11
-4.7629175984251964
21
5.7930525590551181
0
LINE
8
BLACK
6
CONTINUOUS
10
-4.7629175984251964
20
5.7930525590551181
11
-4.7633512598425192
21
5.7932075196850397
0
LINE
8
BLACK
6
CONTINUOUS
10
-4.7633512598425192
20
5.7932075196850397
11
-4.7635682283464567
21
5.7933682283464565
0
LINE
8
BLACK
6
CONTINUOUS
10
-4.7635682283464567
20
5.7933682283464565
11
-4.7671600393700784
21
5.7951111023622044
0
LINE
8
BLACK
6
CONTINUOUS
10
-4.7671600393700784
20
5.7951111023622044
11
-4.7674078740157482
21
5.7952670866141727
0
LINE
8
BLACK
6
CONTINUOUS
10
-4.7674078740157482
20
5.7952670866141727
11
-4.7674799999999999
21
5.7952969685039371
0
LINE
8
BLACK
6
CONTINUOUS
10
-4.7674799999999999
20
5.7952969685039371
11
-4.767524212598425
21
5.7953402755905508
0
LINE
8
BLACK
6
CONTINUOUS
10
-4.767524212598425
20
5.7953402755905508
11
-4.7676499212598422
21
5.7954194488188975
0
LINE
8
BLACK
6
CONTINUOUS
10
-4.7676499212598422
20
5.7954194488188975
11
-4.7679066141732278
21
5.795715393700787
0
LINE
8
BLACK
6
CONTINUOUS
10
-4.7679066141732278
20
5.795715393700787
11
-4.7716769685039369
21
5.7994137401574806
0
LINE
8
BLACK
6
CONTINUOUS
10
-4.7716769685039369
20
5.7994137401574806
11
-4.7720441732283465
21
5.7998611811023624
0
LINE
8
BLACK
6
CONTINUOUS
10
-4.7720441732283465
20
5.7998611811023624
11
-4.7720848031496059
21
5.7999592125984254
0
LINE
8
BLACK
6
CONTINUOUS
10
-4.7720848031496059
20
5.7999592125984254
11
-4.7721542913385822
21
5.80003937007874
0
LINE
8
BLACK
6
CONTINUOUS
10
-4.7721542913385822
20
5.80003937007874
11
-4.7723293700787401
21
5.8005496456692915
0
LINE
8
BLACK
6
CONTINUOUS
10
-4.7723293700787401
20
5.8005496456692915
11
-4.7724850787401571
21
5.8009256299212595
0
LINE
8
BLACK
6
CONTINUOUS
10
-4.7724850787401571
20
5.8009256299212595
11
-4.7724850787401571
21
5.8010035826771649
0
LINE
8
BLACK
6
CONTINUOUS
10
-4.7724850787401571
20
5.8010035826771649
11
-4.7742650393700785
21
5.8061922047244092
0
LINE
8
BLACK
6
CONTINUOUS
10
-4.7742650393700785
20
5.8061922047244092
11
-4.77433
21
5.8064777559055116
0
LINE
8
BLACK
6
CONTINUOUS
10
-4.77433
20
5.8064777559055116
11
-4.7743598425196847
21
5.8065498818897634
0
LINE
8
BLACK
6
CONTINUOUS
10
-4.7743598425196847
20
5.8065498818897634
11
-4.7743601968503935
21
5.8066106299212601
0
LINE
8
BLACK
6
CONTINUOUS
10
-4.7743601968503935
20
5.8066106299212601
11
-4.7743933858267713
21
5.8067566535433066
0
LINE
8
BLACK
6
CONTINUOUS
10
-4.7743933858267713
20
5.8067566535433066
11
-4.7743634251968503
21
5.8071781102362205
0
LINE
8
BLACK
6
CONTINUOUS
10
-4.7743634251968503
20
5.8071781102362205
11
-4.7744165748031495
21
5.816499763779527
0
LINE
8
BLACK
6
CONTINUOUS
10
-4.7744165748031495
20
5.816499763779527
11
-4.7743598425196847
21
5.8170758267716538
0
LINE
8
BLACK
6
CONTINUOUS
10
-4.7743598425196847
20
5.8170758267716538
11
-4.7739189370078741
21
5.8181402362204722
0
LINE
8
BLACK
6
CONTINUOUS
10
-4.7739189370078741
20
5.8181402362204722
11
-4.7731042913385826
21
5.8189548818897636
0
LINE
8
BLACK
6
CONTINUOUS
10
-4.7731042913385826
20
5.8189548818897636
11
-4.7720398818897634
21
5.8193957874015743
0
LINE
8
BLACK
6
CONTINUOUS
10
-4.7720398818897634
20
5.8193957874015743
11
-4.7320937401574801
21
5.8194525196850391
0
LINE
8
BLACK
6
CONTINUOUS
10
-4.7320937401574801
20
5.8194525196850391
11
-4.7315176771653542
21
5.8193957874015743
0
LINE
8
BLACK
6
CONTINUOUS
10
-4.7685477165354326
20
5.8135511417322832
11
-4.7685129921259843
21
5.8074642519685042
0
LINE
8
BLACK
6
CONTINUOUS
10
-4.7685129921259843
20
5.8074642519685042
11
-4.7669857480314963
21
5.803012322834646
0
LINE
8
BLACK
6
CONTINUOUS
10
-4.7669857480314963
20
5.803012322834646
11
-4.7640044881889763
21
5.8000880314960632
0
LINE
8
BLACK
6
CONTINUOUS
10
-4.7640044881889763
20
5.8000880314960632
11
-4.7608623622047244
21
5.7985634251968499
0
LINE
8
BLACK
6
CONTINUOUS
10
-4.7608623622047244
20
5.7985634251968499
11
-4.7540464960629922
21
5.7969088582677166
0
LINE
8
BLACK
6
CONTINUOUS
10
-4.7540464960629922
20
5.7969088582677166
11
-4.7491342125984248
21
5.7969538188976379
0
LINE
8
BLACK
6
CONTINUOUS
10
-4.7491342125984248
20
5.7969538188976379
11
-4.7423062598425192
21
5.7987104330708661
0
LINE
8
BLACK
6
CONTINUOUS
10
-4.7423062598425192
20
5.7987104330708661
11
-4.7393481102362207
21
5.8002337401574806
0
LINE
8
BLACK
6
CONTINUOUS
10
-4.7393481102362207
20
5.8002337401574806
11
-4.7364823622047245
21
5.8031553149606294
0
LINE
8
BLACK
6
CONTINUOUS
10
-4.7364823622047245
20
5.8031553149606294
11
-4.7349966141732285
21
5.8077457086614173
0
LINE
8
BLACK
6
CONTINUOUS
10
-4.7349966141732285
20
5.8077457086614173
11
-4.7350299606299213
21
5.81359874015748
0
LINE
8
BLACK
6
CONTINUOUS
10
-4.7350299606299213
20
5.81359874015748
11
-4.7685477165354326
21
5.8135511417322832
0
LINE
8
BLACK
6
CONTINUOUS
10
-4.3974943700787401
20
5.8818233858267712
11
-4.3974265748031494
21
5.8741288188976375
0
LINE
8
BLACK
6
CONTINUOUS
10
-4.3974265748031494
20
5.8741288188976375
11
-4.3933640551181101
21
5.8777607874015745
0
LINE
8
BLACK
6
CONTINUOUS
10
-4.3933640551181101
20
5.8777607874015745
11
-4.3930730314960629
21
5.8779283858267712
0
LINE
8
BLACK
6
CONTINUOUS
10
-4.3930730314960629
20
5.8779283858267712
11
-4.3930383070866137
21
5.8779631102362204
0
LINE
8
BLACK
6
CONTINUOUS
10
-4.3930383070866137
20
5.8779631102362204
11
-4.3930127559055121
21
5.8779631102362204
0
LINE
8
BLACK
6
CONTINUOUS
10
-4.3930127559055121
20
5.8779631102362204
11
-4.3929646850393702
21
5.8779907874015747
0
LINE
8
BLACK
6
CONTINUOUS
10
-4.3929646850393702
20
5.8779907874015747
11
-4.3925494488188974
21
5.8779631102362204
0
LINE
8
BLACK
6
CONTINUOUS
10
-4.3925494488188974
20
5.8779631102362204
11
-4.392134291338583
21
5.8779631102362204
0
LINE
8
BLACK
6
CONTINUOUS
10
-4.392134291338583
20
5.8779631102362204
11
-4.3921046456692912
21
5.8779334251968507
0
LINE
8
BLACK
6
CONTINUOUS
10
-4.3921046456692912
20
5.8779334251968507
11
-4.3920627559055117
21
5.877930669291338
0
LINE
8
BLACK
6
CONTINUOUS
10
-4.3920627559055117
20
5.877930669291338
11
-4.391789094488189
21
5.8776178740157476
0
LINE
8
BLACK
6
CONTINUOUS
10
-4.391789094488189
20
5.8776178740157476
11
-4.3914951181102362
21
5.8773239370078736
0
LINE
8
BLACK
6
CONTINUOUS
10
-4.3914951181102362
20
5.8773239370078736
11
-4.3914937007874011
21
5.8772802755905511
0
LINE
8
BLACK
6
CONTINUOUS
10
-4.3914937007874011
20
5.8772802755905511
11
-4.391467440944882
21
5.8772503149606301
0
LINE
8
BLACK
6
CONTINUOUS
10
-4.391467440944882
20
5.8772503149606301
11
-4.3914842913385828
21
5.876997874015748
0
LINE
8
BLACK
6
CONTINUOUS
10
-4.3914842913385828
20
5.876997874015748
11
-4.3914107874015746
21
5.8747892913385824
0
LINE
8
BLACK
6
CONTINUOUS
10
-4.3914107874015746
20
5.8747892913385824
11
-4.39080874015748
21
5.8737025196850396
0
LINE
8
BLACK
6
CONTINUOUS
10
-4.39080874015748
20
5.8737025196850396
11
-4.3902651181102366
21
5.8732198818897636
0
LINE
8
BLACK
6
CONTINUOUS
10
-4.3902651181102366
20
5.8732198818897636
11
-4.3891771653543303
21
5.872732204724409
0
LINE
8
BLACK
6
CONTINUOUS
10
-4.3891771653543303
20
5.872732204724409
11
-4.3860005511811027
21
5.8728001968503936
0
LINE
8
BLACK
6
CONTINUOUS
10
-4.3860005511811027
20
5.8728001968503936
11
-4.3849174409448821
21
5.8734001181102364
0
LINE
8
BLACK
6
CONTINUOUS
10
-4.3849174409448821
20
5.8734001181102364
11
-4.3844348818897636
21
5.8739436614173224
0
LINE
8
BLACK
6
CONTINUOUS
10
-4.3844348818897636
20
5.8739436614173224
11
-4.383944488188976
21
5.8750376771653539
0
LINE
8
BLACK
6
CONTINUOUS
10
-4.383944488188976
20
5.8750376771653539
11
-4.3840157086614173
21
5.8789592519685039
0
LINE
8
BLACK
6
CONTINUOUS
10
-4.3840157086614173
20
5.8789592519685039
11
-4.3846150787401577
21
5.8800412992125981
0
LINE
8
BLACK
6
CONTINUOUS
10
-4.3846150787401577
20
5.8800412992125981
11
-4.3851724803149601
21
5.8805362204724405
0
LINE
8
BLACK
6
CONTINUOUS
10
-4.3851724803149601
20
5.8805362204724405
11
-4.3854285039370078
21
5.8809194094488184
0
LINE
8
BLACK
6
CONTINUOUS
10
-4.3854285039370078
20
5.8809194094488184
11
-4.3854285039370078
21
5.8818233464566925
0
LINE
8
BLACK
6
CONTINUOUS
10
-4.3854285039370078
20
5.8818233464566925
11
-4.3847892913385822
21
5.8824625590551181
0
LINE
8
BLACK
6
CONTINUOUS
10
-4.3847892913385822
20
5.8824625590551181
11
-4.3838853543307081
21
5.8824625590551181
0
LINE
8
BLACK
6
CONTINUOUS
10
-4.3838853543307081
20
5.8824625590551181
11
-4.3828184251968505
21
5.8815153543307082
0
LINE
8
BLACK
6
CONTINUOUS
10
-4.3828184251968505
20
5.8815153543307082
11
-4.3828135433070869
21
5.8815137401574802
0
LINE
8
BLACK
6
CONTINUOUS
10
-4.3828135433070869
20
5.8815137401574802
11
-4.3828106299212601
21
5.8815083858267716
0
LINE
8
BLACK
6
CONTINUOUS
10
-4.3828106299212601
20
5.8815083858267716
11
-4.3827522440944877
21
5.8814566141732278
0
LINE
8
BLACK
6
CONTINUOUS
10
-4.3827522440944877
20
5.8814566141732278
11
-4.3824961811023622
21
5.8810734251968499
0
LINE
8
BLACK
6
CONTINUOUS
10
-4.3824961811023622
20
5.8810734251968499
11
-4.3824961811023622
21
5.8809407874015749
0
LINE
8
BLACK
6
CONTINUOUS
10
-4.3824961811023622
20
5.8809407874015749
11
-4.3817811023622042
21
5.8796498425196848
0
LINE
8
BLACK
6
CONTINUOUS
10
-4.3817811023622042
20
5.8796498425196848
11
-4.3817655118110235
21
5.87959279527559
0
LINE
8
BLACK
6
CONTINUOUS
10
-4.3817655118110235
20
5.87959279527559
11
-4.3817463385826771
21
5.8795736614173224
0
LINE
8
BLACK
6
CONTINUOUS
10
-4.3817463385826771
20
5.8795736614173224
11
-4.3817453543307083
21
5.879519251968504
0
LINE
8
BLACK
6
CONTINUOUS
10
-4.3817453543307083
20
5.879519251968504
11
-4.3816594094488188
21
5.8792053543307086
0
LINE
8
BLACK
6
CONTINUOUS
10
-4.3816594094488188
20
5.8792053543307086
11
-4.3817355118110237
21
5.8789770472440948
0
LINE
8
BLACK
6
CONTINUOUS
10
-4.3817355118110237
20
5.8789770472440948
11
-4.3816564173228345
21
5.8746222047244094
0
LINE
8
BLACK
6
CONTINUOUS
10
-4.3816564173228345
20
5.8746222047244094
11
-4.3816679921259842
21
5.8745641338582679
0
LINE
8
BLACK
6
CONTINUOUS
10
-4.3816679921259842
20
5.8745641338582679
11
-4.3816594094488188
21
5.8745385039370079
0
LINE
8
BLACK
6
CONTINUOUS
10
-4.3816594094488188
20
5.8745385039370079
11
-4.3816839763779525
21
5.8744837007874011
0
LINE
8
BLACK
6
CONTINUOUS
10
-4.3816839763779525
20
5.8744837007874011
11
-4.3817463385826771
21
5.8741701968503932
0
LINE
8
BLACK
6
CONTINUOUS
10
-4.3817463385826771
20
5.8741701968503932
11
-4.3818880314960627
21
5.8740285039370077
0
LINE
8
BLACK
6
CONTINUOUS
10
-4.3818880314960627
20
5.8740285039370077
11
-4.3824961811023622
21
5.8726718503937008
0
LINE
8
BLACK
6
CONTINUOUS
10
-4.3824961811023622
20
5.8726718503937008
11
-4.3824961811023622
21
5.8726704330708657
0
LINE
8
BLACK
6
CONTINUOUS
10
-4.3824961811023622
20
5.8726704330708657
11
-4.3824974803149601
21
5.8726689763779527
0
LINE
8
BLACK
6
CONTINUOUS
10
-4.3824974803149601
20
5.8726689763779527
11
-4.382530984251968
21
5.8725942125984254
0
LINE
8
BLACK
6
CONTINUOUS
10
-4.382530984251968
20
5.8725942125984254
11
-4.3828135433070869
21
5.8722301181102363
0
LINE
8
BLACK
6
CONTINUOUS
10
-4.3828135433070869
20
5.8722301181102363
11
-4.3829180314960627
21
5.8721952755905509
0
LINE
8
BLACK
6
CONTINUOUS
10
-4.3829180314960627
20
5.8721952755905509
11
-4.3834435039370074
21
5.8716034251968505
0
LINE
8
BLACK
6
CONTINUOUS
10
-4.3834435039370074
20
5.8716034251968505
11
-4.3834450787401575
21
5.8715986220472436
0
LINE
8
BLACK
6
CONTINUOUS
10
-4.3834450787401575
20
5.8715986220472436
11
-4.3834503543307086
21
5.8715957086614168
0
LINE
8
BLACK
6
CONTINUOUS
10
-4.3834503543307086
20
5.8715957086614168
11
-4.3835021653543302
21
5.8715373228346452
0
LINE
8
BLACK
6
CONTINUOUS
10
-4.3835021653543302
20
5.8715373228346452
11
-4.3838853543307081
21
5.8712812992125984
0
LINE
8
BLACK
6
CONTINUOUS
10
-4.3838853543307081
20
5.8712812992125984
11
-4.3840179527559053
21
5.8712812992125984
0
LINE
8
BLACK
6
CONTINUOUS
10
-4.3840179527559053
20
5.8712812992125984
11
-4.3853089370078742
21
5.8705661811023617
0
LINE
8
BLACK
6
CONTINUOUS
10
-4.3853089370078742
20
5.8705661811023617
11
-4.3853659842519681
21
5.8705505511811023
0
LINE
8
BLACK
6
CONTINUOUS
10
-4.3853659842519681
20
5.8705505511811023
11
-4.3853851181102357
21
5.8705314173228347
0
LINE
8
BLACK
6
CONTINUOUS
10
-4.3853851181102357
20
5.8705314173228347
11
-4.3854402362204725
21
5.8705302362204721
0
LINE
8
BLACK
6
CONTINUOUS
10
-4.3854402362204725
20
5.8705302362204721
11
-4.3857534251968504
21
5.8704444881889764
0
LINE
8
BLACK
6
CONTINUOUS
10
-4.3857534251968504
20
5.8704444881889764
11
-4.3859762992125981
21
5.8705187401574799
0
LINE
8
BLACK
6
CONTINUOUS
10
-4.3859762992125981
20
5.8705187401574799
11
-4.389586653543307
21
5.870441496062992
0
LINE
8
BLACK
6
CONTINUOUS
10
-4.389586653543307
20
5.870441496062992
11
-4.3896447244094485
21
5.870453031496063
0
LINE
8
BLACK
6
CONTINUOUS
10
-4.3896447244094485
20
5.870453031496063
11
-4.3896703543307085
21
5.8704444881889764
0
LINE
8
BLACK
6
CONTINUOUS
10
-4.3896703543307085
20
5.8704444881889764
11
-4.3897251574803144
21
5.8704690157480313
0
LINE
8
BLACK
6
CONTINUOUS
10
-4.3897251574803144
20
5.8704690157480313
11
-4.3900386614173224
21
5.8705314173228347
0
LINE
8
BLACK
6
CONTINUOUS
10
-4.3900386614173224
20
5.8705314173228347
11
-4.3901803543307087
21
5.8706730708661414
0
LINE
8
BLACK
6
CONTINUOUS
10
-4.3901803543307087
20
5.8706730708661414
11
-4.3915371653543307
21
5.8712812598425197
0
LINE
8
BLACK
6
CONTINUOUS
10
-4.3915371653543307
20
5.8712812598425197
11
-4.3915385039370074
21
5.8712812992125984
0
LINE
8
BLACK
6
CONTINUOUS
10
-4.3915385039370074
20
5.8712812992125984
11
-4.3915399212598425
21
5.8712825196850389
0
LINE
8
BLACK
6
CONTINUOUS
10
-4.3915399212598425
20
5.8712825196850389
11
-4.3916146850393698
21
5.8713160629921255
0
LINE
8
BLACK
6
CONTINUOUS
10
-4.3916146850393698
20
5.8713160629921255
11
-4.3919787401574801
21
5.8715986220472436
0
LINE
8
BLACK
6
CONTINUOUS
10
-4.3919787401574801
20
5.8715986220472436
11
-4.3920135826771656
21
5.8717030314960628
0
LINE
8
BLACK
6
CONTINUOUS
10
-4.3920135826771656
20
5.8717030314960628
11
-4.3926054724409447
21
5.8722285039370075
0
LINE
8
BLACK
6
CONTINUOUS
10
-4.3926054724409447
20
5.8722285039370075
11
-4.3926101968503932
21
5.8722301181102363
0
LINE
8
BLACK
6
CONTINUOUS
10
-4.3926101968503932
20
5.8722301181102363
11
-4.3926130708661413
21
5.8722352755905511
0
LINE
8
BLACK
6
CONTINUOUS
10
-4.3926130708661413
20
5.8722352755905511
11
-4.3926715748031491
21
5.8722872440944878
0
LINE
8
BLACK
6
CONTINUOUS
10
-4.3926715748031491
20
5.8722872440944878
11
-4.3929275984251968
21
5.8726704724409444
0
LINE
8
BLACK
6
CONTINUOUS
10
-4.3929275984251968
20
5.8726704724409444
11
-4.3929275984251968
21
5.8728030314960629
0
LINE
8
BLACK
6
CONTINUOUS
10
-4.3929275984251968
20
5.8728030314960629
11
-4.3936427165354326
21
5.8740939763779529
0
LINE
8
BLACK
6
CONTINUOUS
10
-4.3936427165354326
20
5.8740939763779529
11
-4.393658346456693
21
5.8741510236220469
0
LINE
8
BLACK
6
CONTINUOUS
10
-4.393658346456693
20
5.8741510236220469
11
-4.3936774803149605
21
5.8741701968503932
0
LINE
8
BLACK
6
CONTINUOUS
10
-4.3936774803149605
20
5.8741701968503932
11
-4.3936794094488185
21
5.8742279527559056
0
LINE
8
BLACK
6
CONTINUOUS
10
-4.3936794094488185
20
5.8742279527559056
11
-4.3937226771653544
21
5.8743859055118106
0
LINE
8
BLACK
6
CONTINUOUS
10
-4.3937226771653544
20
5.8743859055118106
11
-4.3978077952755905
21
5.8707337401574806
0
LINE
8
BLACK
6
CONTINUOUS
10
-4.3978077952755905
20
5.8707337401574806
11
-4.3980988582677165
21
5.8705661023622042
0
LINE
8
BLACK
6
CONTINUOUS
10
-4.3980988582677165
20
5.8705661023622042
11
-4.3981335433070869
21
5.8705314173228347
0
LINE
8
BLACK
6
CONTINUOUS
10
-4.3981335433070869
20
5.8705314173228347
11
-4.3981590944881885
21
5.8705314173228347
0
LINE
8
BLACK
6
CONTINUOUS
10
-4.3981590944881885
20
5.8705314173228347
11
-4.3982071653543304
21
5.8705037401574804
0
LINE
8
BLACK
6
CONTINUOUS
10
-4.3982071653543304
20
5.8705037401574804
11
-4.398622125984252
21
5.8705314173228347
0
LINE
8
BLACK
6
CONTINUOUS
10
-4.398622125984252
20
5.8705314173228347
11
-4.3990375590551176
21
5.8705314173228347
0
LINE
8
BLACK
6
CONTINUOUS
10
-4.3990375590551176
20
5.8705314173228347
11
-4.399067283464567
21
5.8705611023622044
0
LINE
8
BLACK
6
CONTINUOUS
10
-4.399067283464567
20
5.8705611023622044
11
-4.399109094488189
21
5.870563897637795
0
LINE
8
BLACK
6
CONTINUOUS
10
-4.399109094488189
20
5.870563897637795
11
-4.3993826377952754
21
5.8708764566929137
0
LINE
8
BLACK
6
CONTINUOUS
10
-4.3993826377952754
20
5.8708764566929137
11
-4.3996767322834645
21
5.8711705905511806
0
LINE
8
BLACK
6
CONTINUOUS
10
-4.3996767322834645
20
5.8711705905511806
11
-4.399677125984252
21
5.8712129921259839
0
LINE
8
BLACK
6
CONTINUOUS
10
-4.399677125984252
20
5.8712129921259839
11
-4.3997044094488187
21
5.871244212598425
0
LINE
8
BLACK
6
CONTINUOUS
10
-4.3997044094488187
20
5.871244212598425
11
-4.3996805511811026
21
5.8716021259842517
0
LINE
8
BLACK
6
CONTINUOUS
10
-4.3996805511811026
20
5.8716021259842517
11
-4.3997666535433071
21
5.8813713779527559
0
LINE
8
BLACK
6
CONTINUOUS
10
-4.3997666535433071
20
5.8813713779527559
11
-4.3996767322834645
21
5.8818233858267712
0
LINE
8
BLACK
6
CONTINUOUS
10
-4.3996767322834645
20
5.8818233858267712
11
-4.3990375590551176
21
5.8824625590551181
0
LINE
8
BLACK
6
CONTINUOUS
10
-4.3990375590551176
20
5.8824625590551181
11
-4.3981335433070869
21
5.8824625590551181
0
LINE
8
BLACK
6
CONTINUOUS
10
-4.3981335433070869
20
5.8824625590551181
11
-4.3974943700787401
21
5.8818233858267712
0
LINE
8
BLACK
6
CONTINUOUS
10
-4.3823855118110231
20
5.896710748031496
11
-4.3817463385826771
21
5.8960715748031491
0
LINE
8
BLACK
6
CONTINUOUS
10
-4.3817463385826771
20
5.8960715748031491
11
-4.3817463385826771
21
5.8951675590551176
0
LINE
8
BLACK
6
CONTINUOUS
10
-4.3817463385826771
20
5.8951675590551176
11
-4.3823855118110231
21
5.8945283858267716
0
LINE
8
BLACK
6
CONTINUOUS
10
-4.3823855118110231
20
5.8945283858267716
11
-4.3892233858267717
21
5.8944903937007869
0
LINE
8
BLACK
6
CONTINUOUS
10
-4.3892233858267717
20
5.8944903937007869
11
-4.3891944488188974
21
5.8924147637795272
0
LINE
8
BLACK
6
CONTINUOUS
10
-4.3891944488188974
20
5.8924147637795272
11
-4.3821602362204723
21
5.887588307086614
0
LINE
8
BLACK
6
CONTINUOUS
10
-4.3821602362204723
20
5.887588307086614
11
-4.3818414960629921
21
5.887255433070866
0
LINE
8
BLACK
6
CONTINUOUS
10
-4.3818414960629921
20
5.887255433070866
11
-4.3816844094488188
21
5.8863652755905509
0
LINE
8
BLACK
6
CONTINUOUS
10
-4.3816844094488188
20
5.8863652755905509
11
-4.3822027952755906
21
5.8856246850393701
0
LINE
8
BLACK
6
CONTINUOUS
10
-4.3822027952755906
20
5.8856246850393701
11
-4.3830929921259845
21
5.8854675984251967
0
LINE
8
BLACK
6
CONTINUOUS
10
-4.3830929921259845
20
5.8854675984251967
11
-4.389155590551181
21
5.8896273622047239
0
LINE
8
BLACK
6
CONTINUOUS
10
-4.389155590551181
20
5.8896273622047239
11
-4.3891554724409447
21
5.8896203149606299
0
LINE
8
BLACK
6
CONTINUOUS
10
-4.3891554724409447
20
5.8896203149606299
11
-4.3891670078740157
21
5.8895623228346459
0
LINE
8
BLACK
6
CONTINUOUS
10
-4.3891670078740157
20
5.8895623228346459
11
-4.3891584251968503
21
5.8895366141732284
0
LINE
8
BLACK
6
CONTINUOUS
10
-4.3891584251968503
20
5.8895366141732284
11
-4.3891830708661415
21
5.8894816535433065
0
LINE
8
BLACK
6
CONTINUOUS
10
-4.3891830708661415
20
5.8894816535433065
11
-4.3892453937007874
21
5.8891683070866137
0
LINE
8
BLACK
6
CONTINUOUS
10
-4.3892453937007874
20
5.8891683070866137
11
-4.3893870472440941
21
5.8890266535433069
0
LINE
8
BLACK
6
CONTINUOUS
10
-4.3893870472440941
20
5.8890266535433069
11
-4.3899952755905511
21
5.8876698818897637
0
LINE
8
BLACK
6
CONTINUOUS
10
-4.3899952755905511
20
5.8876698818897637
11
-4.3899952755905511
21
5.8876685433070861
0
LINE
8
BLACK
6
CONTINUOUS
10
-4.3899952755905511
20
5.8876685433070861
11
-4.3899965354330703
21
5.8876671259842519
0
LINE
8
BLACK
6
CONTINUOUS
10
-4.3899965354330703
20
5.8876671259842519
11
-4.3900300787401569
21
5.8875922834645671
0
LINE
8
BLACK
6
CONTINUOUS
10
-4.3900300787401569
20
5.8875922834645671
11
-4.3903126771653547
21
5.8872282283464568
0
LINE
8
BLACK
6
CONTINUOUS
10
-4.3903126771653547
20
5.8872282283464568
11
-4.390417086614173
21
5.8871934251968501
0
LINE
8
BLACK
6
CONTINUOUS
10
-4.390417086614173
20
5.8871934251968501
11
-4.3909425196850389
21
5.8866016141732285
0
LINE
8
BLACK
6
CONTINUOUS
10
-4.3909425196850389
20
5.8866016141732285
11
-4.390944094488189
21
5.8865968110236215
0
LINE
8
BLACK
6
CONTINUOUS
10
-4.390944094488189
20
5.8865968110236215
11
-4.3909493700787401
21
5.8865938976377947
0
LINE
8
BLACK
6
CONTINUOUS
10
-4.3909493700787401
20
5.8865938976377947
11
-4.3910012204724405
21
5.8865354724409444
0
LINE
8
BLACK
6
CONTINUOUS
10
-4.3910012204724405
20
5.8865354724409444
11
-4.3913844094488184
21
5.8862794488188976
0
LINE
8
BLACK
6
CONTINUOUS
10
-4.3913844094488184
20
5.8862794488188976
11
-4.3915170078740156
21
5.8862794488188976
0
LINE
8
BLACK
6
CONTINUOUS
10
-4.3915170078740156
20
5.8862794488188976
11
-4.3928080314960631
21
5.8855642913385822
0
LINE
8
BLACK
6
CONTINUOUS
10
-4.3928080314960631
20
5.8855642913385822
11
-4.3928650787401571
21
5.8855486614173227
0
LINE
8
BLACK
6
CONTINUOUS
10
-4.3928650787401571
20
5.8855486614173227
11
-4.3928842125984247
21
5.8855295275590551
0
LINE
8
BLACK
6
CONTINUOUS
10
-4.3928842125984247
20
5.8855295275590551
11
-4.3929420472440945
21
5.8855275984251971
0
LINE
8
BLACK
6
CONTINUOUS
10
-4.3929420472440945
20
5.8855275984251971
11
-4.3932525196850394
21
5.8854425984251968
0
LINE
8
BLACK
6
CONTINUOUS
10
-4.3932525196850394
20
5.8854425984251968
11
-4.3934562204724408
21
5.8855104724409451
0
LINE
8
BLACK
6
CONTINUOUS
10
-4.3934562204724408
20
5.8855104724409451
11
-4.3955859055118109
21
5.8854396062992125
0
LINE
8
BLACK
6
CONTINUOUS
10
-4.3955859055118109
20
5.8854396062992125
11
-4.395643897637795
21
5.8854511023622047
0
LINE
8
BLACK
6
CONTINUOUS
10
-4.395643897637795
20
5.8854511023622047
11
-4.3956696062992124
21
5.885442559055118
0
LINE
8
BLACK
6
CONTINUOUS
10
-4.3956696062992124
20
5.885442559055118
11
-4.3957245669291334
21
5.8854671653543305
0
LINE
8
BLACK
6
CONTINUOUS
10
-4.3957245669291334
20
5.8854671653543305
11
-4.3960379133858263
21
5.8855295275590551
0
LINE
8
BLACK
6
CONTINUOUS
10
-4.3960379133858263
20
5.8855295275590551
11
-4.3961795669291339
21
5.8856711417322831
0
LINE
8
BLACK
6
CONTINUOUS
10
-4.3961795669291339
20
5.8856711417322831
11
-4.3975362992125984
21
5.8862794094488189
0
LINE
8
BLACK
6
CONTINUOUS
10
-4.3975362992125984
20
5.8862794094488189
11
-4.3975377165354326
21
5.8862794094488189
0
LINE
8
BLACK
6
CONTINUOUS
10
-4.3975377165354326
20
5.8862794094488189
11
-4.3975391732283464
21
5.8862806692913381
0
LINE
8
BLACK
6
CONTINUOUS
10
-4.3975391732283464
20
5.8862806692913381
11
-4.3976139370078737
21
5.8863142125984247
0
LINE
8
BLACK
6
CONTINUOUS
10
-4.3976139370078737
20
5.8863142125984247
11
-4.3979780314960628
21
5.8865968110236215
0
LINE
8
BLACK
6
CONTINUOUS
10
-4.3979780314960628
20
5.8865968110236215
11
-4.3980128346456695
21
5.886701181102362
0
LINE
8
BLACK
6
CONTINUOUS
10
-4.3980128346456695
20
5.886701181102362
11
-4.3986046456692911
21
5.8872266141732279
0
LINE
8
BLACK
6
CONTINUOUS
10
-4.3986046456692911
20
5.8872266141732279
11
-4.3986094488188971
21
5.8872282283464568
0
LINE
8
BLACK
6
CONTINUOUS
10
-4.3986094488188971
20
5.8872282283464568
11
-4.398612362204724
21
5.8872334645669291
0
LINE
8
BLACK
6
CONTINUOUS
10
-4.398612362204724
20
5.8872334645669291
11
-4.3986707874015751
21
5.8872853543307082
0
LINE
8
BLACK
6
CONTINUOUS
10
-4.3986707874015751
20
5.8872853543307082
11
-4.3989268110236219
21
5.8876685433070861
0
LINE
8
BLACK
6
CONTINUOUS
10
-4.3989268110236219
20
5.8876685433070861
11
-4.3989268110236219
21
5.8878011023622046
0
LINE
8
BLACK
6
CONTINUOUS
10
-4.3989268110236219
20
5.8878011023622046
11
-4.3996419685039365
21
5.8890920866141734
0
LINE
8
BLACK
6
CONTINUOUS
10
-4.3996419685039365
20
5.8890920866141734
11
-4.3996575984251969
21
5.8891491338582673
0
LINE
8
BLACK
6
CONTINUOUS
10
-4.3996575984251969
20
5.8891491338582673
11
-4.3996767322834645
21
5.8891683070866137
0
LINE
8
BLACK
6
CONTINUOUS
10
-4.3996767322834645
20
5.8891683070866137
11
-4.3996774803149608
21
5.8892217716535429
0
LINE
8
BLACK
6
CONTINUOUS
10
-4.3996774803149608
20
5.8892217716535429
11
-4.3997636614173228
21
5.8895366141732284
0
LINE
8
BLACK
6
CONTINUOUS
10
-4.3997636614173228
20
5.8895366141732284
11
-4.3996851574803149
21
5.8897721259842521
0
LINE
8
BLACK
6
CONTINUOUS
10
-4.3996851574803149
20
5.8897721259842521
11
-4.3997666535433071
21
5.8956195669291338
0
LINE
8
BLACK
6
CONTINUOUS
10
-4.3997666535433071
20
5.8956195669291338
11
-4.3996767322834645
21
5.8960715748031491
0
LINE
8
BLACK
6
CONTINUOUS
10
-4.3996767322834645
20
5.8960715748031491
11
-4.3990375590551176
21
5.896710748031496
0
LINE
8
BLACK
6
CONTINUOUS
10
-4.3990375590551176
20
5.896710748031496
11
-4.3828375196850393
21
5.8968006692913386
0
LINE
8
BLACK
6
CONTINUOUS
10
-4.3828375196850393
20
5.8968006692913386
11
-4.3823855118110231
21
5.896710748031496
0
LINE
8
BLACK
6
CONTINUOUS
10
-4.3974717322834644
20
5.8944446456692914
11
-4.3974067322834642
21
5.8897814173228342
0
LINE
8
BLACK
6
CONTINUOUS
10
-4.3974067322834642
20
5.8897814173228342
11
-4.3968079921259839
21
5.8887006299212601
0
LINE
8
BLACK
6
CONTINUOUS
10
-4.3968079921259839
20
5.8887006299212601
11
-4.3962644094488184
21
5.8882180314960628
0
LINE
8
BLACK
6
CONTINUOUS
10
-4.3962644094488184
20
5.8882180314960628
11
-4.3951976377952757
21
5.887739842519685
0
LINE
8
BLACK
6
CONTINUOUS
10
-4.3951976377952757
20
5.887739842519685
11
-4.3935033070866139
21
5.887796220472441
0
LINE
8
BLACK
6
CONTINUOUS
10
-4.3935033070866139
20
5.887796220472441
11
-4.3924165354330711
21
5.8883982677165356
0
LINE
8
BLACK
6
CONTINUOUS
10
-4.3924165354330711
20
5.8883982677165356
11
-4.3919339370078738
21
5.8889418897637791
0
LINE
8
BLACK
6
CONTINUOUS
10
-4.3919339370078738
20
5.8889418897637791
11
-4.3914399606299215
21
5.8900437401574806
0
LINE
8
BLACK
6
CONTINUOUS
10
-4.3914399606299215
20
5.8900437401574806
11
-4.3914672047244094
21
5.8919977952755902
0
LINE
8
BLACK
6
CONTINUOUS
10
-4.3914672047244094
20
5.8919977952755902
11
-4.3914897244094488
21
5.8921254724409451
0
LINE
8
BLACK
6
CONTINUOUS
10
-4.3914897244094488
20
5.8921254724409451
11
-4.3914694094488187
21
5.8921545275590548
0
LINE
8
BLACK
6
CONTINUOUS
10
-4.3914694094488187
20
5.8921545275590548
11
-4.3915017716535436
21
5.8944777559055117
0
LINE
8
BLACK
6
CONTINUOUS
10
-4.3915017716535436
20
5.8944777559055117
11
-4.3974717322834644
21
5.8944446456692914
0
LINE
8
BLACK
6
CONTINUOUS
10
-4.3730065354330705
20
5.9173107874015747
11
-4.3719411811023621
21
5.9162454330708663
0
LINE
8
BLACK
6
CONTINUOUS
10
-4.3719411811023621
20
5.9162454330708663
11
-4.3717913385826774
21
5.8525
0
LINE
8
BLACK
6
CONTINUOUS
10
-4.3717913385826774
20
5.8525
11
-4.3719411811023621
21
5.8517466929133857
0
LINE
8
BLACK
6
CONTINUOUS
10
-4.3719411811023621
20
5.8517466929133857
11
-4.3730065354330705
21
5.8506813385826772
0
LINE
8
BLACK
6
CONTINUOUS
10
-4.3730065354330705
20
5.8506813385826772
11
-4.4062401574803145
21
5.8505314960629917
0
LINE
8
BLACK
6
CONTINUOUS
10
-4.4062401574803145
20
5.8505314960629917
11
-4.4069934645669289
21
5.8506813385826772
0
LINE
8
BLACK
6
CONTINUOUS
10
-4.4069934645669289
20
5.8506813385826772
11
-4.4080588188976373
21
5.8517466929133857
0
LINE
8
BLACK
6
CONTINUOUS
10
-4.4080588188976373
20
5.8517466929133857
11
-4.4082086614173228
21
5.9154921259842519
0
LINE
8
BLACK
6
CONTINUOUS
10
-4.4082086614173228
20
5.9154921259842519
11
-4.4080588188976373
21
5.9162454330708663
0
LINE
8
BLACK
6
CONTINUOUS
10
-4.4080588188976373
20
5.9162454330708663
11
-4.4069934645669289
21
5.9173107874015747
0
LINE
8
BLACK
6
CONTINUOUS
10
-4.4069934645669289
20
5.9173107874015747
11
-4.3737598425196849
21
5.9174606299212593
0
LINE
8
BLACK
6
CONTINUOUS
10
-4.3737598425196849
20
5.9174606299212593
11
-4.3730065354330705
21
5.9173107874015747
0
LINE
8
BLACK
6
CONTINUOUS
10
-4.4044151181102364
20
5.9135318503937002
11
-4.4042759842519681
21
5.8543309055118105
0
LINE
8
BLACK
6
CONTINUOUS
10
-4.4042759842519681
20
5.8543309055118105
11
-4.3755849212598426
21
5.8544602362204721
0
LINE
8
BLACK
6
CONTINUOUS
10
-4.3755849212598426
20
5.8544602362204721
11
-4.37572405511811
21
5.9136611811023618
0
LINE
8
BLACK
6
CONTINUOUS
10
-4.37572405511811
20
5.9136611811023618
11
-4.4044151181102364
21
5.9135318503937002
0
LINE
8
BLACK
6
CONTINUOUS
10
-4.3057790944881891
20
5.8817909842519684
11
-4.3057534251968503
21
5.8817995669291339
0
LINE
8
BLACK
6
CONTINUOUS
10
-4.3057534251968503
20
5.8817995669291339
11
-4.3056986614173232
21
5.8817750000000002
0
LINE
8
BLACK
6
CONTINUOUS
10
-4.3056986614173232
20
5.8817750000000002
11
-4.3053851181102365
21
5.8817126377952755
0
LINE
8
BLACK
6
CONTINUOUS
10
-4.3053851181102365
20
5.8817126377952755
11
-4.3052434251968501
21
5.8815709055118113
0
LINE
8
BLACK
6
CONTINUOUS
10
-4.3052434251968501
20
5.8815709055118113
11
-4.3038867322834644
21
5.880962716535433
0
LINE
8
BLACK
6
CONTINUOUS
10
-4.3038867322834644
20
5.880962716535433
11
-4.3038853937007877
21
5.8809627559055118
0
LINE
8
BLACK
6
CONTINUOUS
10
-4.3038853937007877
20
5.8809627559055118
11
-4.3038840551181101
21
5.8809615354330704
0
LINE
8
BLACK
6
CONTINUOUS
10
-4.3038840551181101
20
5.8809615354330704
11
-4.303809094488189
21
5.8809279527559051
0
LINE
8
BLACK
6
CONTINUOUS
10
-4.303809094488189
20
5.8809279527559051
11
-4.3034450393700787
21
5.8806453543307082
0
LINE
8
BLACK
6
CONTINUOUS
10
-4.3034450393700787
20
5.8806453543307082
11
-4.303410236220472
21
5.8805409055118112
0
LINE
8
BLACK
6
CONTINUOUS
10
-4.303410236220472
20
5.8805409055118112
11
-4.3028184251968504
21
5.8800155511811019
0
LINE
8
BLACK
6
CONTINUOUS
10
-4.3028184251968504
20
5.8800155511811019
11
-4.3028135433070869
21
5.8800139370078739
0
LINE
8
BLACK
6
CONTINUOUS
10
-4.3028135433070869
20
5.8800139370078739
11
-4.3028106299212601
21
5.8800085826771653
0
LINE
8
BLACK
6
CONTINUOUS
10
-4.3028106299212601
20
5.8800085826771653
11
-4.3027522834645664
21
5.8799568503937003
0
LINE
8
BLACK
6
CONTINUOUS
10
-4.3027522834645664
20
5.8799568503937003
11
-4.3024962204724408
21
5.8795736614173224
0
LINE
8
BLACK
6
CONTINUOUS
10
-4.3024962204724408
20
5.8795736614173224
11
-4.3024962204724408
21
5.8794410236220473
0
LINE
8
BLACK
6
CONTINUOUS
10
-4.3024962204724408
20
5.8794410236220473
11
-4.301781102362205
21
5.8781500393700785
0
LINE
8
BLACK
6
CONTINUOUS
10
-4.301781102362205
20
5.8781500393700785
11
-4.3017655118110234
21
5.8780929921259837
0
LINE
8
BLACK
6
CONTINUOUS
10
-4.3017655118110234
20
5.8780929921259837
11
-4.3017463385826771
21
5.8780738582677161
0
LINE
8
BLACK
6
CONTINUOUS
10
-4.3017463385826771
20
5.8780738582677161
11
-4.3017448818897641
21
5.8780177165354326
0
LINE
8
BLACK
6
CONTINUOUS
10
-4.3017448818897641
20
5.8780177165354326
11
-4.3016594094488187
21
5.8777055511811023
0
LINE
8
BLACK
6
CONTINUOUS
10
-4.3016594094488187
20
5.8777055511811023
11
-4.301731141732283
21
5.8774903543307087
0
LINE
8
BLACK
6
CONTINUOUS
10
-4.301731141732283
20
5.8774903543307087
11
-4.3016564173228344
21
5.8746222047244094
0
LINE
8
BLACK
6
CONTINUOUS
10
-4.3016564173228344
20
5.8746222047244094
11
-4.3016679921259842
21
5.8745641338582679
0
LINE
8
BLACK
6
CONTINUOUS
10
-4.3016679921259842
20
5.8745641338582679
11
-4.3016594094488187
21
5.8745385039370079
0
LINE
8
BLACK
6
CONTINUOUS
10
-4.3016594094488187
20
5.8745385039370079
11
-4.3016839763779524
21
5.8744837007874011
0
LINE
8
BLACK
6
CONTINUOUS
10
-4.3016839763779524
20
5.8744837007874011
11
-4.3017463385826771
21
5.8741701968503932
0
LINE
8
BLACK
6
CONTINUOUS
10
-4.3017463385826771
20
5.8741701968503932
11
-4.3018880314960626
21
5.8740285039370077
0
LINE
8
BLACK
6
CONTINUOUS
10
-4.3018880314960626
20
5.8740285039370077
11
-4.3024961811023621
21
5.8726718503937008
0
LINE
8
BLACK
6
CONTINUOUS
10
-4.3024961811023621
20
5.8726718503937008
11
-4.3024961811023621
21
5.8726704330708657
0
LINE
8
BLACK
6
CONTINUOUS
10
-4.3024961811023621
20
5.8726704330708657
11
-4.3024974803149609
21
5.8726689763779527
0
LINE
8
BLACK
6
CONTINUOUS
10
-4.3024974803149609
20
5.8726689763779527
11
-4.3025309842519688
21
5.8725942125984254
0
LINE
8
BLACK
6
CONTINUOUS
10
-4.3025309842519688
20
5.8725942125984254
11
-4.3028135433070869
21
5.8722301181102363
0
LINE
8
BLACK
6
CONTINUOUS
10
-4.3028135433070869
20
5.8722301181102363
11
-4.3029180314960627
21
5.8721952755905509
0
LINE
8
BLACK
6
CONTINUOUS
10
-4.3029180314960627
20
5.8721952755905509
11
-4.3034435039370074
21
5.8716034251968505
0
LINE
8
BLACK
6
CONTINUOUS
10
-4.3034435039370074
20
5.8716034251968505
11
-4.3034450787401575
21
5.8715986220472436
0
LINE
8
BLACK
6
CONTINUOUS
10
-4.3034450787401575
20
5.8715986220472436
11
-4.3034503543307085
21
5.8715957086614168
0
LINE
8
BLACK
6
CONTINUOUS
10
-4.3034503543307085
20
5.8715957086614168
11
-4.3035021653543302
21
5.8715373228346452
0
LINE
8
BLACK
6
CONTINUOUS
10
-4.3035021653543302
20
5.8715373228346452
11
-4.303885354330709
21
5.8712812992125984
0
LINE
8
BLACK
6
CONTINUOUS
10
-4.303885354330709
20
5.8712812992125984
11
-4.3040179527559053
21
5.8712812992125984
0
LINE
8
BLACK
6
CONTINUOUS
10
-4.3040179527559053
20
5.8712812992125984
11
-4.3053089370078741
21
5.8705661811023617
0
LINE
8
BLACK
6
CONTINUOUS
10
-4.3053089370078741
20
5.8705661811023617
11
-4.305365984251968
21
5.8705505511811023
0
LINE
8
BLACK
6
CONTINUOUS
10
-4.305365984251968
20
5.8705505511811023
11
-4.3053851181102365
21
5.8705314173228347
0
LINE
8
BLACK
6
CONTINUOUS
10
-4.3053851181102365
20
5.8705314173228347
11
-4.3054402362204724
21
5.8705302362204721
0
LINE
8
BLACK
6
CONTINUOUS
10
-4.3054402362204724
20
5.8705302362204721
11
-4.3057534251968503
21
5.8704444881889764
0
LINE
8
BLACK
6
CONTINUOUS
10
-4.3057534251968503
20
5.8704444881889764
11
-4.3059762992125981
21
5.8705187401574799
0
LINE
8
BLACK
6
CONTINUOUS
10
-4.3059762992125981
20
5.8705187401574799
11
-4.3095866535433069
21
5.870441496062992
0
LINE
8
BLACK
6
CONTINUOUS
10
-4.3095866535433069
20
5.870441496062992
11
-4.3096447244094485
21
5.870453031496063
0
LINE
8
BLACK
6
CONTINUOUS
10
-4.3096447244094485
20
5.870453031496063
11
-4.3096703543307084
21
5.8704444881889764
0
LINE
8
BLACK
6
CONTINUOUS
10
-4.3096703543307084
20
5.8704444881889764
11
-4.3097251574803153
21
5.8704690157480313
0
LINE
8
BLACK
6
CONTINUOUS
10
-4.3097251574803153
20
5.8704690157480313
11
-4.3100386614173232
21
5.8705314173228347
0
LINE
8
BLACK
6
CONTINUOUS
10
-4.3100386614173232
20
5.8705314173228347
11
-4.3101803543307087
21
5.8706730708661414
0
LINE
8
BLACK
6
CONTINUOUS
10
-4.3101803543307087
20
5.8706730708661414
11
-4.3115371653543306
21
5.8712812598425197
0
LINE
8
BLACK
6
CONTINUOUS
10
-4.3115371653543306
20
5.8712812598425197
11
-4.3115385039370082
21
5.8712812992125984
0
LINE
8
BLACK
6
CONTINUOUS
10
-4.3115385039370082
20
5.8712812992125984
11
-4.3115399212598424
21
5.8712825196850389
0
LINE
8
BLACK
6
CONTINUOUS
10
-4.3115399212598424
20
5.8712825196850389
11
-4.3116146850393697
21
5.8713160629921255
0
LINE
8
BLACK
6
CONTINUOUS
10
-4.3116146850393697
20
5.8713160629921255
11
-4.3119787401574801
21
5.8715986220472436
0
LINE
8
BLACK
6
CONTINUOUS
10
-4.3119787401574801
20
5.8715986220472436
11
-4.3120135826771655
21
5.8717030314960628
0
LINE
8
BLACK
6
CONTINUOUS
10
-4.3120135826771655
20
5.8717030314960628
11
-4.3126054724409446
21
5.8722285039370075
0
LINE
8
BLACK
6
CONTINUOUS
10
-4.3126054724409446
20
5.8722285039370075
11
-4.312610196850394
21
5.8722301181102363
0
LINE
8
BLACK
6
CONTINUOUS
10
-4.312610196850394
20
5.8722301181102363
11
-4.3126130708661412
21
5.8722352755905511
0
LINE
8
BLACK
6
CONTINUOUS
10
-4.3126130708661412
20
5.8722352755905511
11
-4.3126715748031499
21
5.8722872440944878
0
LINE
8
BLACK
6
CONTINUOUS
10
-4.3126715748031499
20
5.8722872440944878
11
-4.3129275984251967
21
5.8726704724409444
0
LINE
8
BLACK
6
CONTINUOUS
10
-4.3129275984251967
20
5.8726704724409444
11
-4.3129275984251967
21
5.8728030314960629
0
LINE
8
BLACK
6
CONTINUOUS
10
-4.3129275984251967
20
5.8728030314960629
11
-4.3136427165354334
21
5.8740939763779529
0
LINE
8
BLACK
6
CONTINUOUS
10
-4.3136427165354334
20
5.8740939763779529
11
-4.3136583464566929
21
5.8741510236220469
0
LINE
8
BLACK
6
CONTINUOUS
10
-4.3136583464566929
20
5.8741510236220469
11
-4.3136774803149605
21
5.8741701968503932
0
LINE
8
BLACK
6
CONTINUOUS
10
-4.3136774803149605
20
5.8741701968503932
11
-4.3136789763779531
21
5.874226299212598
0
LINE
8
BLACK
6
CONTINUOUS
10
-4.3136789763779531
20
5.874226299212598
11
-4.3137644094488188
21
5.8745385039370079
0
LINE
8
BLACK
6
CONTINUOUS
10
-4.3137644094488188
20
5.8745385039370079
11
-4.3136927165354333
21
5.8747536614173228
0
LINE
8
BLACK
6
CONTINUOUS
10
-4.3136927165354333
20
5.8747536614173228
11
-4.3137674015748031
21
5.8776218503937008
0
LINE
8
BLACK
6
CONTINUOUS
10
-4.3137674015748031
20
5.8776218503937008
11
-4.3137558661417321
21
5.8776798818897635
0
LINE
8
BLACK
6
CONTINUOUS
10
-4.3137558661417321
20
5.8776798818897635
11
-4.3137644094488188
21
5.8777055511811023
0
LINE
8
BLACK
6
CONTINUOUS
10
-4.3137644094488188
20
5.8777055511811023
11
-4.3137398818897639
21
5.8777603149606295
0
LINE
8
BLACK
6
CONTINUOUS
10
-4.3137398818897639
20
5.8777603149606295
11
-4.3136774803149605
21
5.8780738582677161
0
LINE
8
BLACK
6
CONTINUOUS
10
-4.3136774803149605
20
5.8780738582677161
11
-4.313535787401575
21
5.8782155511811025
0
LINE
8
BLACK
6
CONTINUOUS
10
-4.313535787401575
20
5.8782155511811025
11
-4.3131308661417318
21
5.8791188582677165
0
LINE
8
BLACK
6
CONTINUOUS
10
-4.3131308661417318
20
5.8791188582677165
11
-4.3145407480314963
21
5.8787281496062986
0
LINE
8
BLACK
6
CONTINUOUS
10
-4.3145407480314963
20
5.8787281496062986
11
-4.3164305905511808
21
5.8773889763779525
0
LINE
8
BLACK
6
CONTINUOUS
10
-4.3164305905511808
20
5.8773889763779525
11
-4.3164861417322831
21
5.8773660236220469
0
LINE
8
BLACK
6
CONTINUOUS
10
-4.3164861417322831
20
5.8773660236220469
11
-4.3169881496062992
21
5.8768005905511806
0
LINE
8
BLACK
6
CONTINUOUS
10
-4.3169881496062992
20
5.8768005905511806
11
-4.3174721653543306
21
5.8757209055118107
0
LINE
8
BLACK
6
CONTINUOUS
10
-4.3174721653543306
20
5.8757209055118107
11
-4.3174044488188974
21
5.8731224015748031
0
LINE
8
BLACK
6
CONTINUOUS
10
-4.3174044488188974
20
5.8731224015748031
11
-4.31749437007874
21
5.8726703937007869
0
LINE
8
BLACK
6
CONTINUOUS
10
-4.31749437007874
20
5.8726703937007869
11
-4.3181335433070869
21
5.872031220472441
0
LINE
8
BLACK
6
CONTINUOUS
10
-4.3181335433070869
20
5.872031220472441
11
-4.3190375590551184
21
5.872031220472441
0
LINE
8
BLACK
6
CONTINUOUS
10
-4.3190375590551184
20
5.872031220472441
11
-4.3196767322834644
21
5.8726703937007869
0
LINE
8
BLACK
6
CONTINUOUS
10
-4.3196767322834644
20
5.8726703937007869
11
-4.319766653543307
21
5.8761220078740157
0
LINE
8
BLACK
6
CONTINUOUS
10
-4.319766653543307
20
5.8761220078740157
11
-4.319755118110236
21
5.8761800393700785
0
LINE
8
BLACK
6
CONTINUOUS
10
-4.319755118110236
20
5.8761800393700785
11
-4.3197636614173227
21
5.8762057086614172
0
LINE
8
BLACK
6
CONTINUOUS
10
-4.3197636614173227
20
5.8762057086614172
11
-4.3197391338582678
21
5.8762604724409444
0
LINE
8
BLACK
6
CONTINUOUS
10
-4.3197391338582678
20
5.8762604724409444
11
-4.3196767322834644
21
5.8765740157480311
0
LINE
8
BLACK
6
CONTINUOUS
10
-4.3196767322834644
20
5.8765740157480311
11
-4.3195350787401576
21
5.8767156692913387
0
LINE
8
BLACK
6
CONTINUOUS
10
-4.3195350787401576
20
5.8767156692913387
11
-4.3189268110236219
21
5.8780725196850394
0
LINE
8
BLACK
6
CONTINUOUS
10
-4.3189268110236219
20
5.8780725196850394
11
-4.3189268110236219
21
5.8780738188976374
0
LINE
8
BLACK
6
CONTINUOUS
10
-4.3189268110236219
20
5.8780738188976374
11
-4.3189256692913389
21
5.8780751181102362
0
LINE
8
BLACK
6
CONTINUOUS
10
-4.3189256692913389
20
5.8780751181102362
11
-4.3188920472440948
21
5.8781500787401573
0
LINE
8
BLACK
6
CONTINUOUS
10
-4.3188920472440948
20
5.8781500787401573
11
-4.318609448818898
21
5.8785141338582676
0
LINE
8
BLACK
6
CONTINUOUS
10
-4.318609448818898
20
5.8785141338582676
11
-4.3185050393700788
21
5.8785489370078743
0
LINE
8
BLACK
6
CONTINUOUS
10
-4.3185050393700788
20
5.8785489370078743
11
-4.3179209055118113
21
5.8792069291338578
0
LINE
8
BLACK
6
CONTINUOUS
10
-4.3179209055118113
20
5.8792069291338578
11
-4.3175377165354334
21
5.8794629527559055
0
LINE
8
BLACK
6
CONTINUOUS
10
-4.3175377165354334
20
5.8794629527559055
11
-4.317454645669291
21
5.8794629527559055
0
LINE
8
BLACK
6
CONTINUOUS
10
-4.317454645669291
20
5.8794629527559055
11
-4.3155394881889766
21
5.8808200393700787
0
LINE
8
BLACK
6
CONTINUOUS
10
-4.3155394881889766
20
5.8808200393700787
11
-4.3155391732283466
21
5.8808205118110237
0
LINE
8
BLACK
6
CONTINUOUS
10
-4.3155391732283466
20
5.8808205118110237
11
-4.3155385826771653
21
5.8808206692913387
0
LINE
8
BLACK
6
CONTINUOUS
10
-4.3155385826771653
20
5.8808206692913387
11
-4.3154911811023622
21
5.8808542519685041
0
LINE
8
BLACK
6
CONTINUOUS
10
-4.3154911811023622
20
5.8808542519685041
11
-4.3150651968503935
21
5.8810301968503937
0
LINE
8
BLACK
6
CONTINUOUS
10
-4.3150651968503935
20
5.8810301968503937
11
-4.3149010629921261
21
5.8809973228346459
0
LINE
8
BLACK
6
CONTINUOUS
10
-4.3149010629921261
20
5.8809973228346459
11
-4.3121228346456695
21
5.8817672834645665
0
LINE
8
BLACK
6
CONTINUOUS
10
-4.3121228346456695
20
5.8817672834645665
11
-4.3116625196850391
21
5.8817896850393696
0
LINE
8
BLACK
6
CONTINUOUS
10
-4.3116625196850391
20
5.8817896850393696
11
-4.3115512598425196
21
5.8817228740157477
0
LINE
8
BLACK
6
CONTINUOUS
10
-4.3115512598425196
20
5.8817228740157477
11
-4.309864566929134
21
5.8817464173228347
0
LINE
8
BLACK
6
CONTINUOUS
10
-4.309864566929134
20
5.8817464173228347
11
-4.3096703543307084
21
5.8817996062992126
0
LINE
8
BLACK
6
CONTINUOUS
10
-4.3096703543307084
20
5.8817996062992126
11
-4.3095250393700786
21
5.8817511417322832
0
LINE
8
BLACK
6
CONTINUOUS
10
-4.3095250393700786
20
5.8817511417322832
11
-4.3058371259842518
21
5.8818025590551182
0
LINE
8
BLACK
6
CONTINUOUS
10
-4.3058371259842518
20
5.8818025590551182
11
-4.3057790944881891
21
5.8817909842519684
0
LINE
8
BLACK
6
CONTINUOUS
10
-4.3093675196850389
20
5.8794747637795277
11
-4.3105063779527555
21
5.8788438582677163
0
LINE
8
BLACK
6
CONTINUOUS
10
-4.3105063779527555
20
5.8788438582677163
11
-4.3109888976377952
21
5.8783003937007869
0
LINE
8
BLACK
6
CONTINUOUS
10
-4.3109888976377952
20
5.8783003937007869
11
-4.3114729133858267
21
5.877220708661417
0
LINE
8
BLACK
6
CONTINUOUS
10
-4.3114729133858267
20
5.877220708661417
11
-4.3114095275590554
21
5.8747870078740156
0
LINE
8
BLACK
6
CONTINUOUS
10
-4.3114095275590554
20
5.8747870078740156
11
-4.3108087401574799
21
5.8737025196850396
0
LINE
8
BLACK
6
CONTINUOUS
10
-4.3108087401574799
20
5.8737025196850396
11
-4.3102651181102365
21
5.8732198818897636
0
LINE
8
BLACK
6
CONTINUOUS
10
-4.3102651181102365
20
5.8732198818897636
11
-4.3091771653543303
21
5.872732204724409
0
LINE
8
BLACK
6
CONTINUOUS
10
-4.3091771653543303
20
5.872732204724409
11
-4.3060005511811026
21
5.8728001968503936
0
LINE
8
BLACK
6
CONTINUOUS
10
-4.3060005511811026
20
5.8728001968503936
11
-4.304917440944882
21
5.8734001181102364
0
LINE
8
BLACK
6
CONTINUOUS
10
-4.304917440944882
20
5.8734001181102364
11
-4.3044348818897635
21
5.8739436614173224
0
LINE
8
BLACK
6
CONTINUOUS
10
-4.3044348818897635
20
5.8739436614173224
11
-4.3039509448818896
21
5.875023228346457
0
LINE
8
BLACK
6
CONTINUOUS
10
-4.3039509448818896
20
5.875023228346457
11
-4.3040143307086609
21
5.8774570472440946
0
LINE
8
BLACK
6
CONTINUOUS
10
-4.3040143307086609
20
5.8774570472440946
11
-4.3046150393700788
21
5.8785414566929131
0
LINE
8
BLACK
6
CONTINUOUS
10
-4.3046150393700788
20
5.8785414566929131
11
-4.305158700787401
21
5.8790240551181103
0
LINE
8
BLACK
6
CONTINUOUS
10
-4.305158700787401
20
5.8790240551181103
11
-4.3062605905511813
21
5.8795180708661414
0
LINE
8
BLACK
6
CONTINUOUS
10
-4.3062605905511813
20
5.8795180708661414
11
-4.3093675196850389
21
5.8794747637795277
0
LINE
8
BLACK
6
CONTINUOUS
10
-4.3023855118110239
20
5.896710748031496
11
-4.3017463385826771
21
5.8960715748031491
0
LINE
8
BLACK
6
CONTINUOUS
10
-4.3017463385826771
20
5.8960715748031491
11
-4.3017463385826771
21
5.8951675590551176
0
LINE
8
BLACK
6
CONTINUOUS
10
-4.3017463385826771
20
5.8951675590551176
11
-4.3023855118110239
21
5.8945283858267716
0
LINE
8
BLACK
6
CONTINUOUS
10
-4.3023855118110239
20
5.8945283858267716
11
-4.3092233858267717
21
5.8944903937007869
0
LINE
8
BLACK
6
CONTINUOUS
10
-4.3092233858267717
20
5.8944903937007869
11
-4.3091944488188973
21
5.8924147637795272
0
LINE
8
BLACK
6
CONTINUOUS
10
-4.3091944488188973
20
5.8924147637795272
11
-4.3021602362204723
21
5.887588307086614
0
LINE
8
BLACK
6
CONTINUOUS
10
-4.3021602362204723
20
5.887588307086614
11
-4.301841496062992
21
5.887255433070866
0
LINE
8
BLACK
6
CONTINUOUS
10
-4.301841496062992
20
5.887255433070866
11
-4.3016844094488187
21
5.8863652755905509
0
LINE
8
BLACK
6
CONTINUOUS
10
-4.3016844094488187
20
5.8863652755905509
11
-4.3022027952755906
21
5.8856246850393701
0
LINE
8
BLACK
6
CONTINUOUS
10
-4.3022027952755906
20
5.8856246850393701
11
-4.3030929921259844
21
5.8854675984251967
0
LINE
8
BLACK
6
CONTINUOUS
10
-4.3030929921259844
20
5.8854675984251967
11
-4.3091555905511809
21
5.8896273622047239
0
LINE
8
BLACK
6
CONTINUOUS
10
-4.3091555905511809
20
5.8896273622047239
11
-4.3091554724409447
21
5.8896203149606299
0
LINE
8
BLACK
6
CONTINUOUS
10
-4.3091554724409447
20
5.8896203149606299
11
-4.3091670078740156
21
5.8895623228346459
0
LINE
8
BLACK
6
CONTINUOUS
10
-4.3091670078740156
20
5.8895623228346459
11
-4.3091584251968502
21
5.8895366141732284
0
LINE
8
BLACK
6
CONTINUOUS
10
-4.3091584251968502
20
5.8895366141732284
11
-4.3091830708661414
21
5.8894816535433065
0
LINE
8
BLACK
6
CONTINUOUS
10
-4.3091830708661414
20
5.8894816535433065
11
-4.3092453937007873
21
5.8891683070866137
0
LINE
8
BLACK
6
CONTINUOUS
10
-4.3092453937007873
20
5.8891683070866137
11
-4.309387047244094
21
5.8890266535433069
0
LINE
8
BLACK
6
CONTINUOUS
10
-4.309387047244094
20
5.8890266535433069
11
-4.3099952755905511
21
5.8876698818897637
0
LINE
8
BLACK
6
CONTINUOUS
10
-4.3099952755905511
20
5.8876698818897637
11
-4.3099952755905511
21
5.8876685433070861
0
LINE
8
BLACK
6
CONTINUOUS
10
-4.3099952755905511
20
5.8876685433070861
11
-4.3099965354330712
21
5.8876671259842519
0
LINE
8
BLACK
6
CONTINUOUS
10
-4.3099965354330712
20
5.8876671259842519
11
-4.3100300787401578
21
5.8875922834645671
0
LINE
8
BLACK
6
CONTINUOUS
10
-4.3100300787401578
20
5.8875922834645671
11
-4.3103126771653546
21
5.8872282283464568
0
LINE
8
BLACK
6
CONTINUOUS
10
-4.3103126771653546
20
5.8872282283464568
11
-4.3104170866141729
21
5.8871934251968501
0
LINE
8
BLACK
6
CONTINUOUS
10
-4.3104170866141729
20
5.8871934251968501
11
-4.3109425196850388
21
5.8866016141732285
0
LINE
8
BLACK
6
CONTINUOUS
10
-4.3109425196850388
20
5.8866016141732285
11
-4.3109440944881889
21
5.8865968110236215
0
LINE
8
BLACK
6
CONTINUOUS
10
-4.3109440944881889
20
5.8865968110236215
11
-4.31094937007874
21
5.8865938976377947
0
LINE
8
BLACK
6
CONTINUOUS
10
-4.31094937007874
20
5.8865938976377947
11
-4.3110012204724413
21
5.8865354724409444
0
LINE
8
BLACK
6
CONTINUOUS
10
-4.3110012204724413
20
5.8865354724409444
11
-4.3113844094488192
21
5.8862794488188976
0
LINE
8
BLACK
6
CONTINUOUS
10
-4.3113844094488192
20
5.8862794488188976
11
-4.3115170078740155
21
5.8862794488188976
0
LINE
8
BLACK
6
CONTINUOUS
10
-4.3115170078740155
20
5.8862794488188976
11
-4.3128080314960631
21
5.8855642913385822
0
LINE
8
BLACK
6
CONTINUOUS
10
-4.3128080314960631
20
5.8855642913385822
11
-4.312865078740157
21
5.8855486614173227
0
LINE
8
BLACK
6
CONTINUOUS
10
-4.312865078740157
20
5.8855486614173227
11
-4.3128842125984255
21
5.8855295275590551
0
LINE
8
BLACK
6
CONTINUOUS
10
-4.3128842125984255
20
5.8855295275590551
11
-4.3129420472440945
21
5.8855275984251971
0
LINE
8
BLACK
6
CONTINUOUS
10
-4.3129420472440945
20
5.8855275984251971
11
-4.3132525196850393
21
5.8854425984251968
0
LINE
8
BLACK
6
CONTINUOUS
10
-4.3132525196850393
20
5.8854425984251968
11
-4.3134562204724407
21
5.8855104724409451
0
LINE
8
BLACK
6
CONTINUOUS
10
-4.3134562204724407
20
5.8855104724409451
11
-4.3155859055118109
21
5.8854396062992125
0
LINE
8
BLACK
6
CONTINUOUS
10
-4.3155859055118109
20
5.8854396062992125
11
-4.3156438976377949
21
5.8854511023622047
0
LINE
8
BLACK
6
CONTINUOUS
10
-4.3156438976377949
20
5.8854511023622047
11
-4.3156696062992124
21
5.885442559055118
0
LINE
8
BLACK
6
CONTINUOUS
10
-4.3156696062992124
20
5.885442559055118
11
-4.3157245669291342
21
5.8854671653543305
0
LINE
8
BLACK
6
CONTINUOUS
10
-4.3157245669291342
20
5.8854671653543305
11
-4.3160379133858271
21
5.8855295275590551
0
LINE
8
BLACK
6
CONTINUOUS
10
-4.3160379133858271
20
5.8855295275590551
11
-4.3161795669291338
21
5.8856711417322831
0
LINE
8
BLACK
6
CONTINUOUS
10
-4.3161795669291338
20
5.8856711417322831
11
-4.3175362992125983
21
5.8862794094488189
0
LINE
8
BLACK
6
CONTINUOUS
10
-4.3175362992125983
20
5.8862794094488189
11
-4.3175377165354334
21
5.8862794094488189
0
LINE
8
BLACK
6
CONTINUOUS
10
-4.3175377165354334
20
5.8862794094488189
11
-4.3175391732283463
21
5.8862806692913381
0
LINE
8
BLACK
6
CONTINUOUS
10
-4.3175391732283463
20
5.8862806692913381
11
-4.3176139370078737
21
5.8863142125984247
0
LINE
8
BLACK
6
CONTINUOUS
10
-4.3176139370078737
20
5.8863142125984247
11
-4.3179780314960627
21
5.8865968110236215
0
LINE
8
BLACK
6
CONTINUOUS
10
-4.3179780314960627
20
5.8865968110236215
11
-4.3180128346456694
21
5.886701181102362
0
LINE
8
BLACK
6
CONTINUOUS
10
-4.3180128346456694
20
5.886701181102362
11
-4.318604645669291
21
5.8872266141732279
0
LINE
8
BLACK
6
CONTINUOUS
10
-4.318604645669291
20
5.8872266141732279
11
-4.318609448818898
21
5.8872282283464568
0
LINE
8
BLACK
6
CONTINUOUS
10
-4.318609448818898
20
5.8872282283464568
11
-4.3186123622047239
21
5.8872334645669291
0
LINE
8
BLACK
6
CONTINUOUS
10
-4.3186123622047239
20
5.8872334645669291
11
-4.3186707874015751
21
5.8872853543307082
0
LINE
8
BLACK
6
CONTINUOUS
10
-4.3186707874015751
20
5.8872853543307082
11
-4.3189268110236219
21
5.8876685433070861
0
LINE
8
BLACK
6
CONTINUOUS
10
-4.3189268110236219
20
5.8876685433070861
11
-4.3189268110236219
21
5.8878011023622046
0
LINE
8
BLACK
6
CONTINUOUS
10
-4.3189268110236219
20
5.8878011023622046
11
-4.3196419685039373
21
5.8890920866141734
0
LINE
8
BLACK
6
CONTINUOUS
10
-4.3196419685039373
20
5.8890920866141734
11
-4.3196575984251968
21
5.8891491338582673
0
LINE
8
BLACK
6
CONTINUOUS
10
-4.3196575984251968
20
5.8891491338582673
11
-4.3196767322834644
21
5.8891683070866137
0
LINE
8
BLACK
6
CONTINUOUS
10
-4.3196767322834644
20
5.8891683070866137
11
-4.3196774803149607
21
5.8892217716535429
0
LINE
8
BLACK
6
CONTINUOUS
10
-4.3196774803149607
20
5.8892217716535429
11
-4.3197636614173227
21
5.8895366141732284
0
LINE
8
BLACK
6
CONTINUOUS
10
-4.3197636614173227
20
5.8895366141732284
11
-4.3196851574803148
21
5.8897721259842521
0
LINE
8
BLACK
6
CONTINUOUS
10
-4.3196851574803148
20
5.8897721259842521
11
-4.319766653543307
21
5.8956195669291338
0
LINE
8
BLACK
6
CONTINUOUS
10
-4.319766653543307
20
5.8956195669291338
11
-4.3196767322834644
21
5.8960715748031491
0
LINE
8
BLACK
6
CONTINUOUS
10
-4.3196767322834644
20
5.8960715748031491
11
-4.3190375590551184
21
5.896710748031496
0
LINE
8
BLACK
6
CONTINUOUS
10
-4.3190375590551184
20
5.896710748031496
11
-4.3028375196850392
21
5.8968006692913386
0
LINE
8
BLACK
6
CONTINUOUS
10
-4.3028375196850392
20
5.8968006692913386
11
-4.3023855118110239
21
5.896710748031496
0
LINE
8
BLACK
6
CONTINUOUS
10
-4.3174717322834644
20
5.8944446456692914
11
-4.3174067322834642
21
5.8897814173228342
0
LINE
8
BLACK
6
CONTINUOUS
10
-4.3174067322834642
20
5.8897814173228342
11
-4.3168079921259839
21
5.8887006299212601
0
LINE
8
BLACK
6
CONTINUOUS
10
-4.3168079921259839
20
5.8887006299212601
11
-4.3162644094488192
21
5.8882180314960628
0
LINE
8
BLACK
6
CONTINUOUS
10
-4.3162644094488192
20
5.8882180314960628
11
-4.3151976377952757
21
5.887739842519685
0
LINE
8
BLACK
6
CONTINUOUS
10
-4.3151976377952757
20
5.887739842519685
11
-4.3135033070866138
21
5.887796220472441
0
LINE
8
BLACK
6
CONTINUOUS
10
-4.3135033070866138
20
5.887796220472441
11
-4.312416535433071
21
5.8883982677165356
0
LINE
8
BLACK
6
CONTINUOUS
10
-4.312416535433071
20
5.8883982677165356
11
-4.3119339370078738
21
5.8889418897637791
0
LINE
8
BLACK
6
CONTINUOUS
10
-4.3119339370078738
20
5.8889418897637791
11
-4.3114399606299214
21
5.8900437401574806
0
LINE
8
BLACK
6
CONTINUOUS
10
-4.3114399606299214
20
5.8900437401574806
11
-4.3114672047244094
21
5.8919977952755902
0
LINE
8
BLACK
6
CONTINUOUS
10
-4.3114672047244094
20
5.8919977952755902
11
-4.3114897244094488
21
5.8921254724409451
0
LINE
8
BLACK
6
CONTINUOUS
10
-4.3114897244094488
20
5.8921254724409451
11
-4.3114694094488186
21
5.8921545275590548
0
LINE
8
BLACK
6
CONTINUOUS
10
-4.3114694094488186
20
5.8921545275590548
11
-4.3115017716535435
21
5.8944777559055117
0
LINE
8
BLACK
6
CONTINUOUS
10
-4.3115017716535435
20
5.8944777559055117
11
-4.3174717322834644
21
5.8944446456692914
0
LINE
8
BLACK
6
CONTINUOUS
10
-4.2930065354330704
20
5.9173107874015747
11
-4.291941181102362
21
5.9162454330708663
0
LINE
8
BLACK
6
CONTINUOUS
10
-4.291941181102362
20
5.9162454330708663
11
-4.2917913385826774
21
5.8525
0
LINE
8
BLACK
6
CONTINUOUS
10
-4.2917913385826774
20
5.8525
11
-4.291941181102362
21
5.8517466929133857
0
LINE
8
BLACK
6
CONTINUOUS
10
-4.291941181102362
20
5.8517466929133857
11
-4.2930065354330704
21
5.8506813385826772
0
LINE
8
BLACK
6
CONTINUOUS
10
-4.2930065354330704
20
5.8506813385826772
11
-4.3262401574803144
21
5.8505314960629917
0
LINE
8
BLACK
6
CONTINUOUS
10
-4.3262401574803144
20
5.8505314960629917
11
-4.3269934645669288
21
5.8506813385826772
0
LINE
8
BLACK
6
CONTINUOUS
10
-4.3269934645669288
20
5.8506813385826772
11
-4.3280588188976381
21
5.8517466929133857
0
LINE
8
BLACK
6
CONTINUOUS
10
-4.3280588188976381
20
5.8517466929133857
11
-4.3282086614173227
21
5.9154921259842519
0
LINE
8
BLACK
6
CONTINUOUS
10
-4.3282086614173227
20
5.9154921259842519
11
-4.3280588188976381
21
5.9162454330708663
0
LINE
8
BLACK
6
CONTINUOUS
10
-4.3280588188976381
20
5.9162454330708663
11
-4.3269934645669288
21
5.9173107874015747
0
LINE
8
BLACK
6
CONTINUOUS
10
-4.3269934645669288
20
5.9173107874015747
11
-4.2937598425196848
21
5.9174606299212593
0
LINE
8
BLACK
6
CONTINUOUS
10
-4.2937598425196848
20
5.9174606299212593
11
-4.2930065354330704
21
5.9173107874015747
0
LINE
8
BLACK
6
CONTINUOUS
10
-4.3244151181102364
20
5.9135318503937002
11
-4.324275984251968
21
5.8543309055118105
0
LINE
8
BLACK
6
CONTINUOUS
10
-4.324275984251968
20
5.8543309055118105
11
-4.2955849212598425
21
5.8544602362204721
0
LINE
8
BLACK
6
CONTINUOUS
10
-4.2955849212598425
20
5.8544602362204721
11
-4.29572405511811
21
5.9136611811023618
0
LINE
8
BLACK
6
CONTINUOUS
10
-4.29572405511811
20
5.9136611811023618
11
-4.3244151181102364
21
5.9135318503937002
0
LINE
8
BLACK
6
CONTINUOUS
10
-4.7421900787401574
20
5.9294422440944876
11
-4.7202572047244091
21
5.9075699999999998
0
LINE
8
BLACK
6
CONTINUOUS
10
-4.7202572047244091
20
5.9075699999999998
11
-4.7202035039370074
21
5.907529763779527
0
LINE
8
BLACK
6
CONTINUOUS
10
-4.7202035039370074
20
5.907529763779527
11
-4.7201843307086611
21
5.9074973228346455
0
LINE
8
BLACK
6
CONTINUOUS
10
-4.7201843307086611
20
5.9074973228346455
11
-4.7181877559055119
21
5.9055062992125986
0
LINE
8
BLACK
6
CONTINUOUS
10
-4.7181877559055119
20
5.9055062992125986
11
-4.7182118503937005
21
5.9269871259842519
0
LINE
8
BLACK
6
CONTINUOUS
10
-4.7182118503937005
20
5.9269871259842519
11
-4.7181551181102357
21
5.9275631889763778
0
LINE
8
BLACK
6
CONTINUOUS
10
-4.7181551181102357
20
5.9275631889763778
11
-4.717714212598425
21
5.928627598425197
0
LINE
8
BLACK
6
CONTINUOUS
10
-4.717714212598425
20
5.928627598425197
11
-4.7168995669291336
21
5.9294422440944876
0
LINE
8
BLACK
6
CONTINUOUS
10
-4.7168995669291336
20
5.9294422440944876
11
-4.7158351574803152
21
5.9298831496062991
0
LINE
8
BLACK
6
CONTINUOUS
10
-4.7158351574803152
20
5.9298831496062991
11
-4.7146830314960626
21
5.9298831496062991
0
LINE
8
BLACK
6
CONTINUOUS
10
-4.7146830314960626
20
5.9298831496062991
11
-4.7136186220472442
21
5.9294422440944876
0
LINE
8
BLACK
6
CONTINUOUS
10
-4.7136186220472442
20
5.9294422440944876
11
-4.7128039763779528
21
5.928627598425197
0
LINE
8
BLACK
6
CONTINUOUS
10
-4.7128039763779528
20
5.928627598425197
11
-4.7123630708661413
21
5.9275631889763778
0
LINE
8
BLACK
6
CONTINUOUS
10
-4.7123630708661413
20
5.9275631889763778
11
-4.7123063385826773
21
5.8769871259842521
0
LINE
8
BLACK
6
CONTINUOUS
10
-4.7123063385826773
20
5.8769871259842521
11
-4.7123630708661413
21
5.8764110629921262
0
LINE
8
BLACK
6
CONTINUOUS
10
-4.7123630708661413
20
5.8764110629921262
11
-4.7128039763779528
21
5.875346653543307
0
LINE
8
BLACK
6
CONTINUOUS
10
-4.7128039763779528
20
5.875346653543307
11
-4.7136186220472442
21
5.8745320078740155
0
LINE
8
BLACK
6
CONTINUOUS
10
-4.7136186220472442
20
5.8745320078740155
11
-4.7146830314960626
21
5.8740911023622049
0
LINE
8
BLACK
6
CONTINUOUS
10
-4.7146830314960626
20
5.8740911023622049
11
-4.7158351574803152
21
5.8740911023622049
0
LINE
8
BLACK
6
CONTINUOUS
10
-4.7158351574803152
20
5.8740911023622049
11
-4.7168995669291336
21
5.8745320078740155
0
LINE
8
BLACK
6
CONTINUOUS
10
-4.7168995669291336
20
5.8745320078740155
11
-4.717714212598425
21
5.875346653543307
0
LINE
8
BLACK
6
CONTINUOUS
10
-4.717714212598425
20
5.875346653543307
11
-4.7181551181102357
21
5.8764110629921262
0
LINE
8
BLACK
6
CONTINUOUS
10
-4.7181551181102357
20
5.8764110629921262
11
-4.7181785039370077
21
5.8972359448818894
0
LINE
8
BLACK
6
CONTINUOUS
10
-4.7181785039370077
20
5.8972359448818894
11
-4.722090433070866
21
5.9011370472440943
0
LINE
8
BLACK
6
CONTINUOUS
10
-4.722090433070866
20
5.9011370472440943
11
-4.7414683464566929
21
5.8752154724409449
0
LINE
8
BLACK
6
CONTINUOUS
10
-4.7414683464566929
20
5.8752154724409449
11
-4.7418593700787399
21
5.8747886614173224
0
LINE
8
BLACK
6
CONTINUOUS
10
-4.7418593700787399
20
5.8747886614173224
11
-4.7428507480314961
21
5.8742016929133856
0
LINE
8
BLACK
6
CONTINUOUS
10
-4.7428507480314961
20
5.8742016929133856
11
-4.7439912598425193
21
5.8740387401574798
0
LINE
8
BLACK
6
CONTINUOUS
10
-4.7439912598425193
20
5.8740387401574798
11
-4.7451073228346452
21
5.8743246850393698
0
LINE
8
BLACK
6
CONTINUOUS
10
-4.7451073228346452
20
5.8743246850393698
11
-4.7460290157480314
21
5.8750159448818895
0
LINE
8
BLACK
6
CONTINUOUS
10
-4.7460290157480314
20
5.8750159448818895
11
-4.7466159842519682
21
5.8760073228346457
0
LINE
8
BLACK
6
CONTINUOUS
10
-4.7466159842519682
20
5.8760073228346457
11
-4.7467789370078739
21
5.8771478346456689
0
LINE
8
BLACK
6
CONTINUOUS
10
-4.7467789370078739
20
5.8771478346456689
11
-4.746492992125984
21
5.8782638976377948
0
LINE
8
BLACK
6
CONTINUOUS
10
-4.746492992125984
20
5.8782638976377948
11
-4.7262746456692915
21
5.90530968503937
0
LINE
8
BLACK
6
CONTINUOUS
10
-4.7262746456692915
20
5.90530968503937
11
-4.7459184645669295
21
5.924899212598425
0
LINE
8
BLACK
6
CONTINUOUS
10
-4.7459184645669295
20
5.924899212598425
11
-4.7462856692913382
21
5.9253466535433068
0
LINE
8
BLACK
6
CONTINUOUS
10
-4.7462856692913382
20
5.9253466535433068
11
-4.7467265748031497
21
5.9264110629921261
0
LINE
8
BLACK
6
CONTINUOUS
10
-4.7467265748031497
20
5.9264110629921261
11
-4.7467265748031497
21
5.927563149606299
0
LINE
8
BLACK
6
CONTINUOUS
10
-4.7467265748031497
20
5.927563149606299
11
-4.7462856692913382
21
5.928627598425197
0
LINE
8
BLACK
6
CONTINUOUS
10
-4.7462856692913382
20
5.928627598425197
11
-4.7454710236220468
21
5.9294422440944876
0
LINE
8
BLACK
6
CONTINUOUS
10
-4.7454710236220468
20
5.9294422440944876
11
-4.7444066141732284
21
5.9298831496062991
0
LINE
8
BLACK
6
CONTINUOUS
10
-4.7444066141732284
20
5.9298831496062991
11
-4.7432545275590554
21
5.9298831496062991
0
LINE
8
BLACK
6
CONTINUOUS
10
-4.7432545275590554
20
5.9298831496062991
11
-4.7421900787401574
21
5.9294422440944876
0
LINE
8
BLACK
6
CONTINUOUS
10
-4.5563530708661419
20
5.951951141732283
11
-4.5552886614173227
21
5.9515102362204724
0
LINE
8
BLACK
6
CONTINUOUS
10
-4.5552886614173227
20
5.9515102362204724
11
-4.5544740157480312
21
5.9506955905511809
0
LINE
8
BLACK
6
CONTINUOUS
10
-4.5544740157480312
20
5.9506955905511809
11
-4.5540331102362206
21
5.9496311811023617
0
LINE
8
BLACK
6
CONTINUOUS
10
-4.5540331102362206
20
5.9496311811023617
11
-4.5539763779527558
21
5.854566929133858
0
LINE
8
BLACK
6
CONTINUOUS
10
-4.5539763779527558
20
5.854566929133858
11
-4.5540331102362206
21
5.8539908661417321
0
LINE
8
BLACK
6
CONTINUOUS
10
-4.5540331102362206
20
5.8539908661417321
11
-4.5544740157480312
21
5.8529264566929129
0
LINE
8
BLACK
6
CONTINUOUS
10
-4.5544740157480312
20
5.8529264566929129
11
-4.5552886614173227
21
5.8521118110236223
0
LINE
8
BLACK
6
CONTINUOUS
10
-4.5552886614173227
20
5.8521118110236223
11
-4.5563530708661419
21
5.8516709055118108
0
LINE
8
BLACK
6
CONTINUOUS
10
-4.5563530708661419
20
5.8516709055118108
11
-4.7537795275590549
21
5.851614173228346
0
LINE
8
BLACK
6
CONTINUOUS
10
-4.7537795275590549
20
5.851614173228346
11
-4.7543555905511807
21
5.8516709055118108
0
LINE
8
BLACK
6
CONTINUOUS
10
-4.7543555905511807
20
5.8516709055118108
11
-4.75542
21
5.8521118110236223
0
LINE
8
BLACK
6
CONTINUOUS
10
-4.75542
20
5.8521118110236223
11
-4.7562346456692914
21
5.8529264566929129
0
LINE
8
BLACK
6
CONTINUOUS
10
-4.7562346456692914
20
5.8529264566929129
11
-4.7566755511811021
21
5.8539908661417321
0
LINE
8
BLACK
6
CONTINUOUS
10
-4.7566755511811021
20
5.8539908661417321
11
-4.7567322834645669
21
5.9490551181102358
0
LINE
8
BLACK
6
CONTINUOUS
10
-4.7567322834645669
20
5.9490551181102358
11
-4.7566755511811021
21
5.9496311811023617
0
LINE
8
BLACK
6
CONTINUOUS
10
-4.7566755511811021
20
5.9496311811023617
11
-4.7562346456692914
21
5.9506955905511809
0
LINE
8
BLACK
6
CONTINUOUS
10
-4.7562346456692914
20
5.9506955905511809
11
-4.75542
21
5.9515102362204724
0
LINE
8
BLACK
6
CONTINUOUS
10
-4.75542
20
5.9515102362204724
11
-4.7543555905511807
21
5.951951141732283
0
LINE
8
BLACK
6
CONTINUOUS
10
-4.7543555905511807
20
5.951951141732283
11
-4.5569291338582678
21
5.9520078740157478
0
LINE
8
BLACK
6
CONTINUOUS
10
-4.5569291338582678
20
5.9520078740157478
11
-4.5563530708661419
21
5.951951141732283
0
LINE
8
BLACK
6
CONTINUOUS
10
-4.7508814173228346
20
5.9461031889763776
11
-4.750828503937008
21
5.857463937007874
0
LINE
8
BLACK
6
CONTINUOUS
10
-4.750828503937008
20
5.857463937007874
11
-4.5598272834645668
21
5.8575188188976375
0
LINE
8
BLACK
6
CONTINUOUS
10
-4.5598272834645668
20
5.8575188188976375
11
-4.5598801968503935
21
5.9461580708661419
0
LINE
8
BLACK
6
CONTINUOUS
10
-4.5598801968503935
20
5.9461580708661419
11
-4.7508814173228346
21
5.9461031889763776
0
LINE
8
BLACK
6
CONTINUOUS
10
-4.4967619291338581
20
5.8996766929133857
11
-4.4964181102362204
21
5.8996766929133857
0
LINE
8
BLACK
6
CONTINUOUS
10
-4.4964181102362204
20
5.8996766929133857
11
-4.4963321653543309
21
5.8995907086614174
0
LINE
8
BLACK
6
CONTINUOUS
10
-4.4963321653543309
20
5.8995907086614174
11
-4.4962129527559052
21
5.8995668897637792
0
LINE
8
BLACK
6
CONTINUOUS
10
-4.4962129527559052
20
5.8995668897637792
11
-4.4959810629921257
21
5.8992396062992123
0
LINE
8
BLACK
6
CONTINUOUS
10
-4.4959810629921257
20
5.8992396062992123
11
-4.4957789370078736
21
5.8990375196850389
0
LINE
8
BLACK
6
CONTINUOUS
10
-4.4957789370078736
20
5.8990375196850389
11
-4.4957785039370082
21
5.8989537401574799
0
LINE
8
BLACK
6
CONTINUOUS
10
-4.4957785039370082
20
5.8989537401574799
11
-4.4943875196850396
21
5.8969909448818898
0
LINE
8
BLACK
6
CONTINUOUS
10
-4.4943875196850396
20
5.8969909448818898
11
-4.4943479921259843
21
5.896895118110236
0
LINE
8
BLACK
6
CONTINUOUS
10
-4.4943479921259843
20
5.896895118110236
11
-4.4930478346456688
21
5.8956827952755901
0
LINE
8
BLACK
6
CONTINUOUS
10
-4.4930478346456688
20
5.8956827952755901
11
-4.4918424409448816
21
5.8951424803149601
0
LINE
8
BLACK
6
CONTINUOUS
10
-4.4918424409448816
20
5.8951424803149601
11
-4.4914783858267713
21
5.8948598818897633
0
LINE
8
BLACK
6
CONTINUOUS
10
-4.4914783858267713
20
5.8948598818897633
11
-4.4911925196850389
21
5.8940023622047244
0
LINE
8
BLACK
6
CONTINUOUS
10
-4.4911925196850389
20
5.8940023622047244
11
-4.4915968503937007
21
5.8931937795275591
0
LINE
8
BLACK
6
CONTINUOUS
10
-4.4915968503937007
20
5.8931937795275591
11
-4.4924543700787405
21
5.8929079133858266
0
LINE
8
BLACK
6
CONTINUOUS
10
-4.4924543700787405
20
5.8929079133858266
11
-4.494321141732283
21
5.8937448031496062
0
LINE
8
BLACK
6
CONTINUOUS
10
-4.494321141732283
20
5.8937448031496062
11
-4.4943224409448819
21
5.8937448031496062
0
LINE
8
BLACK
6
CONTINUOUS
10
-4.4943224409448819
20
5.8937448031496062
11
-4.4943236614173223
21
5.8937459055118113
0
LINE
8
BLACK
6
CONTINUOUS
10
-4.4943236614173223
20
5.8937459055118113
11
-4.4943987007874018
21
5.8937795669291333
0
LINE
8
BLACK
6
CONTINUOUS
10
-4.4943987007874018
20
5.8937795669291333
11
-4.4947627559055121
21
5.8940621653543301
0
LINE
8
BLACK
6
CONTINUOUS
10
-4.4947627559055121
20
5.8940621653543301
11
-4.4948078740157476
21
5.8941974015748029
0
LINE
8
BLACK
6
CONTINUOUS
10
-4.4948078740157476
20
5.8941974015748029
11
-4.4957570078740154
21
5.8950824409448819
0
LINE
8
BLACK
6
CONTINUOUS
10
-4.4957570078740154
20
5.8950824409448819
11
-4.4956954330708658
21
5.883986929133858
0
LINE
8
BLACK
6
CONTINUOUS
10
-4.4956954330708658
20
5.883986929133858
11
-4.4923706692913381
21
5.8840185826771654
0
LINE
8
BLACK
6
CONTINUOUS
10
-4.4923706692913381
20
5.8840185826771654
11
-4.4919186614173228
21
5.8839286614173227
0
LINE
8
BLACK
6
CONTINUOUS
10
-4.4919186614173228
20
5.8839286614173227
11
-4.4912794881889759
21
5.8832894881889759
0
LINE
8
BLACK
6
CONTINUOUS
10
-4.4912794881889759
20
5.8832894881889759
11
-4.4912794881889759
21
5.8823854724409443
0
LINE
8
BLACK
6
CONTINUOUS
10
-4.4912794881889759
20
5.8823854724409443
11
-4.4919186614173228
21
5.8817462992125984
0
LINE
8
BLACK
6
CONTINUOUS
10
-4.4919186614173228
20
5.8817462992125984
11
-4.5013695275590546
21
5.8816563779527558
0
LINE
8
BLACK
6
CONTINUOUS
10
-4.5013695275590546
20
5.8816563779527558
11
-4.5018215354330708
21
5.8817462992125984
0
LINE
8
BLACK
6
CONTINUOUS
10
-4.5018215354330708
20
5.8817462992125984
11
-4.5024607086614168
21
5.8823854724409443
0
LINE
8
BLACK
6
CONTINUOUS
10
-4.5024607086614168
20
5.8823854724409443
11
-4.5024607086614168
21
5.8832894881889759
0
LINE
8
BLACK
6
CONTINUOUS
10
-4.5024607086614168
20
5.8832894881889759
11
-4.5018215354330708
21
5.8839286614173227
0
LINE
8
BLACK
6
CONTINUOUS
10
-4.5018215354330708
20
5.8839286614173227
11
-4.4979700787401571
21
5.8839652755905512
0
LINE
8
BLACK
6
CONTINUOUS
10
-4.4979700787401571
20
5.8839652755905512
11
-4.4980512204724405
21
5.8985855118110235
0
LINE
8
BLACK
6
CONTINUOUS
10
-4.4980512204724405
20
5.8985855118110235
11
-4.4979612992125979
21
5.8990375196850389
0
LINE
8
BLACK
6
CONTINUOUS
10
-4.4979612992125979
20
5.8990375196850389
11
-4.4978753543307084
21
5.8991234645669293
0
LINE
8
BLACK
6
CONTINUOUS
10
-4.4978753543307084
20
5.8991234645669293
11
-4.4978514960629923
21
5.8992426771653541
0
LINE
8
BLACK
6
CONTINUOUS
10
-4.4978514960629923
20
5.8992426771653541
11
-4.4975653937007873
21
5.8994334251968503
0
LINE
8
BLACK
6
CONTINUOUS
10
-4.4975653937007873
20
5.8994334251968503
11
-4.497322125984252
21
5.8996766929133857
0
LINE
8
BLACK
6
CONTINUOUS
10
-4.497322125984252
20
5.8996766929133857
11
-4.497200551181102
21
5.8996766929133857
0
LINE
8
BLACK
6
CONTINUOUS
10
-4.497200551181102
20
5.8996766929133857
11
-4.4970993307086617
21
5.8997441732283464
0
LINE
8
BLACK
6
CONTINUOUS
10
-4.4970993307086617
20
5.8997441732283464
11
-4.4967619291338581
21
5.8996766929133857
0
LINE
8
BLACK
6
CONTINUOUS
10
-4.4769205511811023
20
5.8996766929133857
11
-4.4762813779527555
21
5.8990375196850389
0
LINE
8
BLACK
6
CONTINUOUS
10
-4.4762813779527555
20
5.8990375196850389
11
-4.4761914566929129
21
5.8828374803149606
0
LINE
8
BLACK
6
CONTINUOUS
10
-4.4761914566929129
20
5.8828374803149606
11
-4.4762813779527555
21
5.8823854724409443
0
LINE
8
BLACK
6
CONTINUOUS
10
-4.4762813779527555
20
5.8823854724409443
11
-4.4769205511811023
21
5.8817462992125984
0
LINE
8
BLACK
6
CONTINUOUS
10
-4.4769205511811023
20
5.8817462992125984
11
-4.4778245669291339
21
5.8817462992125984
0
LINE
8
BLACK
6
CONTINUOUS
10
-4.4778245669291339
20
5.8817462992125984
11
-4.4784637401574798
21
5.8823854724409443
0
LINE
8
BLACK
6
CONTINUOUS
10
-4.4784637401574798
20
5.8823854724409443
11
-4.4785017322834646
21
5.8892233070866142
0
LINE
8
BLACK
6
CONTINUOUS
10
-4.4785017322834646
20
5.8892233070866142
11
-4.4805773622047242
21
5.8891943700787399
0
LINE
8
BLACK
6
CONTINUOUS
10
-4.4805773622047242
20
5.8891943700787399
11
-4.4854038188976375
21
5.8821601574803148
0
LINE
8
BLACK
6
CONTINUOUS
10
-4.4854038188976375
20
5.8821601574803148
11
-4.4857366929133855
21
5.8818414173228346
0
LINE
8
BLACK
6
CONTINUOUS
10
-4.4857366929133855
20
5.8818414173228346
11
-4.4866268503937006
21
5.8816843307086613
0
LINE
8
BLACK
6
CONTINUOUS
10
-4.4866268503937006
20
5.8816843307086613
11
-4.4873674803149601
21
5.8822027559055119
0
LINE
8
BLACK
6
CONTINUOUS
10
-4.4873674803149601
20
5.8822027559055119
11
-4.4875245669291335
21
5.883092913385827
0
LINE
8
BLACK
6
CONTINUOUS
10
-4.4875245669291335
20
5.883092913385827
11
-4.4833647637795275
21
5.8891555118110235
0
LINE
8
BLACK
6
CONTINUOUS
10
-4.4833647637795275
20
5.8891555118110235
11
-4.4833718110236216
21
5.889155433070866
0
LINE
8
BLACK
6
CONTINUOUS
10
-4.4833718110236216
20
5.889155433070866
11
-4.4834298031496065
21
5.8891669291338582
0
LINE
8
BLACK
6
CONTINUOUS
10
-4.4834298031496065
20
5.8891669291338582
11
-4.4834555118110231
21
5.8891583858267715
0
LINE
8
BLACK
6
CONTINUOUS
10
-4.4834555118110231
20
5.8891583858267715
11
-4.4835104724409449
21
5.889182992125984
0
LINE
8
BLACK
6
CONTINUOUS
10
-4.4835104724409449
20
5.889182992125984
11
-4.4838238188976378
21
5.8892453543307086
0
LINE
8
BLACK
6
CONTINUOUS
10
-4.4838238188976378
20
5.8892453543307086
11
-4.4839654724409446
21
5.8893869685039366
0
LINE
8
BLACK
6
CONTINUOUS
10
-4.4839654724409446
20
5.8893869685039366
11
-4.485322204724409
21
5.8899952362204724
0
LINE
8
BLACK
6
CONTINUOUS
10
-4.485322204724409
20
5.8899952362204724
11
-4.4853235826771654
21
5.8899952362204724
0
LINE
8
BLACK
6
CONTINUOUS
10
-4.4853235826771654
20
5.8899952362204724
11
-4.4853249999999996
21
5.8899964566929128
0
LINE
8
BLACK
6
CONTINUOUS
10
-4.4853249999999996
20
5.8899964566929128
11
-4.4853998425196853
21
5.8900300393700782
0
LINE
8
BLACK
6
CONTINUOUS
10
-4.4853998425196853
20
5.8900300393700782
11
-4.4857638976377956
21
5.890312637795275
0
LINE
8
BLACK
6
CONTINUOUS
10
-4.4857638976377956
20
5.890312637795275
11
-4.4857987007874014
21
5.8904170078740155
0
LINE
8
BLACK
6
CONTINUOUS
10
-4.4857987007874014
20
5.8904170078740155
11
-4.4863905118110239
21
5.8909424409448814
0
LINE
8
BLACK
6
CONTINUOUS
10
-4.4863905118110239
20
5.8909424409448814
11
-4.4863953149606299
21
5.8909440551181103
0
LINE
8
BLACK
6
CONTINUOUS
10
-4.4863953149606299
20
5.8909440551181103
11
-4.4863982283464567
21
5.8909492913385826
0
LINE
8
BLACK
6
CONTINUOUS
10
-4.4863982283464567
20
5.8909492913385826
11
-4.486456653543307
21
5.8910011811023617
0
LINE
8
BLACK
6
CONTINUOUS
10
-4.486456653543307
20
5.8910011811023617
11
-4.4867126771653538
21
5.8913843700787396
0
LINE
8
BLACK
6
CONTINUOUS
10
-4.4867126771653538
20
5.8913843700787396
11
-4.4867126771653538
21
5.891516929133858
0
LINE
8
BLACK
6
CONTINUOUS
10
-4.4867126771653538
20
5.891516929133858
11
-4.4874278346456693
21
5.8928079921259844
0
LINE
8
BLACK
6
CONTINUOUS
10
-4.4874278346456693
20
5.8928079921259844
11
-4.4874434645669288
21
5.8928649999999996
0
LINE
8
BLACK
6
CONTINUOUS
10
-4.4874434645669288
20
5.8928649999999996
11
-4.4874625984251963
21
5.8928841732283459
0
LINE
8
BLACK
6
CONTINUOUS
10
-4.4874625984251963
20
5.8928841732283459
11
-4.4874645275590552
21
5.892941968503937
0
LINE
8
BLACK
6
CONTINUOUS
10
-4.4874645275590552
20
5.892941968503937
11
-4.4875495275590547
21
5.8932524803149606
0
LINE
8
BLACK
6
CONTINUOUS
10
-4.4875495275590547
20
5.8932524803149606
11
-4.4874816535433073
21
5.8934561417322833
0
LINE
8
BLACK
6
CONTINUOUS
10
-4.4874816535433073
20
5.8934561417322833
11
-4.487552519685039
21
5.8955858661417322
0
LINE
8
BLACK
6
CONTINUOUS
10
-4.487552519685039
20
5.8955858661417322
11
-4.487540984251968
21
5.895643897637795
0
LINE
8
BLACK
6
CONTINUOUS
10
-4.487540984251968
20
5.895643897637795
11
-4.4875495275590547
21
5.8956695669291337
0
LINE
8
BLACK
6
CONTINUOUS
10
-4.4875495275590547
20
5.8956695669291337
11
-4.4875249999999998
21
5.8957243307086609
0
LINE
8
BLACK
6
CONTINUOUS
10
-4.4875249999999998
20
5.8957243307086609
11
-4.4874625984251963
21
5.8960378740157475
0
LINE
8
BLACK
6
CONTINUOUS
10
-4.4874625984251963
20
5.8960378740157475
11
-4.4873209448818896
21
5.8961795275590552
0
LINE
8
BLACK
6
CONTINUOUS
10
-4.4873209448818896
20
5.8961795275590552
11
-4.4867126771653538
21
5.8975363779527559
0
LINE
8
BLACK
6
CONTINUOUS
10
-4.4867126771653538
20
5.8975363779527559
11
-4.4867126771653538
21
5.8975376771653538
0
LINE
8
BLACK
6
CONTINUOUS
10
-4.4867126771653538
20
5.8975376771653538
11
-4.4867115354330709
21
5.8975389763779527
0
LINE
8
BLACK
6
CONTINUOUS
10
-4.4867115354330709
20
5.8975389763779527
11
-4.4866779133858268
21
5.8976139370078737
0
LINE
8
BLACK
6
CONTINUOUS
10
-4.4866779133858268
20
5.8976139370078737
11
-4.4863953149606299
21
5.8979779921259841
0
LINE
8
BLACK
6
CONTINUOUS
10
-4.4863953149606299
20
5.8979779921259841
11
-4.4862909055118108
21
5.8980127952755907
0
LINE
8
BLACK
6
CONTINUOUS
10
-4.4862909055118108
20
5.8980127952755907
11
-4.4857655118110236
21
5.8986046456692911
0
LINE
8
BLACK
6
CONTINUOUS
10
-4.4857655118110236
20
5.8986046456692911
11
-4.4857638976377956
21
5.8986094094488184
0
LINE
8
BLACK
6
CONTINUOUS
10
-4.4857638976377956
20
5.8986094094488184
11
-4.4857587401574799
21
5.8986122834645665
0
LINE
8
BLACK
6
CONTINUOUS
10
-4.4857587401574799
20
5.8986122834645665
11
-4.4857067716535433
21
5.8986707874015742
0
LINE
8
BLACK
6
CONTINUOUS
10
-4.4857067716535433
20
5.8986707874015742
11
-4.4853235826771654
21
5.8989268110236219
0
LINE
8
BLACK
6
CONTINUOUS
10
-4.4853235826771654
20
5.8989268110236219
11
-4.4851909448818894
21
5.8989268110236219
0
LINE
8
BLACK
6
CONTINUOUS
10
-4.4851909448818894
20
5.8989268110236219
11
-4.4839000000000002
21
5.8996419291338578
0
LINE
8
BLACK
6
CONTINUOUS
10
-4.4839000000000002
20
5.8996419291338578
11
-4.4838429921259841
21
5.8996575196850394
0
LINE
8
BLACK
6
CONTINUOUS
10
-4.4838429921259841
20
5.8996575196850394
11
-4.4838238188976378
21
5.8996766929133857
0
LINE
8
BLACK
6
CONTINUOUS
10
-4.4838238188976378
20
5.8996766929133857
11
-4.4837703543307086
21
5.8996774015748032
0
LINE
8
BLACK
6
CONTINUOUS
10
-4.4837703543307086
20
5.8996774015748032
11
-4.4834555118110231
21
5.8997636614173228
0
LINE
8
BLACK
6
CONTINUOUS
10
-4.4834555118110231
20
5.8997636614173228
11
-4.4832199212598427
21
5.8996850787401574
0
LINE
8
BLACK
6
CONTINUOUS
10
-4.4832199212598427
20
5.8996850787401574
11
-4.4773725590551177
21
5.8997666141732283
0
LINE
8
BLACK
6
CONTINUOUS
10
-4.4773725590551177
20
5.8997666141732283
11
-4.4769205511811023
21
5.8996766929133857
0
LINE
8
BLACK
6
CONTINUOUS
10
-4.4832107086614172
20
5.8974066535433067
11
-4.484291535433071
21
5.8968078740157477
0
LINE
8
BLACK
6
CONTINUOUS
10
-4.484291535433071
20
5.8968078740157477
11
-4.4847740157480311
21
5.8962644488188971
0
LINE
8
BLACK
6
CONTINUOUS
10
-4.4847740157480311
20
5.8962644488188971
11
-4.4852522834645665
21
5.895197598425197
0
LINE
8
BLACK
6
CONTINUOUS
10
-4.4852522834645665
20
5.895197598425197
11
-4.4851959055118114
21
5.8935032283464563
0
LINE
8
BLACK
6
CONTINUOUS
10
-4.4851959055118114
20
5.8935032283464563
11
-4.4845938582677167
21
5.8924164566929136
0
LINE
8
BLACK
6
CONTINUOUS
10
-4.4845938582677167
20
5.8924164566929136
11
-4.4840502362204724
21
5.8919338582677163
0
LINE
8
BLACK
6
CONTINUOUS
10
-4.4840502362204724
20
5.8919338582677163
11
-4.4829483858267718
21
5.891439881889764
0
LINE
8
BLACK
6
CONTINUOUS
10
-4.4829483858267718
20
5.891439881889764
11
-4.4809940944881888
21
5.8914671259842519
0
LINE
8
BLACK
6
CONTINUOUS
10
-4.4809940944881888
20
5.8914671259842519
11
-4.4808666535433073
21
5.8914896456692913
0
LINE
8
BLACK
6
CONTINUOUS
10
-4.4808666535433073
20
5.8914896456692913
11
-4.4808376771653542
21
5.8914693307086612
0
LINE
8
BLACK
6
CONTINUOUS
10
-4.4808376771653542
20
5.8914693307086612
11
-4.4785143700787398
21
5.8915016929133861
0
LINE
8
BLACK
6
CONTINUOUS
10
-4.4785143700787398
20
5.8915016929133861
11
-4.478547480314961
21
5.8974716535433069
0
LINE
8
BLACK
6
CONTINUOUS
10
-4.478547480314961
20
5.8974716535433069
11
-4.4832107086614172
21
5.8974066535433067
0
LINE
8
BLACK
6
CONTINUOUS
10
-4.4567466929133861
20
5.9080588188976373
11
-4.4556813385826768
21
5.9069934645669289
0
LINE
8
BLACK
6
CONTINUOUS
10
-4.4556813385826768
20
5.9069934645669289
11
-4.4555314960629921
21
5.8737598425196849
0
LINE
8
BLACK
6
CONTINUOUS
10
-4.4555314960629921
20
5.8737598425196849
11
-4.4556813385826768
21
5.8730065354330705
0
LINE
8
BLACK
6
CONTINUOUS
10
-4.4556813385826768
20
5.8730065354330705
11
-4.4567466929133861
21
5.8719411811023621
0
LINE
8
BLACK
6
CONTINUOUS
10
-4.4567466929133861
20
5.8719411811023621
11
-4.5204921259842514
21
5.8717913385826774
0
LINE
8
BLACK
6
CONTINUOUS
10
-4.5204921259842514
20
5.8717913385826774
11
-4.5212454330708658
21
5.8719411811023621
0
LINE
8
BLACK
6
CONTINUOUS
10
-4.5212454330708658
20
5.8719411811023621
11
-4.5223107874015751
21
5.8730065354330705
0
LINE
8
BLACK
6
CONTINUOUS
10
-4.5223107874015751
20
5.8730065354330705
11
-4.5224606299212597
21
5.9062401574803145
0
LINE
8
BLACK
6
CONTINUOUS
10
-4.5224606299212597
20
5.9062401574803145
11
-4.5223107874015751
21
5.9069934645669289
0
LINE
8
BLACK
6
CONTINUOUS
10
-4.5223107874015751
20
5.9069934645669289
11
-4.5212454330708658
21
5.9080588188976373
0
LINE
8
BLACK
6
CONTINUOUS
10
-4.5212454330708658
20
5.9080588188976373
11
-4.4574999999999996
21
5.9082086614173228
0
LINE
8
BLACK
6
CONTINUOUS
10
-4.4574999999999996
20
5.9082086614173228
11
-4.4567466929133861
21
5.9080588188976373
0
LINE
8
BLACK
6
CONTINUOUS
10
-4.518661220472441
20
5.9042759448818893
11
-4.5185318897637794
21
5.8755848818897638
0
LINE
8
BLACK
6
CONTINUOUS
10
-4.5185318897637794
20
5.8755848818897638
11
-4.4593309448818896
21
5.8757240157480313
0
LINE
8
BLACK
6
CONTINUOUS
10
-4.4593309448818896
20
5.8757240157480313
11
-4.4594602755905512
21
5.9044150787401577
0
LINE
8
BLACK
6
CONTINUOUS
10
-4.4594602755905512
20
5.9044150787401577
11
-4.518661220472441
21
5.9042759448818893
  0
ENDSEC
  0
EOF
