  0
SECTION
  2
HEADER
  9
$ANGBASE
  50
0.0
  9
$ANGDIR
  70
1
  9
$MEASUREMENT
  70
0
  0
ENDSEC
  0
SECTION
  2
TABLES
  0
TABLE
  2
LTYPE
  70
4
  0
LTYPE
  5
40F
  2
CONTINUOUS
  70
0
  3
Solid line
  72
65
  73
0
  40
0.0
  0
LTYPE
  5
410
  2
DASHDOT
 70
0
  3
Dash Dot ____ _ ____ _
 72
65
 73
4
 40
2.0
 49
1.25
 49
-0.25
 49
0.25
 49
-0.25
  0
LTYPE
  5
411
  2
DASHED
 70
0
  3
Dashed __ __ __ __ __
 72
65
 73
2
 40
0.75
 49
0.5
 49
-0.25
  0
LTYPE
  5
43B
  2
DOTTED
 70
0
  3
Dotted .  .  .  .
 72
65
 73
2
 40
0.2
 49
0.0
 49
-0.2
  0
ENDTAB
  0
TABLE
  2
STYLE
  70
4
  0
STYLE
  2
KICAD
  70
0
  40
0
  41
1
  42
1
  50
0
  71
0
  3
isocp.shx
  0
STYLE
  2
KICADB
  70
0
  40
0
  41
1
  42
1
  50
0
  71
0
  3
isocp.shx
  0
STYLE
  2
KICADI
  70
0
  40
0
  41
1
  42
1
  50
15
  71
0
  3
isocp.shx
  0
STYLE
  2
KICADBI
  70
0
  40
0
  41
1
  42
1
  50
15
  71
0
  3
isocp.shx
  0
ENDTAB
  0
TABLE
  2
LAYER
  70
1
  0
LAYER
  2
BLACK
  70
0
  62
7
  6
CONTINUOUS
  0
ENDTAB
  0
ENDSEC
  0
SECTION
  2
ENTITIES
0
LINE
8
BLACK
6
CONTINUOUS
10
-4.9881813385826774
20
5.3710682677165353
11
-4.988051496062992
21
5.2009123228346459
0
LINE
8
BLACK
6
CONTINUOUS
10
-4.988051496062992
20
5.2009123228346459
11
-4.9465584251968506
21
5.2226681496062994
0
LINE
8
BLACK
6
CONTINUOUS
10
-4.9465584251968506
20
5.2226681496062994
11
-4.945821023622047
21
5.2228831102362205
0
LINE
8
BLACK
6
CONTINUOUS
10
-4.945821023622047
20
5.2228831102362205
11
-4.9443841338582679
21
5.2224300393700789
0
LINE
8
BLACK
6
CONTINUOUS
10
-4.9443841338582679
20
5.2224300393700789
11
-4.9436884645669288
21
5.2210936614173225
0
LINE
8
BLACK
6
CONTINUOUS
10
-4.9436884645669288
20
5.2210936614173225
11
-4.9441414960629917
21
5.2196567322834646
0
LINE
8
BLACK
6
CONTINUOUS
10
-4.9441414960629917
20
5.2196567322834646
11
-4.9822898425196849
21
5.1996546062992124
0
LINE
8
BLACK
6
CONTINUOUS
10
-4.9822898425196849
20
5.1996546062992124
11
-4.013520590551181
21
5.1998019685039365
0
LINE
8
BLACK
6
CONTINUOUS
10
-4.013520590551181
20
5.1998019685039365
11
-4.0510075196850392
21
5.2191759842519687
0
LINE
8
BLACK
6
CONTINUOUS
10
-4.0510075196850392
20
5.2191759842519687
11
-4.0516065354330708
21
5.2196567716535434
0
LINE
8
BLACK
6
CONTINUOUS
10
-4.0516065354330708
20
5.2196567716535434
11
-4.0520596062992125
21
5.2210936614173225
0
LINE
8
BLACK
6
CONTINUOUS
10
-4.0520596062992125
20
5.2210936614173225
11
-4.0513638976377955
21
5.2224300393700789
0
LINE
8
BLACK
6
CONTINUOUS
10
-4.0513638976377955
20
5.2224300393700789
11
-4.0499270078740155
21
5.2228831102362205
0
LINE
8
BLACK
6
CONTINUOUS
10
-4.0499270078740155
20
5.2228831102362205
11
-4.0075873228346452
21
5.2010011023622047
0
LINE
8
BLACK
6
CONTINUOUS
10
-4.0075873228346452
20
5.2010011023622047
11
-4.0077165354330706
21
5.370314960629921
0
LINE
8
BLACK
6
CONTINUOUS
10
-4.0077165354330706
20
5.370314960629921
11
-4.007566692913386
21
5.3710682677165353
0
LINE
8
BLACK
6
CONTINUOUS
10
-4.007566692913386
20
5.3710682677165353
11
-4.0065013385826767
21
5.3721336220472438
0
LINE
8
BLACK
6
CONTINUOUS
10
-4.0065013385826767
20
5.3721336220472438
11
-4.0049947244094488
21
5.3721336220472438
0
LINE
8
BLACK
6
CONTINUOUS
10
-4.0049947244094488
20
5.3721336220472438
11
-4.0039293700787404
21
5.3710682677165353
0
LINE
8
BLACK
6
CONTINUOUS
10
-4.0039293700787404
20
5.3710682677165353
11
-4.0037973228346457
21
5.1980259448818895
0
LINE
8
BLACK
6
CONTINUOUS
10
-4.0037973228346457
20
5.1980259448818895
11
-4.003787047244094
21
5.1980062204724407
0
LINE
8
BLACK
6
CONTINUOUS
10
-4.003787047244094
20
5.1980062204724407
11
-4.003797283464567
21
5.1979738582677166
0
LINE
8
BLACK
6
CONTINUOUS
10
-4.003797283464567
20
5.1979738582677166
11
-4.0037970472440945
21
5.1976948031496057
0
LINE
8
BLACK
6
CONTINUOUS
10
-4.0037970472440945
20
5.1976948031496057
11
-4.003787047244094
21
5.1976630708661418
0
LINE
8
BLACK
6
CONTINUOUS
10
-4.003787047244094
20
5.1976630708661418
11
-4.0037970078740157
21
5.1976439763779529
0
LINE
8
BLACK
6
CONTINUOUS
10
-4.0037970078740157
20
5.1976439763779529
11
-4.0037795275590549
21
5.1747472440944877
0
LINE
8
BLACK
6
CONTINUOUS
10
-4.0037795275590549
20
5.1747472440944877
11
-4.0039293700787404
21
5.1739939370078742
0
LINE
8
BLACK
6
CONTINUOUS
10
-4.0039293700787404
20
5.1739939370078742
11
-4.0049947244094488
21
5.1729285826771649
0
LINE
8
BLACK
6
CONTINUOUS
10
-4.0049947244094488
20
5.1729285826771649
11
-4.0065013385826767
21
5.1729285826771649
0
LINE
8
BLACK
6
CONTINUOUS
10
-4.0065013385826767
20
5.1729285826771649
11
-4.007566692913386
21
5.1739939370078742
0
LINE
8
BLACK
6
CONTINUOUS
10
-4.007566692913386
20
5.1739939370078742
11
-4.0075825984251967
21
5.1948167322834644
0
LINE
8
BLACK
6
CONTINUOUS
10
-4.0075825984251967
20
5.1948167322834644
11
-4.0491896456692915
21
5.1730011023622042
0
LINE
8
BLACK
6
CONTINUOUS
10
-4.0491896456692915
20
5.1730011023622042
11
-4.0499270078740155
21
5.1727861811023619
0
LINE
8
BLACK
6
CONTINUOUS
10
-4.0499270078740155
20
5.1727861811023619
11
-4.0513638976377955
21
5.1732392519685035
0
LINE
8
BLACK
6
CONTINUOUS
10
-4.0513638976377955
20
5.1732392519685035
11
-4.0520596062992125
21
5.17457562992126
0
LINE
8
BLACK
6
CONTINUOUS
10
-4.0520596062992125
20
5.17457562992126
11
-4.0516065354330708
21
5.1760125196850391
0
LINE
8
BLACK
6
CONTINUOUS
10
-4.0516065354330708
20
5.1760125196850391
11
-4.0134581496062989
21
5.1960147244094488
0
LINE
8
BLACK
6
CONTINUOUS
10
-4.0134581496062989
20
5.1960147244094488
11
-4.9822274803149602
21
5.1958673622047247
0
LINE
8
BLACK
6
CONTINUOUS
10
-4.9822274803149602
20
5.1958673622047247
11
-4.9447405118110233
21
5.1764933070866137
0
LINE
8
BLACK
6
CONTINUOUS
10
-4.9447405118110233
20
5.1764933070866137
11
-4.9441414960629917
21
5.1760125590551178
0
LINE
8
BLACK
6
CONTINUOUS
10
-4.9441414960629917
20
5.1760125590551178
11
-4.9436884645669288
21
5.17457562992126
0
LINE
8
BLACK
6
CONTINUOUS
10
-4.9436884645669288
20
5.17457562992126
11
-4.9443841338582679
21
5.1732392519685035
0
LINE
8
BLACK
6
CONTINUOUS
10
-4.9443841338582679
20
5.1732392519685035
11
-4.945821023622047
21
5.1727861811023619
0
LINE
8
BLACK
6
CONTINUOUS
10
-4.945821023622047
20
5.1727861811023619
11
-4.988046692913386
21
5.1946092913385824
0
LINE
8
BLACK
6
CONTINUOUS
10
-4.988046692913386
20
5.1946092913385824
11
-4.9880314960629919
21
5.1747472440944877
0
LINE
8
BLACK
6
CONTINUOUS
10
-4.9880314960629919
20
5.1747472440944877
11
-4.9881813385826774
21
5.1739939370078742
0
LINE
8
BLACK
6
CONTINUOUS
10
-4.9881813385826774
20
5.1739939370078742
11
-4.9892466929133858
21
5.1729285826771649
0
LINE
8
BLACK
6
CONTINUOUS
10
-4.9892466929133858
20
5.1729285826771649
11
-4.9907533070866137
21
5.1729285826771649
0
LINE
8
BLACK
6
CONTINUOUS
10
-4.9907533070866137
20
5.1729285826771649
11
-4.991818661417323
21
5.1739939370078742
0
LINE
8
BLACK
6
CONTINUOUS
10
-4.991818661417323
20
5.1739939370078742
11
-4.9918365354330705
21
5.1974239763779524
0
LINE
8
BLACK
6
CONTINUOUS
10
-4.9918365354330705
20
5.1974239763779524
11
-4.9919610236220473
21
5.1976630708661418
0
LINE
8
BLACK
6
CONTINUOUS
10
-4.9919610236220473
20
5.1976630708661418
11
-4.9919068897637793
21
5.1978346456692917
0
LINE
8
BLACK
6
CONTINUOUS
10
-4.9919068897637793
20
5.1978346456692917
11
-4.9919610236220473
21
5.1980062204724407
0
LINE
8
BLACK
6
CONTINUOUS
10
-4.9919610236220473
20
5.1980062204724407
11
-4.9918371653543305
21
5.1982441338582674
0
LINE
8
BLACK
6
CONTINUOUS
10
-4.9918371653543305
20
5.1982441338582674
11
-4.9919685039370076
21
5.370314960629921
0
LINE
8
BLACK
6
CONTINUOUS
10
-4.9919685039370076
20
5.370314960629921
11
-4.991818661417323
21
5.3710682677165353
0
LINE
8
BLACK
6
CONTINUOUS
10
-4.991818661417323
20
5.3710682677165353
11
-4.9907533070866137
21
5.3721336220472438
0
LINE
8
BLACK
6
CONTINUOUS
10
-4.9907533070866137
20
5.3721336220472438
11
-4.9892466929133858
21
5.3721336220472438
0
LINE
8
BLACK
6
CONTINUOUS
10
-4.9892466929133858
20
5.3721336220472438
11
-4.9881813385826774
21
5.3710682677165353
0
LINE
8
BLACK
6
CONTINUOUS
10
-4.5797876377952758
20
5.2674700787401569
11
-4.5796896456692915
21
5.2674294881889763
0
LINE
8
BLACK
6
CONTINUOUS
10
-4.5796896456692915
20
5.2674294881889763
11
-4.5795838188976381
21
5.2674219685039372
0
LINE
8
BLACK
6
CONTINUOUS
10
-4.5795838188976381
20
5.2674219685039372
11
-4.5790722834645665
21
5.2671737795275586
0
LINE
8
BLACK
6
CONTINUOUS
10
-4.5790722834645665
20
5.2671737795275586
11
-4.5787232283464565
21
5.2670291732283463
0
LINE
8
BLACK
6
CONTINUOUS
10
-4.5787232283464565
20
5.2670291732283463
11
-4.5786751181102359
21
5.2669810629921257
0
LINE
8
BLACK
6
CONTINUOUS
10
-4.5786751181102359
20
5.2669810629921257
11
-4.575293661417323
21
5.2653403149606302
0
LINE
8
BLACK
6
CONTINUOUS
10
-4.575293661417323
20
5.2653403149606302
11
-4.5750456692913382
21
5.2651842519685035
0
LINE
8
BLACK
6
CONTINUOUS
10
-4.5750456692913382
20
5.2651842519685035
11
-4.5749737007874014
21
5.2651544094488187
0
LINE
8
BLACK
6
CONTINUOUS
10
-4.5749737007874014
20
5.2651544094488187
11
-4.5749276377952759
21
5.2651099212598425
0
LINE
8
BLACK
6
CONTINUOUS
10
-4.5749276377952759
20
5.2651099212598425
11
-4.5748037795275591
21
5.2650319685039371
0
LINE
8
BLACK
6
CONTINUOUS
10
-4.5748037795275591
20
5.2650319685039371
11
-4.5745820472440943
21
5.2647762992125982
0
LINE
8
BLACK
6
CONTINUOUS
10
-4.5745820472440943
20
5.2647762992125982
11
-4.572651496062992
21
5.2629124409448815
0
LINE
8
BLACK
6
CONTINUOUS
10
-4.572651496062992
20
5.2629124409448815
11
-4.5724657480314956
21
5.2626861023622045
0
LINE
8
BLACK
6
CONTINUOUS
10
-4.5724657480314956
20
5.2626861023622045
11
-4.5724067322834641
21
5.262634921259842
0
LINE
8
BLACK
6
CONTINUOUS
10
-4.5724067322834641
20
5.262634921259842
11
-4.5723781102362206
21
5.2625792913385823
0
LINE
8
BLACK
6
CONTINUOUS
10
-4.5723781102362206
20
5.2625792913385823
11
-4.5722842913385824
21
5.2624649999999997
0
LINE
8
BLACK
6
CONTINUOUS
10
-4.5722842913385824
20
5.2624649999999997
11
-4.5721406299212601
21
5.262118149606299
0
LINE
8
BLACK
6
CONTINUOUS
10
-4.5721406299212601
20
5.262118149606299
11
-4.5702236220472443
21
5.2583955118110239
0
LINE
8
BLACK
6
CONTINUOUS
10
-4.5702236220472443
20
5.2583955118110239
11
-4.5700167322834648
21
5.2578549212598427
0
LINE
8
BLACK
6
CONTINUOUS
10
-4.5700167322834648
20
5.2578549212598427
11
-4.5700092125984249
21
5.2577490551181105
0
LINE
8
BLACK
6
CONTINUOUS
10
-4.5700092125984249
20
5.2577490551181105
11
-4.5699686220472442
21
5.2576510629921263
0
LINE
8
BLACK
6
CONTINUOUS
10
-4.5699686220472442
20
5.2576510629921263
11
-4.5699610236220467
21
5.2570707086614172
0
LINE
8
BLACK
6
CONTINUOUS
10
-4.5699610236220467
20
5.2570707086614172
11
-4.5699350787401576
21
5.2567057086614168
0
LINE
8
BLACK
6
CONTINUOUS
10
-4.5699350787401576
20
5.2567057086614168
11
-4.5699554330708656
21
5.2566446850393698
0
LINE
8
BLACK
6
CONTINUOUS
10
-4.5699554330708656
20
5.2566446850393698
11
-4.5699118897637794
21
5.2533254724409444
0
LINE
8
BLACK
6
CONTINUOUS
10
-4.5699118897637794
20
5.2533254724409444
11
-4.5699406299212599
21
5.2530338976377955
0
LINE
8
BLACK
6
CONTINUOUS
10
-4.5699406299212599
20
5.2530338976377955
11
-4.5699350787401576
21
5.252956141732283
0
LINE
8
BLACK
6
CONTINUOUS
10
-4.5699350787401576
20
5.252956141732283
11
-4.5699540551181101
21
5.2528975984251964
0
LINE
8
BLACK
6
CONTINUOUS
10
-4.5699540551181101
20
5.2528975984251964
11
-4.5699686220472442
21
5.2527494094488185
0
LINE
8
BLACK
6
CONTINUOUS
10
-4.5699686220472442
20
5.2527494094488185
11
-4.5701212992125981
21
5.2523809055118109
0
LINE
8
BLACK
6
CONTINUOUS
10
-4.5701212992125981
20
5.2523809055118109
11
-4.5719381889763779
21
5.2467674409448817
0
LINE
8
BLACK
6
CONTINUOUS
10
-4.5719381889763779
20
5.2467674409448817
11
-4.5721741732283467
21
5.2462388582677164
0
LINE
8
BLACK
6
CONTINUOUS
10
-4.5721741732283467
20
5.2462388582677164
11
-4.572243661417323
21
5.2461587795275593
0
LINE
8
BLACK
6
CONTINUOUS
10
-4.572243661417323
20
5.2461587795275593
11
-4.5722842519685036
21
5.2460607086614175
0
LINE
8
BLACK
6
CONTINUOUS
10
-4.5722842519685036
20
5.2460607086614175
11
-4.5726270472440946
21
5.2457167322834648
0
LINE
8
BLACK
6
CONTINUOUS
10
-4.5726270472440946
20
5.2457167322834648
11
-4.5729290551181103
21
5.2453685039370077
0
LINE
8
BLACK
6
CONTINUOUS
10
-4.5729290551181103
20
5.2453685039370077
11
-4.5730187007874017
21
5.2453237007874014
0
LINE
8
BLACK
6
CONTINUOUS
10
-4.5730187007874017
20
5.2453237007874014
11
-4.5901648425196848
21
5.2281174015748029
0
LINE
8
BLACK
6
CONTINUOUS
10
-4.5901648425196848
20
5.2281174015748029
11
-4.5728646456692914
21
5.2281567322834643
0
LINE
8
BLACK
6
CONTINUOUS
10
-4.5728646456692914
20
5.2281567322834643
11
-4.5722885826771655
21
5.2280999999999995
0
LINE
8
BLACK
6
CONTINUOUS
10
-4.5722885826771655
20
5.2280999999999995
11
-4.5712241732283463
21
5.2276590944881889
0
LINE
8
BLACK
6
CONTINUOUS
10
-4.5712241732283463
20
5.2276590944881889
11
-4.5704095275590548
21
5.2268444488188974
0
LINE
8
BLACK
6
CONTINUOUS
10
-4.5704095275590548
20
5.2268444488188974
11
-4.5699686220472442
21
5.2257800393700782
0
LINE
8
BLACK
6
CONTINUOUS
10
-4.5699686220472442
20
5.2257800393700782
11
-4.5699686220472442
21
5.2246279133858264
0
LINE
8
BLACK
6
CONTINUOUS
10
-4.5699686220472442
20
5.2246279133858264
11
-4.5704095275590548
21
5.2235635039370081
0
LINE
8
BLACK
6
CONTINUOUS
10
-4.5704095275590548
20
5.2235635039370081
11
-4.5712241732283463
21
5.2227488582677166
0
LINE
8
BLACK
6
CONTINUOUS
10
-4.5712241732283463
20
5.2227488582677166
11
-4.5722885826771655
21
5.2223079527559051
0
LINE
8
BLACK
6
CONTINUOUS
10
-4.5722885826771655
20
5.2223079527559051
11
-4.5972365748031496
21
5.2222512204724412
0
LINE
8
BLACK
6
CONTINUOUS
10
-4.5972365748031496
20
5.2222512204724412
11
-4.5978126377952755
21
5.2223079527559051
0
LINE
8
BLACK
6
CONTINUOUS
10
-4.5978126377952755
20
5.2223079527559051
11
-4.5988770472440947
21
5.2227488582677166
0
LINE
8
BLACK
6
CONTINUOUS
10
-4.5988770472440947
20
5.2227488582677166
11
-4.5996916929133853
21
5.2235635039370081
0
LINE
8
BLACK
6
CONTINUOUS
10
-4.5996916929133853
20
5.2235635039370081
11
-4.6001325984251968
21
5.2246279133858264
0
LINE
8
BLACK
6
CONTINUOUS
10
-4.6001325984251968
20
5.2246279133858264
11
-4.6001325984251968
21
5.2257800393700782
0
LINE
8
BLACK
6
CONTINUOUS
10
-4.6001325984251968
20
5.2257800393700782
11
-4.5996916929133853
21
5.2268444488188974
0
LINE
8
BLACK
6
CONTINUOUS
10
-4.5996916929133853
20
5.2268444488188974
11
-4.5772500000000003
21
5.2493649606299213
0
LINE
8
BLACK
6
CONTINUOUS
10
-4.5772500000000003
20
5.2493649606299213
11
-4.5757760236220468
21
5.2539189370078736
0
LINE
8
BLACK
6
CONTINUOUS
10
-4.5757760236220468
20
5.2539189370078736
11
-4.5758092519685034
21
5.2564529133858269
0
LINE
8
BLACK
6
CONTINUOUS
10
-4.5758092519685034
20
5.2564529133858269
11
-4.577207755905512
21
5.2591687007874013
0
LINE
8
BLACK
6
CONTINUOUS
10
-4.577207755905512
20
5.2591687007874013
11
-4.5784411023622047
21
5.2603594094488191
0
LINE
8
BLACK
6
CONTINUOUS
10
-4.5784411023622047
20
5.2603594094488191
11
-4.5811427559055113
21
5.2616703149606296
0
LINE
8
BLACK
6
CONTINUOUS
10
-4.5811427559055113
20
5.2616703149606296
11
-4.5891244881889763
21
5.2616248031496058
0
LINE
8
BLACK
6
CONTINUOUS
10
-4.5891244881889763
20
5.2616248031496058
11
-4.5918312204724412
21
5.2602309842519688
0
LINE
8
BLACK
6
CONTINUOUS
10
-4.5918312204724412
20
5.2602309842519688
11
-4.5932738976377951
21
5.2587366141732286
0
LINE
8
BLACK
6
CONTINUOUS
10
-4.5932738976377951
20
5.2587366141732286
11
-4.5937213385826769
21
5.2583694094488189
0
LINE
8
BLACK
6
CONTINUOUS
10
-4.5937213385826769
20
5.2583694094488189
11
-4.594785787401575
21
5.2579285039370074
0
LINE
8
BLACK
6
CONTINUOUS
10
-4.594785787401575
20
5.2579285039370074
11
-4.5959378346456692
21
5.2579285039370074
0
LINE
8
BLACK
6
CONTINUOUS
10
-4.5959378346456692
20
5.2579285039370074
11
-4.5970022834645672
21
5.2583694094488189
0
LINE
8
BLACK
6
CONTINUOUS
10
-4.5970022834645672
20
5.2583694094488189
11
-4.5978169291338578
21
5.2591840551181104
0
LINE
8
BLACK
6
CONTINUOUS
10
-4.5978169291338578
20
5.2591840551181104
11
-4.5982578346456693
21
5.2602485039370075
0
LINE
8
BLACK
6
CONTINUOUS
10
-4.5982578346456693
20
5.2602485039370075
11
-4.5982578346456693
21
5.2614005511811026
0
LINE
8
BLACK
6
CONTINUOUS
10
-4.5982578346456693
20
5.2614005511811026
11
-4.5978169291338578
21
5.2624649999999997
0
LINE
8
BLACK
6
CONTINUOUS
10
-4.5978169291338578
20
5.2624649999999997
11
-4.5955749606299214
21
5.2647872047244091
0
LINE
8
BLACK
6
CONTINUOUS
10
-4.5955749606299214
20
5.2647872047244091
11
-4.5953486220472444
21
5.2649729921259842
0
LINE
8
BLACK
6
CONTINUOUS
10
-4.5953486220472444
20
5.2649729921259842
11
-4.5952974409448819
21
5.2650319685039371
0
LINE
8
BLACK
6
CONTINUOUS
10
-4.5952974409448819
20
5.2650319685039371
11
-4.5952418110236222
21
5.2650606299212601
0
LINE
8
BLACK
6
CONTINUOUS
10
-4.5952418110236222
20
5.2650606299212601
11
-4.5951275196850396
21
5.2651544094488187
0
LINE
8
BLACK
6
CONTINUOUS
10
-4.5951275196850396
20
5.2651544094488187
11
-4.5947806692913389
21
5.2652981102362206
0
LINE
8
BLACK
6
CONTINUOUS
10
-4.5947806692913389
20
5.2652981102362206
11
-4.591058031496063
21
5.2672150787401577
0
LINE
8
BLACK
6
CONTINUOUS
10
-4.591058031496063
20
5.2672150787401577
11
-4.5905174409448817
21
5.2674219685039372
0
LINE
8
BLACK
6
CONTINUOUS
10
-4.5905174409448817
20
5.2674219685039372
11
-4.5904115748031495
21
5.267429527559055
0
LINE
8
BLACK
6
CONTINUOUS
10
-4.5904115748031495
20
5.267429527559055
11
-4.5903135826771653
21
5.2674700787401569
0
LINE
8
BLACK
6
CONTINUOUS
10
-4.5903135826771653
20
5.2674700787401569
11
-4.5897990551181103
21
5.2674730314960625
0
LINE
8
BLACK
6
CONTINUOUS
10
-4.5897990551181103
20
5.2674730314960625
11
-4.5893682283464567
21
5.2675036220472435
0
LINE
8
BLACK
6
CONTINUOUS
10
-4.5893682283464567
20
5.2675036220472435
11
-4.5892851968503932
21
5.2674759448818893
0
LINE
8
BLACK
6
CONTINUOUS
10
-4.5892851968503932
20
5.2674759448818893
11
-4.5803637007874016
21
5.2675268110236217
0
LINE
8
BLACK
6
CONTINUOUS
10
-4.5803637007874016
20
5.2675268110236217
11
-4.5797876377952758
21
5.2674700787401569
0
LINE
8
BLACK
6
CONTINUOUS
10
-4.5366680314960632
20
5.2674700787401569
11
-4.535603622047244
21
5.2670291732283463
0
LINE
8
BLACK
6
CONTINUOUS
10
-4.535603622047244
20
5.2670291732283463
11
-4.5347889763779525
21
5.2662145275590548
0
LINE
8
BLACK
6
CONTINUOUS
10
-4.5347889763779525
20
5.2662145275590548
11
-4.5343480708661419
21
5.2651501181102365
0
LINE
8
BLACK
6
CONTINUOUS
10
-4.5343480708661419
20
5.2651501181102365
11
-4.5343480708661419
21
5.2639979921259838
0
LINE
8
BLACK
6
CONTINUOUS
10
-4.5343480708661419
20
5.2639979921259838
11
-4.5347889763779525
21
5.2629335826771655
0
LINE
8
BLACK
6
CONTINUOUS
10
-4.5347889763779525
20
5.2629335826771655
11
-4.535603622047244
21
5.262118937007874
0
LINE
8
BLACK
6
CONTINUOUS
10
-4.535603622047244
20
5.262118937007874
11
-4.5366680314960632
21
5.2616780314960625
0
LINE
8
BLACK
6
CONTINUOUS
10
-4.5366680314960632
20
5.2616780314960625
11
-4.5533662598425195
21
5.2616290157480314
0
LINE
8
BLACK
6
CONTINUOUS
10
-4.5533662598425195
20
5.2616290157480314
11
-4.5543174015748029
21
5.2518283858267711
0
LINE
8
BLACK
6
CONTINUOUS
10
-4.5543174015748029
20
5.2518283858267711
11
-4.5535627165354331
21
5.2522169685039373
0
LINE
8
BLACK
6
CONTINUOUS
10
-4.5535627165354331
20
5.2522169685039373
11
-4.5530221259842518
21
5.2524238582677167
0
LINE
8
BLACK
6
CONTINUOUS
10
-4.5530221259842518
20
5.2524238582677167
11
-4.5529162598425197
21
5.2524314173228346
0
LINE
8
BLACK
6
CONTINUOUS
10
-4.5529162598425197
20
5.2524314173228346
11
-4.5528182677165354
21
5.2524719685039365
0
LINE
8
BLACK
6
CONTINUOUS
10
-4.5528182677165354
20
5.2524719685039365
11
-4.5523037401574804
21
5.2524749212598421
0
LINE
8
BLACK
6
CONTINUOUS
10
-4.5523037401574804
20
5.2524749212598421
11
-4.5518729133858269
21
5.2525055118110231
0
LINE
8
BLACK
6
CONTINUOUS
10
-4.5518729133858269
20
5.2525055118110231
11
-4.5517898818897633
21
5.2524778346456689
0
LINE
8
BLACK
6
CONTINUOUS
10
-4.5517898818897633
20
5.2524778346456689
11
-4.5428683858267718
21
5.2525287007874013
0
LINE
8
BLACK
6
CONTINUOUS
10
-4.5428683858267718
20
5.2525287007874013
11
-4.5422923228346459
21
5.2524719685039365
0
LINE
8
BLACK
6
CONTINUOUS
10
-4.5422923228346459
20
5.2524719685039365
11
-4.5421943307086616
21
5.2524313779527558
0
LINE
8
BLACK
6
CONTINUOUS
10
-4.5421943307086616
20
5.2524313779527558
11
-4.5420885039370074
21
5.2524238582677167
0
LINE
8
BLACK
6
CONTINUOUS
10
-4.5420885039370074
20
5.2524238582677167
11
-4.5415769685039367
21
5.2521756692913382
0
LINE
8
BLACK
6
CONTINUOUS
10
-4.5415769685039367
20
5.2521756692913382
11
-4.5412279133858267
21
5.2520310629921259
0
LINE
8
BLACK
6
CONTINUOUS
10
-4.5412279133858267
20
5.2520310629921259
11
-4.541179803149606
21
5.2519829527559052
0
LINE
8
BLACK
6
CONTINUOUS
10
-4.541179803149606
20
5.2519829527559052
11
-4.5377983464566931
21
5.2503422047244097
0
LINE
8
BLACK
6
CONTINUOUS
10
-4.5377983464566931
20
5.2503422047244097
11
-4.5375503543307083
21
5.250186141732283
0
LINE
8
BLACK
6
CONTINUOUS
10
-4.5375503543307083
20
5.250186141732283
11
-4.5374783858267715
21
5.2501562992125983
0
LINE
8
BLACK
6
CONTINUOUS
10
-4.5374783858267715
20
5.2501562992125983
11
-4.5374323228346451
21
5.250111811023622
0
LINE
8
BLACK
6
CONTINUOUS
10
-4.5374323228346451
20
5.250111811023622
11
-4.5373084645669293
21
5.2500338582677166
0
LINE
8
BLACK
6
CONTINUOUS
10
-4.5373084645669293
20
5.2500338582677166
11
-4.5370867322834645
21
5.2497781889763777
0
LINE
8
BLACK
6
CONTINUOUS
10
-4.5370867322834645
20
5.2497781889763777
11
-4.5351561811023622
21
5.2479143307086611
0
LINE
8
BLACK
6
CONTINUOUS
10
-4.5351561811023622
20
5.2479143307086611
11
-4.5349704330708658
21
5.247687992125984
0
LINE
8
BLACK
6
CONTINUOUS
10
-4.5349704330708658
20
5.247687992125984
11
-4.5349114173228342
21
5.2476368110236216
0
LINE
8
BLACK
6
CONTINUOUS
10
-4.5349114173228342
20
5.2476368110236216
11
-4.5348827952755908
21
5.2475811811023618
0
LINE
8
BLACK
6
CONTINUOUS
10
-4.5348827952755908
20
5.2475811811023618
11
-4.5347889763779525
21
5.2474668897637793
0
LINE
8
BLACK
6
CONTINUOUS
10
-4.5347889763779525
20
5.2474668897637793
11
-4.5346453149606294
21
5.2471200393700785
0
LINE
8
BLACK
6
CONTINUOUS
10
-4.5346453149606294
20
5.2471200393700785
11
-4.5327283070866144
21
5.2433974015748026
0
LINE
8
BLACK
6
CONTINUOUS
10
-4.5327283070866144
20
5.2433974015748026
11
-4.532521417322835
21
5.2428568110236222
0
LINE
8
BLACK
6
CONTINUOUS
10
-4.532521417322835
20
5.2428568110236222
11
-4.532513897637795
21
5.2427509448818901
0
LINE
8
BLACK
6
CONTINUOUS
10
-4.532513897637795
20
5.2427509448818901
11
-4.5324733070866143
21
5.2426529527559058
0
LINE
8
BLACK
6
CONTINUOUS
10
-4.5324733070866143
20
5.2426529527559058
11
-4.5324703937007875
21
5.2421384251968499
0
LINE
8
BLACK
6
CONTINUOUS
10
-4.5324703937007875
20
5.2421384251968499
11
-4.5324397637795277
21
5.2417075984251964
0
LINE
8
BLACK
6
CONTINUOUS
10
-4.5324397637795277
20
5.2417075984251964
11
-4.5324674803149607
21
5.2416245669291337
0
LINE
8
BLACK
6
CONTINUOUS
10
-4.5324674803149607
20
5.2416245669291337
11
-4.5324165748031495
21
5.2327030708661413
0
LINE
8
BLACK
6
CONTINUOUS
10
-4.5324165748031495
20
5.2327030708661413
11
-4.5324733070866143
21
5.2321270078740154
0
LINE
8
BLACK
6
CONTINUOUS
10
-4.5324733070866143
20
5.2321270078740154
11
-4.532513897637795
21
5.2320290551181099
0
LINE
8
BLACK
6
CONTINUOUS
10
-4.532513897637795
20
5.2320290551181099
11
-4.532521417322835
21
5.231923149606299
0
LINE
8
BLACK
6
CONTINUOUS
10
-4.532521417322835
20
5.231923149606299
11
-4.5327697637795277
21
5.2314114173228345
0
LINE
8
BLACK
6
CONTINUOUS
10
-4.5327697637795277
20
5.2314114173228345
11
-4.532914212598425
21
5.2310625984251971
0
LINE
8
BLACK
6
CONTINUOUS
10
-4.532914212598425
20
5.2310625984251971
11
-4.5329623228346456
21
5.2310145275590552
0
LINE
8
BLACK
6
CONTINUOUS
10
-4.5329623228346456
20
5.2310145275590552
11
-4.534603070866142
21
5.2276330314960626
0
LINE
8
BLACK
6
CONTINUOUS
10
-4.534603070866142
20
5.2276330314960626
11
-4.5347591338582678
21
5.227385157480315
0
LINE
8
BLACK
6
CONTINUOUS
10
-4.5347591338582678
20
5.227385157480315
11
-4.5347889370078738
21
5.2273131102362207
0
LINE
8
BLACK
6
CONTINUOUS
10
-4.5347889370078738
20
5.2273131102362207
11
-4.5348335039370076
21
5.2272670078740155
0
LINE
8
BLACK
6
CONTINUOUS
10
-4.5348335039370076
20
5.2272670078740155
11
-4.5349114173228342
21
5.2271431496062988
0
LINE
8
BLACK
6
CONTINUOUS
10
-4.5349114173228342
20
5.2271431496062988
11
-4.5351670866141731
21
5.2269214566929136
0
LINE
8
BLACK
6
CONTINUOUS
10
-4.5351670866141731
20
5.2269214566929136
11
-4.537030905511811
21
5.2249908661417326
0
LINE
8
BLACK
6
CONTINUOUS
10
-4.537030905511811
20
5.2249908661417326
11
-4.5372572834645668
21
5.2248051181102362
0
LINE
8
BLACK
6
CONTINUOUS
10
-4.5372572834645668
20
5.2248051181102362
11
-4.5373084645669293
21
5.2247460629921259
0
LINE
8
BLACK
6
CONTINUOUS
10
-4.5373084645669293
20
5.2247460629921259
11
-4.5373641338582678
21
5.2247174409448816
0
LINE
8
BLACK
6
CONTINUOUS
10
-4.5373641338582678
20
5.2247174409448816
11
-4.5374783858267715
21
5.2246236220472442
0
LINE
8
BLACK
6
CONTINUOUS
10
-4.5374783858267715
20
5.2246236220472442
11
-4.537825275590551
21
5.224479960629921
0
LINE
8
BLACK
6
CONTINUOUS
10
-4.537825275590551
20
5.224479960629921
11
-4.5415478740157482
21
5.2225629527559052
0
LINE
8
BLACK
6
CONTINUOUS
10
-4.5415478740157482
20
5.2225629527559052
11
-4.5420885039370074
21
5.2223560629921257
0
LINE
8
BLACK
6
CONTINUOUS
10
-4.5420885039370074
20
5.2223560629921257
11
-4.5421943307086616
21
5.2223485826771654
0
LINE
8
BLACK
6
CONTINUOUS
10
-4.5421943307086616
20
5.2223485826771654
11
-4.5422923228346459
21
5.2223079527559051
0
LINE
8
BLACK
6
CONTINUOUS
10
-4.5422923228346459
20
5.2223079527559051
11
-4.5428069291338584
21
5.2223050393700783
0
LINE
8
BLACK
6
CONTINUOUS
10
-4.5428069291338584
20
5.2223050393700783
11
-4.5432377165354332
21
5.2222744094488185
0
LINE
8
BLACK
6
CONTINUOUS
10
-4.5432377165354332
20
5.2222744094488185
11
-4.5433207874015746
21
5.2223021259842515
0
LINE
8
BLACK
6
CONTINUOUS
10
-4.5433207874015746
20
5.2223021259842515
11
-4.5522422047244095
21
5.2222512204724412
0
LINE
8
BLACK
6
CONTINUOUS
10
-4.5522422047244095
20
5.2222512204724412
11
-4.5528182677165354
21
5.2223079527559051
0
LINE
8
BLACK
6
CONTINUOUS
10
-4.5528182677165354
20
5.2223079527559051
11
-4.5529162598425197
21
5.2223485433070866
0
LINE
8
BLACK
6
CONTINUOUS
10
-4.5529162598425197
20
5.2223485433070866
11
-4.5530221259842518
21
5.2223560629921257
0
LINE
8
BLACK
6
CONTINUOUS
10
-4.5530221259842518
20
5.2223560629921257
11
-4.553533897637795
21
5.2226044094488184
0
LINE
8
BLACK
6
CONTINUOUS
10
-4.553533897637795
20
5.2226044094488184
11
-4.5538826771653547
21
5.2227488582677166
0
LINE
8
BLACK
6
CONTINUOUS
10
-4.5538826771653547
20
5.2227488582677166
11
-4.5539307874015744
21
5.2227969685039373
0
LINE
8
BLACK
6
CONTINUOUS
10
-4.5539307874015744
20
5.2227969685039373
11
-4.5573122440944882
21
5.2244377165354328
0
LINE
8
BLACK
6
CONTINUOUS
10
-4.5573122440944882
20
5.2244377165354328
11
-4.5575602755905509
21
5.2245938188976373
0
LINE
8
BLACK
6
CONTINUOUS
10
-4.5575602755905509
20
5.2245938188976373
11
-4.5576322047244098
21
5.2246236220472442
0
LINE
8
BLACK
6
CONTINUOUS
10
-4.5576322047244098
20
5.2246236220472442
11
-4.557678307086614
21
5.2246681496062992
0
LINE
8
BLACK
6
CONTINUOUS
10
-4.557678307086614
20
5.2246681496062992
11
-4.5578021259842521
21
5.2247460629921259
0
LINE
8
BLACK
6
CONTINUOUS
10
-4.5578021259842521
20
5.2247460629921259
11
-4.5580239370078743
21
5.225001850393701
0
LINE
8
BLACK
6
CONTINUOUS
10
-4.5580239370078743
20
5.225001850393701
11
-4.5599544488188979
21
5.2268656692913389
0
LINE
8
BLACK
6
CONTINUOUS
10
-4.5599544488188979
20
5.2268656692913389
11
-4.5603216535433067
21
5.2273131102362207
0
LINE
8
BLACK
6
CONTINUOUS
10
-4.5603216535433067
20
5.2273131102362207
11
-4.5607625196850394
21
5.2283775196850391
0
LINE
8
BLACK
6
CONTINUOUS
10
-4.5607625196850394
20
5.2283775196850391
11
-4.5607625196850394
21
5.229529606299212
0
LINE
8
BLACK
6
CONTINUOUS
10
-4.5607625196850394
20
5.229529606299212
11
-4.5603216141732279
21
5.2305940157480313
0
LINE
8
BLACK
6
CONTINUOUS
10
-4.5603216141732279
20
5.2305940157480313
11
-4.5595069291338586
21
5.2314087007874015
0
LINE
8
BLACK
6
CONTINUOUS
10
-4.5595069291338586
20
5.2314087007874015
11
-4.5584425196850393
21
5.2318495669291334
0
LINE
8
BLACK
6
CONTINUOUS
10
-4.5584425196850393
20
5.2318495669291334
11
-4.5572904330708663
21
5.2318495669291334
0
LINE
8
BLACK
6
CONTINUOUS
10
-4.5572904330708663
20
5.2318495669291334
11
-4.5562260236220471
21
5.2314086614173227
0
LINE
8
BLACK
6
CONTINUOUS
10
-4.5562260236220471
20
5.2314086614173227
11
-4.5541648031496065
21
5.2294186220472438
0
LINE
8
BLACK
6
CONTINUOUS
10
-4.5541648031496065
20
5.2294186220472438
11
-4.5514631889763777
21
5.228107755905512
0
LINE
8
BLACK
6
CONTINUOUS
10
-4.5514631889763777
20
5.228107755905512
11
-4.5434814566929136
21
5.228153267716535
0
LINE
8
BLACK
6
CONTINUOUS
10
-4.5434814566929136
20
5.228153267716535
11
-4.5407747637795275
21
5.2295470866141729
0
LINE
8
BLACK
6
CONTINUOUS
10
-4.5407747637795275
20
5.2295470866141729
11
-4.5395839763779531
21
5.2307805118110231
0
LINE
8
BLACK
6
CONTINUOUS
10
-4.5395839763779531
20
5.2307805118110231
11
-4.5382731102362204
21
5.2334821259842519
0
LINE
8
BLACK
6
CONTINUOUS
10
-4.5382731102362204
20
5.2334821259842519
11
-4.5383186220472442
21
5.241463858267716
0
LINE
8
BLACK
6
CONTINUOUS
10
-4.5383186220472442
20
5.241463858267716
11
-4.5397124409448821
21
5.2441705905511808
0
LINE
8
BLACK
6
CONTINUOUS
10
-4.5397124409448821
20
5.2441705905511808
11
-4.5409457874015748
21
5.2453612992125986
0
LINE
8
BLACK
6
CONTINUOUS
10
-4.5409457874015748
20
5.2453612992125986
11
-4.5436474409448815
21
5.2466722047244092
0
LINE
8
BLACK
6
CONTINUOUS
10
-4.5436474409448815
20
5.2466722047244092
11
-4.5516291732283465
21
5.2466266929133853
0
LINE
8
BLACK
6
CONTINUOUS
10
-4.5516291732283465
20
5.2466266929133853
11
-4.5543359055118113
21
5.2452328740157483
0
LINE
8
BLACK
6
CONTINUOUS
10
-4.5543359055118113
20
5.2452328740157483
11
-4.5557785826771653
21
5.2437385039370081
0
LINE
8
BLACK
6
CONTINUOUS
10
-4.5557785826771653
20
5.2437385039370081
11
-4.5562260236220471
21
5.2433712992125985
0
LINE
8
BLACK
6
CONTINUOUS
10
-4.5562260236220471
20
5.2433712992125985
11
-4.5563633858267716
21
5.2433144094488187
0
LINE
8
BLACK
6
CONTINUOUS
10
-4.5563633858267716
20
5.2433144094488187
11
-4.5564784645669292
21
5.2432202362204725
0
LINE
8
BLACK
6
CONTINUOUS
10
-4.5564784645669292
20
5.2432202362204725
11
-4.5568918503937006
21
5.2430955511811019
0
LINE
8
BLACK
6
CONTINUOUS
10
-4.5568918503937006
20
5.2430955511811019
11
-4.5572904724409451
21
5.242930393700787
0
LINE
8
BLACK
6
CONTINUOUS
10
-4.5572904724409451
20
5.242930393700787
11
-4.5574390944881893
21
5.242930393700787
0
LINE
8
BLACK
6
CONTINUOUS
10
-4.5574390944881893
20
5.242930393700787
11
-4.5575814566929136
21
5.242887440944882
0
LINE
8
BLACK
6
CONTINUOUS
10
-4.5575814566929136
20
5.242887440944882
11
-4.5580109842519683
21
5.242930393700787
0
LINE
8
BLACK
6
CONTINUOUS
10
-4.5580109842519683
20
5.242930393700787
11
-4.5584425196850393
21
5.242930393700787
0
LINE
8
BLACK
6
CONTINUOUS
10
-4.5584425196850393
20
5.242930393700787
11
-4.5585798818897638
21
5.2429873228346455
0
LINE
8
BLACK
6
CONTINUOUS
10
-4.5585798818897638
20
5.2429873228346455
11
-4.558727874015748
21
5.2430020866141733
0
LINE
8
BLACK
6
CONTINUOUS
10
-4.558727874015748
20
5.2430020866141733
11
-4.5591082677165353
21
5.2432061417322835
0
LINE
8
BLACK
6
CONTINUOUS
10
-4.5591082677165353
20
5.2432061417322835
11
-4.5595069685039373
21
5.2433712992125985
0
LINE
8
BLACK
6
CONTINUOUS
10
-4.5595069685039373
20
5.2433712992125985
11
-4.5596121653543307
21
5.2434764960629918
0
LINE
8
BLACK
6
CONTINUOUS
10
-4.5596121653543307
20
5.2434764960629918
11
-4.5597431102362203
21
5.2435467322834644
0
LINE
8
BLACK
6
CONTINUOUS
10
-4.5597431102362203
20
5.2435467322834644
11
-4.5600163779527554
21
5.2438807086614174
0
LINE
8
BLACK
6
CONTINUOUS
10
-4.5600163779527554
20
5.2438807086614174
11
-4.5603216141732279
21
5.2441859448818899
0
LINE
8
BLACK
6
CONTINUOUS
10
-4.5603216141732279
20
5.2441859448818899
11
-4.5603785433070865
21
5.2443233070866144
0
LINE
8
BLACK
6
CONTINUOUS
10
-4.5603785433070865
20
5.2443233070866144
11
-4.5604726771653539
21
5.2444383858267711
0
LINE
8
BLACK
6
CONTINUOUS
10
-4.5604726771653539
20
5.2444383858267711
11
-4.5605974015748032
21
5.2448517716535434
0
LINE
8
BLACK
6
CONTINUOUS
10
-4.5605974015748032
20
5.2448517716535434
11
-4.5607625196850394
21
5.2452503937007871
0
LINE
8
BLACK
6
CONTINUOUS
10
-4.5607625196850394
20
5.2452503937007871
11
-4.5607625196850394
21
5.24539905511811
0
LINE
8
BLACK
6
CONTINUOUS
10
-4.5607625196850394
20
5.24539905511811
11
-4.5608054724409444
21
5.2455413779527555
0
LINE
8
BLACK
6
CONTINUOUS
10
-4.5608054724409444
20
5.2455413779527555
11
-4.5607625196850394
21
5.2459839763779526
0
LINE
8
BLACK
6
CONTINUOUS
10
-4.5607625196850394
20
5.2459839763779526
11
-4.5607625196850394
21
5.2464024409448822
0
LINE
8
BLACK
6
CONTINUOUS
10
-4.5607625196850394
20
5.2464024409448822
11
-4.5607094881889765
21
5.2465305118110237
0
LINE
8
BLACK
6
CONTINUOUS
10
-4.5607094881889765
20
5.2465305118110237
11
-4.5589298425196851
21
5.2648678740157475
0
LINE
8
BLACK
6
CONTINUOUS
10
-4.5589298425196851
20
5.2648678740157475
11
-4.5588877559055119
21
5.2650778346456688
0
LINE
8
BLACK
6
CONTINUOUS
10
-4.5588877559055119
20
5.2650778346456688
11
-4.5588877559055119
21
5.2651501181102365
0
LINE
8
BLACK
6
CONTINUOUS
10
-4.5588877559055119
20
5.2651501181102365
11
-4.5588596850393701
21
5.2652179527559051
0
LINE
8
BLACK
6
CONTINUOUS
10
-4.5588596850393701
20
5.2652179527559051
11
-4.5588160629921255
21
5.2654354330708664
0
LINE
8
BLACK
6
CONTINUOUS
10
-4.5588160629921255
20
5.2654354330708664
11
-4.5586120472440941
21
5.2658157480314962
0
LINE
8
BLACK
6
CONTINUOUS
10
-4.5586120472440941
20
5.2658157480314962
11
-4.5584468503937003
21
5.2662145275590548
0
LINE
8
BLACK
6
CONTINUOUS
10
-4.5584468503937003
20
5.2662145275590548
11
-4.5583416929133858
21
5.2663197244094491
0
LINE
8
BLACK
6
CONTINUOUS
10
-4.5583416929133858
20
5.2663197244094491
11
-4.5582714173228345
21
5.2664506692913386
0
LINE
8
BLACK
6
CONTINUOUS
10
-4.5582714173228345
20
5.2664506692913386
11
-4.5579374803149602
21
5.2667239370078738
0
LINE
8
BLACK
6
CONTINUOUS
10
-4.5579374803149602
20
5.2667239370078738
11
-4.5576322047244098
21
5.2670291732283463
0
LINE
8
BLACK
6
CONTINUOUS
10
-4.5576322047244098
20
5.2670291732283463
11
-4.557494881889764
21
5.2670861023622049
0
LINE
8
BLACK
6
CONTINUOUS
10
-4.557494881889764
20
5.2670861023622049
11
-4.5573797637795277
21
5.2671802362204723
0
LINE
8
BLACK
6
CONTINUOUS
10
-4.5573797637795277
20
5.2671802362204723
11
-4.5569664960629916
21
5.2673049606299207
0
LINE
8
BLACK
6
CONTINUOUS
10
-4.5569664960629916
20
5.2673049606299207
11
-4.5565677952755905
21
5.2674700787401569
0
LINE
8
BLACK
6
CONTINUOUS
10
-4.5565677952755905
20
5.2674700787401569
11
-4.5564176771653546
21
5.267470551181102
0
LINE
8
BLACK
6
CONTINUOUS
10
-4.5564176771653546
20
5.267470551181102
11
-4.5562767716535433
21
5.2675130314960628
0
LINE
8
BLACK
6
CONTINUOUS
10
-4.5562767716535433
20
5.2675130314960628
11
-4.5558678346456691
21
5.2674721653543308
0
LINE
8
BLACK
6
CONTINUOUS
10
-4.5558678346456691
20
5.2674721653543308
11
-4.5372440944881891
21
5.2675268110236217
0
LINE
8
BLACK
6
CONTINUOUS
10
-4.5372440944881891
20
5.2675268110236217
11
-4.5366680314960632
21
5.2674700787401569
0
LINE
8
BLACK
6
CONTINUOUS
10
-4.4598026377952751
20
5.254346732283464
11
-4.4597046456692908
21
5.2543061417322834
0
LINE
8
BLACK
6
CONTINUOUS
10
-4.4597046456692908
20
5.2543061417322834
11
-4.4595988188976374
21
5.2542986220472443
0
LINE
8
BLACK
6
CONTINUOUS
10
-4.4595988188976374
20
5.2542986220472443
11
-4.459087244094488
21
5.254050393700787
0
LINE
8
BLACK
6
CONTINUOUS
10
-4.459087244094488
20
5.254050393700787
11
-4.4587382283464567
21
5.2539058267716534
0
LINE
8
BLACK
6
CONTINUOUS
10
-4.4587382283464567
20
5.2539058267716534
11
-4.4586901181102361
21
5.2538577165354328
0
LINE
8
BLACK
6
CONTINUOUS
10
-4.4586901181102361
20
5.2538577165354328
11
-4.4553086220472444
21
5.2522169685039373
0
LINE
8
BLACK
6
CONTINUOUS
10
-4.4553086220472444
20
5.2522169685039373
11
-4.4552123228346456
21
5.2521563385826768
0
LINE
8
BLACK
6
CONTINUOUS
10
-4.4552123228346456
20
5.2521563385826768
11
-4.4551668503937005
21
5.2521411811023624
0
LINE
8
BLACK
6
CONTINUOUS
10
-4.4551668503937005
20
5.2521411811023624
11
-4.4551102755905507
21
5.2520921259842517
0
LINE
8
BLACK
6
CONTINUOUS
10
-4.4551102755905507
20
5.2520921259842517
11
-4.4548187795275593
21
5.2519086220472442
0
LINE
8
BLACK
6
CONTINUOUS
10
-4.4548187795275593
20
5.2519086220472442
11
-4.4545762992125981
21
5.2516290157480316
0
LINE
8
BLACK
6
CONTINUOUS
10
-4.4545762992125981
20
5.2516290157480316
11
-4.4542964566929131
21
5.2513863385826767
0
LINE
8
BLACK
6
CONTINUOUS
10
-4.4542964566929131
20
5.2513863385826767
11
-4.4541951181102357
21
5.2511895275590552
0
LINE
8
BLACK
6
CONTINUOUS
10
-4.4541951181102357
20
5.2511895275590552
11
-4.4540638976377949
21
5.2510382283464567
0
LINE
8
BLACK
6
CONTINUOUS
10
-4.4540638976377949
20
5.2510382283464567
11
-4.4539661023622044
21
5.2507447637795277
0
LINE
8
BLACK
6
CONTINUOUS
10
-4.4539661023622044
20
5.2507447637795277
11
-4.4521133464566924
21
5.2471469291338577
0
LINE
8
BLACK
6
CONTINUOUS
10
-4.4521133464566924
20
5.2471469291338577
11
-4.451906456692913
21
5.2466063385826773
0
LINE
8
BLACK
6
CONTINUOUS
10
-4.451906456692913
20
5.2466063385826773
11
-4.4518989370078739
21
5.2465004724409452
0
LINE
8
BLACK
6
CONTINUOUS
10
-4.4518989370078739
20
5.2465004724409452
11
-4.4518583464566932
21
5.2464024803149609
0
LINE
8
BLACK
6
CONTINUOUS
10
-4.4518583464566932
20
5.2464024803149609
11
-4.4518570472440944
21
5.245910708661417
0
LINE
8
BLACK
6
CONTINUOUS
10
-4.4518570472440944
20
5.245910708661417
11
-4.4518248031496066
21
5.2454571259842515
0
LINE
8
BLACK
6
CONTINUOUS
10
-4.4518248031496066
20
5.2454571259842515
11
-4.4518555905511814
21
5.2453648425196846
0
LINE
8
BLACK
6
CONTINUOUS
10
-4.4518555905511814
20
5.2453648425196846
11
-4.4518016141732284
21
5.2252039763779523
0
LINE
8
BLACK
6
CONTINUOUS
10
-4.4518016141732284
20
5.2252039763779523
11
-4.4518583464566932
21
5.2246279133858264
0
LINE
8
BLACK
6
CONTINUOUS
10
-4.4518583464566932
20
5.2246279133858264
11
-4.4522992519685038
21
5.2235635039370081
0
LINE
8
BLACK
6
CONTINUOUS
10
-4.4522992519685038
20
5.2235635039370081
11
-4.4531138976377953
21
5.2227488582677166
0
LINE
8
BLACK
6
CONTINUOUS
10
-4.4531138976377953
20
5.2227488582677166
11
-4.4541783070866137
21
5.2223079527559051
0
LINE
8
BLACK
6
CONTINUOUS
10
-4.4541783070866137
20
5.2223079527559051
11
-4.4553304330708663
21
5.2223079527559051
0
LINE
8
BLACK
6
CONTINUOUS
10
-4.4553304330708663
20
5.2223079527559051
11
-4.4563948425196847
21
5.2227488582677166
0
LINE
8
BLACK
6
CONTINUOUS
10
-4.4563948425196847
20
5.2227488582677166
11
-4.4572094881889761
21
5.2235635039370081
0
LINE
8
BLACK
6
CONTINUOUS
10
-4.4572094881889761
20
5.2235635039370081
11
-4.4576503937007876
21
5.2246279133858264
0
LINE
8
BLACK
6
CONTINUOUS
10
-4.4576503937007876
20
5.2246279133858264
11
-4.4577055118110236
21
5.2452170078740155
0
LINE
8
BLACK
6
CONTINUOUS
10
-4.4577055118110236
20
5.2452170078740155
11
-4.4588415748031496
21
5.2474231496062993
0
LINE
8
BLACK
6
CONTINUOUS
10
-4.4588415748031496
20
5.2474231496062993
11
-4.4611483070866145
21
5.2485424015748032
0
LINE
8
BLACK
6
CONTINUOUS
10
-4.4611483070866145
20
5.2485424015748032
11
-4.4653857874015745
21
5.2485036220472443
0
LINE
8
BLACK
6
CONTINUOUS
10
-4.4653857874015745
20
5.2485036220472443
11
-4.46759968503937
21
5.2473635433070864
0
LINE
8
BLACK
6
CONTINUOUS
10
-4.46759968503937
20
5.2473635433070864
11
-4.4687276377952756
21
5.2450389763779528
0
LINE
8
BLACK
6
CONTINUOUS
10
-4.4687276377952756
20
5.2450389763779528
11
-4.4686745275590551
21
5.2252039763779523
0
LINE
8
BLACK
6
CONTINUOUS
10
-4.4686745275590551
20
5.2252039763779523
11
-4.46873125984252
21
5.2246279133858264
0
LINE
8
BLACK
6
CONTINUOUS
10
-4.46873125984252
20
5.2246279133858264
11
-4.4691721653543306
21
5.2235635039370081
0
LINE
8
BLACK
6
CONTINUOUS
10
-4.4691721653543306
20
5.2235635039370081
11
-4.4699868110236221
21
5.2227488582677166
0
LINE
8
BLACK
6
CONTINUOUS
10
-4.4699868110236221
20
5.2227488582677166
11
-4.4710512204724404
21
5.2223079527559051
0
LINE
8
BLACK
6
CONTINUOUS
10
-4.4710512204724404
20
5.2223079527559051
11
-4.472203346456693
21
5.2223079527559051
0
LINE
8
BLACK
6
CONTINUOUS
10
-4.472203346456693
20
5.2223079527559051
11
-4.4732677559055114
21
5.2227488582677166
0
LINE
8
BLACK
6
CONTINUOUS
10
-4.4732677559055114
20
5.2227488582677166
11
-4.4740824015748029
21
5.2235635039370081
0
LINE
8
BLACK
6
CONTINUOUS
10
-4.4740824015748029
20
5.2235635039370081
11
-4.4745233070866144
21
5.2246279133858264
0
LINE
8
BLACK
6
CONTINUOUS
10
-4.4745233070866144
20
5.2246279133858264
11
-4.4745784251968503
21
5.2452170078740155
0
LINE
8
BLACK
6
CONTINUOUS
10
-4.4745784251968503
20
5.2452170078740155
11
-4.4757144881889763
21
5.2474231102362205
0
LINE
8
BLACK
6
CONTINUOUS
10
-4.4757144881889763
20
5.2474231102362205
11
-4.4780211811023625
21
5.2485424015748032
0
LINE
8
BLACK
6
CONTINUOUS
10
-4.4780211811023625
20
5.2485424015748032
11
-4.4822586614173225
21
5.2485036220472443
0
LINE
8
BLACK
6
CONTINUOUS
10
-4.4822586614173225
20
5.2485036220472443
11
-4.4849695669291334
21
5.2471076377952759
0
LINE
8
BLACK
6
CONTINUOUS
10
-4.4849695669291334
20
5.2471076377952759
11
-4.4855924015748032
21
5.2464625196850392
0
LINE
8
BLACK
6
CONTINUOUS
10
-4.4855924015748032
20
5.2464625196850392
11
-4.4855474015748031
21
5.2252039763779523
0
LINE
8
BLACK
6
CONTINUOUS
10
-4.4855474015748031
20
5.2252039763779523
11
-4.485604133858268
21
5.2246279133858264
0
LINE
8
BLACK
6
CONTINUOUS
10
-4.485604133858268
20
5.2246279133858264
11
-4.4860450393700786
21
5.2235635039370081
0
LINE
8
BLACK
6
CONTINUOUS
10
-4.4860450393700786
20
5.2235635039370081
11
-4.48685968503937
21
5.2227488582677166
0
LINE
8
BLACK
6
CONTINUOUS
10
-4.48685968503937
20
5.2227488582677166
11
-4.4879240944881893
21
5.2223079527559051
0
LINE
8
BLACK
6
CONTINUOUS
10
-4.4879240944881893
20
5.2223079527559051
11
-4.489076220472441
21
5.2223079527559051
0
LINE
8
BLACK
6
CONTINUOUS
10
-4.489076220472441
20
5.2223079527559051
11
-4.4901406299212594
21
5.2227488582677166
0
LINE
8
BLACK
6
CONTINUOUS
10
-4.4901406299212594
20
5.2227488582677166
11
-4.4909552755905509
21
5.2235635039370081
0
LINE
8
BLACK
6
CONTINUOUS
10
-4.4909552755905509
20
5.2235635039370081
11
-4.4913961811023624
21
5.2246279133858264
0
LINE
8
BLACK
6
CONTINUOUS
10
-4.4913961811023624
20
5.2246279133858264
11
-4.4914529133858263
21
5.2514507086614168
0
LINE
8
BLACK
6
CONTINUOUS
10
-4.4914529133858263
20
5.2514507086614168
11
-4.4913961811023624
21
5.2520267716535436
0
LINE
8
BLACK
6
CONTINUOUS
10
-4.4913961811023624
20
5.2520267716535436
11
-4.4909552755905509
21
5.253091181102362
0
LINE
8
BLACK
6
CONTINUOUS
10
-4.4909552755905509
20
5.253091181102362
11
-4.4901406299212594
21
5.2539058267716534
0
LINE
8
BLACK
6
CONTINUOUS
10
-4.4901406299212594
20
5.2539058267716534
11
-4.489076220472441
21
5.254346732283464
0
LINE
8
BLACK
6
CONTINUOUS
10
-4.489076220472441
20
5.254346732283464
11
-4.4879240944881893
21
5.254346732283464
0
LINE
8
BLACK
6
CONTINUOUS
10
-4.4879240944881893
20
5.254346732283464
11
-4.48685968503937
21
5.2539058267716534
0
LINE
8
BLACK
6
CONTINUOUS
10
-4.48685968503937
20
5.2539058267716534
11
-4.4860771259842522
21
5.2531232677165356
0
LINE
8
BLACK
6
CONTINUOUS
10
-4.4860771259842522
20
5.2531232677165356
11
-4.4841963779527561
21
5.2540917322834648
0
LINE
8
BLACK
6
CONTINUOUS
10
-4.4841963779527561
20
5.2540917322834648
11
-4.4836557874015748
21
5.2542986220472443
0
LINE
8
BLACK
6
CONTINUOUS
10
-4.4836557874015748
20
5.2542986220472443
11
-4.4835499212598426
21
5.2543061811023621
0
LINE
8
BLACK
6
CONTINUOUS
10
-4.4835499212598426
20
5.2543061811023621
11
-4.4834519291338584
21
5.254346732283464
0
LINE
8
BLACK
6
CONTINUOUS
10
-4.4834519291338584
20
5.254346732283464
11
-4.4829087401574803
21
5.2543517322834647
0
LINE
8
BLACK
6
CONTINUOUS
10
-4.4829087401574803
20
5.2543517322834647
11
-4.4825065748031498
21
5.2543802755905507
0
LINE
8
BLACK
6
CONTINUOUS
10
-4.4825065748031498
20
5.2543802755905507
11
-4.4824338976377955
21
5.2543560629921258
0
LINE
8
BLACK
6
CONTINUOUS
10
-4.4824338976377955
20
5.2543560629921258
11
-4.4772515748031498
21
5.2544034645669289
0
LINE
8
BLACK
6
CONTINUOUS
10
-4.4772515748031498
20
5.2544034645669289
11
-4.4766755118110231
21
5.254346732283464
0
LINE
8
BLACK
6
CONTINUOUS
10
-4.4766755118110231
20
5.254346732283464
11
-4.4765775196850397
21
5.2543061417322834
0
LINE
8
BLACK
6
CONTINUOUS
10
-4.4765775196850397
20
5.2543061417322834
11
-4.4764716929133854
21
5.2542986220472443
0
LINE
8
BLACK
6
CONTINUOUS
10
-4.4764716929133854
20
5.2542986220472443
11
-4.4759601574803147
21
5.2540504330708657
0
LINE
8
BLACK
6
CONTINUOUS
10
-4.4759601574803147
20
5.2540504330708657
11
-4.4756111023622047
21
5.2539058267716534
0
LINE
8
BLACK
6
CONTINUOUS
10
-4.4756111023622047
20
5.2539058267716534
11
-4.4755629921259841
21
5.2538577165354328
0
LINE
8
BLACK
6
CONTINUOUS
10
-4.4755629921259841
20
5.2538577165354328
11
-4.4721815354330712
21
5.2522169685039373
0
LINE
8
BLACK
6
CONTINUOUS
10
-4.4721815354330712
20
5.2522169685039373
11
-4.4720851968503936
21
5.2521563385826768
0
LINE
8
BLACK
6
CONTINUOUS
10
-4.4720851968503936
20
5.2521563385826768
11
-4.4720397637795273
21
5.2521411811023624
0
LINE
8
BLACK
6
CONTINUOUS
10
-4.4720397637795273
20
5.2521411811023624
11
-4.4719832283464562
21
5.2520921653543304
0
LINE
8
BLACK
6
CONTINUOUS
10
-4.4719832283464562
20
5.2520921653543304
11
-4.4716916535433073
21
5.2519086220472442
0
LINE
8
BLACK
6
CONTINUOUS
10
-4.4716916535433073
20
5.2519086220472442
11
-4.4716272834645672
21
5.2518344094488185
0
LINE
8
BLACK
6
CONTINUOUS
10
-4.4716272834645672
20
5.2518344094488185
11
-4.471562913385827
21
5.2519086220472442
0
LINE
8
BLACK
6
CONTINUOUS
10
-4.471562913385827
20
5.2519086220472442
11
-4.4713661023622047
21
5.2520100000000003
0
LINE
8
BLACK
6
CONTINUOUS
10
-4.4713661023622047
20
5.2520100000000003
11
-4.4712148031496062
21
5.2521411811023624
0
LINE
8
BLACK
6
CONTINUOUS
10
-4.4712148031496062
20
5.2521411811023624
11
-4.4709213385826772
21
5.2522390157480316
0
LINE
8
BLACK
6
CONTINUOUS
10
-4.4709213385826772
20
5.2522390157480316
11
-4.4673235039370081
21
5.2540917322834648
0
LINE
8
BLACK
6
CONTINUOUS
10
-4.4673235039370081
20
5.2540917322834648
11
-4.4667829133858268
21
5.2542986220472443
0
LINE
8
BLACK
6
CONTINUOUS
10
-4.4667829133858268
20
5.2542986220472443
11
-4.4666770472440946
21
5.2543061811023621
0
LINE
8
BLACK
6
CONTINUOUS
10
-4.4666770472440946
20
5.2543061811023621
11
-4.4665790551181104
21
5.254346732283464
0
LINE
8
BLACK
6
CONTINUOUS
10
-4.4665790551181104
20
5.254346732283464
11
-4.4660358661417323
21
5.2543517322834647
0
LINE
8
BLACK
6
CONTINUOUS
10
-4.4660358661417323
20
5.2543517322834647
11
-4.4656337007874018
21
5.2543802755905507
0
LINE
8
BLACK
6
CONTINUOUS
10
-4.4656337007874018
20
5.2543802755905507
11
-4.4655610236220475
21
5.2543560629921258
0
LINE
8
BLACK
6
CONTINUOUS
10
-4.4655610236220475
20
5.2543560629921258
11
-4.4603787007874018
21
5.2544034645669289
0
LINE
8
BLACK
6
CONTINUOUS
10
-4.4603787007874018
20
5.2544034645669289
11
-4.4598026377952751
21
5.254346732283464
0
LINE
8
BLACK
6
CONTINUOUS
10
-4.4073092125984248
20
5.254346732283464
11
-4.4072112204724405
21
5.2543061417322834
0
LINE
8
BLACK
6
CONTINUOUS
10
-4.4072112204724405
20
5.2543061417322834
11
-4.4071053937007871
21
5.2542986220472443
0
LINE
8
BLACK
6
CONTINUOUS
10
-4.4071053937007871
20
5.2542986220472443
11
-4.4065938188976377
21
5.254050393700787
0
LINE
8
BLACK
6
CONTINUOUS
10
-4.4065938188976377
20
5.254050393700787
11
-4.4062448031496064
21
5.2539058267716534
0
LINE
8
BLACK
6
CONTINUOUS
10
-4.4062448031496064
20
5.2539058267716534
11
-4.4061966929133858
21
5.2538577165354328
0
LINE
8
BLACK
6
CONTINUOUS
10
-4.4061966929133858
20
5.2538577165354328
11
-4.4028151968503932
21
5.2522169685039373
0
LINE
8
BLACK
6
CONTINUOUS
10
-4.4028151968503932
20
5.2522169685039373
11
-4.4027188976377953
21
5.2521563385826768
0
LINE
8
BLACK
6
CONTINUOUS
10
-4.4027188976377953
20
5.2521563385826768
11
-4.4026734251968502
21
5.2521411811023624
0
LINE
8
BLACK
6
CONTINUOUS
10
-4.4026734251968502
20
5.2521411811023624
11
-4.4026168503937004
21
5.2520921259842517
0
LINE
8
BLACK
6
CONTINUOUS
10
-4.4026168503937004
20
5.2520921259842517
11
-4.4023253543307082
21
5.2519086220472442
0
LINE
8
BLACK
6
CONTINUOUS
10
-4.4023253543307082
20
5.2519086220472442
11
-4.4020828740157478
21
5.2516290157480316
0
LINE
8
BLACK
6
CONTINUOUS
10
-4.4020828740157478
20
5.2516290157480316
11
-4.4018030314960628
21
5.2513863385826767
0
LINE
8
BLACK
6
CONTINUOUS
10
-4.4018030314960628
20
5.2513863385826767
11
-4.4017016929133854
21
5.2511895275590552
0
LINE
8
BLACK
6
CONTINUOUS
10
-4.4017016929133854
20
5.2511895275590552
11
-4.4015704724409446
21
5.2510382283464567
0
LINE
8
BLACK
6
CONTINUOUS
10
-4.4015704724409446
20
5.2510382283464567
11
-4.4014726771653541
21
5.2507447637795277
0
LINE
8
BLACK
6
CONTINUOUS
10
-4.4014726771653541
20
5.2507447637795277
11
-4.3996199212598421
21
5.2471469291338577
0
LINE
8
BLACK
6
CONTINUOUS
10
-4.3996199212598421
20
5.2471469291338577
11
-4.3994130314960627
21
5.2466063385826773
0
LINE
8
BLACK
6
CONTINUOUS
10
-4.3994130314960627
20
5.2466063385826773
11
-4.3994055118110236
21
5.2465004724409452
0
LINE
8
BLACK
6
CONTINUOUS
10
-4.3994055118110236
20
5.2465004724409452
11
-4.399364921259842
21
5.2464024803149609
0
LINE
8
BLACK
6
CONTINUOUS
10
-4.399364921259842
20
5.2464024803149609
11
-4.3993636220472441
21
5.245910708661417
0
LINE
8
BLACK
6
CONTINUOUS
10
-4.3993636220472441
20
5.245910708661417
11
-4.3993313779527554
21
5.2454571259842515
0
LINE
8
BLACK
6
CONTINUOUS
10
-4.3993313779527554
20
5.2454571259842515
11
-4.3993621653543302
21
5.2453648425196846
0
LINE
8
BLACK
6
CONTINUOUS
10
-4.3993621653543302
20
5.2453648425196846
11
-4.3993081889763781
21
5.2252039763779523
0
LINE
8
BLACK
6
CONTINUOUS
10
-4.3993081889763781
20
5.2252039763779523
11
-4.399364921259842
21
5.2246279133858264
0
LINE
8
BLACK
6
CONTINUOUS
10
-4.399364921259842
20
5.2246279133858264
11
-4.3998058267716535
21
5.2235635039370081
0
LINE
8
BLACK
6
CONTINUOUS
10
-4.3998058267716535
20
5.2235635039370081
11
-4.400620472440945
21
5.2227488582677166
0
LINE
8
BLACK
6
CONTINUOUS
10
-4.400620472440945
20
5.2227488582677166
11
-4.4016848818897634
21
5.2223079527559051
0
LINE
8
BLACK
6
CONTINUOUS
10
-4.4016848818897634
20
5.2223079527559051
11
-4.402837007874016
21
5.2223079527559051
0
LINE
8
BLACK
6
CONTINUOUS
10
-4.402837007874016
20
5.2223079527559051
11
-4.4039014173228344
21
5.2227488582677166
0
LINE
8
BLACK
6
CONTINUOUS
10
-4.4039014173228344
20
5.2227488582677166
11
-4.4047160629921258
21
5.2235635039370081
0
LINE
8
BLACK
6
CONTINUOUS
10
-4.4047160629921258
20
5.2235635039370081
11
-4.4051569685039373
21
5.2246279133858264
0
LINE
8
BLACK
6
CONTINUOUS
10
-4.4051569685039373
20
5.2246279133858264
11
-4.4052120866141733
21
5.2452170078740155
0
LINE
8
BLACK
6
CONTINUOUS
10
-4.4052120866141733
20
5.2452170078740155
11
-4.4063481496062993
21
5.2474231496062993
0
LINE
8
BLACK
6
CONTINUOUS
10
-4.4063481496062993
20
5.2474231496062993
11
-4.4086548818897633
21
5.2485424015748032
0
LINE
8
BLACK
6
CONTINUOUS
10
-4.4086548818897633
20
5.2485424015748032
11
-4.4128923622047243
21
5.2485036220472443
0
LINE
8
BLACK
6
CONTINUOUS
10
-4.4128923622047243
20
5.2485036220472443
11
-4.4151062598425197
21
5.2473635433070864
0
LINE
8
BLACK
6
CONTINUOUS
10
-4.4151062598425197
20
5.2473635433070864
11
-4.4162342125984253
21
5.2450389763779528
0
LINE
8
BLACK
6
CONTINUOUS
10
-4.4162342125984253
20
5.2450389763779528
11
-4.4161811023622048
21
5.2252039763779523
0
LINE
8
BLACK
6
CONTINUOUS
10
-4.4161811023622048
20
5.2252039763779523
11
-4.4162378346456688
21
5.2246279133858264
0
LINE
8
BLACK
6
CONTINUOUS
10
-4.4162378346456688
20
5.2246279133858264
11
-4.4166787401574803
21
5.2235635039370081
0
LINE
8
BLACK
6
CONTINUOUS
10
-4.4166787401574803
20
5.2235635039370081
11
-4.4174933858267718
21
5.2227488582677166
0
LINE
8
BLACK
6
CONTINUOUS
10
-4.4174933858267718
20
5.2227488582677166
11
-4.4185577952755901
21
5.2223079527559051
0
LINE
8
BLACK
6
CONTINUOUS
10
-4.4185577952755901
20
5.2223079527559051
11
-4.4197099212598427
21
5.2223079527559051
0
LINE
8
BLACK
6
CONTINUOUS
10
-4.4197099212598427
20
5.2223079527559051
11
-4.4207743307086611
21
5.2227488582677166
0
LINE
8
BLACK
6
CONTINUOUS
10
-4.4207743307086611
20
5.2227488582677166
11
-4.4215889763779526
21
5.2235635039370081
0
LINE
8
BLACK
6
CONTINUOUS
10
-4.4215889763779526
20
5.2235635039370081
11
-4.4220298818897641
21
5.2246279133858264
0
LINE
8
BLACK
6
CONTINUOUS
10
-4.4220298818897641
20
5.2246279133858264
11
-4.422085
21
5.2452170078740155
0
LINE
8
BLACK
6
CONTINUOUS
10
-4.422085
20
5.2452170078740155
11
-4.423221062992126
21
5.2474231102362205
0
LINE
8
BLACK
6
CONTINUOUS
10
-4.423221062992126
20
5.2474231102362205
11
-4.4255277559055113
21
5.2485424015748032
0
LINE
8
BLACK
6
CONTINUOUS
10
-4.4255277559055113
20
5.2485424015748032
11
-4.4297652362204722
21
5.2485036220472443
0
LINE
8
BLACK
6
CONTINUOUS
10
-4.4297652362204722
20
5.2485036220472443
11
-4.4324761417322831
21
5.2471076377952759
0
LINE
8
BLACK
6
CONTINUOUS
10
-4.4324761417322831
20
5.2471076377952759
11
-4.4330989763779529
21
5.2464625196850392
0
LINE
8
BLACK
6
CONTINUOUS
10
-4.4330989763779529
20
5.2464625196850392
11
-4.4330539763779528
21
5.2252039763779523
0
LINE
8
BLACK
6
CONTINUOUS
10
-4.4330539763779528
20
5.2252039763779523
11
-4.4331107086614177
21
5.2246279133858264
0
LINE
8
BLACK
6
CONTINUOUS
10
-4.4331107086614177
20
5.2246279133858264
11
-4.4335516141732283
21
5.2235635039370081
0
LINE
8
BLACK
6
CONTINUOUS
10
-4.4335516141732283
20
5.2235635039370081
11
-4.4343662598425198
21
5.2227488582677166
0
LINE
8
BLACK
6
CONTINUOUS
10
-4.4343662598425198
20
5.2227488582677166
11
-4.4354306692913381
21
5.2223079527559051
0
LINE
8
BLACK
6
CONTINUOUS
10
-4.4354306692913381
20
5.2223079527559051
11
-4.4365827952755907
21
5.2223079527559051
0
LINE
8
BLACK
6
CONTINUOUS
10
-4.4365827952755907
20
5.2223079527559051
11
-4.4376472047244091
21
5.2227488582677166
0
LINE
8
BLACK
6
CONTINUOUS
10
-4.4376472047244091
20
5.2227488582677166
11
-4.4384618503937006
21
5.2235635039370081
0
LINE
8
BLACK
6
CONTINUOUS
10
-4.4384618503937006
20
5.2235635039370081
11
-4.4389027559055121
21
5.2246279133858264
0
LINE
8
BLACK
6
CONTINUOUS
10
-4.4389027559055121
20
5.2246279133858264
11
-4.438959488188976
21
5.2514507086614168
0
LINE
8
BLACK
6
CONTINUOUS
10
-4.438959488188976
20
5.2514507086614168
11
-4.4389027559055121
21
5.2520267716535436
0
LINE
8
BLACK
6
CONTINUOUS
10
-4.4389027559055121
20
5.2520267716535436
11
-4.4384618503937006
21
5.253091181102362
0
LINE
8
BLACK
6
CONTINUOUS
10
-4.4384618503937006
20
5.253091181102362
11
-4.4376472047244091
21
5.2539058267716534
0
LINE
8
BLACK
6
CONTINUOUS
10
-4.4376472047244091
20
5.2539058267716534
11
-4.4365827952755907
21
5.254346732283464
0
LINE
8
BLACK
6
CONTINUOUS
10
-4.4365827952755907
20
5.254346732283464
11
-4.4354306692913381
21
5.254346732283464
0
LINE
8
BLACK
6
CONTINUOUS
10
-4.4354306692913381
20
5.254346732283464
11
-4.4343662598425198
21
5.2539058267716534
0
LINE
8
BLACK
6
CONTINUOUS
10
-4.4343662598425198
20
5.2539058267716534
11
-4.433583700787401
21
5.2531232677165356
0
LINE
8
BLACK
6
CONTINUOUS
10
-4.433583700787401
20
5.2531232677165356
11
-4.4317029527559058
21
5.2540917322834648
0
LINE
8
BLACK
6
CONTINUOUS
10
-4.4317029527559058
20
5.2540917322834648
11
-4.4311623622047245
21
5.2542986220472443
0
LINE
8
BLACK
6
CONTINUOUS
10
-4.4311623622047245
20
5.2542986220472443
11
-4.4310564960629923
21
5.2543061811023621
0
LINE
8
BLACK
6
CONTINUOUS
10
-4.4310564960629923
20
5.2543061811023621
11
-4.4309585039370081
21
5.254346732283464
0
LINE
8
BLACK
6
CONTINUOUS
10
-4.4309585039370081
20
5.254346732283464
11
-4.43041531496063
21
5.2543517322834647
0
LINE
8
BLACK
6
CONTINUOUS
10
-4.43041531496063
20
5.2543517322834647
11
-4.4300131496062995
21
5.2543802755905507
0
LINE
8
BLACK
6
CONTINUOUS
10
-4.4300131496062995
20
5.2543802755905507
11
-4.4299404724409444
21
5.2543560629921258
0
LINE
8
BLACK
6
CONTINUOUS
10
-4.4299404724409444
20
5.2543560629921258
11
-4.4247581496062995
21
5.2544034645669289
0
LINE
8
BLACK
6
CONTINUOUS
10
-4.4247581496062995
20
5.2544034645669289
11
-4.4241820866141728
21
5.254346732283464
0
LINE
8
BLACK
6
CONTINUOUS
10
-4.4241820866141728
20
5.254346732283464
11
-4.4240840944881885
21
5.2543061417322834
0
LINE
8
BLACK
6
CONTINUOUS
10
-4.4240840944881885
20
5.2543061417322834
11
-4.4239782677165351
21
5.2542986220472443
0
LINE
8
BLACK
6
CONTINUOUS
10
-4.4239782677165351
20
5.2542986220472443
11
-4.4234667322834644
21
5.2540504330708657
0
LINE
8
BLACK
6
CONTINUOUS
10
-4.4234667322834644
20
5.2540504330708657
11
-4.4231176771653544
21
5.2539058267716534
0
LINE
8
BLACK
6
CONTINUOUS
10
-4.4231176771653544
20
5.2539058267716534
11
-4.4230695669291338
21
5.2538577165354328
0
LINE
8
BLACK
6
CONTINUOUS
10
-4.4230695669291338
20
5.2538577165354328
11
-4.41968811023622
21
5.2522169685039373
0
LINE
8
BLACK
6
CONTINUOUS
10
-4.41968811023622
20
5.2522169685039373
11
-4.4195917716535433
21
5.2521563385826768
0
LINE
8
BLACK
6
CONTINUOUS
10
-4.4195917716535433
20
5.2521563385826768
11
-4.419546338582677
21
5.2521411811023624
0
LINE
8
BLACK
6
CONTINUOUS
10
-4.419546338582677
20
5.2521411811023624
11
-4.4194898031496059
21
5.2520921653543304
0
LINE
8
BLACK
6
CONTINUOUS
10
-4.4194898031496059
20
5.2520921653543304
11
-4.419198228346457
21
5.2519086220472442
0
LINE
8
BLACK
6
CONTINUOUS
10
-4.419198228346457
20
5.2519086220472442
11
-4.4191338582677169
21
5.2518344094488185
0
LINE
8
BLACK
6
CONTINUOUS
10
-4.4191338582677169
20
5.2518344094488185
11
-4.4190694881889767
21
5.2519086220472442
0
LINE
8
BLACK
6
CONTINUOUS
10
-4.4190694881889767
20
5.2519086220472442
11
-4.4188726771653544
21
5.2520100000000003
0
LINE
8
BLACK
6
CONTINUOUS
10
-4.4188726771653544
20
5.2520100000000003
11
-4.4187213779527559
21
5.2521411811023624
0
LINE
8
BLACK
6
CONTINUOUS
10
-4.4187213779527559
20
5.2521411811023624
11
-4.4184279133858269
21
5.2522390157480316
0
LINE
8
BLACK
6
CONTINUOUS
10
-4.4184279133858269
20
5.2522390157480316
11
-4.4148300787401578
21
5.2540917322834648
0
LINE
8
BLACK
6
CONTINUOUS
10
-4.4148300787401578
20
5.2540917322834648
11
-4.4142894881889765
21
5.2542986220472443
0
LINE
8
BLACK
6
CONTINUOUS
10
-4.4142894881889765
20
5.2542986220472443
11
-4.4141836220472443
21
5.2543061811023621
0
LINE
8
BLACK
6
CONTINUOUS
10
-4.4141836220472443
20
5.2543061811023621
11
-4.4140856299212601
21
5.254346732283464
0
LINE
8
BLACK
6
CONTINUOUS
10
-4.4140856299212601
20
5.254346732283464
11
-4.413542440944882
21
5.2543517322834647
0
LINE
8
BLACK
6
CONTINUOUS
10
-4.413542440944882
20
5.2543517322834647
11
-4.4131402755905507
21
5.2543802755905507
0
LINE
8
BLACK
6
CONTINUOUS
10
-4.4131402755905507
20
5.2543802755905507
11
-4.4130675984251964
21
5.2543560629921258
0
LINE
8
BLACK
6
CONTINUOUS
10
-4.4130675984251964
20
5.2543560629921258
11
-4.4078852755905507
21
5.2544034645669289
0
LINE
8
BLACK
6
CONTINUOUS
10
-4.4078852755905507
20
5.2544034645669289
11
-4.4073092125984248
21
5.254346732283464
0
LINE
8
BLACK
6
CONTINUOUS
10
-3.8787183464566928
20
5.9823698425196845
11
-3.8776529921259844
21
5.9813044881889761
0
LINE
8
BLACK
6
CONTINUOUS
10
-3.8776529921259844
20
5.9813044881889761
11
-3.8776529921259844
21
5.9797978740157482
0
LINE
8
BLACK
6
CONTINUOUS
10
-3.8776529921259844
20
5.9797978740157482
11
-3.8787183464566928
21
5.9787325196850389
0
LINE
8
BLACK
6
CONTINUOUS
10
-3.8787183464566928
20
5.9787325196850389
11
-3.8995342913385826
21
5.9787034251968505
0
LINE
8
BLACK
6
CONTINUOUS
10
-3.8995342913385826
20
5.9787034251968505
11
-3.8777255511811024
21
5.9371096062992121
0
LINE
8
BLACK
6
CONTINUOUS
10
-3.8777255511811024
20
5.9371096062992121
11
-3.8775105905511809
21
5.9363722047244094
0
LINE
8
BLACK
6
CONTINUOUS
10
-3.8775105905511809
20
5.9363722047244094
11
-3.877963661417323
21
5.9349353149606294
0
LINE
8
BLACK
6
CONTINUOUS
10
-3.877963661417323
20
5.9349353149606294
11
-3.8793000393700785
21
5.9342396456692912
0
LINE
8
BLACK
6
CONTINUOUS
10
-3.8793000393700785
20
5.9342396456692912
11
-3.8807369685039368
21
5.9346926771653541
0
LINE
8
BLACK
6
CONTINUOUS
10
-3.8807369685039368
20
5.9346926771653541
11
-3.9007382677165352
21
5.9728393700787397
0
LINE
8
BLACK
6
CONTINUOUS
10
-3.9007382677165352
20
5.9728393700787397
11
-3.9005925590551178
21
5.3977710236220471
0
LINE
8
BLACK
6
CONTINUOUS
10
-3.9005925590551178
20
5.3977710236220471
11
-3.8812177165354331
21
5.4352594881889766
0
LINE
8
BLACK
6
CONTINUOUS
10
-3.8812177165354331
20
5.4352594881889766
11
-3.8807369685039368
21
5.4358585039370073
0
LINE
8
BLACK
6
CONTINUOUS
10
-3.8807369685039368
20
5.4358585039370073
11
-3.8793000393700785
21
5.4363115354330711
0
LINE
8
BLACK
6
CONTINUOUS
10
-3.8793000393700785
20
5.4363115354330711
11
-3.877963661417323
21
5.435615866141732
0
LINE
8
BLACK
6
CONTINUOUS
10
-3.877963661417323
20
5.435615866141732
11
-3.8775105905511809
21
5.4341789763779529
0
LINE
8
BLACK
6
CONTINUOUS
10
-3.8775105905511809
20
5.4341789763779529
11
-3.8993401968503938
21
5.3919407480314963
0
LINE
8
BLACK
6
CONTINUOUS
10
-3.8993401968503938
20
5.3919407480314963
11
-3.8794716535433071
21
5.391968503937008
0
LINE
8
BLACK
6
CONTINUOUS
10
-3.8794716535433071
20
5.391968503937008
11
-3.8787183464566928
21
5.3918186614173225
0
LINE
8
BLACK
6
CONTINUOUS
10
-3.8787183464566928
20
5.3918186614173225
11
-3.8776529921259844
21
5.390753307086614
0
LINE
8
BLACK
6
CONTINUOUS
10
-3.8776529921259844
20
5.390753307086614
11
-3.8776529921259844
21
5.3892466929133853
0
LINE
8
BLACK
6
CONTINUOUS
10
-3.8776529921259844
20
5.3892466929133853
11
-3.8787183464566928
21
5.3881813385826769
0
LINE
8
BLACK
6
CONTINUOUS
10
-3.8787183464566928
20
5.3881813385826769
11
-3.9021770078740157
21
5.3881486220472441
0
LINE
8
BLACK
6
CONTINUOUS
10
-3.9021770078740157
20
5.3881486220472441
11
-3.9023874803149607
21
5.3880390157480313
0
LINE
8
BLACK
6
CONTINUOUS
10
-3.9023874803149607
20
5.3880390157480313
11
-3.9025590157480314
21
5.3880931102362206
0
LINE
8
BLACK
6
CONTINUOUS
10
-3.9025590157480314
20
5.3880931102362206
11
-3.9027306299212596
21
5.3880389763779526
0
LINE
8
BLACK
6
CONTINUOUS
10
-3.9027306299212596
20
5.3880389763779526
11
-3.9029391732283463
21
5.3881475590551178
0
LINE
8
BLACK
6
CONTINUOUS
10
-3.9029391732283463
20
5.3881475590551178
11
-3.986062992125984
21
5.3880314960629923
0
LINE
8
BLACK
6
CONTINUOUS
10
-3.986062992125984
20
5.3880314960629923
11
-3.9868162992125984
21
5.3881813385826769
0
LINE
8
BLACK
6
CONTINUOUS
10
-3.9868162992125984
20
5.3881813385826769
11
-3.9878816535433068
21
5.3892466929133853
0
LINE
8
BLACK
6
CONTINUOUS
10
-3.9878816535433068
20
5.3892466929133853
11
-3.9878816535433068
21
5.390753307086614
0
LINE
8
BLACK
6
CONTINUOUS
10
-3.9878816535433068
20
5.390753307086614
11
-3.9868162992125984
21
5.3918186614173225
0
LINE
8
BLACK
6
CONTINUOUS
10
-3.9868162992125984
20
5.3918186614173225
11
-3.9056280708661415
21
5.3919319685039371
0
LINE
8
BLACK
6
CONTINUOUS
10
-3.9056280708661415
20
5.3919319685039371
11
-3.9273925984251967
21
5.433441614173228
0
LINE
8
BLACK
6
CONTINUOUS
10
-3.9273925984251967
20
5.433441614173228
11
-3.9276075196850391
21
5.4341789763779529
0
LINE
8
BLACK
6
CONTINUOUS
10
-3.9276075196850391
20
5.4341789763779529
11
-3.9271544488188974
21
5.435615866141732
0
LINE
8
BLACK
6
CONTINUOUS
10
-3.9271544488188974
20
5.435615866141732
11
-3.9258180708661414
21
5.4363115748031499
0
LINE
8
BLACK
6
CONTINUOUS
10
-3.9258180708661414
20
5.4363115748031499
11
-3.9243811811023623
21
5.4358585039370073
0
LINE
8
BLACK
6
CONTINUOUS
10
-3.9243811811023623
20
5.4358585039370073
11
-3.9043798818897635
21
5.3977117322834642
0
LINE
8
BLACK
6
CONTINUOUS
10
-3.9043798818897635
20
5.3977117322834642
11
-3.9045255905511809
21
5.9727801181102365
0
LINE
8
BLACK
6
CONTINUOUS
10
-3.9045255905511809
20
5.9727801181102365
11
-3.9239003937007872
21
5.9352916929133857
0
LINE
8
BLACK
6
CONTINUOUS
10
-3.9239003937007872
20
5.9352916929133857
11
-3.9243811811023623
21
5.9346926771653541
0
LINE
8
BLACK
6
CONTINUOUS
10
-3.9243811811023623
20
5.9346926771653541
11
-3.9258180708661414
21
5.9342396062992124
0
LINE
8
BLACK
6
CONTINUOUS
10
-3.9258180708661414
20
5.9342396062992124
11
-3.9271544488188974
21
5.9349353149606294
0
LINE
8
BLACK
6
CONTINUOUS
10
-3.9271544488188974
20
5.9349353149606294
11
-3.9276075196850391
21
5.9363722047244094
0
LINE
8
BLACK
6
CONTINUOUS
10
-3.9276075196850391
20
5.9363722047244094
11
-3.9057343307086612
21
5.9786948031496063
0
LINE
8
BLACK
6
CONTINUOUS
10
-3.9057343307086612
20
5.9786948031496063
11
-3.986062992125984
21
5.9785826771653543
0
LINE
8
BLACK
6
CONTINUOUS
10
-3.986062992125984
20
5.9785826771653543
11
-3.9868162992125984
21
5.9787325196850389
0
LINE
8
BLACK
6
CONTINUOUS
10
-3.9868162992125984
20
5.9787325196850389
11
-3.9878816535433068
21
5.9797978740157482
0
LINE
8
BLACK
6
CONTINUOUS
10
-3.9878816535433068
20
5.9797978740157482
11
-3.9878816535433068
21
5.9813044881889761
0
LINE
8
BLACK
6
CONTINUOUS
10
-3.9878816535433068
20
5.9813044881889761
11
-3.9868162992125984
21
5.9823698425196845
0
LINE
8
BLACK
6
CONTINUOUS
10
-3.9868162992125984
20
5.9823698425196845
11
-3.902778779527559
21
5.9824871259842523
0
LINE
8
BLACK
6
CONTINUOUS
10
-3.902778779527559
20
5.9824871259842523
11
-3.9027306299212596
21
5.9825122047244097
0
LINE
8
BLACK
6
CONTINUOUS
10
-3.9027306299212596
20
5.9825122047244097
11
-3.9026517716535434
21
5.9824873228346451
0
LINE
8
BLACK
6
CONTINUOUS
10
-3.9026517716535434
20
5.9824873228346451
11
-3.9024654724409449
21
5.9824875590551176
0
LINE
8
BLACK
6
CONTINUOUS
10
-3.9024654724409449
20
5.9824875590551176
11
-3.9023874803149607
21
5.9825121653543309
0
LINE
8
BLACK
6
CONTINUOUS
10
-3.9023874803149607
20
5.9825121653543309
11
-3.9023406299212597
21
5.9824877559055114
0
LINE
8
BLACK
6
CONTINUOUS
10
-3.9023406299212597
20
5.9824877559055114
11
-3.8794716535433071
21
5.98251968503937
0
LINE
8
BLACK
6
CONTINUOUS
10
-3.8794716535433071
20
5.98251968503937
11
-3.8787183464566928
21
5.9823698425196845
0
LINE
8
BLACK
6
CONTINUOUS
10
-3.9282879133858266
20
5.6127400787401571
11
-3.9274732677165352
21
5.6119254330708657
0
LINE
8
BLACK
6
CONTINUOUS
10
-3.9274732677165352
20
5.6119254330708657
11
-3.9270323622047245
21
5.6108610236220473
0
LINE
8
BLACK
6
CONTINUOUS
10
-3.9270323622047245
20
5.6108610236220473
11
-3.9269756299212597
21
5.5877877952755908
0
LINE
8
BLACK
6
CONTINUOUS
10
-3.9269756299212597
20
5.5877877952755908
11
-3.9270323622047245
21
5.587211732283464
0
LINE
8
BLACK
6
CONTINUOUS
10
-3.9270323622047245
20
5.587211732283464
11
-3.9274732677165352
21
5.5861473228346457
0
LINE
8
BLACK
6
CONTINUOUS
10
-3.9274732677165352
20
5.5861473228346457
11
-3.9282879133858266
21
5.5853326771653542
0
LINE
8
BLACK
6
CONTINUOUS
10
-3.9282879133858266
20
5.5853326771653542
11
-3.9293523228346454
21
5.5848917716535436
0
LINE
8
BLACK
6
CONTINUOUS
10
-3.9293523228346454
20
5.5848917716535436
11
-3.9305044488188976
21
5.5848917716535436
0
LINE
8
BLACK
6
CONTINUOUS
10
-3.9305044488188976
20
5.5848917716535436
11
-3.9315688582677164
21
5.5853326771653542
0
LINE
8
BLACK
6
CONTINUOUS
10
-3.9315688582677164
20
5.5853326771653542
11
-3.9323835039370079
21
5.5861473228346457
0
LINE
8
BLACK
6
CONTINUOUS
10
-3.9323835039370079
20
5.5861473228346457
11
-3.9328244094488189
21
5.587211732283464
0
LINE
8
BLACK
6
CONTINUOUS
10
-3.9328244094488189
20
5.587211732283464
11
-3.9328463779527558
21
5.5961353543307082
0
LINE
8
BLACK
6
CONTINUOUS
10
-3.9328463779527558
20
5.5961353543307082
11
-3.9603559842519682
21
5.596096299212598
0
LINE
8
BLACK
6
CONTINUOUS
10
-3.9603559842519682
20
5.596096299212598
11
-3.9578367322834644
21
5.5936252362204719
0
LINE
8
BLACK
6
CONTINUOUS
10
-3.9578367322834644
20
5.5936252362204719
11
-3.957650905511811
21
5.5933988188976373
0
LINE
8
BLACK
6
CONTINUOUS
10
-3.957650905511811
20
5.5933988188976373
11
-3.9575919685039369
21
5.5933477165354333
0
LINE
8
BLACK
6
CONTINUOUS
10
-3.9575919685039369
20
5.5933477165354333
11
-3.9575633858267714
21
5.5932921653543302
0
LINE
8
BLACK
6
CONTINUOUS
10
-3.9575633858267714
20
5.5932921653543302
11
-3.9574694881889765
21
5.5931777952755901
0
LINE
8
BLACK
6
CONTINUOUS
10
-3.9574694881889765
20
5.5931777952755901
11
-3.9573257480314958
21
5.5928307086614168
0
LINE
8
BLACK
6
CONTINUOUS
10
-3.9573257480314958
20
5.5928307086614168
11
-3.9554088582677163
21
5.5891083070866143
0
LINE
8
BLACK
6
CONTINUOUS
10
-3.9554088582677163
20
5.5891083070866143
11
-3.9552019685039368
21
5.588567716535433
0
LINE
8
BLACK
6
CONTINUOUS
10
-3.9552019685039368
20
5.588567716535433
11
-3.95512031496063
21
5.5874185039370081
0
LINE
8
BLACK
6
CONTINUOUS
10
-3.95512031496063
20
5.5874185039370081
11
-3.9554846456692911
21
5.5863255118110233
0
LINE
8
BLACK
6
CONTINUOUS
10
-3.9554846456692911
20
5.5863255118110233
11
-3.9562394881889764
21
5.5854551574803146
0
LINE
8
BLACK
6
CONTINUOUS
10
-3.9562394881889764
20
5.5854551574803146
11
-3.9572699999999998
21
5.5849398818897633
0
LINE
8
BLACK
6
CONTINUOUS
10
-3.9572699999999998
20
5.5849398818897633
11
-3.9584192125984252
21
5.584858228346457
0
LINE
8
BLACK
6
CONTINUOUS
10
-3.9584192125984252
20
5.584858228346457
11
-3.9595121653543308
21
5.5852225590551177
0
LINE
8
BLACK
6
CONTINUOUS
10
-3.9595121653543308
20
5.5852225590551177
11
-3.9603825590551178
21
5.5859774015748034
0
LINE
8
BLACK
6
CONTINUOUS
10
-3.9603825590551178
20
5.5859774015748034
11
-3.9624062598425196
21
5.5899072047244092
0
LINE
8
BLACK
6
CONTINUOUS
10
-3.9624062598425196
20
5.5899072047244092
11
-3.9657270866141729
21
5.5931645669291337
0
LINE
8
BLACK
6
CONTINUOUS
10
-3.9657270866141729
20
5.5931645669291337
11
-3.9709363779527558
21
5.5965795275590553
0
LINE
8
BLACK
6
CONTINUOUS
10
-3.9709363779527558
20
5.5965795275590553
11
-3.9709380708661417
21
5.596580866141732
0
LINE
8
BLACK
6
CONTINUOUS
10
-3.9709380708661417
20
5.596580866141732
11
-3.9709389370078738
21
5.5965812598425195
0
LINE
8
BLACK
6
CONTINUOUS
10
-3.9709389370078738
20
5.5965812598425195
11
-3.9709409842519685
21
5.596583267716535
0
LINE
8
BLACK
6
CONTINUOUS
10
-3.9709409842519685
20
5.596583267716535
11
-3.9713842125984251
21
5.5969462992125987
0
LINE
8
BLACK
6
CONTINUOUS
10
-3.9713842125984251
20
5.5969462992125987
11
-3.9715468897637796
21
5.5971891732283465
0
LINE
8
BLACK
6
CONTINUOUS
10
-3.9715468897637796
20
5.5971891732283465
11
-3.9717535826771653
21
5.597395905511811
0
LINE
8
BLACK
6
CONTINUOUS
10
-3.9717535826771653
20
5.597395905511811
11
-3.9718643307086614
21
5.5976631889763775
0
LINE
8
BLACK
6
CONTINUOUS
10
-3.9718643307086614
20
5.5976631889763775
11
-3.9720252755905512
21
5.5979035826771648
0
LINE
8
BLACK
6
CONTINUOUS
10
-3.9720252755905512
20
5.5979035826771648
11
-3.9720826377952756
21
5.5981901968503935
0
LINE
8
BLACK
6
CONTINUOUS
10
-3.9720826377952756
20
5.5981901968503935
11
-3.9721944881889764
21
5.5984603149606302
0
LINE
8
BLACK
6
CONTINUOUS
10
-3.9721944881889764
20
5.5984603149606302
11
-3.9721944881889764
21
5.5987496062992124
0
LINE
8
BLACK
6
CONTINUOUS
10
-3.9721944881889764
20
5.5987496062992124
11
-3.9722512204724407
21
5.5990332677165355
0
LINE
8
BLACK
6
CONTINUOUS
10
-3.9722512204724407
20
5.5990332677165355
11
-3.9721944881889764
21
5.5993200393700784
0
LINE
8
BLACK
6
CONTINUOUS
10
-3.9721944881889764
20
5.5993200393700784
11
-3.9721944881889764
21
5.599612440944882
0
LINE
8
BLACK
6
CONTINUOUS
10
-3.9721944881889764
20
5.599612440944882
11
-3.972083779527559
21
5.5998796850393697
0
LINE
8
BLACK
6
CONTINUOUS
10
-3.972083779527559
20
5.5998796850393697
11
-3.9720276377952755
21
5.6001635039370079
0
LINE
8
BLACK
6
CONTINUOUS
10
-3.9720276377952755
20
5.6001635039370079
11
-3.9718654724409448
21
5.6004067322834645
0
LINE
8
BLACK
6
CONTINUOUS
10
-3.9718654724409448
20
5.6004067322834645
11
-3.9717535826771653
21
5.6006768503937003
0
LINE
8
BLACK
6
CONTINUOUS
10
-3.9717535826771653
20
5.6006768503937003
11
-3.9715490551181101
21
5.6008813779527555
0
LINE
8
BLACK
6
CONTINUOUS
10
-3.9715490551181101
20
5.6008813779527555
11
-3.9713885433070866
21
5.6011221259842516
0
LINE
8
BLACK
6
CONTINUOUS
10
-3.9713885433070866
20
5.6011221259842516
11
-3.9711456692913383
21
5.6012847637795273
0
LINE
8
BLACK
6
CONTINUOUS
10
-3.9711456692913383
20
5.6012847637795273
11
-3.9709389370078738
21
5.6014914960629918
0
LINE
8
BLACK
6
CONTINUOUS
10
-3.9709389370078738
20
5.6014914960629918
11
-3.9706716535433069
21
5.6016022047244096
0
LINE
8
BLACK
6
CONTINUOUS
10
-3.9706716535433069
20
5.6016022047244096
11
-3.9704312598425195
21
5.6017631889763777
0
LINE
8
BLACK
6
CONTINUOUS
10
-3.9704312598425195
20
5.6017631889763777
11
-3.9701446456692913
21
5.6018205118110238
0
LINE
8
BLACK
6
CONTINUOUS
10
-3.9701446456692913
20
5.6018205118110238
11
-3.969874527559055
21
5.6019324015748033
0
LINE
8
BLACK
6
CONTINUOUS
10
-3.969874527559055
20
5.6019324015748033
11
-3.9695831889763777
21
5.6019327952755908
0
LINE
8
BLACK
6
CONTINUOUS
10
-3.9695831889763777
20
5.6019327952755908
11
-3.9693015748031497
21
5.6019891338582672
0
LINE
8
BLACK
6
CONTINUOUS
10
-3.9693015748031497
20
5.6019891338582672
11
-3.9690209448818896
21
5.601933582677165
0
LINE
8
BLACK
6
CONTINUOUS
10
-3.9690209448818896
20
5.601933582677165
11
-3.9328607480314961
21
5.6019849606299212
0
LINE
8
BLACK
6
CONTINUOUS
10
-3.9328607480314961
20
5.6019849606299212
11
-3.9328811417322833
21
5.6102849606299214
0
LINE
8
BLACK
6
CONTINUOUS
10
-3.9328811417322833
20
5.6102849606299214
11
-3.9328244094488189
21
5.6108610236220473
0
LINE
8
BLACK
6
CONTINUOUS
10
-3.9328244094488189
20
5.6108610236220473
11
-3.9323835039370079
21
5.6119254330708657
0
LINE
8
BLACK
6
CONTINUOUS
10
-3.9323835039370079
20
5.6119254330708657
11
-3.9315688582677164
21
5.6127400787401571
0
LINE
8
BLACK
6
CONTINUOUS
10
-3.9315688582677164
20
5.6127400787401571
11
-3.9305044488188976
21
5.6131809842519687
0
LINE
8
BLACK
6
CONTINUOUS
10
-3.9305044488188976
20
5.6131809842519687
11
-3.9293523228346454
21
5.6131809842519687
0
LINE
8
BLACK
6
CONTINUOUS
10
-3.9293523228346454
20
5.6131809842519687
11
-3.9282879133858266
21
5.6127400787401571
0
LINE
8
BLACK
6
CONTINUOUS
10
-3.9368514173228344
20
5.6506762992125985
11
-3.9367534251968501
21
5.6506356692913382
0
LINE
8
BLACK
6
CONTINUOUS
10
-3.9367534251968501
20
5.6506356692913382
11
-3.9366475984251967
21
5.6506281889763779
0
LINE
8
BLACK
6
CONTINUOUS
10
-3.9366475984251967
20
5.6506281889763779
11
-3.936136062992126
21
5.6503799606299214
0
LINE
8
BLACK
6
CONTINUOUS
10
-3.936136062992126
20
5.6503799606299214
11
-3.9357870078740156
21
5.650235393700787
0
LINE
8
BLACK
6
CONTINUOUS
10
-3.9357870078740156
20
5.650235393700787
11
-3.9357388976377954
21
5.6501872440944885
0
LINE
8
BLACK
6
CONTINUOUS
10
-3.9357388976377954
20
5.6501872440944885
11
-3.9323574409448816
21
5.6485465354330708
0
LINE
8
BLACK
6
CONTINUOUS
10
-3.9323574409448816
20
5.6485465354330708
11
-3.9321095669291339
21
5.6483904724409451
0
LINE
8
BLACK
6
CONTINUOUS
10
-3.9321095669291339
20
5.6483904724409451
11
-3.9320375196850392
21
5.6483606692913382
0
LINE
8
BLACK
6
CONTINUOUS
10
-3.9320375196850392
20
5.6483606692913382
11
-3.9319914173228345
21
5.6483161023622044
0
LINE
8
BLACK
6
CONTINUOUS
10
-3.9319914173228345
20
5.6483161023622044
11
-3.9318675590551182
21
5.6482381889763777
0
LINE
8
BLACK
6
CONTINUOUS
10
-3.9318675590551182
20
5.6482381889763777
11
-3.9316458661417322
21
5.6479825196850388
0
LINE
8
BLACK
6
CONTINUOUS
10
-3.9316458661417322
20
5.6479825196850388
11
-3.9297152755905511
21
5.6461187007874019
0
LINE
8
BLACK
6
CONTINUOUS
10
-3.9297152755905511
20
5.6461187007874019
11
-3.9295295275590552
21
5.6458923228346451
0
LINE
8
BLACK
6
CONTINUOUS
10
-3.9295295275590552
20
5.6458923228346451
11
-3.9294704724409448
21
5.6458411417322836
0
LINE
8
BLACK
6
CONTINUOUS
10
-3.9294704724409448
20
5.6458411417322836
11
-3.9294418503937005
21
5.6457854724409451
0
LINE
8
BLACK
6
CONTINUOUS
10
-3.9294418503937005
20
5.6457854724409451
11
-3.9293480314960627
21
5.6456712204724404
0
LINE
8
BLACK
6
CONTINUOUS
10
-3.9293480314960627
20
5.6456712204724404
11
-3.92920437007874
21
5.6453243307086609
0
LINE
8
BLACK
6
CONTINUOUS
10
-3.92920437007874
20
5.6453243307086609
11
-3.9272873622047242
21
5.6416017322834646
0
LINE
8
BLACK
6
CONTINUOUS
10
-3.9272873622047242
20
5.6416017322834646
11
-3.9270804724409447
21
5.6410611417322833
0
LINE
8
BLACK
6
CONTINUOUS
10
-3.9270804724409447
20
5.6410611417322833
11
-3.9270729527559056
21
5.6409552362204725
0
LINE
8
BLACK
6
CONTINUOUS
10
-3.9270729527559056
20
5.6409552362204725
11
-3.9270323622047245
21
5.6408572834645669
0
LINE
8
BLACK
6
CONTINUOUS
10
-3.9270323622047245
20
5.6408572834645669
11
-3.9270294488188977
21
5.6403427165354332
0
LINE
8
BLACK
6
CONTINUOUS
10
-3.9270294488188977
20
5.6403427165354332
11
-3.9269988188976379
21
5.6399119291338584
0
LINE
8
BLACK
6
CONTINUOUS
10
-3.9269988188976379
20
5.6399119291338584
11
-3.9270265354330709
21
5.6398288582677161
0
LINE
8
BLACK
6
CONTINUOUS
10
-3.9270265354330709
20
5.6398288582677161
11
-3.9269756299212597
21
5.6309074015748033
0
LINE
8
BLACK
6
CONTINUOUS
10
-3.9269756299212597
20
5.6309074015748033
11
-3.9270323622047245
21
5.6303313385826774
0
LINE
8
BLACK
6
CONTINUOUS
10
-3.9270323622047245
20
5.6303313385826774
11
-3.9270729527559056
21
5.6302333464566932
0
LINE
8
BLACK
6
CONTINUOUS
10
-3.9270729527559056
20
5.6302333464566932
11
-3.9270804724409447
21
5.6301274803149601
0
LINE
8
BLACK
6
CONTINUOUS
10
-3.9270804724409447
20
5.6301274803149601
11
-3.9273288188976379
21
5.6296157086614169
0
LINE
8
BLACK
6
CONTINUOUS
10
-3.9273288188976379
20
5.6296157086614169
11
-3.9274732677165352
21
5.6292669291338582
0
LINE
8
BLACK
6
CONTINUOUS
10
-3.9274732677165352
20
5.6292669291338582
11
-3.9275213779527558
21
5.6292188188976375
0
LINE
8
BLACK
6
CONTINUOUS
10
-3.9275213779527558
20
5.6292188188976375
11
-3.9291621259842517
21
5.6258373622047246
0
LINE
8
BLACK
6
CONTINUOUS
10
-3.9291621259842517
20
5.6258373622047246
11
-3.9293182283464567
21
5.6255893307086611
0
LINE
8
BLACK
6
CONTINUOUS
10
-3.9293182283464567
20
5.6255893307086611
11
-3.9293480314960627
21
5.6255174015748031
0
LINE
8
BLACK
6
CONTINUOUS
10
-3.9293480314960627
20
5.6255174015748031
11
-3.9293925590551182
21
5.6254712992125979
0
LINE
8
BLACK
6
CONTINUOUS
10
-3.9293925590551182
20
5.6254712992125979
11
-3.9294704724409448
21
5.6253474803149608
0
LINE
8
BLACK
6
CONTINUOUS
10
-3.9294704724409448
20
5.6253474803149608
11
-3.9297262598425196
21
5.6251256692913385
0
LINE
8
BLACK
6
CONTINUOUS
10
-3.9297262598425196
20
5.6251256692913385
11
-3.9315900787401574
21
5.623195157480315
0
LINE
8
BLACK
6
CONTINUOUS
10
-3.9315900787401574
20
5.623195157480315
11
-3.9320375196850392
21
5.6228279527559053
0
LINE
8
BLACK
6
CONTINUOUS
10
-3.9320375196850392
20
5.6228279527559053
11
-3.933101929133858
21
5.6223870866141734
0
LINE
8
BLACK
6
CONTINUOUS
10
-3.933101929133858
20
5.6223870866141734
11
-3.9342540157480315
21
5.6223870866141734
0
LINE
8
BLACK
6
CONTINUOUS
10
-3.9342540157480315
20
5.6223870866141734
11
-3.9353184251968503
21
5.6228279921259841
0
LINE
8
BLACK
6
CONTINUOUS
10
-3.9353184251968503
20
5.6228279921259841
11
-3.9361331102362205
21
5.6236426771653543
0
LINE
8
BLACK
6
CONTINUOUS
10
-3.9361331102362205
20
5.6236426771653543
11
-3.9365739763779528
21
5.6247070866141735
0
LINE
8
BLACK
6
CONTINUOUS
10
-3.9365739763779528
20
5.6247070866141735
11
-3.9365739763779528
21
5.6258591732283465
0
LINE
8
BLACK
6
CONTINUOUS
10
-3.9365739763779528
20
5.6258591732283465
11
-3.9361330708661417
21
5.6269235826771649
0
LINE
8
BLACK
6
CONTINUOUS
10
-3.9361330708661417
20
5.6269235826771649
11
-3.9341430314960628
21
5.6289848031496064
0
LINE
8
BLACK
6
CONTINUOUS
10
-3.9341430314960628
20
5.6289848031496064
11
-3.9328321653543306
21
5.6316864173228343
0
LINE
8
BLACK
6
CONTINUOUS
10
-3.9328321653543306
20
5.6316864173228343
11
-3.9328776771653544
21
5.6396681496062993
0
LINE
8
BLACK
6
CONTINUOUS
10
-3.9328776771653544
20
5.6396681496062993
11
-3.9342714960629919
21
5.6423748425196854
0
LINE
8
BLACK
6
CONTINUOUS
10
-3.9342714960629919
20
5.6423748425196854
11
-3.9355048818897638
21
5.643565590551181
0
LINE
8
BLACK
6
CONTINUOUS
10
-3.9355048818897638
20
5.643565590551181
11
-3.9382065354330709
21
5.6448764960629916
0
LINE
8
BLACK
6
CONTINUOUS
10
-3.9382065354330709
20
5.6448764960629916
11
-3.9461882677165354
21
5.6448309842519686
0
LINE
8
BLACK
6
CONTINUOUS
10
-3.9461882677165354
20
5.6448309842519686
11
-3.9488949999999998
21
5.6434371653543307
0
LINE
8
BLACK
6
CONTINUOUS
10
-3.9488949999999998
20
5.6434371653543307
11
-3.9500857086614172
21
5.642203818897638
0
LINE
8
BLACK
6
CONTINUOUS
10
-3.9500857086614172
20
5.642203818897638
11
-3.9513966141732282
21
5.6395021653543305
0
LINE
8
BLACK
6
CONTINUOUS
10
-3.9513966141732282
20
5.6395021653543305
11
-3.9513511023622048
21
5.6315204330708664
0
LINE
8
BLACK
6
CONTINUOUS
10
-3.9513511023622048
20
5.6315204330708664
11
-3.9499572834645669
21
5.6288137007874015
0
LINE
8
BLACK
6
CONTINUOUS
10
-3.9499572834645669
20
5.6288137007874015
11
-3.9484629133858267
21
5.6273710236220476
0
LINE
8
BLACK
6
CONTINUOUS
10
-3.9484629133858267
20
5.6273710236220476
11
-3.948095708661417
21
5.6269235826771649
0
LINE
8
BLACK
6
CONTINUOUS
10
-3.948095708661417
20
5.6269235826771649
11
-3.9480388188976376
21
5.6267862204724413
0
LINE
8
BLACK
6
CONTINUOUS
10
-3.9480388188976376
20
5.6267862204724413
11
-3.947944645669291
21
5.6266711417322837
0
LINE
8
BLACK
6
CONTINUOUS
10
-3.947944645669291
20
5.6266711417322837
11
-3.9478199606299214
21
5.6262578346456689
0
LINE
8
BLACK
6
CONTINUOUS
10
-3.9478199606299214
20
5.6262578346456689
11
-3.9476548031496064
21
5.6258591732283465
0
LINE
8
BLACK
6
CONTINUOUS
10
-3.9476548031496064
20
5.6258591732283465
11
-3.9476548031496064
21
5.6257104724409448
0
LINE
8
BLACK
6
CONTINUOUS
10
-3.9476548031496064
20
5.6257104724409448
11
-3.9476118503937005
21
5.6255681496062993
0
LINE
8
BLACK
6
CONTINUOUS
10
-3.9476118503937005
20
5.6255681496062993
11
-3.9476548031496064
21
5.6251386220472437
0
LINE
8
BLACK
6
CONTINUOUS
10
-3.9476548031496064
20
5.6251386220472437
11
-3.9476548031496064
21
5.6247070866141735
0
LINE
8
BLACK
6
CONTINUOUS
10
-3.9476548031496064
20
5.6247070866141735
11
-3.9477117322834645
21
5.624569724409449
0
LINE
8
BLACK
6
CONTINUOUS
10
-3.9477117322834645
20
5.624569724409449
11
-3.9477264960629919
21
5.6244217322834649
0
LINE
8
BLACK
6
CONTINUOUS
10
-3.9477264960629919
20
5.6244217322834649
11
-3.9479306299212595
21
5.6240412598425191
0
LINE
8
BLACK
6
CONTINUOUS
10
-3.9479306299212595
20
5.6240412598425191
11
-3.948095708661417
21
5.6236426771653543
0
LINE
8
BLACK
6
CONTINUOUS
10
-3.948095708661417
20
5.6236426771653543
11
-3.948200866141732
21
5.6235375196850397
0
LINE
8
BLACK
6
CONTINUOUS
10
-3.948200866141732
20
5.6235375196850397
11
-3.9482711417322833
21
5.6234064960629917
0
LINE
8
BLACK
6
CONTINUOUS
10
-3.9482711417322833
20
5.6234064960629917
11
-3.9486053543307085
21
5.6231330314960628
0
LINE
8
BLACK
6
CONTINUOUS
10
-3.9486053543307085
20
5.6231330314960628
11
-3.9489103937007872
21
5.6228279921259841
0
LINE
8
BLACK
6
CONTINUOUS
10
-3.9489103937007872
20
5.6228279921259841
11
-3.9490476771653542
21
5.6227711023622042
0
LINE
8
BLACK
6
CONTINUOUS
10
-3.9490476771653542
20
5.6227711023622042
11
-3.9491627952755906
21
5.6226769291338581
0
LINE
8
BLACK
6
CONTINUOUS
10
-3.9491627952755906
20
5.6226769291338581
11
-3.9495762204724407
21
5.6225521653543309
0
LINE
8
BLACK
6
CONTINUOUS
10
-3.9495762204724407
20
5.6225521653543309
11
-3.949974803149606
21
5.6223870866141734
0
LINE
8
BLACK
6
CONTINUOUS
10
-3.949974803149606
20
5.6223870866141734
11
-3.9501234251968502
21
5.6223870866141734
0
LINE
8
BLACK
6
CONTINUOUS
10
-3.9501234251968502
20
5.6223870866141734
11
-3.9502657874015745
21
5.6223441338582676
0
LINE
8
BLACK
6
CONTINUOUS
10
-3.9502657874015745
20
5.6223441338582676
11
-3.9507083858267715
21
5.6223870866141734
0
LINE
8
BLACK
6
CONTINUOUS
10
-3.9507083858267715
20
5.6223870866141734
11
-3.9511268897637795
21
5.6223870866141734
0
LINE
8
BLACK
6
CONTINUOUS
10
-3.9511268897637795
20
5.6223870866141734
11
-3.951254960629921
21
5.6224401181102364
0
LINE
8
BLACK
6
CONTINUOUS
10
-3.951254960629921
20
5.6224401181102364
11
-3.9695922834645669
21
5.6242197637795277
0
LINE
8
BLACK
6
CONTINUOUS
10
-3.9695922834645669
20
5.6242197637795277
11
-3.9698022047244095
21
5.624261850393701
0
LINE
8
BLACK
6
CONTINUOUS
10
-3.9698022047244095
20
5.624261850393701
11
-3.969874527559055
21
5.624261850393701
0
LINE
8
BLACK
6
CONTINUOUS
10
-3.969874527559055
20
5.624261850393701
11
-3.9699423622047245
21
5.6242899212598427
0
LINE
8
BLACK
6
CONTINUOUS
10
-3.9699423622047245
20
5.6242899212598427
11
-3.9701598425196849
21
5.6243335433070865
0
LINE
8
BLACK
6
CONTINUOUS
10
-3.9701598425196849
20
5.6243335433070865
11
-3.9705401574803147
21
5.6245375590551179
0
LINE
8
BLACK
6
CONTINUOUS
10
-3.9705401574803147
20
5.6245375590551179
11
-3.9709389370078738
21
5.6247027559055116
0
LINE
8
BLACK
6
CONTINUOUS
10
-3.9709389370078738
20
5.6247027559055116
11
-3.9710441338582676
21
5.6248079133858271
0
LINE
8
BLACK
6
CONTINUOUS
10
-3.9710441338582676
20
5.6248079133858271
11
-3.9711750787401572
21
5.6248781889763775
0
LINE
8
BLACK
6
CONTINUOUS
10
-3.9711750787401572
20
5.6248781889763775
11
-3.9714483464566928
21
5.6252121259842518
0
LINE
8
BLACK
6
CONTINUOUS
10
-3.9714483464566928
20
5.6252121259842518
11
-3.9717535826771653
21
5.6255174015748031
0
LINE
8
BLACK
6
CONTINUOUS
10
-3.9717535826771653
20
5.6255174015748031
11
-3.9718105118110234
21
5.6256547244094488
0
LINE
8
BLACK
6
CONTINUOUS
10
-3.9718105118110234
20
5.6256547244094488
11
-3.9719046456692912
21
5.6257698425196851
0
LINE
8
BLACK
6
CONTINUOUS
10
-3.9719046456692912
20
5.6257698425196851
11
-3.9720293700787401
21
5.6261831102362203
0
LINE
8
BLACK
6
CONTINUOUS
10
-3.9720293700787401
20
5.6261831102362203
11
-3.9721944881889764
21
5.6265818110236223
0
LINE
8
BLACK
6
CONTINUOUS
10
-3.9721944881889764
20
5.6265818110236223
11
-3.9721949606299214
21
5.6267319291338582
0
LINE
8
BLACK
6
CONTINUOUS
10
-3.9721949606299214
20
5.6267319291338582
11
-3.9722374409448817
21
5.6268728346456696
0
LINE
8
BLACK
6
CONTINUOUS
10
-3.9722374409448817
20
5.6268728346456696
11
-3.9721965748031494
21
5.6272817716535428
0
LINE
8
BLACK
6
CONTINUOUS
10
-3.9721965748031494
20
5.6272817716535428
11
-3.9722512204724407
21
5.6459055118110237
0
LINE
8
BLACK
6
CONTINUOUS
10
-3.9722512204724407
20
5.6459055118110237
11
-3.9721944881889764
21
5.6464815748031496
0
LINE
8
BLACK
6
CONTINUOUS
10
-3.9721944881889764
20
5.6464815748031496
11
-3.9717535826771653
21
5.647545984251968
0
LINE
8
BLACK
6
CONTINUOUS
10
-3.9717535826771653
20
5.647545984251968
11
-3.9709389370078738
21
5.6483606299212594
0
LINE
8
BLACK
6
CONTINUOUS
10
-3.9709389370078738
20
5.6483606299212594
11
-3.969874527559055
21
5.648801535433071
0
LINE
8
BLACK
6
CONTINUOUS
10
-3.969874527559055
20
5.648801535433071
11
-3.9687224015748033
21
5.648801535433071
0
LINE
8
BLACK
6
CONTINUOUS
10
-3.9687224015748033
20
5.648801535433071
11
-3.967657992125984
21
5.6483606299212594
0
LINE
8
BLACK
6
CONTINUOUS
10
-3.967657992125984
20
5.6483606299212594
11
-3.966843346456693
21
5.647545984251968
0
LINE
8
BLACK
6
CONTINUOUS
10
-3.966843346456693
20
5.647545984251968
11
-3.9664024409448819
21
5.6464815748031496
0
LINE
8
BLACK
6
CONTINUOUS
10
-3.9664024409448819
20
5.6464815748031496
11
-3.9663534251968504
21
5.6297833464566924
0
LINE
8
BLACK
6
CONTINUOUS
10
-3.9663534251968504
20
5.6297833464566924
11
-3.9565527952755906
21
5.628832204724409
0
LINE
8
BLACK
6
CONTINUOUS
10
-3.9565527952755906
20
5.628832204724409
11
-3.9569413779527558
21
5.6295868897637797
0
LINE
8
BLACK
6
CONTINUOUS
10
-3.9569413779527558
20
5.6295868897637797
11
-3.9571482677165353
21
5.6301275196850389
0
LINE
8
BLACK
6
CONTINUOUS
10
-3.9571482677165353
20
5.6301275196850389
11
-3.9571557874015748
21
5.6302333070866144
0
LINE
8
BLACK
6
CONTINUOUS
10
-3.9571557874015748
20
5.6302333070866144
11
-3.9571963779527559
21
5.6303313385826774
0
LINE
8
BLACK
6
CONTINUOUS
10
-3.9571963779527559
20
5.6303313385826774
11
-3.9571993307086615
21
5.6308459055118112
0
LINE
8
BLACK
6
CONTINUOUS
10
-3.9571993307086615
20
5.6308459055118112
11
-3.9572299212598425
21
5.6312767322834647
0
LINE
8
BLACK
6
CONTINUOUS
10
-3.9572299212598425
20
5.6312767322834647
11
-3.9572022440944883
21
5.6313597637795274
0
LINE
8
BLACK
6
CONTINUOUS
10
-3.9572022440944883
20
5.6313597637795274
11
-3.9572531102362203
21
5.6402812204724411
0
LINE
8
BLACK
6
CONTINUOUS
10
-3.9572531102362203
20
5.6402812204724411
11
-3.9571963779527559
21
5.6408572834645669
0
LINE
8
BLACK
6
CONTINUOUS
10
-3.9571963779527559
20
5.6408572834645669
11
-3.9571557874015748
21
5.6409552755905512
0
LINE
8
BLACK
6
CONTINUOUS
10
-3.9571557874015748
20
5.6409552755905512
11
-3.9571482677165353
21
5.6410611023622046
0
LINE
8
BLACK
6
CONTINUOUS
10
-3.9571482677165353
20
5.6410611023622046
11
-3.9569000787401576
21
5.6415726377952753
0
LINE
8
BLACK
6
CONTINUOUS
10
-3.9569000787401576
20
5.6415726377952753
11
-3.9567554724409448
21
5.6419216929133853
0
LINE
8
BLACK
6
CONTINUOUS
10
-3.9567554724409448
20
5.6419216929133853
11
-3.9567073622047242
21
5.6419698031496059
0
LINE
8
BLACK
6
CONTINUOUS
10
-3.9567073622047242
20
5.6419698031496059
11
-3.9550666141732282
21
5.6453512598425197
0
LINE
8
BLACK
6
CONTINUOUS
10
-3.9550666141732282
20
5.6453512598425197
11
-3.9549105511811025
21
5.6455992519685037
0
LINE
8
BLACK
6
CONTINUOUS
10
-3.9549105511811025
20
5.6455992519685037
11
-3.9548807086614173
21
5.6456712204724404
0
LINE
8
BLACK
6
CONTINUOUS
10
-3.9548807086614173
20
5.6456712204724404
11
-3.954836220472441
21
5.6457172834645668
0
LINE
8
BLACK
6
CONTINUOUS
10
-3.954836220472441
20
5.6457172834645668
11
-3.9547582677165352
21
5.6458411417322836
0
LINE
8
BLACK
6
CONTINUOUS
10
-3.9547582677165352
20
5.6458411417322836
11
-3.9545025984251967
21
5.6460628740157475
0
LINE
8
BLACK
6
CONTINUOUS
10
-3.9545025984251967
20
5.6460628740157475
11
-3.9526387401574801
21
5.6479934251968507
0
LINE
8
BLACK
6
CONTINUOUS
10
-3.9526387401574801
20
5.6479934251968507
11
-3.952412401574803
21
5.6481791732283462
0
LINE
8
BLACK
6
CONTINUOUS
10
-3.952412401574803
20
5.6481791732283462
11
-3.952361220472441
21
5.6482381889763777
0
LINE
8
BLACK
6
CONTINUOUS
10
-3.952361220472441
20
5.6482381889763777
11
-3.9523055905511808
21
5.648266811023622
0
LINE
8
BLACK
6
CONTINUOUS
10
-3.9523055905511808
20
5.648266811023622
11
-3.9521912992125983
21
5.6483606299212594
0
LINE
8
BLACK
6
CONTINUOUS
10
-3.9521912992125983
20
5.6483606299212594
11
-3.9518444488188975
21
5.6485042913385826
0
LINE
8
BLACK
6
CONTINUOUS
10
-3.9518444488188975
20
5.6485042913385826
11
-3.948121811023622
21
5.6504212992125984
0
LINE
8
BLACK
6
CONTINUOUS
10
-3.948121811023622
20
5.6504212992125984
11
-3.9475812204724408
21
5.6506281889763779
0
LINE
8
BLACK
6
CONTINUOUS
10
-3.9475812204724408
20
5.6506281889763779
11
-3.9474753543307086
21
5.650635708661417
0
LINE
8
BLACK
6
CONTINUOUS
10
-3.9474753543307086
20
5.650635708661417
11
-3.9473773622047243
21
5.6506762992125985
0
LINE
8
BLACK
6
CONTINUOUS
10
-3.9473773622047243
20
5.6506762992125985
11
-3.9468628346456693
21
5.6506792125984253
0
LINE
8
BLACK
6
CONTINUOUS
10
-3.9468628346456693
20
5.6506792125984253
11
-3.9464320078740158
21
5.6507098425196851
0
LINE
8
BLACK
6
CONTINUOUS
10
-3.9464320078740158
20
5.6507098425196851
11
-3.9463489763779527
21
5.6506821259842521
0
LINE
8
BLACK
6
CONTINUOUS
10
-3.9463489763779527
20
5.6506821259842521
11
-3.9374274803149607
21
5.6507330314960624
0
LINE
8
BLACK
6
CONTINUOUS
10
-3.9374274803149607
20
5.6507330314960624
11
-3.9368514173228344
21
5.6506762992125985
0
LINE
8
BLACK
6
CONTINUOUS
10
-3.9293523228346454
20
5.7312912598425196
11
-3.9282879133858266
21
5.7308503543307081
0
LINE
8
BLACK
6
CONTINUOUS
10
-3.9282879133858266
20
5.7308503543307081
11
-3.9274732677165352
21
5.7300357086614175
0
LINE
8
BLACK
6
CONTINUOUS
10
-3.9274732677165352
20
5.7300357086614175
11
-3.9270323622047245
21
5.7289712992125983
0
LINE
8
BLACK
6
CONTINUOUS
10
-3.9270323622047245
20
5.7289712992125983
11
-3.9270323622047245
21
5.7278191732283465
0
LINE
8
BLACK
6
CONTINUOUS
10
-3.9270323622047245
20
5.7278191732283465
11
-3.9274732677165352
21
5.7267547637795273
0
LINE
8
BLACK
6
CONTINUOUS
10
-3.9274732677165352
20
5.7267547637795273
11
-3.9282879133858266
21
5.7259401181102358
0
LINE
8
BLACK
6
CONTINUOUS
10
-3.9282879133858266
20
5.7259401181102358
11
-3.9293523228346454
21
5.7254992125984252
0
LINE
8
BLACK
6
CONTINUOUS
10
-3.9293523228346454
20
5.7254992125984252
11
-3.9499414173228344
21
5.7254440944881893
0
LINE
8
BLACK
6
CONTINUOUS
10
-3.9499414173228344
20
5.7254440944881893
11
-3.9521475590551178
21
5.7243080314960633
0
LINE
8
BLACK
6
CONTINUOUS
10
-3.9521475590551178
20
5.7243080314960633
11
-3.9532668110236218
21
5.7220012992125984
0
LINE
8
BLACK
6
CONTINUOUS
10
-3.9532668110236218
20
5.7220012992125984
11
-3.9532280314960628
21
5.7177638188976374
0
LINE
8
BLACK
6
CONTINUOUS
10
-3.9532280314960628
20
5.7177638188976374
11
-3.9520879527559054
21
5.7155498818897632
0
LINE
8
BLACK
6
CONTINUOUS
10
-3.9520879527559054
20
5.7155498818897632
11
-3.9497633858267718
21
5.7144219685039372
0
LINE
8
BLACK
6
CONTINUOUS
10
-3.9497633858267718
20
5.7144219685039372
11
-3.9299283858267717
21
5.7144750787401577
0
LINE
8
BLACK
6
CONTINUOUS
10
-3.9299283858267717
20
5.7144750787401577
11
-3.9293523228346454
21
5.7144183464566929
0
LINE
8
BLACK
6
CONTINUOUS
10
-3.9293523228346454
20
5.7144183464566929
11
-3.9282879133858266
21
5.7139774409448814
0
LINE
8
BLACK
6
CONTINUOUS
10
-3.9282879133858266
20
5.7139774409448814
11
-3.9274732677165352
21
5.7131627952755908
0
LINE
8
BLACK
6
CONTINUOUS
10
-3.9274732677165352
20
5.7131627952755908
11
-3.9270323622047245
21
5.7120983858267715
0
LINE
8
BLACK
6
CONTINUOUS
10
-3.9270323622047245
20
5.7120983858267715
11
-3.9270323622047245
21
5.7109462598425198
0
LINE
8
BLACK
6
CONTINUOUS
10
-3.9270323622047245
20
5.7109462598425198
11
-3.9274732677165352
21
5.7098818503937006
0
LINE
8
BLACK
6
CONTINUOUS
10
-3.9274732677165352
20
5.7098818503937006
11
-3.9282879133858266
21
5.7090672047244091
0
LINE
8
BLACK
6
CONTINUOUS
10
-3.9282879133858266
20
5.7090672047244091
11
-3.9293523228346454
21
5.7086262992125985
0
LINE
8
BLACK
6
CONTINUOUS
10
-3.9293523228346454
20
5.7086262992125985
11
-3.9499414173228344
21
5.7085711811023625
0
LINE
8
BLACK
6
CONTINUOUS
10
-3.9499414173228344
20
5.7085711811023625
11
-3.9521475196850391
21
5.7074351181102365
0
LINE
8
BLACK
6
CONTINUOUS
10
-3.9521475196850391
20
5.7074351181102365
11
-3.9532668110236218
21
5.7051284251968504
0
LINE
8
BLACK
6
CONTINUOUS
10
-3.9532668110236218
20
5.7051284251968504
11
-3.9532280314960628
21
5.7008909448818894
0
LINE
8
BLACK
6
CONTINUOUS
10
-3.9532280314960628
20
5.7008909448818894
11
-3.9518320472440944
21
5.6981800393700786
0
LINE
8
BLACK
6
CONTINUOUS
10
-3.9518320472440944
20
5.6981800393700786
11
-3.9511869291338582
21
5.6975572047244096
0
LINE
8
BLACK
6
CONTINUOUS
10
-3.9511869291338582
20
5.6975572047244096
11
-3.9299283858267717
21
5.6976022047244097
0
LINE
8
BLACK
6
CONTINUOUS
10
-3.9299283858267717
20
5.6976022047244097
11
-3.9293523228346454
21
5.6975454724409449
0
LINE
8
BLACK
6
CONTINUOUS
10
-3.9293523228346454
20
5.6975454724409449
11
-3.9282879133858266
21
5.6971045669291334
0
LINE
8
BLACK
6
CONTINUOUS
10
-3.9282879133858266
20
5.6971045669291334
11
-3.9274732677165352
21
5.6962899212598428
0
LINE
8
BLACK
6
CONTINUOUS
10
-3.9274732677165352
20
5.6962899212598428
11
-3.9270323622047245
21
5.6952255118110235
0
LINE
8
BLACK
6
CONTINUOUS
10
-3.9270323622047245
20
5.6952255118110235
11
-3.9270323622047245
21
5.6940733858267718
0
LINE
8
BLACK
6
CONTINUOUS
10
-3.9270323622047245
20
5.6940733858267718
11
-3.9274732677165352
21
5.6930089763779526
0
LINE
8
BLACK
6
CONTINUOUS
10
-3.9274732677165352
20
5.6930089763779526
11
-3.9282879133858266
21
5.6921943307086611
0
LINE
8
BLACK
6
CONTINUOUS
10
-3.9282879133858266
20
5.6921943307086611
11
-3.9293523228346454
21
5.6917534251968505
0
LINE
8
BLACK
6
CONTINUOUS
10
-3.9293523228346454
20
5.6917534251968505
11
-3.9561751181102363
21
5.6916966929133856
0
LINE
8
BLACK
6
CONTINUOUS
10
-3.9561751181102363
20
5.6916966929133856
11
-3.9567511811023621
21
5.6917534251968505
0
LINE
8
BLACK
6
CONTINUOUS
10
-3.9567511811023621
20
5.6917534251968505
11
-3.9578155905511809
21
5.6921943307086611
0
LINE
8
BLACK
6
CONTINUOUS
10
-3.9578155905511809
20
5.6921943307086611
11
-3.9586302362204724
21
5.6930089763779526
0
LINE
8
BLACK
6
CONTINUOUS
10
-3.9586302362204724
20
5.6930089763779526
11
-3.9590711417322835
21
5.6940733858267718
0
LINE
8
BLACK
6
CONTINUOUS
10
-3.9590711417322835
20
5.6940733858267718
11
-3.9590711417322835
21
5.6952255118110235
0
LINE
8
BLACK
6
CONTINUOUS
10
-3.9590711417322835
20
5.6952255118110235
11
-3.9586302362204724
21
5.6962899212598428
0
LINE
8
BLACK
6
CONTINUOUS
10
-3.9586302362204724
20
5.6962899212598428
11
-3.9578476771653541
21
5.6970724803149606
0
LINE
8
BLACK
6
CONTINUOUS
10
-3.9578476771653541
20
5.6970724803149606
11
-3.9588161417322834
21
5.6989532283464568
0
LINE
8
BLACK
6
CONTINUOUS
10
-3.9588161417322834
20
5.6989532283464568
11
-3.9590230314960628
21
5.6994938582677168
0
LINE
8
BLACK
6
CONTINUOUS
10
-3.9590230314960628
20
5.6994938582677168
11
-3.9590305511811024
21
5.6995996456692914
0
LINE
8
BLACK
6
CONTINUOUS
10
-3.9590305511811024
20
5.6995996456692914
11
-3.9590711417322835
21
5.6996976771653545
0
LINE
8
BLACK
6
CONTINUOUS
10
-3.9590711417322835
20
5.6996976771653545
11
-3.9590761417322833
21
5.7002409055118113
0
LINE
8
BLACK
6
CONTINUOUS
10
-3.9590761417322833
20
5.7002409055118113
11
-3.9591046850393701
21
5.7006430708661417
0
LINE
8
BLACK
6
CONTINUOUS
10
-3.9591046850393701
20
5.7006430708661417
11
-3.9590804724409447
21
5.7007157480314961
0
LINE
8
BLACK
6
CONTINUOUS
10
-3.9590804724409447
20
5.7007157480314961
11
-3.9591278740157478
21
5.705898031496063
0
LINE
8
BLACK
6
CONTINUOUS
10
-3.9591278740157478
20
5.705898031496063
11
-3.9590711417322835
21
5.7064740944881889
0
LINE
8
BLACK
6
CONTINUOUS
10
-3.9590711417322835
20
5.7064740944881889
11
-3.9590305511811024
21
5.7065720866141731
0
LINE
8
BLACK
6
CONTINUOUS
10
-3.9590305511811024
20
5.7065720866141731
11
-3.9590230314960628
21
5.7066779133858265
0
LINE
8
BLACK
6
CONTINUOUS
10
-3.9590230314960628
20
5.7066779133858265
11
-3.9587748425196851
21
5.7071894488188972
0
LINE
8
BLACK
6
CONTINUOUS
10
-3.9587748425196851
20
5.7071894488188972
11
-3.9586302362204724
21
5.7075385039370081
0
LINE
8
BLACK
6
CONTINUOUS
10
-3.9586302362204724
20
5.7075385039370081
11
-3.9585821259842517
21
5.7075866141732279
0
LINE
8
BLACK
6
CONTINUOUS
10
-3.9585821259842517
20
5.7075866141732279
11
-3.9569413779527558
21
5.7109680708661417
0
LINE
8
BLACK
6
CONTINUOUS
10
-3.9569413779527558
20
5.7109680708661417
11
-3.9568807086614171
21
5.7110644488188971
0
LINE
8
BLACK
6
CONTINUOUS
10
-3.9568807086614171
20
5.7110644488188971
11
-3.9568655905511809
21
5.7111098425196847
0
LINE
8
BLACK
6
CONTINUOUS
10
-3.9568655905511809
20
5.7111098425196847
11
-3.9568165748031494
21
5.7111663779527557
0
LINE
8
BLACK
6
CONTINUOUS
10
-3.9568165748031494
20
5.7111663779527557
11
-3.9566330314960627
21
5.7114579527559055
0
LINE
8
BLACK
6
CONTINUOUS
10
-3.9566330314960627
20
5.7114579527559055
11
-3.9565588188976375
21
5.7115223228346457
0
LINE
8
BLACK
6
CONTINUOUS
10
-3.9565588188976375
20
5.7115223228346457
11
-3.9566330314960627
21
5.7115866929133858
0
LINE
8
BLACK
6
CONTINUOUS
10
-3.9566330314960627
20
5.7115866929133858
11
-3.9567344094488188
21
5.7117835039370082
0
LINE
8
BLACK
6
CONTINUOUS
10
-3.9567344094488188
20
5.7117835039370082
11
-3.9568655905511809
21
5.7119348031496058
0
LINE
8
BLACK
6
CONTINUOUS
10
-3.9568655905511809
20
5.7119348031496058
11
-3.9569634251968502
21
5.7122282677165357
0
LINE
8
BLACK
6
CONTINUOUS
10
-3.9569634251968502
20
5.7122282677165357
11
-3.9588161417322834
21
5.7158261023622048
0
LINE
8
BLACK
6
CONTINUOUS
10
-3.9588161417322834
20
5.7158261023622048
11
-3.9590230314960628
21
5.7163667322834648
0
LINE
8
BLACK
6
CONTINUOUS
10
-3.9590230314960628
20
5.7163667322834648
11
-3.9590305511811024
21
5.7164725196850394
0
LINE
8
BLACK
6
CONTINUOUS
10
-3.9590305511811024
20
5.7164725196850394
11
-3.9590711417322835
21
5.7165705511811025
0
LINE
8
BLACK
6
CONTINUOUS
10
-3.9590711417322835
20
5.7165705511811025
11
-3.9590761417322833
21
5.7171137795275593
0
LINE
8
BLACK
6
CONTINUOUS
10
-3.9590761417322833
20
5.7171137795275593
11
-3.9591046850393701
21
5.7175159448818897
0
LINE
8
BLACK
6
CONTINUOUS
10
-3.9591046850393701
20
5.7175159448818897
11
-3.9590804724409447
21
5.7175886220472441
0
LINE
8
BLACK
6
CONTINUOUS
10
-3.9590804724409447
20
5.7175886220472441
11
-3.9591278740157478
21
5.722770905511811
0
LINE
8
BLACK
6
CONTINUOUS
10
-3.9591278740157478
20
5.722770905511811
11
-3.9590711417322835
21
5.7233469685039369
0
LINE
8
BLACK
6
CONTINUOUS
10
-3.9590711417322835
20
5.7233469685039369
11
-3.9590305511811024
21
5.7234449606299211
0
LINE
8
BLACK
6
CONTINUOUS
10
-3.9590305511811024
20
5.7234449606299211
11
-3.9590230314960628
21
5.7235507874015745
0
LINE
8
BLACK
6
CONTINUOUS
10
-3.9590230314960628
20
5.7235507874015745
11
-3.9587748031496064
21
5.724062362204724
0
LINE
8
BLACK
6
CONTINUOUS
10
-3.9587748031496064
20
5.724062362204724
11
-3.9586302362204724
21
5.7244113779527561
0
LINE
8
BLACK
6
CONTINUOUS
10
-3.9586302362204724
20
5.7244113779527561
11
-3.9585821259842517
21
5.7244594881889759
0
LINE
8
BLACK
6
CONTINUOUS
10
-3.9585821259842517
20
5.7244594881889759
11
-3.9569413779527558
21
5.7278409842519684
0
LINE
8
BLACK
6
CONTINUOUS
10
-3.9569413779527558
20
5.7278409842519684
11
-3.9568807480314958
21
5.7279372834645672
0
LINE
8
BLACK
6
CONTINUOUS
10
-3.9568807480314958
20
5.7279372834645672
11
-3.9568655905511809
21
5.7279827559055114
0
LINE
8
BLACK
6
CONTINUOUS
10
-3.9568655905511809
20
5.7279827559055114
11
-3.9568165354330707
21
5.7280393307086612
0
LINE
8
BLACK
6
CONTINUOUS
10
-3.9568165354330707
20
5.7280393307086612
11
-3.9566330314960627
21
5.7283308267716535
0
LINE
8
BLACK
6
CONTINUOUS
10
-3.9566330314960627
20
5.7283308267716535
11
-3.9563534251968502
21
5.7285733070866138
0
LINE
8
BLACK
6
CONTINUOUS
10
-3.9563534251968502
20
5.7285733070866138
11
-3.9561107480314961
21
5.7288531496062989
0
LINE
8
BLACK
6
CONTINUOUS
10
-3.9561107480314961
20
5.7288531496062989
11
-3.9559139370078737
21
5.7289544881889762
0
LINE
8
BLACK
6
CONTINUOUS
10
-3.9559139370078737
20
5.7289544881889762
11
-3.9557626377952757
21
5.7290857086614171
0
LINE
8
BLACK
6
CONTINUOUS
10
-3.9557626377952757
20
5.7290857086614171
11
-3.9554691732283462
21
5.7291835039370076
0
LINE
8
BLACK
6
CONTINUOUS
10
-3.9554691732283462
20
5.7291835039370076
11
-3.9518713385826771
21
5.7310362598425195
0
LINE
8
BLACK
6
CONTINUOUS
10
-3.9518713385826771
20
5.7310362598425195
11
-3.9513307480314959
21
5.731243149606299
0
LINE
8
BLACK
6
CONTINUOUS
10
-3.9513307480314959
20
5.731243149606299
11
-3.9512248818897637
21
5.7312506692913381
0
LINE
8
BLACK
6
CONTINUOUS
10
-3.9512248818897637
20
5.7312506692913381
11
-3.9511268897637795
21
5.7312912598425196
0
LINE
8
BLACK
6
CONTINUOUS
10
-3.9511268897637795
20
5.7312912598425196
11
-3.9506351181102359
21
5.7312925590551176
0
LINE
8
BLACK
6
CONTINUOUS
10
-3.9506351181102359
20
5.7312925590551176
11
-3.9501815354330709
21
5.7313248031496062
0
LINE
8
BLACK
6
CONTINUOUS
10
-3.9501815354330709
20
5.7313248031496062
11
-3.950089251968504
21
5.7312940157480314
0
LINE
8
BLACK
6
CONTINUOUS
10
-3.950089251968504
20
5.7312940157480314
11
-3.9299283858267717
21
5.7313479921259844
0
LINE
8
BLACK
6
CONTINUOUS
10
-3.9299283858267717
20
5.7313479921259844
11
-3.9293523228346454
21
5.7312912598425196
0
LINE
8
BLACK
6
CONTINUOUS
10
-3.9293523228346454
20
5.7837846850393699
11
-3.9282879133858266
21
5.7833437795275593
0
LINE
8
BLACK
6
CONTINUOUS
10
-3.9282879133858266
20
5.7833437795275593
11
-3.9274732677165352
21
5.7825291338582678
0
LINE
8
BLACK
6
CONTINUOUS
10
-3.9274732677165352
20
5.7825291338582678
11
-3.9270323622047245
21
5.7814647244094486
0
LINE
8
BLACK
6
CONTINUOUS
10
-3.9270323622047245
20
5.7814647244094486
11
-3.9270323622047245
21
5.7803125984251968
0
LINE
8
BLACK
6
CONTINUOUS
10
-3.9270323622047245
20
5.7803125984251968
11
-3.9274732677165352
21
5.7792481889763776
0
LINE
8
BLACK
6
CONTINUOUS
10
-3.9274732677165352
20
5.7792481889763776
11
-3.9282879133858266
21
5.7784335433070861
0
LINE
8
BLACK
6
CONTINUOUS
10
-3.9282879133858266
20
5.7784335433070861
11
-3.9293523228346454
21
5.7779926377952755
0
LINE
8
BLACK
6
CONTINUOUS
10
-3.9293523228346454
20
5.7779926377952755
11
-3.9499414173228344
21
5.7779375196850395
0
LINE
8
BLACK
6
CONTINUOUS
10
-3.9499414173228344
20
5.7779375196850395
11
-3.9521475590551178
21
5.7768014566929136
0
LINE
8
BLACK
6
CONTINUOUS
10
-3.9521475590551178
20
5.7768014566929136
11
-3.9532668110236218
21
5.7744947244094487
0
LINE
8
BLACK
6
CONTINUOUS
10
-3.9532668110236218
20
5.7744947244094487
11
-3.9532280314960628
21
5.7702572440944877
0
LINE
8
BLACK
6
CONTINUOUS
10
-3.9532280314960628
20
5.7702572440944877
11
-3.9520879527559054
21
5.7680433070866144
0
LINE
8
BLACK
6
CONTINUOUS
10
-3.9520879527559054
20
5.7680433070866144
11
-3.9497633858267718
21
5.7669153937007875
0
LINE
8
BLACK
6
CONTINUOUS
10
-3.9497633858267718
20
5.7669153937007875
11
-3.9299283858267717
21
5.766968503937008
0
LINE
8
BLACK
6
CONTINUOUS
10
-3.9299283858267717
20
5.766968503937008
11
-3.9293523228346454
21
5.7669117716535432
0
LINE
8
BLACK
6
CONTINUOUS
10
-3.9293523228346454
20
5.7669117716535432
11
-3.9282879133858266
21
5.7664708661417325
0
LINE
8
BLACK
6
CONTINUOUS
10
-3.9282879133858266
20
5.7664708661417325
11
-3.9274732677165352
21
5.7656562204724411
0
LINE
8
BLACK
6
CONTINUOUS
10
-3.9274732677165352
20
5.7656562204724411
11
-3.9270323622047245
21
5.7645918110236218
0
LINE
8
BLACK
6
CONTINUOUS
10
-3.9270323622047245
20
5.7645918110236218
11
-3.9270323622047245
21
5.7634396850393701
0
LINE
8
BLACK
6
CONTINUOUS
10
-3.9270323622047245
20
5.7634396850393701
11
-3.9274732677165352
21
5.7623752755905508
0
LINE
8
BLACK
6
CONTINUOUS
10
-3.9274732677165352
20
5.7623752755905508
11
-3.9282879133858266
21
5.7615606299212594
0
LINE
8
BLACK
6
CONTINUOUS
10
-3.9282879133858266
20
5.7615606299212594
11
-3.9293523228346454
21
5.7611197244094488
0
LINE
8
BLACK
6
CONTINUOUS
10
-3.9293523228346454
20
5.7611197244094488
11
-3.9499414173228344
21
5.7610646062992128
0
LINE
8
BLACK
6
CONTINUOUS
10
-3.9499414173228344
20
5.7610646062992128
11
-3.9521475196850391
21
5.7599285433070868
0
LINE
8
BLACK
6
CONTINUOUS
10
-3.9521475196850391
20
5.7599285433070868
11
-3.9532668110236218
21
5.7576218503937007
0
LINE
8
BLACK
6
CONTINUOUS
10
-3.9532668110236218
20
5.7576218503937007
11
-3.9532280314960628
21
5.7533843700787397
0
LINE
8
BLACK
6
CONTINUOUS
10
-3.9532280314960628
20
5.7533843700787397
11
-3.9518320472440944
21
5.7506734645669288
0
LINE
8
BLACK
6
CONTINUOUS
10
-3.9518320472440944
20
5.7506734645669288
11
-3.9511869291338582
21
5.7500506299212599
0
LINE
8
BLACK
6
CONTINUOUS
10
-3.9511869291338582
20
5.7500506299212599
11
-3.9299283858267717
21
5.75009562992126
0
LINE
8
BLACK
6
CONTINUOUS
10
-3.9299283858267717
20
5.75009562992126
11
-3.9293523228346454
21
5.7500388976377952
0
LINE
8
BLACK
6
CONTINUOUS
10
-3.9293523228346454
20
5.7500388976377952
11
-3.9282879133858266
21
5.7495979921259845
0
LINE
8
BLACK
6
CONTINUOUS
10
-3.9282879133858266
20
5.7495979921259845
11
-3.9274732677165352
21
5.7487833464566931
0
LINE
8
BLACK
6
CONTINUOUS
10
-3.9274732677165352
20
5.7487833464566931
11
-3.9270323622047245
21
5.7477189370078738
0
LINE
8
BLACK
6
CONTINUOUS
10
-3.9270323622047245
20
5.7477189370078738
11
-3.9270323622047245
21
5.7465668110236221
0
LINE
8
BLACK
6
CONTINUOUS
10
-3.9270323622047245
20
5.7465668110236221
11
-3.9274732677165352
21
5.7455024015748029
0
LINE
8
BLACK
6
CONTINUOUS
10
-3.9274732677165352
20
5.7455024015748029
11
-3.9282879133858266
21
5.7446877559055114
0
LINE
8
BLACK
6
CONTINUOUS
10
-3.9282879133858266
20
5.7446877559055114
11
-3.9293523228346454
21
5.7442468503937008
0
LINE
8
BLACK
6
CONTINUOUS
10
-3.9293523228346454
20
5.7442468503937008
11
-3.9561751181102363
21
5.7441901181102359
0
LINE
8
BLACK
6
CONTINUOUS
10
-3.9561751181102363
20
5.7441901181102359
11
-3.9567511811023621
21
5.7442468503937008
0
LINE
8
BLACK
6
CONTINUOUS
10
-3.9567511811023621
20
5.7442468503937008
11
-3.9578155905511809
21
5.7446877559055114
0
LINE
8
BLACK
6
CONTINUOUS
10
-3.9578155905511809
20
5.7446877559055114
11
-3.9586302362204724
21
5.7455024015748029
0
LINE
8
BLACK
6
CONTINUOUS
10
-3.9586302362204724
20
5.7455024015748029
11
-3.9590711417322835
21
5.7465668110236221
0
LINE
8
BLACK
6
CONTINUOUS
10
-3.9590711417322835
20
5.7465668110236221
11
-3.9590711417322835
21
5.7477189370078738
0
LINE
8
BLACK
6
CONTINUOUS
10
-3.9590711417322835
20
5.7477189370078738
11
-3.9586302362204724
21
5.7487833464566931
0
LINE
8
BLACK
6
CONTINUOUS
10
-3.9586302362204724
20
5.7487833464566931
11
-3.9578476771653541
21
5.7495659055118109
0
LINE
8
BLACK
6
CONTINUOUS
10
-3.9578476771653541
20
5.7495659055118109
11
-3.9588161417322834
21
5.7514466535433071
0
LINE
8
BLACK
6
CONTINUOUS
10
-3.9588161417322834
20
5.7514466535433071
11
-3.9590230314960628
21
5.7519872834645671
0
LINE
8
BLACK
6
CONTINUOUS
10
-3.9590230314960628
20
5.7519872834645671
11
-3.9590305511811024
21
5.7520930708661417
0
LINE
8
BLACK
6
CONTINUOUS
10
-3.9590305511811024
20
5.7520930708661417
11
-3.9590711417322835
21
5.7521911023622048
0
LINE
8
BLACK
6
CONTINUOUS
10
-3.9590711417322835
20
5.7521911023622048
11
-3.9590761417322833
21
5.7527343307086616
0
LINE
8
BLACK
6
CONTINUOUS
10
-3.9590761417322833
20
5.7527343307086616
11
-3.9591046850393701
21
5.753136496062992
0
LINE
8
BLACK
6
CONTINUOUS
10
-3.9591046850393701
20
5.753136496062992
11
-3.9590804724409447
21
5.7532091732283464
0
LINE
8
BLACK
6
CONTINUOUS
10
-3.9590804724409447
20
5.7532091732283464
11
-3.9591278740157478
21
5.7583914566929133
0
LINE
8
BLACK
6
CONTINUOUS
10
-3.9591278740157478
20
5.7583914566929133
11
-3.9590711417322835
21
5.7589675196850392
0
LINE
8
BLACK
6
CONTINUOUS
10
-3.9590711417322835
20
5.7589675196850392
11
-3.9590305511811024
21
5.7590655118110234
0
LINE
8
BLACK
6
CONTINUOUS
10
-3.9590305511811024
20
5.7590655118110234
11
-3.9590230314960628
21
5.7591713385826768
0
LINE
8
BLACK
6
CONTINUOUS
10
-3.9590230314960628
20
5.7591713385826768
11
-3.9587748425196851
21
5.7596828740157475
0
LINE
8
BLACK
6
CONTINUOUS
10
-3.9587748425196851
20
5.7596828740157475
11
-3.9586302362204724
21
5.7600319291338584
0
LINE
8
BLACK
6
CONTINUOUS
10
-3.9586302362204724
20
5.7600319291338584
11
-3.9585821259842517
21
5.7600800393700782
0
LINE
8
BLACK
6
CONTINUOUS
10
-3.9585821259842517
20
5.7600800393700782
11
-3.9569413779527558
21
5.763461496062992
0
LINE
8
BLACK
6
CONTINUOUS
10
-3.9569413779527558
20
5.763461496062992
11
-3.9568807086614171
21
5.7635578740157483
0
LINE
8
BLACK
6
CONTINUOUS
10
-3.9568807086614171
20
5.7635578740157483
11
-3.9568655905511809
21
5.763603267716535
0
LINE
8
BLACK
6
CONTINUOUS
10
-3.9568655905511809
20
5.763603267716535
11
-3.9568165748031494
21
5.763659803149606
0
LINE
8
BLACK
6
CONTINUOUS
10
-3.9568165748031494
20
5.763659803149606
11
-3.9566330314960627
21
5.7639513779527558
0
LINE
8
BLACK
6
CONTINUOUS
10
-3.9566330314960627
20
5.7639513779527558
11
-3.9565588188976375
21
5.764015748031496
0
LINE
8
BLACK
6
CONTINUOUS
10
-3.9565588188976375
20
5.764015748031496
11
-3.9566330314960627
21
5.7640801181102361
0
LINE
8
BLACK
6
CONTINUOUS
10
-3.9566330314960627
20
5.7640801181102361
11
-3.9567344094488188
21
5.7642769291338585
0
LINE
8
BLACK
6
CONTINUOUS
10
-3.9567344094488188
20
5.7642769291338585
11
-3.9568655905511809
21
5.764428228346457
0
LINE
8
BLACK
6
CONTINUOUS
10
-3.9568655905511809
20
5.764428228346457
11
-3.9569634251968502
21
5.764721692913386
0
LINE
8
BLACK
6
CONTINUOUS
10
-3.9569634251968502
20
5.764721692913386
11
-3.9588161417322834
21
5.7683195275590551
0
LINE
8
BLACK
6
CONTINUOUS
10
-3.9588161417322834
20
5.7683195275590551
11
-3.9590230314960628
21
5.7688601574803151
0
LINE
8
BLACK
6
CONTINUOUS
10
-3.9590230314960628
20
5.7688601574803151
11
-3.9590305511811024
21
5.7689659448818897
0
LINE
8
BLACK
6
CONTINUOUS
10
-3.9590305511811024
20
5.7689659448818897
11
-3.9590711417322835
21
5.7690639763779528
0
LINE
8
BLACK
6
CONTINUOUS
10
-3.9590711417322835
20
5.7690639763779528
11
-3.9590761417322833
21
5.7696072047244096
0
LINE
8
BLACK
6
CONTINUOUS
10
-3.9590761417322833
20
5.7696072047244096
11
-3.9591046850393701
21
5.77000937007874
0
LINE
8
BLACK
6
CONTINUOUS
10
-3.9591046850393701
20
5.77000937007874
11
-3.9590804724409447
21
5.7700820472440943
0
LINE
8
BLACK
6
CONTINUOUS
10
-3.9590804724409447
20
5.7700820472440943
11
-3.9591278740157478
21
5.7752643307086613
0
LINE
8
BLACK
6
CONTINUOUS
10
-3.9591278740157478
20
5.7752643307086613
11
-3.9590711417322835
21
5.7758403937007872
0
LINE
8
BLACK
6
CONTINUOUS
10
-3.9590711417322835
20
5.7758403937007872
11
-3.9590305511811024
21
5.7759383858267714
0
LINE
8
BLACK
6
CONTINUOUS
10
-3.9590305511811024
20
5.7759383858267714
11
-3.9590230314960628
21
5.7760442125984248
0
LINE
8
BLACK
6
CONTINUOUS
10
-3.9590230314960628
20
5.7760442125984248
11
-3.9587748031496064
21
5.7765557874015743
0
LINE
8
BLACK
6
CONTINUOUS
10
-3.9587748031496064
20
5.7765557874015743
11
-3.9586302362204724
21
5.7769048031496064
0
LINE
8
BLACK
6
CONTINUOUS
10
-3.9586302362204724
20
5.7769048031496064
11
-3.9585821259842517
21
5.7769529133858271
0
LINE
8
BLACK
6
CONTINUOUS
10
-3.9585821259842517
20
5.7769529133858271
11
-3.9569413779527558
21
5.7803344094488187
0
LINE
8
BLACK
6
CONTINUOUS
10
-3.9569413779527558
20
5.7803344094488187
11
-3.9568807480314958
21
5.7804307086614175
0
LINE
8
BLACK
6
CONTINUOUS
10
-3.9568807480314958
20
5.7804307086614175
11
-3.9568655905511809
21
5.7804761811023617
0
LINE
8
BLACK
6
CONTINUOUS
10
-3.9568655905511809
20
5.7804761811023617
11
-3.9568165354330707
21
5.7805327559055115
0
LINE
8
BLACK
6
CONTINUOUS
10
-3.9568165354330707
20
5.7805327559055115
11
-3.9566330314960627
21
5.7808242519685038
0
LINE
8
BLACK
6
CONTINUOUS
10
-3.9566330314960627
20
5.7808242519685038
11
-3.9563534251968502
21
5.7810667322834641
0
LINE
8
BLACK
6
CONTINUOUS
10
-3.9563534251968502
20
5.7810667322834641
11
-3.9561107480314961
21
5.7813465748031492
0
LINE
8
BLACK
6
CONTINUOUS
10
-3.9561107480314961
20
5.7813465748031492
11
-3.9559139370078737
21
5.7814479133858265
0
LINE
8
BLACK
6
CONTINUOUS
10
-3.9559139370078737
20
5.7814479133858265
11
-3.9557626377952757
21
5.7815791338582674
0
LINE
8
BLACK
6
CONTINUOUS
10
-3.9557626377952757
20
5.7815791338582674
11
-3.9554691732283462
21
5.7816769291338579
0
LINE
8
BLACK
6
CONTINUOUS
10
-3.9554691732283462
20
5.7816769291338579
11
-3.9518713385826771
21
5.7835296850393698
0
LINE
8
BLACK
6
CONTINUOUS
10
-3.9518713385826771
20
5.7835296850393698
11
-3.9513307480314959
21
5.7837365748031493
0
LINE
8
BLACK
6
CONTINUOUS
10
-3.9513307480314959
20
5.7837365748031493
11
-3.9512248818897637
21
5.7837440944881893
0
LINE
8
BLACK
6
CONTINUOUS
10
-3.9512248818897637
20
5.7837440944881893
11
-3.9511268897637795
21
5.7837846850393699
0
LINE
8
BLACK
6
CONTINUOUS
10
-3.9511268897637795
20
5.7837846850393699
11
-3.9506351181102359
21
5.7837859842519688
0
LINE
8
BLACK
6
CONTINUOUS
10
-3.9506351181102359
20
5.7837859842519688
11
-3.9501815354330709
21
5.7838182283464565
0
LINE
8
BLACK
6
CONTINUOUS
10
-3.9501815354330709
20
5.7838182283464565
11
-3.950089251968504
21
5.7837874409448817
0
LINE
8
BLACK
6
CONTINUOUS
10
-3.950089251968504
20
5.7837874409448817
11
-3.9299283858267717
21
5.7838414173228347
0
LINE
8
BLACK
6
CONTINUOUS
10
-3.9299283858267717
20
5.7838414173228347
11
-3.9293523228346454
21
5.7837846850393699
0
LINE
8
BLACK
6
CONTINUOUS
10
-4.1061077559055121
20
6.0671920078740156
11
-4.1061417322834641
21
6.0870637795275586
0
LINE
8
BLACK
6
CONTINUOUS
10
-4.1061417322834641
20
6.0870637795275586
11
-4.1059918897637795
21
6.087817086614173
0
LINE
8
BLACK
6
CONTINUOUS
10
-4.1059918897637795
20
6.087817086614173
11
-4.1049265354330711
21
6.0888824409448814
0
LINE
8
BLACK
6
CONTINUOUS
10
-4.1049265354330711
20
6.0888824409448814
11
-4.1034199212598423
21
6.0888824409448814
0
LINE
8
BLACK
6
CONTINUOUS
10
-4.1034199212598423
20
6.0888824409448814
11
-4.1023545669291339
21
6.087817086614173
0
LINE
8
BLACK
6
CONTINUOUS
10
-4.1023545669291339
20
6.087817086614173
11
-4.1023144094488186
21
6.0643441732283465
0
LINE
8
BLACK
6
CONTINUOUS
10
-4.1023144094488186
20
6.0643441732283465
11
-4.1022122440944884
21
6.0641479527559055
0
LINE
8
BLACK
6
CONTINUOUS
10
-4.1022122440944884
20
6.0641479527559055
11
-4.1022663385826768
21
6.0639763779527556
0
LINE
8
BLACK
6
CONTINUOUS
10
-4.1022663385826768
20
6.0639763779527556
11
-4.1022122440944884
21
6.0638048031496066
0
LINE
8
BLACK
6
CONTINUOUS
10
-4.1022122440944884
20
6.0638048031496066
11
-4.1023131889763782
21
6.0636109448818898
0
LINE
8
BLACK
6
CONTINUOUS
10
-4.1023131889763782
20
6.0636109448818898
11
-4.1022047244094484
21
6.0002362204724404
0
LINE
8
BLACK
6
CONTINUOUS
10
-4.1022047244094484
20
6.0002362204724404
11
-4.1023545669291339
21
5.999482913385827
0
LINE
8
BLACK
6
CONTINUOUS
10
-4.1023545669291339
20
5.999482913385827
11
-4.1034199212598423
21
5.9984175590551176
0
LINE
8
BLACK
6
CONTINUOUS
10
-4.1034199212598423
20
5.9984175590551176
11
-4.1049265354330711
21
5.9984175590551176
0
LINE
8
BLACK
6
CONTINUOUS
10
-4.1049265354330711
20
5.9984175590551176
11
-4.1059918897637795
21
5.999482913385827
0
LINE
8
BLACK
6
CONTINUOUS
10
-4.1059918897637795
20
5.999482913385827
11
-4.1060970078740153
21
6.0609116535433065
0
LINE
8
BLACK
6
CONTINUOUS
10
-4.1060970078740153
20
6.0609116535433065
11
-4.147614842519685
21
6.039142834645669
0
LINE
8
BLACK
6
CONTINUOUS
10
-4.147614842519685
20
6.039142834645669
11
-4.148352204724409
21
6.0389279133858267
0
LINE
8
BLACK
6
CONTINUOUS
10
-4.148352204724409
20
6.0389279133858267
11
-4.149789094488189
21
6.0393809842519683
0
LINE
8
BLACK
6
CONTINUOUS
10
-4.149789094488189
20
6.0393809842519683
11
-4.150484803149606
21
6.0407173622047239
0
LINE
8
BLACK
6
CONTINUOUS
10
-4.150484803149606
20
6.0407173622047239
11
-4.1500317322834643
21
6.0421542519685039
0
LINE
8
BLACK
6
CONTINUOUS
10
-4.1500317322834643
20
6.0421542519685039
11
-4.1118870472440943
21
6.062154488188976
0
LINE
8
BLACK
6
CONTINUOUS
10
-4.1118870472440943
20
6.062154488188976
11
-4.4901048818897635
21
6.062010787401575
0
LINE
8
BLACK
6
CONTINUOUS
10
-4.4901048818897635
20
6.062010787401575
11
-4.4526145275590547
21
6.0426350393700785
0
LINE
8
BLACK
6
CONTINUOUS
10
-4.4526145275590547
20
6.0426350393700785
11
-4.4520155118110232
21
6.0421542913385826
0
LINE
8
BLACK
6
CONTINUOUS
10
-4.4520155118110232
20
6.0421542913385826
11
-4.4515624803149603
21
6.0407173622047239
0
LINE
8
BLACK
6
CONTINUOUS
10
-4.4515624803149603
20
6.0407173622047239
11
-4.4522581496062994
21
6.0393809842519683
0
LINE
8
BLACK
6
CONTINUOUS
10
-4.4522581496062994
20
6.0393809842519683
11
-4.4536950393700785
21
6.0389279133858267
0
LINE
8
BLACK
6
CONTINUOUS
10
-4.4536950393700785
20
6.0389279133858267
11
-4.4960091338582675
21
6.0607966929133861
0
LINE
8
BLACK
6
CONTINUOUS
10
-4.4960091338582675
20
6.0607966929133861
11
-4.4959055118110234
21
6.0002362204724404
0
LINE
8
BLACK
6
CONTINUOUS
10
-4.4959055118110234
20
6.0002362204724404
11
-4.4960553543307089
21
5.999482913385827
0
LINE
8
BLACK
6
CONTINUOUS
10
-4.4960553543307089
20
5.999482913385827
11
-4.4971207086614173
21
5.9984175590551176
0
LINE
8
BLACK
6
CONTINUOUS
10
-4.4971207086614173
20
5.9984175590551176
11
-4.4986273228346452
21
5.9984175590551176
0
LINE
8
BLACK
6
CONTINUOUS
10
-4.4986273228346452
20
5.9984175590551176
11
-4.4996926771653545
21
5.999482913385827
0
LINE
8
BLACK
6
CONTINUOUS
10
-4.4996926771653545
20
5.999482913385827
11
-4.4997977952755903
21
6.0609116535433065
0
LINE
8
BLACK
6
CONTINUOUS
10
-4.4997977952755903
20
6.0609116535433065
11
-4.54131562992126
21
6.039142834645669
0
LINE
8
BLACK
6
CONTINUOUS
10
-4.54131562992126
20
6.039142834645669
11
-4.542052992125984
21
6.0389279133858267
0
LINE
8
BLACK
6
CONTINUOUS
10
-4.542052992125984
20
6.0389279133858267
11
-4.543489881889764
21
6.0393809842519683
0
LINE
8
BLACK
6
CONTINUOUS
10
-4.543489881889764
20
6.0393809842519683
11
-4.544185590551181
21
6.0407173622047239
0
LINE
8
BLACK
6
CONTINUOUS
10
-4.544185590551181
20
6.0407173622047239
11
-4.5437325196850393
21
6.0421542519685039
0
LINE
8
BLACK
6
CONTINUOUS
10
-4.5437325196850393
20
6.0421542519685039
11
-4.5055878346456693
21
6.062154488188976
0
LINE
8
BLACK
6
CONTINUOUS
10
-4.5055878346456693
20
6.062154488188976
11
-4.8838056692913385
21
6.062010787401575
0
LINE
8
BLACK
6
CONTINUOUS
10
-4.8838056692913385
20
6.062010787401575
11
-4.8463153149606297
21
6.0426350393700785
0
LINE
8
BLACK
6
CONTINUOUS
10
-4.8463153149606297
20
6.0426350393700785
11
-4.8457162992125982
21
6.0421542913385826
0
LINE
8
BLACK
6
CONTINUOUS
10
-4.8457162992125982
20
6.0421542913385826
11
-4.8452632677165353
21
6.0407173622047239
0
LINE
8
BLACK
6
CONTINUOUS
10
-4.8452632677165353
20
6.0407173622047239
11
-4.8459589370078735
21
6.0393809842519683
0
LINE
8
BLACK
6
CONTINUOUS
10
-4.8459589370078735
20
6.0393809842519683
11
-4.8473958267716535
21
6.0389279133858267
0
LINE
8
BLACK
6
CONTINUOUS
10
-4.8473958267716535
20
6.0389279133858267
11
-4.8897099212598425
21
6.0607966929133861
0
LINE
8
BLACK
6
CONTINUOUS
10
-4.8897099212598425
20
6.0607966929133861
11
-4.8896062992125984
21
6.0002362204724404
0
LINE
8
BLACK
6
CONTINUOUS
10
-4.8896062992125984
20
6.0002362204724404
11
-4.889756141732283
21
5.999482913385827
0
LINE
8
BLACK
6
CONTINUOUS
10
-4.889756141732283
20
5.999482913385827
11
-4.8908214960629923
21
5.9984175590551176
0
LINE
8
BLACK
6
CONTINUOUS
10
-4.8908214960629923
20
5.9984175590551176
11
-4.8923281102362202
21
5.9984175590551176
0
LINE
8
BLACK
6
CONTINUOUS
10
-4.8923281102362202
20
5.9984175590551176
11
-4.8933934645669286
21
5.999482913385827
0
LINE
8
BLACK
6
CONTINUOUS
10
-4.8933934645669286
20
5.999482913385827
11
-4.8934985826771653
21
6.0609116535433065
0
LINE
8
BLACK
6
CONTINUOUS
10
-4.8934985826771653
20
6.0609116535433065
11
-4.9350164173228341
21
6.039142834645669
0
LINE
8
BLACK
6
CONTINUOUS
10
-4.9350164173228341
20
6.039142834645669
11
-4.935753779527559
21
6.0389279133858267
0
LINE
8
BLACK
6
CONTINUOUS
10
-4.935753779527559
20
6.0389279133858267
11
-4.9371906692913381
21
6.0393809842519683
0
LINE
8
BLACK
6
CONTINUOUS
10
-4.9371906692913381
20
6.0393809842519683
11
-4.937886377952756
21
6.0407173622047239
0
LINE
8
BLACK
6
CONTINUOUS
10
-4.937886377952756
20
6.0407173622047239
11
-4.9374333070866143
21
6.0421542519685039
0
LINE
8
BLACK
6
CONTINUOUS
10
-4.9374333070866143
20
6.0421542519685039
11
-4.899306929133858
21
6.0621448818897639
0
LINE
8
BLACK
6
CONTINUOUS
10
-4.899306929133858
20
6.0621448818897639
11
-4.9822478346456691
21
6.0620195669291341
0
LINE
8
BLACK
6
CONTINUOUS
10
-4.9822478346456691
20
6.0620195669291341
11
-4.9447405118110233
21
6.0426350393700785
0
LINE
8
BLACK
6
CONTINUOUS
10
-4.9447405118110233
20
6.0426350393700785
11
-4.9441414960629917
21
6.0421542913385826
0
LINE
8
BLACK
6
CONTINUOUS
10
-4.9441414960629917
20
6.0421542913385826
11
-4.9436884645669288
21
6.0407173622047239
0
LINE
8
BLACK
6
CONTINUOUS
10
-4.9436884645669288
20
6.0407173622047239
11
-4.9443841338582679
21
6.0393809842519683
0
LINE
8
BLACK
6
CONTINUOUS
10
-4.9443841338582679
20
6.0393809842519683
11
-4.945821023622047
21
6.0389279133858267
0
LINE
8
BLACK
6
CONTINUOUS
10
-4.945821023622047
20
6.0389279133858267
11
-4.988135118110236
21
6.0607966929133861
0
LINE
8
BLACK
6
CONTINUOUS
10
-4.988135118110236
20
6.0607966929133861
11
-4.9880314960629919
21
6.0002362204724404
0
LINE
8
BLACK
6
CONTINUOUS
10
-4.9880314960629919
20
6.0002362204724404
11
-4.9881813385826774
21
5.999482913385827
0
LINE
8
BLACK
6
CONTINUOUS
10
-4.9881813385826774
20
5.999482913385827
11
-4.9892466929133858
21
5.9984175590551176
0
LINE
8
BLACK
6
CONTINUOUS
10
-4.9892466929133858
20
5.9984175590551176
11
-4.9907533070866137
21
5.9984175590551176
0
LINE
8
BLACK
6
CONTINUOUS
10
-4.9907533070866137
20
5.9984175590551176
11
-4.991818661417323
21
5.999482913385827
0
LINE
8
BLACK
6
CONTINUOUS
10
-4.991818661417323
20
5.999482913385827
11
-4.9919285826771649
21
6.0637425196850394
0
LINE
8
BLACK
6
CONTINUOUS
10
-4.9919285826771649
20
6.0637425196850394
11
-4.9919610236220473
21
6.0638048031496066
0
LINE
8
BLACK
6
CONTINUOUS
10
-4.9919610236220473
20
6.0638048031496066
11
-4.9919288582677162
21
6.0639066929133856
0
LINE
8
BLACK
6
CONTINUOUS
10
-4.9919288582677162
20
6.0639066929133856
11
-4.9919290944881887
21
6.0640467716535431
0
LINE
8
BLACK
6
CONTINUOUS
10
-4.9919290944881887
20
6.0640467716535431
11
-4.9919610236220473
21
6.0641479527559055
0
LINE
8
BLACK
6
CONTINUOUS
10
-4.9919610236220473
20
6.0641479527559055
11
-4.9919293700787399
21
6.0642086614173225
0
LINE
8
BLACK
6
CONTINUOUS
10
-4.9919293700787399
20
6.0642086614173225
11
-4.9919685039370076
21
6.0870637795275586
0
LINE
8
BLACK
6
CONTINUOUS
10
-4.9919685039370076
20
6.0870637795275586
11
-4.991818661417323
21
6.087817086614173
0
LINE
8
BLACK
6
CONTINUOUS
10
-4.991818661417323
20
6.087817086614173
11
-4.9907533070866137
21
6.0888824409448814
0
LINE
8
BLACK
6
CONTINUOUS
10
-4.9907533070866137
20
6.0888824409448814
11
-4.9892466929133858
21
6.0888824409448814
0
LINE
8
BLACK
6
CONTINUOUS
10
-4.9892466929133858
20
6.0888824409448814
11
-4.9881813385826774
21
6.087817086614173
0
LINE
8
BLACK
6
CONTINUOUS
10
-4.9881813385826774
20
6.087817086614173
11
-4.9881457480314957
21
6.0670045669291337
0
LINE
8
BLACK
6
CONTINUOUS
10
-4.9881457480314957
20
6.0670045669291337
11
-4.9465584251968506
21
6.0888098818897634
0
LINE
8
BLACK
6
CONTINUOUS
10
-4.9465584251968506
20
6.0888098818897634
11
-4.945821023622047
21
6.0890248425196853
0
LINE
8
BLACK
6
CONTINUOUS
10
-4.945821023622047
20
6.0890248425196853
11
-4.9443841338582679
21
6.0885717716535428
0
LINE
8
BLACK
6
CONTINUOUS
10
-4.9443841338582679
20
6.0885717716535428
11
-4.9436884645669288
21
6.0872353937007873
0
LINE
8
BLACK
6
CONTINUOUS
10
-4.9436884645669288
20
6.0872353937007873
11
-4.9441414960629917
21
6.0857984645669294
0
LINE
8
BLACK
6
CONTINUOUS
10
-4.9441414960629917
20
6.0857984645669294
11
-4.982267874015748
21
6.0658078346456694
0
LINE
8
BLACK
6
CONTINUOUS
10
-4.982267874015748
20
6.0658078346456694
11
-4.8993270078740156
21
6.0659331496062991
0
LINE
8
BLACK
6
CONTINUOUS
10
-4.8993270078740156
20
6.0659331496062991
11
-4.9368342913385828
21
6.0853177165354326
0
LINE
8
BLACK
6
CONTINUOUS
10
-4.9368342913385828
20
6.0853177165354326
11
-4.9374333070866143
21
6.0857985039370082
0
LINE
8
BLACK
6
CONTINUOUS
10
-4.9374333070866143
20
6.0857985039370082
11
-4.937886377952756
21
6.0872353937007873
0
LINE
8
BLACK
6
CONTINUOUS
10
-4.937886377952756
20
6.0872353937007873
11
-4.9371906692913381
21
6.0885717716535428
0
LINE
8
BLACK
6
CONTINUOUS
10
-4.9371906692913381
20
6.0885717716535428
11
-4.935753779527559
21
6.0890248425196853
0
LINE
8
BLACK
6
CONTINUOUS
10
-4.935753779527559
20
6.0890248425196853
11
-4.8935093307086612
21
6.0671920078740156
0
LINE
8
BLACK
6
CONTINUOUS
10
-4.8935093307086612
20
6.0671920078740156
11
-4.8935433070866141
21
6.0870637795275586
0
LINE
8
BLACK
6
CONTINUOUS
10
-4.8935433070866141
20
6.0870637795275586
11
-4.8933934645669286
21
6.087817086614173
0
LINE
8
BLACK
6
CONTINUOUS
10
-4.8933934645669286
20
6.087817086614173
11
-4.8923281102362202
21
6.0888824409448814
0
LINE
8
BLACK
6
CONTINUOUS
10
-4.8923281102362202
20
6.0888824409448814
11
-4.8908214960629923
21
6.0888824409448814
0
LINE
8
BLACK
6
CONTINUOUS
10
-4.8908214960629923
20
6.0888824409448814
11
-4.889756141732283
21
6.087817086614173
0
LINE
8
BLACK
6
CONTINUOUS
10
-4.889756141732283
20
6.087817086614173
11
-4.8897205511811022
21
6.0670045669291337
0
LINE
8
BLACK
6
CONTINUOUS
10
-4.8897205511811022
20
6.0670045669291337
11
-4.8481332283464562
21
6.0888098818897634
0
LINE
8
BLACK
6
CONTINUOUS
10
-4.8481332283464562
20
6.0888098818897634
11
-4.8473958267716535
21
6.0890248425196853
0
LINE
8
BLACK
6
CONTINUOUS
10
-4.8473958267716535
20
6.0890248425196853
11
-4.8459589370078735
21
6.0885717716535428
0
LINE
8
BLACK
6
CONTINUOUS
10
-4.8459589370078735
20
6.0885717716535428
11
-4.8452632677165353
21
6.0872353937007873
0
LINE
8
BLACK
6
CONTINUOUS
10
-4.8452632677165353
20
6.0872353937007873
11
-4.8457162992125982
21
6.0857984645669294
0
LINE
8
BLACK
6
CONTINUOUS
10
-4.8457162992125982
20
6.0857984645669294
11
-4.8838609842519682
21
6.0657982283464564
0
LINE
8
BLACK
6
CONTINUOUS
10
-4.8838609842519682
20
6.0657982283464564
11
-4.5056431889763777
21
6.0659419291338583
0
LINE
8
BLACK
6
CONTINUOUS
10
-4.5056431889763777
20
6.0659419291338583
11
-4.5431335039370078
21
6.0853177165354326
0
LINE
8
BLACK
6
CONTINUOUS
10
-4.5431335039370078
20
6.0853177165354326
11
-4.5437325196850393
21
6.0857985039370082
0
LINE
8
BLACK
6
CONTINUOUS
10
-4.5437325196850393
20
6.0857985039370082
11
-4.544185590551181
21
6.0872353937007873
0
LINE
8
BLACK
6
CONTINUOUS
10
-4.544185590551181
20
6.0872353937007873
11
-4.543489881889764
21
6.0885717716535428
0
LINE
8
BLACK
6
CONTINUOUS
10
-4.543489881889764
20
6.0885717716535428
11
-4.542052992125984
21
6.0890248425196853
0
LINE
8
BLACK
6
CONTINUOUS
10
-4.542052992125984
20
6.0890248425196853
11
-4.4998085433070862
21
6.0671920078740156
0
LINE
8
BLACK
6
CONTINUOUS
10
-4.4998085433070862
20
6.0671920078740156
11
-4.4998425196850391
21
6.0870637795275586
0
LINE
8
BLACK
6
CONTINUOUS
10
-4.4998425196850391
20
6.0870637795275586
11
-4.4996926771653545
21
6.087817086614173
0
LINE
8
BLACK
6
CONTINUOUS
10
-4.4996926771653545
20
6.087817086614173
11
-4.4986273228346452
21
6.0888824409448814
0
LINE
8
BLACK
6
CONTINUOUS
10
-4.4986273228346452
20
6.0888824409448814
11
-4.4971207086614173
21
6.0888824409448814
0
LINE
8
BLACK
6
CONTINUOUS
10
-4.4971207086614173
20
6.0888824409448814
11
-4.4960553543307089
21
6.087817086614173
0
LINE
8
BLACK
6
CONTINUOUS
10
-4.4960553543307089
20
6.087817086614173
11
-4.4960197637795272
21
6.0670045669291337
0
LINE
8
BLACK
6
CONTINUOUS
10
-4.4960197637795272
20
6.0670045669291337
11
-4.4544324409448821
21
6.0888098818897634
0
LINE
8
BLACK
6
CONTINUOUS
10
-4.4544324409448821
20
6.0888098818897634
11
-4.4536950393700785
21
6.0890248425196853
0
LINE
8
BLACK
6
CONTINUOUS
10
-4.4536950393700785
20
6.0890248425196853
11
-4.4522581496062994
21
6.0885717716535428
0
LINE
8
BLACK
6
CONTINUOUS
10
-4.4522581496062994
20
6.0885717716535428
11
-4.4515624803149603
21
6.0872353937007873
0
LINE
8
BLACK
6
CONTINUOUS
10
-4.4515624803149603
20
6.0872353937007873
11
-4.4520155118110232
21
6.0857984645669294
0
LINE
8
BLACK
6
CONTINUOUS
10
-4.4520155118110232
20
6.0857984645669294
11
-4.4901601968503932
21
6.0657982283464564
0
LINE
8
BLACK
6
CONTINUOUS
10
-4.4901601968503932
20
6.0657982283464564
11
-4.1119424015748027
21
6.0659419291338583
0
LINE
8
BLACK
6
CONTINUOUS
10
-4.1119424015748027
20
6.0659419291338583
11
-4.1494327165354328
21
6.0853177165354326
0
LINE
8
BLACK
6
CONTINUOUS
10
-4.1494327165354328
20
6.0853177165354326
11
-4.1500317322834643
21
6.0857985039370082
0
LINE
8
BLACK
6
CONTINUOUS
10
-4.1500317322834643
20
6.0857985039370082
11
-4.150484803149606
21
6.0872353937007873
0
LINE
8
BLACK
6
CONTINUOUS
10
-4.150484803149606
20
6.0872353937007873
11
-4.149789094488189
21
6.0885717716535428
0
LINE
8
BLACK
6
CONTINUOUS
10
-4.149789094488189
20
6.0885717716535428
11
-4.148352204724409
21
6.0890248425196853
0
LINE
8
BLACK
6
CONTINUOUS
10
-4.148352204724409
20
6.0890248425196853
11
-4.1061077559055121
21
6.0671920078740156
0
LINE
8
BLACK
6
CONTINUOUS
10
-5.0320748031496061
20
6.133611771653543
11
-5.0319767716535431
21
6.1335711417322836
0
LINE
8
BLACK
6
CONTINUOUS
10
-5.0319767716535431
20
6.1335711417322836
11
-5.0318709842519684
21
6.1335636614173223
0
LINE
8
BLACK
6
CONTINUOUS
10
-5.0318709842519684
20
6.1335636614173223
11
-5.031359409448819
21
6.1333154330708659
0
LINE
8
BLACK
6
CONTINUOUS
10
-5.031359409448819
20
6.1333154330708659
11
-5.0310103937007877
21
6.1331708661417323
0
LINE
8
BLACK
6
CONTINUOUS
10
-5.0310103937007877
20
6.1331708661417323
11
-5.0309622440944883
21
6.133122716535433
0
LINE
8
BLACK
6
CONTINUOUS
10
-5.0309622440944883
20
6.133122716535433
11
-5.0275808267716533
21
6.1314820078740153
0
LINE
8
BLACK
6
CONTINUOUS
10
-5.0275808267716533
20
6.1314820078740153
11
-5.0273327952755906
21
6.1313259055118108
0
LINE
8
BLACK
6
CONTINUOUS
10
-5.0273327952755906
20
6.1313259055118108
11
-5.0272608661417317
21
6.1312961023622048
0
LINE
8
BLACK
6
CONTINUOUS
10
-5.0272608661417317
20
6.1312961023622048
11
-5.0272147637795275
21
6.1312515748031498
0
LINE
8
BLACK
6
CONTINUOUS
10
-5.0272147637795275
20
6.1312515748031498
11
-5.0270909448818895
21
6.1311736614173231
0
LINE
8
BLACK
6
CONTINUOUS
10
-5.0270909448818895
20
6.1311736614173231
11
-5.0268691732283459
21
6.1309179527559055
0
LINE
8
BLACK
6
CONTINUOUS
10
-5.0268691732283459
20
6.1309179527559055
11
-5.0249386614173224
21
6.1290541338582676
0
LINE
8
BLACK
6
CONTINUOUS
10
-5.0249386614173224
20
6.1290541338582676
11
-5.0247528740157481
21
6.1288277559055118
0
LINE
8
BLACK
6
CONTINUOUS
10
-5.0247528740157481
20
6.1288277559055118
11
-5.0246938976377953
21
6.1287766141732281
0
LINE
8
BLACK
6
CONTINUOUS
10
-5.0246938976377953
20
6.1287766141732281
11
-5.0246652362204722
21
6.1287209448818896
0
LINE
8
BLACK
6
CONTINUOUS
10
-5.0246652362204722
20
6.1287209448818896
11
-5.0245714566929136
21
6.1286066929133858
0
LINE
8
BLACK
6
CONTINUOUS
10
-5.0245714566929136
20
6.1286066929133858
11
-5.0244277559055117
21
6.1282598031496063
0
LINE
8
BLACK
6
CONTINUOUS
10
-5.0244277559055117
20
6.1282598031496063
11
-5.0225107874015746
21
6.1245372047244091
0
LINE
8
BLACK
6
CONTINUOUS
10
-5.0225107874015746
20
6.1245372047244091
11
-5.0223038976377952
21
6.1239966141732278
0
LINE
8
BLACK
6
CONTINUOUS
10
-5.0223038976377952
20
6.1239966141732278
11
-5.0222963385826773
21
6.1238907086614169
0
LINE
8
BLACK
6
CONTINUOUS
10
-5.0222963385826773
20
6.1238907086614169
11
-5.0222557874015745
21
6.1237927559055114
0
LINE
8
BLACK
6
CONTINUOUS
10
-5.0222557874015745
20
6.1237927559055114
11
-5.0222481496062992
21
6.1232123622047245
0
LINE
8
BLACK
6
CONTINUOUS
10
-5.0222481496062992
20
6.1232123622047245
11
-5.0222222440944879
21
6.1228474015748029
0
LINE
8
BLACK
6
CONTINUOUS
10
-5.0222222440944879
20
6.1228474015748029
11
-5.0222425590551181
21
6.1227863385826771
0
LINE
8
BLACK
6
CONTINUOUS
10
-5.0222425590551181
20
6.1227863385826771
11
-5.0221990551181097
21
6.1194671653543304
0
LINE
8
BLACK
6
CONTINUOUS
10
-5.0221990551181097
20
6.1194671653543304
11
-5.0222277559055115
21
6.1191755511811019
0
LINE
8
BLACK
6
CONTINUOUS
10
-5.0222277559055115
20
6.1191755511811019
11
-5.0222222440944879
21
6.119097834645669
0
LINE
8
BLACK
6
CONTINUOUS
10
-5.0222222440944879
20
6.119097834645669
11
-5.0222411811023617
21
6.1190392519685037
0
LINE
8
BLACK
6
CONTINUOUS
10
-5.0222411811023617
20
6.1190392519685037
11
-5.0222557874015745
21
6.1188911023622046
0
LINE
8
BLACK
6
CONTINUOUS
10
-5.0222557874015745
20
6.1188911023622046
11
-5.0224084251968506
21
6.1185225590551182
0
LINE
8
BLACK
6
CONTINUOUS
10
-5.0224084251968506
20
6.1185225590551182
11
-5.0242253543307083
21
6.1129091338582677
0
LINE
8
BLACK
6
CONTINUOUS
10
-5.0242253543307083
20
6.1129091338582677
11
-5.0244613385826771
21
6.1123805511811025
0
LINE
8
BLACK
6
CONTINUOUS
10
-5.0244613385826771
20
6.1123805511811025
11
-5.0245307874015745
21
6.1123004330708657
0
LINE
8
BLACK
6
CONTINUOUS
10
-5.0245307874015745
20
6.1123004330708657
11
-5.0245714173228349
21
6.1122024015748027
0
LINE
8
BLACK
6
CONTINUOUS
10
-5.0245714173228349
20
6.1122024015748027
11
-5.0249141732283462
21
6.1118583858267712
0
LINE
8
BLACK
6
CONTINUOUS
10
-5.0249141732283462
20
6.1118583858267712
11
-5.0252162204724407
21
6.1115101968503938
0
LINE
8
BLACK
6
CONTINUOUS
10
-5.0252162204724407
20
6.1115101968503938
11
-5.0253058267716533
21
6.1114653543307087
0
LINE
8
BLACK
6
CONTINUOUS
10
-5.0253058267716533
20
6.1114653543307087
11
-5.0424519685039373
21
6.0942590551181102
0
LINE
8
BLACK
6
CONTINUOUS
10
-5.0424519685039373
20
6.0942590551181102
11
-5.0251518110236217
21
6.0942984251968504
0
LINE
8
BLACK
6
CONTINUOUS
10
-5.0251518110236217
20
6.0942984251968504
11
-5.0245757480314959
21
6.0942416929133856
0
LINE
8
BLACK
6
CONTINUOUS
10
-5.0245757480314959
20
6.0942416929133856
11
-5.0235113385826766
21
6.0938007874015749
0
LINE
8
BLACK
6
CONTINUOUS
10
-5.0235113385826766
20
6.0938007874015749
11
-5.0226966929133861
21
6.0929861417322835
0
LINE
8
BLACK
6
CONTINUOUS
10
-5.0226966929133861
20
6.0929861417322835
11
-5.0222557874015745
21
6.0919217322834642
0
LINE
8
BLACK
6
CONTINUOUS
10
-5.0222557874015745
20
6.0919217322834642
11
-5.0222557874015745
21
6.0907696062992125
0
LINE
8
BLACK
6
CONTINUOUS
10
-5.0222557874015745
20
6.0907696062992125
11
-5.0226966929133861
21
6.0897051968503932
0
LINE
8
BLACK
6
CONTINUOUS
10
-5.0226966929133861
20
6.0897051968503932
11
-5.0235113385826766
21
6.0888905511811018
0
LINE
8
BLACK
6
CONTINUOUS
10
-5.0235113385826766
20
6.0888905511811018
11
-5.0245757480314959
21
6.0884496456692911
0
LINE
8
BLACK
6
CONTINUOUS
10
-5.0245757480314959
20
6.0884496456692911
11
-5.04952374015748
21
6.0883929133858263
0
LINE
8
BLACK
6
CONTINUOUS
10
-5.04952374015748
20
6.0883929133858263
11
-5.0500998031496058
21
6.0884496456692911
0
LINE
8
BLACK
6
CONTINUOUS
10
-5.0500998031496058
20
6.0884496456692911
11
-5.0511642125984251
21
6.0888905511811018
0
LINE
8
BLACK
6
CONTINUOUS
10
-5.0511642125984251
20
6.0888905511811018
11
-5.0519788582677165
21
6.0897051968503932
0
LINE
8
BLACK
6
CONTINUOUS
10
-5.0519788582677165
20
6.0897051968503932
11
-5.0524197637795272
21
6.0907696062992125
0
LINE
8
BLACK
6
CONTINUOUS
10
-5.0524197637795272
20
6.0907696062992125
11
-5.0524197637795272
21
6.0919217322834642
0
LINE
8
BLACK
6
CONTINUOUS
10
-5.0524197637795272
20
6.0919217322834642
11
-5.0519788582677165
21
6.0929861417322835
0
LINE
8
BLACK
6
CONTINUOUS
10
-5.0519788582677165
20
6.0929861417322835
11
-5.0295371259842518
21
6.1155066141732286
0
LINE
8
BLACK
6
CONTINUOUS
10
-5.0295371259842518
20
6.1155066141732286
11
-5.0280631496062993
21
6.1200605905511809
0
LINE
8
BLACK
6
CONTINUOUS
10
-5.0280631496062993
20
6.1200605905511809
11
-5.0280963779527559
21
6.1225945669291333
0
LINE
8
BLACK
6
CONTINUOUS
10
-5.0280963779527559
20
6.1225945669291333
11
-5.0294948818897636
21
6.1253103543307086
0
LINE
8
BLACK
6
CONTINUOUS
10
-5.0294948818897636
20
6.1253103543307086
11
-5.0307282283464563
21
6.1265010629921255
0
LINE
8
BLACK
6
CONTINUOUS
10
-5.0307282283464563
20
6.1265010629921255
11
-5.0334298818897638
21
6.1278119685039369
0
LINE
8
BLACK
6
CONTINUOUS
10
-5.0334298818897638
20
6.1278119685039369
11
-5.0414116141732279
21
6.1277664566929131
0
LINE
8
BLACK
6
CONTINUOUS
10
-5.0414116141732279
20
6.1277664566929131
11
-5.0441183464566928
21
6.1263726377952752
0
LINE
8
BLACK
6
CONTINUOUS
10
-5.0441183464566928
20
6.1263726377952752
11
-5.0455610629921255
21
6.1248783070866137
0
LINE
8
BLACK
6
CONTINUOUS
10
-5.0455610629921255
20
6.1248783070866137
11
-5.0460085039370082
21
6.124511102362205
0
LINE
8
BLACK
6
CONTINUOUS
10
-5.0460085039370082
20
6.124511102362205
11
-5.0470729527559053
21
6.1240701968503934
0
LINE
8
BLACK
6
CONTINUOUS
10
-5.0470729527559053
20
6.1240701968503934
11
-5.0482249999999995
21
6.1240701968503934
0
LINE
8
BLACK
6
CONTINUOUS
10
-5.0482249999999995
20
6.1240701968503934
11
-5.0492894488188975
21
6.124511102362205
0
LINE
8
BLACK
6
CONTINUOUS
10
-5.0492894488188975
20
6.124511102362205
11
-5.050104094488189
21
6.1253257480314955
0
LINE
8
BLACK
6
CONTINUOUS
10
-5.050104094488189
20
6.1253257480314955
11
-5.0505449999999996
21
6.1263901968503935
0
LINE
8
BLACK
6
CONTINUOUS
10
-5.0505449999999996
20
6.1263901968503935
11
-5.0505449999999996
21
6.1275422440944878
0
LINE
8
BLACK
6
CONTINUOUS
10
-5.0505449999999996
20
6.1275422440944878
11
-5.050104094488189
21
6.1286066929133858
0
LINE
8
BLACK
6
CONTINUOUS
10
-5.050104094488189
20
6.1286066929133858
11
-5.0478621259842518
21
6.1309288976377951
0
LINE
8
BLACK
6
CONTINUOUS
10
-5.0478621259842518
20
6.1309288976377951
11
-5.047635748031496
21
6.1311146456692915
0
LINE
8
BLACK
6
CONTINUOUS
10
-5.047635748031496
20
6.1311146456692915
11
-5.0475846062992122
21
6.1311736614173231
0
LINE
8
BLACK
6
CONTINUOUS
10
-5.0475846062992122
20
6.1311736614173231
11
-5.0475289370078738
21
6.1312022834645665
0
LINE
8
BLACK
6
CONTINUOUS
10
-5.0475289370078738
20
6.1312022834645665
11
-5.04741468503937
21
6.1312961023622048
0
LINE
8
BLACK
6
CONTINUOUS
10
-5.04741468503937
20
6.1312961023622048
11
-5.0470677952755905
21
6.131439763779527
0
LINE
8
BLACK
6
CONTINUOUS
10
-5.0470677952755905
20
6.131439763779527
11
-5.0433451968503933
21
6.1333567716535429
0
LINE
8
BLACK
6
CONTINUOUS
10
-5.0433451968503933
20
6.1333567716535429
11
-5.0428046062992129
21
6.1335636614173223
0
LINE
8
BLACK
6
CONTINUOUS
10
-5.0428046062992129
20
6.1335636614173223
11
-5.0426987007874011
21
6.1335711811023623
0
LINE
8
BLACK
6
CONTINUOUS
10
-5.0426987007874011
20
6.1335711811023623
11
-5.0426007480314956
21
6.133611771653543
0
LINE
8
BLACK
6
CONTINUOUS
10
-5.0426007480314956
20
6.133611771653543
11
-5.0420861811023618
21
6.1336146850393698
0
LINE
8
BLACK
6
CONTINUOUS
10
-5.0420861811023618
20
6.1336146850393698
11
-5.0416553937007871
21
6.1336453149606296
0
LINE
8
BLACK
6
CONTINUOUS
10
-5.0416553937007871
20
6.1336453149606296
11
-5.0415723228346456
21
6.1336175984251966
0
LINE
8
BLACK
6
CONTINUOUS
10
-5.0415723228346456
20
6.1336175984251966
11
-5.032650866141732
21
6.1336685039370078
0
LINE
8
BLACK
6
CONTINUOUS
10
-5.032650866141732
20
6.1336685039370078
11
-5.0320748031496061
21
6.133611771653543
0
LINE
8
BLACK
6
CONTINUOUS
10
-4.9702075984251968
20
6.133611771653543
11
-4.9691431889763775
21
6.1331708661417323
0
LINE
8
BLACK
6
CONTINUOUS
10
-4.9691431889763775
20
6.1331708661417323
11
-4.9683285433070861
21
6.1323562204724409
0
LINE
8
BLACK
6
CONTINUOUS
10
-4.9683285433070861
20
6.1323562204724409
11
-4.9678876377952754
21
6.1312918110236216
0
LINE
8
BLACK
6
CONTINUOUS
10
-4.9678876377952754
20
6.1312918110236216
11
-4.9678876377952754
21
6.1301396850393699
0
LINE
8
BLACK
6
CONTINUOUS
10
-4.9678876377952754
20
6.1301396850393699
11
-4.9683285433070861
21
6.1290752755905507
0
LINE
8
BLACK
6
CONTINUOUS
10
-4.9683285433070861
20
6.1290752755905507
11
-4.9691431889763775
21
6.1282606299212601
0
LINE
8
BLACK
6
CONTINUOUS
10
-4.9691431889763775
20
6.1282606299212601
11
-4.9702075984251968
21
6.1278197244094486
0
LINE
8
BLACK
6
CONTINUOUS
10
-4.9702075984251968
20
6.1278197244094486
11
-4.9869058267716531
21
6.1277706692913387
0
LINE
8
BLACK
6
CONTINUOUS
10
-4.9869058267716531
20
6.1277706692913387
11
-4.9878569291338586
21
6.1179700393700784
0
LINE
8
BLACK
6
CONTINUOUS
10
-4.9878569291338586
20
6.1179700393700784
11
-4.9871022834645666
21
6.1183586614173224
0
LINE
8
BLACK
6
CONTINUOUS
10
-4.9871022834645666
20
6.1183586614173224
11
-4.9865616929133854
21
6.1185655511811019
0
LINE
8
BLACK
6
CONTINUOUS
10
-4.9865616929133854
20
6.1185655511811019
11
-4.9864558267716532
21
6.1185730708661419
0
LINE
8
BLACK
6
CONTINUOUS
10
-4.9864558267716532
20
6.1185730708661419
11
-4.986357834645669
21
6.1186136614173225
0
LINE
8
BLACK
6
CONTINUOUS
10
-4.986357834645669
20
6.1186136614173225
11
-4.9858433070866139
21
6.1186165748031494
0
LINE
8
BLACK
6
CONTINUOUS
10
-4.9858433070866139
20
6.1186165748031494
11
-4.9854124803149604
21
6.1186472047244091
0
LINE
8
BLACK
6
CONTINUOUS
10
-4.9854124803149604
20
6.1186472047244091
11
-4.9853294488188977
21
6.1186194881889762
0
LINE
8
BLACK
6
CONTINUOUS
10
-4.9853294488188977
20
6.1186194881889762
11
-4.9764079527559053
21
6.1186703937007874
0
LINE
8
BLACK
6
CONTINUOUS
10
-4.9764079527559053
20
6.1186703937007874
11
-4.9758318897637794
21
6.1186136614173225
0
LINE
8
BLACK
6
CONTINUOUS
10
-4.9758318897637794
20
6.1186136614173225
11
-4.9757338976377952
21
6.1185730314960631
0
LINE
8
BLACK
6
CONTINUOUS
10
-4.9757338976377952
20
6.1185730314960631
11
-4.9756280708661418
21
6.1185655511811019
0
LINE
8
BLACK
6
CONTINUOUS
10
-4.9756280708661418
20
6.1185655511811019
11
-4.9751165354330711
21
6.1183173228346455
0
LINE
8
BLACK
6
CONTINUOUS
10
-4.9751165354330711
20
6.1183173228346455
11
-4.9747674803149602
21
6.1181727559055119
0
LINE
8
BLACK
6
CONTINUOUS
10
-4.9747674803149602
20
6.1181727559055119
11
-4.9747193700787404
21
6.1181246062992125
0
LINE
8
BLACK
6
CONTINUOUS
10
-4.9747193700787404
20
6.1181246062992125
11
-4.9713379133858266
21
6.1164838976377949
0
LINE
8
BLACK
6
CONTINUOUS
10
-4.9713379133858266
20
6.1164838976377949
11
-4.9710899212598427
21
6.1163277952755903
0
LINE
8
BLACK
6
CONTINUOUS
10
-4.9710899212598427
20
6.1163277952755903
11
-4.9710179527559051
21
6.1162979921259844
0
LINE
8
BLACK
6
CONTINUOUS
10
-4.9710179527559051
20
6.1162979921259844
11
-4.9709718897637796
21
6.1162534645669293
0
LINE
8
BLACK
6
CONTINUOUS
10
-4.9709718897637796
20
6.1162534645669293
11
-4.9708480314960628
21
6.1161755511811018
0
LINE
8
BLACK
6
CONTINUOUS
10
-4.9708480314960628
20
6.1161755511811018
11
-4.970626299212598
21
6.115919842519685
0
LINE
8
BLACK
6
CONTINUOUS
10
-4.970626299212598
20
6.115919842519685
11
-4.9686957480314957
21
6.1140560236220471
0
LINE
8
BLACK
6
CONTINUOUS
10
-4.9686957480314957
20
6.1140560236220471
11
-4.9685100000000002
21
6.1138296456692913
0
LINE
8
BLACK
6
CONTINUOUS
10
-4.9685100000000002
20
6.1138296456692913
11
-4.9684509842519686
21
6.1137785039370076
0
LINE
8
BLACK
6
CONTINUOUS
10
-4.9684509842519686
20
6.1137785039370076
11
-4.9684223622047243
21
6.1137228346456691
0
LINE
8
BLACK
6
CONTINUOUS
10
-4.9684223622047243
20
6.1137228346456691
11
-4.9683285433070861
21
6.1136085826771653
0
LINE
8
BLACK
6
CONTINUOUS
10
-4.9683285433070861
20
6.1136085826771653
11
-4.9681848818897638
21
6.1132616929133858
0
LINE
8
BLACK
6
CONTINUOUS
10
-4.9681848818897638
20
6.1132616929133858
11
-4.966267874015748
21
6.1095390944881887
0
LINE
8
BLACK
6
CONTINUOUS
10
-4.966267874015748
20
6.1095390944881887
11
-4.9660609842519685
21
6.1089985039370074
0
LINE
8
BLACK
6
CONTINUOUS
10
-4.9660609842519685
20
6.1089985039370074
11
-4.9660534645669294
21
6.1088925984251965
0
LINE
8
BLACK
6
CONTINUOUS
10
-4.9660534645669294
20
6.1088925984251965
11
-4.9660128740157479
21
6.108794645669291
0
LINE
8
BLACK
6
CONTINUOUS
10
-4.9660128740157479
20
6.108794645669291
11
-4.9660099606299211
21
6.1082800787401572
0
LINE
8
BLACK
6
CONTINUOUS
10
-4.9660099606299211
20
6.1082800787401572
11
-4.9659793307086613
21
6.1078492913385825
0
LINE
8
BLACK
6
CONTINUOUS
10
-4.9659793307086613
20
6.1078492913385825
11
-4.9660070472440943
21
6.107766220472441
0
LINE
8
BLACK
6
CONTINUOUS
10
-4.9660070472440943
20
6.107766220472441
11
-4.9659561417322831
21
6.0988447637795273
0
LINE
8
BLACK
6
CONTINUOUS
10
-4.9659561417322831
20
6.0988447637795273
11
-4.9660128740157479
21
6.0982687007874015
0
LINE
8
BLACK
6
CONTINUOUS
10
-4.9660128740157479
20
6.0982687007874015
11
-4.9660534645669294
21
6.0981707086614172
0
LINE
8
BLACK
6
CONTINUOUS
10
-4.9660534645669294
20
6.0981707086614172
11
-4.9660609842519685
21
6.0980648425196851
0
LINE
8
BLACK
6
CONTINUOUS
10
-4.9660609842519685
20
6.0980648425196851
11
-4.9663093307086612
21
6.0975530708661418
0
LINE
8
BLACK
6
CONTINUOUS
10
-4.9663093307086612
20
6.0975530708661418
11
-4.9664537795275585
21
6.0972042913385822
0
LINE
8
BLACK
6
CONTINUOUS
10
-4.9664537795275585
20
6.0972042913385822
11
-4.9665018897637792
21
6.0971561811023625
0
LINE
8
BLACK
6
CONTINUOUS
10
-4.9665018897637792
20
6.0971561811023625
11
-4.9681426377952755
21
6.0937747244094487
0
LINE
8
BLACK
6
CONTINUOUS
10
-4.9681426377952755
20
6.0937747244094487
11
-4.9682987401574801
21
6.093526692913386
0
LINE
8
BLACK
6
CONTINUOUS
10
-4.9682987401574801
20
6.093526692913386
11
-4.9683285433070861
21
6.0934547637795271
0
LINE
8
BLACK
6
CONTINUOUS
10
-4.9683285433070861
20
6.0934547637795271
11
-4.968373070866142
21
6.0934086614173228
0
LINE
8
BLACK
6
CONTINUOUS
10
-4.968373070866142
20
6.0934086614173228
11
-4.9684509842519686
21
6.0932848425196848
0
LINE
8
BLACK
6
CONTINUOUS
10
-4.9684509842519686
20
6.0932848425196848
11
-4.9687066929133854
21
6.0930630708661413
0
LINE
8
BLACK
6
CONTINUOUS
10
-4.9687066929133854
20
6.0930630708661413
11
-4.9705705118110233
21
6.0911325590551177
0
LINE
8
BLACK
6
CONTINUOUS
10
-4.9705705118110233
20
6.0911325590551177
11
-4.9707968503937003
21
6.0909468110236222
0
LINE
8
BLACK
6
CONTINUOUS
10
-4.9707968503937003
20
6.0909468110236222
11
-4.970847992125984
21
6.0908878346456694
0
LINE
8
BLACK
6
CONTINUOUS
10
-4.970847992125984
20
6.0908878346456694
11
-4.9709036220472438
21
6.0908591732283464
0
LINE
8
BLACK
6
CONTINUOUS
10
-4.9709036220472438
20
6.0908591732283464
11
-4.9710179527559051
21
6.0907653543307081
0
LINE
8
BLACK
6
CONTINUOUS
10
-4.9710179527559051
20
6.0907653543307081
11
-4.9713648818897633
21
6.0906216535433071
0
LINE
8
BLACK
6
CONTINUOUS
10
-4.9713648818897633
20
6.0906216535433071
11
-4.975087401574803
21
6.0887046456692913
0
LINE
8
BLACK
6
CONTINUOUS
10
-4.975087401574803
20
6.0887046456692913
11
-4.975628031496063
21
6.0884977559055118
0
LINE
8
BLACK
6
CONTINUOUS
10
-4.975628031496063
20
6.0884977559055118
11
-4.9757339370078739
21
6.0884901968503939
0
LINE
8
BLACK
6
CONTINUOUS
10
-4.9757339370078739
20
6.0884901968503939
11
-4.9758318897637794
21
6.0884496456692911
0
LINE
8
BLACK
6
CONTINUOUS
10
-4.9758318897637794
20
6.0884496456692911
11
-4.9763464566929132
21
6.0884466929133856
0
LINE
8
BLACK
6
CONTINUOUS
10
-4.9763464566929132
20
6.0884466929133856
11
-4.976777244094488
21
6.0884161023622045
0
LINE
8
BLACK
6
CONTINUOUS
10
-4.976777244094488
20
6.0884161023622045
11
-4.9768603149606294
21
6.0884437795275588
0
LINE
8
BLACK
6
CONTINUOUS
10
-4.9768603149606294
20
6.0884437795275588
11
-4.9857817716535431
21
6.0883929133858263
0
LINE
8
BLACK
6
CONTINUOUS
10
-4.9857817716535431
20
6.0883929133858263
11
-4.986357834645669
21
6.0884496456692911
0
LINE
8
BLACK
6
CONTINUOUS
10
-4.986357834645669
20
6.0884496456692911
11
-4.9864558267716532
21
6.0884901968503939
0
LINE
8
BLACK
6
CONTINUOUS
10
-4.9864558267716532
20
6.0884901968503939
11
-4.9865616929133854
21
6.0884977559055118
0
LINE
8
BLACK
6
CONTINUOUS
10
-4.9865616929133854
20
6.0884977559055118
11
-4.9870734645669295
21
6.088746023622047
0
LINE
8
BLACK
6
CONTINUOUS
10
-4.9870734645669295
20
6.088746023622047
11
-4.9874222440944882
21
6.0888905511811018
0
LINE
8
BLACK
6
CONTINUOUS
10
-4.9874222440944882
20
6.0888905511811018
11
-4.9874703543307088
21
6.0889386220472437
0
LINE
8
BLACK
6
CONTINUOUS
10
-4.9874703543307088
20
6.0889386220472437
11
-4.9908518503937005
21
6.0905794488188976
0
LINE
8
BLACK
6
CONTINUOUS
10
-4.9908518503937005
20
6.0905794488188976
11
-4.9910997637795278
21
6.0907355118110234
0
LINE
8
BLACK
6
CONTINUOUS
10
-4.9910997637795278
20
6.0907355118110234
11
-4.9911717716535433
21
6.0907653543307081
0
LINE
8
BLACK
6
CONTINUOUS
10
-4.9911717716535433
20
6.0907653543307081
11
-4.9912179133858263
21
6.090809881889764
0
LINE
8
BLACK
6
CONTINUOUS
10
-4.9912179133858263
20
6.090809881889764
11
-4.9913416929133856
21
6.0908878346456694
0
LINE
8
BLACK
6
CONTINUOUS
10
-4.9913416929133856
20
6.0908878346456694
11
-4.9915633464566929
21
6.0911433858267712
0
LINE
8
BLACK
6
CONTINUOUS
10
-4.9915633464566929
20
6.0911433858267712
11
-4.9934939763779527
21
6.0930073622047241
0
LINE
8
BLACK
6
CONTINUOUS
10
-4.9934939763779527
20
6.0930073622047241
11
-4.9938611811023623
21
6.0934548031496059
0
LINE
8
BLACK
6
CONTINUOUS
10
-4.9938611811023623
20
6.0934548031496059
11
-4.9943020472440942
21
6.0945192125984251
0
LINE
8
BLACK
6
CONTINUOUS
10
-4.9943020472440942
20
6.0945192125984251
11
-4.9943020472440942
21
6.0956712992125981
0
LINE
8
BLACK
6
CONTINUOUS
10
-4.9943020472440942
20
6.0956712992125981
11
-4.9938611417322836
21
6.0967357086614173
0
LINE
8
BLACK
6
CONTINUOUS
10
-4.9938611417322836
20
6.0967357086614173
11
-4.9930464566929134
21
6.0975503937007876
0
LINE
8
BLACK
6
CONTINUOUS
10
-4.9930464566929134
20
6.0975503937007876
11
-4.9919820472440941
21
6.0979912598425194
0
LINE
8
BLACK
6
CONTINUOUS
10
-4.9919820472440941
20
6.0979912598425194
11
-4.9908299606299211
21
6.0979912598425194
0
LINE
8
BLACK
6
CONTINUOUS
10
-4.9908299606299211
20
6.0979912598425194
11
-4.9897655511811019
21
6.0975503543307088
0
LINE
8
BLACK
6
CONTINUOUS
10
-4.9897655511811019
20
6.0975503543307088
11
-4.98770437007874
21
6.0955603149606299
0
LINE
8
BLACK
6
CONTINUOUS
10
-4.98770437007874
20
6.0955603149606299
11
-4.9850026771653546
21
6.0942494094488184
0
LINE
8
BLACK
6
CONTINUOUS
10
-4.9850026771653546
20
6.0942494094488184
11
-4.9770209842519684
21
6.0942949212598423
0
LINE
8
BLACK
6
CONTINUOUS
10
-4.9770209842519684
20
6.0942949212598423
11
-4.974314330708661
21
6.0956887795275589
0
LINE
8
BLACK
6
CONTINUOUS
10
-4.974314330708661
20
6.0956887795275589
11
-4.9731235433070866
21
6.0969221653543304
0
LINE
8
BLACK
6
CONTINUOUS
10
-4.9731235433070866
20
6.0969221653543304
11
-4.9718126771653539
21
6.0996237795275592
0
LINE
8
BLACK
6
CONTINUOUS
10
-4.9718126771653539
20
6.0996237795275592
11
-4.9718581889763778
21
6.1076055118110233
0
LINE
8
BLACK
6
CONTINUOUS
10
-4.9718581889763778
20
6.1076055118110233
11
-4.9732520078740157
21
6.1103122440944881
0
LINE
8
BLACK
6
CONTINUOUS
10
-4.9732520078740157
20
6.1103122440944881
11
-4.9744853543307084
21
6.111502952755905
0
LINE
8
BLACK
6
CONTINUOUS
10
-4.9744853543307084
20
6.111502952755905
11
-4.9771870078740159
21
6.1128138582677165
0
LINE
8
BLACK
6
CONTINUOUS
10
-4.9771870078740159
20
6.1128138582677165
11
-4.98516874015748
21
6.1127683464566926
0
LINE
8
BLACK
6
CONTINUOUS
10
-4.98516874015748
20
6.1127683464566926
11
-4.9878754330708661
21
6.1113745275590547
0
LINE
8
BLACK
6
CONTINUOUS
10
-4.9878754330708661
20
6.1113745275590547
11
-4.9893180708661413
21
6.109880236220472
0
LINE
8
BLACK
6
CONTINUOUS
10
-4.9893180708661413
20
6.109880236220472
11
-4.9897655511811019
21
6.1095129921259845
0
LINE
8
BLACK
6
CONTINUOUS
10
-4.9897655511811019
20
6.1095129921259845
11
-4.9899029133858264
21
6.109456062992126
0
LINE
8
BLACK
6
CONTINUOUS
10
-4.9899029133858264
20
6.109456062992126
11
-4.990017992125984
21
6.1093619291338586
0
LINE
8
BLACK
6
CONTINUOUS
10
-4.990017992125984
20
6.1093619291338586
11
-4.99043125984252
21
6.1092372047244092
0
LINE
8
BLACK
6
CONTINUOUS
10
-4.99043125984252
20
6.1092372047244092
11
-4.9908299606299211
21
6.109072086614173
0
LINE
8
BLACK
6
CONTINUOUS
10
-4.9908299606299211
20
6.109072086614173
11
-4.9909786220472441
21
6.109072086614173
0
LINE
8
BLACK
6
CONTINUOUS
10
-4.9909786220472441
20
6.109072086614173
11
-4.9911209842519684
21
6.1090291338582672
0
LINE
8
BLACK
6
CONTINUOUS
10
-4.9911209842519684
20
6.1090291338582672
11
-4.9915505118110239
21
6.109072086614173
0
LINE
8
BLACK
6
CONTINUOUS
10
-4.9915505118110239
20
6.109072086614173
11
-4.9919820472440941
21
6.109072086614173
0
LINE
8
BLACK
6
CONTINUOUS
10
-4.9919820472440941
20
6.109072086614173
11
-4.9921193700787398
21
6.1091289763779528
0
LINE
8
BLACK
6
CONTINUOUS
10
-4.9921193700787398
20
6.1091289763779528
11
-4.9922674015748028
21
6.1091437795275585
0
LINE
8
BLACK
6
CONTINUOUS
10
-4.9922674015748028
20
6.1091437795275585
11
-4.9926476377952751
21
6.109347755905512
0
LINE
8
BLACK
6
CONTINUOUS
10
-4.9926476377952751
20
6.109347755905512
11
-4.9930464566929134
21
6.1095129527559058
0
LINE
8
BLACK
6
CONTINUOUS
10
-4.9930464566929134
20
6.1095129527559058
11
-4.9931516535433067
21
6.1096181496062991
0
LINE
8
BLACK
6
CONTINUOUS
10
-4.9931516535433067
20
6.1096181496062991
11
-4.993282637795275
21
6.1096884251968504
0
LINE
8
BLACK
6
CONTINUOUS
10
-4.993282637795275
20
6.1096884251968504
11
-4.9935558661417323
21
6.1100223622047238
0
LINE
8
BLACK
6
CONTINUOUS
10
-4.9935558661417323
20
6.1100223622047238
11
-4.9938611417322836
21
6.1103276377952751
0
LINE
8
BLACK
6
CONTINUOUS
10
-4.9938611417322836
20
6.1103276377952751
11
-4.9939180314960625
21
6.1104649606299208
0
LINE
8
BLACK
6
CONTINUOUS
10
-4.9939180314960625
20
6.1104649606299208
11
-4.9940122047244095
21
6.1105800787401572
0
LINE
8
BLACK
6
CONTINUOUS
10
-4.9940122047244095
20
6.1105800787401572
11
-4.9941368897637792
21
6.1109933464566923
0
LINE
8
BLACK
6
CONTINUOUS
10
-4.9941368897637792
20
6.1109933464566923
11
-4.9943020472440942
21
6.1113920472440943
0
LINE
8
BLACK
6
CONTINUOUS
10
-4.9943020472440942
20
6.1113920472440943
11
-4.9943020472440942
21
6.1115407086614173
0
LINE
8
BLACK
6
CONTINUOUS
10
-4.9943020472440942
20
6.1115407086614173
11
-4.994345
21
6.1116830708661416
0
LINE
8
BLACK
6
CONTINUOUS
10
-4.994345
20
6.1116830708661416
11
-4.9943020472440942
21
6.1121256299212599
0
LINE
8
BLACK
6
CONTINUOUS
10
-4.9943020472440942
20
6.1121256299212599
11
-4.9943020472440942
21
6.1125441338582673
0
LINE
8
BLACK
6
CONTINUOUS
10
-4.9943020472440942
20
6.1125441338582673
11
-4.9942489763779525
21
6.112672165354331
0
LINE
8
BLACK
6
CONTINUOUS
10
-4.9942489763779525
20
6.112672165354331
11
-4.9924694094488187
21
6.1310095669291336
0
LINE
8
BLACK
6
CONTINUOUS
10
-4.9924694094488187
20
6.1310095669291336
11
-4.9924273228346454
21
6.1312194881889761
0
LINE
8
BLACK
6
CONTINUOUS
10
-4.9924273228346454
20
6.1312194881889761
11
-4.9924273228346454
21
6.1312918110236216
0
LINE
8
BLACK
6
CONTINUOUS
10
-4.9924273228346454
20
6.1312918110236216
11
-4.9923992125984249
21
6.1313596062992124
0
LINE
8
BLACK
6
CONTINUOUS
10
-4.9923992125984249
20
6.1313596062992124
11
-4.9923556299212599
21
6.1315771259842515
0
LINE
8
BLACK
6
CONTINUOUS
10
-4.9923556299212599
20
6.1315771259842515
11
-4.9921515748031497
21
6.1319574015748026
0
LINE
8
BLACK
6
CONTINUOUS
10
-4.9921515748031497
20
6.1319574015748026
11
-4.9919864173228348
21
6.1323562204724409
0
LINE
8
BLACK
6
CONTINUOUS
10
-4.9919864173228348
20
6.1323562204724409
11
-4.9918812204724405
21
6.1324613779527555
0
LINE
8
BLACK
6
CONTINUOUS
10
-4.9918812204724405
20
6.1324613779527555
11
-4.991810984251968
21
6.1325923622047247
0
LINE
8
BLACK
6
CONTINUOUS
10
-4.991810984251968
20
6.1325923622047247
11
-4.9914770078740158
21
6.1328655905511811
0
LINE
8
BLACK
6
CONTINUOUS
10
-4.9914770078740158
20
6.1328655905511811
11
-4.9911717716535433
21
6.1331708661417323
0
LINE
8
BLACK
6
CONTINUOUS
10
-4.9911717716535433
20
6.1331708661417323
11
-4.9910344094488188
21
6.1332277559055113
0
LINE
8
BLACK
6
CONTINUOUS
10
-4.9910344094488188
20
6.1332277559055113
11
-4.9909193307086612
21
6.1333219291338583
0
LINE
8
BLACK
6
CONTINUOUS
10
-4.9909193307086612
20
6.1333219291338583
11
-4.9905060236220473
21
6.133446614173228
0
LINE
8
BLACK
6
CONTINUOUS
10
-4.9905060236220473
20
6.133446614173228
11
-4.9901073622047241
21
6.133611771653543
0
LINE
8
BLACK
6
CONTINUOUS
10
-4.9901073622047241
20
6.133611771653543
11
-4.9899572440944882
21
6.1336122047244093
0
LINE
8
BLACK
6
CONTINUOUS
10
-4.9899572440944882
20
6.1336122047244093
11
-4.9898163385826768
21
6.1336547244094488
0
LINE
8
BLACK
6
CONTINUOUS
10
-4.9898163385826768
20
6.1336547244094488
11
-4.9894074015748027
21
6.1336138188976372
0
LINE
8
BLACK
6
CONTINUOUS
10
-4.9894074015748027
20
6.1336138188976372
11
-4.9707836614173226
21
6.1336685039370078
0
LINE
8
BLACK
6
CONTINUOUS
10
-4.9707836614173226
20
6.1336685039370078
11
-4.9702075984251968
21
6.133611771653543
0
LINE
8
BLACK
6
CONTINUOUS
10
-4.7806799606299215
20
6.133611771653543
11
-4.7803875590551179
21
6.133611771653543
0
LINE
8
BLACK
6
CONTINUOUS
10
-4.7803875590551179
20
6.133611771653543
11
-4.7801203149606302
21
6.1335010236220473
0
LINE
8
BLACK
6
CONTINUOUS
10
-4.7801203149606302
20
6.1335010236220473
11
-4.779836496062992
21
6.1334449212598425
0
LINE
8
BLACK
6
CONTINUOUS
10
-4.779836496062992
20
6.1334449212598425
11
-4.7795932283464566
21
6.1332827165354331
0
LINE
8
BLACK
6
CONTINUOUS
10
-4.7795932283464566
20
6.1332827165354331
11
-4.7793231496062987
21
6.1331708661417323
0
LINE
8
BLACK
6
CONTINUOUS
10
-4.7793231496062987
20
6.1331708661417323
11
-4.7791187007874019
21
6.1329663779527559
0
LINE
8
BLACK
6
CONTINUOUS
10
-4.7791187007874019
20
6.1329663779527559
11
-4.7788778740157483
21
6.132805866141732
0
LINE
8
BLACK
6
CONTINUOUS
10
-4.7788778740157483
20
6.132805866141732
11
-4.7787151574803151
21
6.1325628346456691
0
LINE
8
BLACK
6
CONTINUOUS
10
-4.7787151574803151
20
6.1325628346456691
11
-4.7785085039370081
21
6.1323562204724409
0
LINE
8
BLACK
6
CONTINUOUS
10
-4.7785085039370081
20
6.1323562204724409
11
-4.778397834645669
21
6.1320889763779522
0
LINE
8
BLACK
6
CONTINUOUS
10
-4.778397834645669
20
6.1320889763779522
11
-4.7782368110236222
21
6.1318485826771649
0
LINE
8
BLACK
6
CONTINUOUS
10
-4.7782368110236222
20
6.1318485826771649
11
-4.7781794881889761
21
6.1315618897637796
0
LINE
8
BLACK
6
CONTINUOUS
10
-4.7781794881889761
20
6.1315618897637796
11
-4.7780675984251966
21
6.1312918110236216
0
LINE
8
BLACK
6
CONTINUOUS
10
-4.7780675984251966
20
6.1312918110236216
11
-4.778067204724409
21
6.1310004330708656
0
LINE
8
BLACK
6
CONTINUOUS
10
-4.778067204724409
20
6.1310004330708656
11
-4.7780108661417318
21
6.1307188582677163
0
LINE
8
BLACK
6
CONTINUOUS
10
-4.7780108661417318
20
6.1307188582677163
11
-4.7780664173228349
21
6.1304381889763775
0
LINE
8
BLACK
6
CONTINUOUS
10
-4.7780664173228349
20
6.1304381889763775
11
-4.7780150393700787
21
6.094277992125984
0
LINE
8
BLACK
6
CONTINUOUS
10
-4.7780150393700787
20
6.094277992125984
11
-4.7697150393700785
21
6.0942984251968504
0
LINE
8
BLACK
6
CONTINUOUS
10
-4.7697150393700785
20
6.0942984251968504
11
-4.7691389763779526
21
6.0942416929133856
0
LINE
8
BLACK
6
CONTINUOUS
10
-4.7691389763779526
20
6.0942416929133856
11
-4.7680745669291333
21
6.0938007874015749
0
LINE
8
BLACK
6
CONTINUOUS
10
-4.7680745669291333
20
6.0938007874015749
11
-4.7672599212598428
21
6.0929861417322835
0
LINE
8
BLACK
6
CONTINUOUS
10
-4.7672599212598428
20
6.0929861417322835
11
-4.7668190157480312
21
6.0919217322834642
0
LINE
8
BLACK
6
CONTINUOUS
10
-4.7668190157480312
20
6.0919217322834642
11
-4.7668190157480312
21
6.0907696062992125
0
LINE
8
BLACK
6
CONTINUOUS
10
-4.7668190157480312
20
6.0907696062992125
11
-4.7672599212598428
21
6.0897051968503932
0
LINE
8
BLACK
6
CONTINUOUS
10
-4.7672599212598428
20
6.0897051968503932
11
-4.7680745669291333
21
6.0888905511811018
0
LINE
8
BLACK
6
CONTINUOUS
10
-4.7680745669291333
20
6.0888905511811018
11
-4.7691389763779526
21
6.0884496456692911
0
LINE
8
BLACK
6
CONTINUOUS
10
-4.7691389763779526
20
6.0884496456692911
11
-4.7922122047244091
21
6.0883929133858263
0
LINE
8
BLACK
6
CONTINUOUS
10
-4.7922122047244091
20
6.0883929133858263
11
-4.792788267716535
21
6.0884496456692911
0
LINE
8
BLACK
6
CONTINUOUS
10
-4.792788267716535
20
6.0884496456692911
11
-4.7938526771653542
21
6.0888905511811018
0
LINE
8
BLACK
6
CONTINUOUS
10
-4.7938526771653542
20
6.0888905511811018
11
-4.7946673228346457
21
6.0897051968503932
0
LINE
8
BLACK
6
CONTINUOUS
10
-4.7946673228346457
20
6.0897051968503932
11
-4.7951082283464563
21
6.0907696062992125
0
LINE
8
BLACK
6
CONTINUOUS
10
-4.7951082283464563
20
6.0907696062992125
11
-4.7951082283464563
21
6.0919217322834642
0
LINE
8
BLACK
6
CONTINUOUS
10
-4.7951082283464563
20
6.0919217322834642
11
-4.7946673228346457
21
6.0929861417322835
0
LINE
8
BLACK
6
CONTINUOUS
10
-4.7946673228346457
20
6.0929861417322835
11
-4.7938526771653542
21
6.0938007874015749
0
LINE
8
BLACK
6
CONTINUOUS
10
-4.7938526771653542
20
6.0938007874015749
11
-4.792788267716535
21
6.0942416929133856
0
LINE
8
BLACK
6
CONTINUOUS
10
-4.792788267716535
20
6.0942416929133856
11
-4.7838646456692908
21
6.0942636220472437
0
LINE
8
BLACK
6
CONTINUOUS
10
-4.7838646456692908
20
6.0942636220472437
11
-4.7839037007874019
21
6.1217732283464565
0
LINE
8
BLACK
6
CONTINUOUS
10
-4.7839037007874019
20
6.1217732283464565
11
-4.7863747637795271
21
6.1192540157480311
0
LINE
8
BLACK
6
CONTINUOUS
10
-4.7863747637795271
20
6.1192540157480311
11
-4.7866011417322838
21
6.1190682283464568
0
LINE
8
BLACK
6
CONTINUOUS
10
-4.7866011417322838
20
6.1190682283464568
11
-4.7866522834645666
21
6.119009251968504
0
LINE
8
BLACK
6
CONTINUOUS
10
-4.7866522834645666
20
6.119009251968504
11
-4.7867079527559051
21
6.1189805905511809
0
LINE
8
BLACK
6
CONTINUOUS
10
-4.7867079527559051
20
6.1189805905511809
11
-4.7868222047244098
21
6.1188868110236223
0
LINE
8
BLACK
6
CONTINUOUS
10
-4.7868222047244098
20
6.1188868110236223
11
-4.7871690157480318
21
6.1187431496062992
0
LINE
8
BLACK
6
CONTINUOUS
10
-4.7871690157480318
20
6.1187431496062992
11
-4.7908916929133856
21
6.1168261417322833
0
LINE
8
BLACK
6
CONTINUOUS
10
-4.7908916929133856
20
6.1168261417322833
11
-4.7914323228346456
21
6.1166192519685039
0
LINE
8
BLACK
6
CONTINUOUS
10
-4.7914323228346456
20
6.1166192519685039
11
-4.7925815354330705
21
6.1165375984251966
0
LINE
8
BLACK
6
CONTINUOUS
10
-4.7925815354330705
20
6.1165375984251966
11
-4.7936744881889766
21
6.1169019291338582
0
LINE
8
BLACK
6
CONTINUOUS
10
-4.7936744881889766
20
6.1169019291338582
11
-4.794544881889764
21
6.117656771653543
0
LINE
8
BLACK
6
CONTINUOUS
10
-4.794544881889764
20
6.117656771653543
11
-4.7950601181102357
21
6.1186872834645669
0
LINE
8
BLACK
6
CONTINUOUS
10
-4.7950601181102357
20
6.1186872834645669
11
-4.7951417716535429
21
6.1198364960629918
0
LINE
8
BLACK
6
CONTINUOUS
10
-4.7951417716535429
20
6.1198364960629918
11
-4.7947774409448813
21
6.1209294488188979
0
LINE
8
BLACK
6
CONTINUOUS
10
-4.7947774409448813
20
6.1209294488188979
11
-4.7940225984251965
21
6.1217998425196853
0
LINE
8
BLACK
6
CONTINUOUS
10
-4.7940225984251965
20
6.1217998425196853
11
-4.790092755905512
21
6.1238235433070862
0
LINE
8
BLACK
6
CONTINUOUS
10
-4.790092755905512
20
6.1238235433070862
11
-4.7868355118110237
21
6.1271442519685042
0
LINE
8
BLACK
6
CONTINUOUS
10
-4.7868355118110237
20
6.1271442519685042
11
-4.7834204724409446
21
6.1323536614173229
0
LINE
8
BLACK
6
CONTINUOUS
10
-4.7834204724409446
20
6.1323536614173229
11
-4.7834191338582679
21
6.1323553149606296
0
LINE
8
BLACK
6
CONTINUOUS
10
-4.7834191338582679
20
6.1323553149606296
11
-4.7834187401574804
21
6.1323562204724409
0
LINE
8
BLACK
6
CONTINUOUS
10
-4.7834187401574804
20
6.1323562204724409
11
-4.7834167322834649
21
6.1323582283464564
0
LINE
8
BLACK
6
CONTINUOUS
10
-4.7834167322834649
20
6.1323582283464564
11
-4.7830537007874012
21
6.1328014960629922
0
LINE
8
BLACK
6
CONTINUOUS
10
-4.7830537007874012
20
6.1328014960629922
11
-4.7828108267716534
21
6.1329641338582679
0
LINE
8
BLACK
6
CONTINUOUS
10
-4.7828108267716534
20
6.1329641338582679
11
-4.7826040944881889
21
6.1331708661417323
0
LINE
8
BLACK
6
CONTINUOUS
10
-4.7826040944881889
20
6.1331708661417323
11
-4.7823368110236215
21
6.1332815748031493
0
LINE
8
BLACK
6
CONTINUOUS
10
-4.7823368110236215
20
6.1332815748031493
11
-4.7820964173228342
21
6.1334425590551183
0
LINE
8
BLACK
6
CONTINUOUS
10
-4.7820964173228342
20
6.1334425590551183
11
-4.7818098031496064
21
6.1334998818897635
0
LINE
8
BLACK
6
CONTINUOUS
10
-4.7818098031496064
20
6.1334998818897635
11
-4.7815396850393697
21
6.133611771653543
0
LINE
8
BLACK
6
CONTINUOUS
10
-4.7815396850393697
20
6.133611771653543
11
-4.7812503937007875
21
6.133611771653543
0
LINE
8
BLACK
6
CONTINUOUS
10
-4.7812503937007875
20
6.133611771653543
11
-4.7809667322834644
21
6.1336685039370078
0
LINE
8
BLACK
6
CONTINUOUS
10
-4.7809667322834644
20
6.1336685039370078
11
-4.7806799606299215
21
6.133611771653543
0
LINE
8
BLACK
6
CONTINUOUS
10
-4.7410174803149605
20
6.133611771653543
11
-4.7409194881889762
21
6.1335711417322836
0
LINE
8
BLACK
6
CONTINUOUS
10
-4.7409194881889762
20
6.1335711417322836
11
-4.7408136614173229
21
6.1335636614173223
0
LINE
8
BLACK
6
CONTINUOUS
10
-4.7408136614173229
20
6.1335636614173223
11
-4.7403021259842522
21
6.1333154330708659
0
LINE
8
BLACK
6
CONTINUOUS
10
-4.7403021259842522
20
6.1333154330708659
11
-4.7399530708661413
21
6.1331708661417323
0
LINE
8
BLACK
6
CONTINUOUS
10
-4.7399530708661413
20
6.1331708661417323
11
-4.7399049606299215
21
6.133122716535433
0
LINE
8
BLACK
6
CONTINUOUS
10
-4.7399049606299215
20
6.133122716535433
11
-4.7365235039370077
21
6.1314820078740153
0
LINE
8
BLACK
6
CONTINUOUS
10
-4.7365235039370077
20
6.1314820078740153
11
-4.7362755118110238
21
6.1313259055118108
0
LINE
8
BLACK
6
CONTINUOUS
10
-4.7362755118110238
20
6.1313259055118108
11
-4.7362035433070862
21
6.1312961023622048
0
LINE
8
BLACK
6
CONTINUOUS
10
-4.7362035433070862
20
6.1312961023622048
11
-4.7361574803149606
21
6.1312515748031498
0
LINE
8
BLACK
6
CONTINUOUS
10
-4.7361574803149606
20
6.1312515748031498
11
-4.7360336220472439
21
6.1311736614173231
0
LINE
8
BLACK
6
CONTINUOUS
10
-4.7360336220472439
20
6.1311736614173231
11
-4.7358118897637791
21
6.1309179527559055
0
LINE
8
BLACK
6
CONTINUOUS
10
-4.7358118897637791
20
6.1309179527559055
11
-4.7338813385826768
21
6.1290541338582676
0
LINE
8
BLACK
6
CONTINUOUS
10
-4.7338813385826768
20
6.1290541338582676
11
-4.7336955905511813
21
6.1288277559055118
0
LINE
8
BLACK
6
CONTINUOUS
10
-4.7336955905511813
20
6.1288277559055118
11
-4.7336365748031497
21
6.1287766141732281
0
LINE
8
BLACK
6
CONTINUOUS
10
-4.7336365748031497
20
6.1287766141732281
11
-4.7336079527559054
21
6.1287209448818896
0
LINE
8
BLACK
6
CONTINUOUS
10
-4.7336079527559054
20
6.1287209448818896
11
-4.733514133858268
21
6.1286066929133858
0
LINE
8
BLACK
6
CONTINUOUS
10
-4.733514133858268
20
6.1286066929133858
11
-4.7333704724409449
21
6.1282598031496063
0
LINE
8
BLACK
6
CONTINUOUS
10
-4.7333704724409449
20
6.1282598031496063
11
-4.7314534645669291
21
6.1245372047244091
0
LINE
8
BLACK
6
CONTINUOUS
10
-4.7314534645669291
20
6.1245372047244091
11
-4.7314373622047246
21
6.1244950787401571
0
LINE
8
BLACK
6
CONTINUOUS
10
-4.7314373622047246
20
6.1244950787401571
11
-4.731424645669291
21
6.124477952755905
0
LINE
8
BLACK
6
CONTINUOUS
10
-4.731424645669291
20
6.124477952755905
11
-4.7314120866141733
21
6.1244289763779527
0
LINE
8
BLACK
6
CONTINUOUS
10
-4.7314120866141733
20
6.1244289763779527
11
-4.7312465748031496
21
6.1239966141732278
0
LINE
8
BLACK
6
CONTINUOUS
10
-4.7312465748031496
20
6.1239966141732278
11
-4.7312259055118107
21
6.1237053543307089
0
LINE
8
BLACK
6
CONTINUOUS
10
-4.7312259055118107
20
6.1237053543307089
11
-4.7293551181102362
21
6.1164337795275587
0
LINE
8
BLACK
6
CONTINUOUS
10
-4.7293551181102362
20
6.1164337795275587
11
-4.7293403543307084
21
6.1163338976377952
0
LINE
8
BLACK
6
CONTINUOUS
10
-4.7293403543307084
20
6.1163338976377952
11
-4.7293237007874014
21
6.1162937007874012
0
LINE
8
BLACK
6
CONTINUOUS
10
-4.7293237007874014
20
6.1162937007874012
11
-4.7293233070866139
21
6.1162183070866138
0
LINE
8
BLACK
6
CONTINUOUS
10
-4.7293233070866139
20
6.1162183070866138
11
-4.7292704724409447
21
6.1158611811023622
0
LINE
8
BLACK
6
CONTINUOUS
10
-4.7292704724409447
20
6.1158611811023622
11
-4.7293193700787404
21
6.1155325984251965
0
LINE
8
BLACK
6
CONTINUOUS
10
-4.7293193700787404
20
6.1155325984251965
11
-4.7292669685039366
21
6.1063438188976376
0
LINE
8
BLACK
6
CONTINUOUS
10
-4.7292669685039366
20
6.1063438188976376
11
-4.7292768897637796
21
6.1062432677165353
0
LINE
8
BLACK
6
CONTINUOUS
10
-4.7292768897637796
20
6.1062432677165353
11
-4.7292704724409447
21
6.1062002755905507
0
LINE
8
BLACK
6
CONTINUOUS
10
-4.7292704724409447
20
6.1062002755905507
11
-4.7292883858267718
21
6.1061265748031497
0
LINE
8
BLACK
6
CONTINUOUS
10
-4.7292883858267718
20
6.1061265748031497
11
-4.7293237007874014
21
6.1057677559055117
0
LINE
8
BLACK
6
CONTINUOUS
10
-4.7293237007874014
20
6.1057677559055117
11
-4.7294487795275586
21
6.1054658267716535
0
LINE
8
BLACK
6
CONTINUOUS
10
-4.7294487795275586
20
6.1054658267716535
11
-4.7312298818897638
21
6.0981286220472439
0
LINE
8
BLACK
6
CONTINUOUS
10
-4.7312298818897638
20
6.0981286220472439
11
-4.731245078740157
21
6.0980861023622044
0
LINE
8
BLACK
6
CONTINUOUS
10
-4.731245078740157
20
6.0980861023622044
11
-4.7312465748031496
21
6.0980648425196851
0
LINE
8
BLACK
6
CONTINUOUS
10
-4.7312465748031496
20
6.0980648425196851
11
-4.731269724409449
21
6.0980171653543307
0
LINE
8
BLACK
6
CONTINUOUS
10
-4.731269724409449
20
6.0980171653543307
11
-4.731424645669291
21
6.0975835039370079
0
LINE
8
BLACK
6
CONTINUOUS
10
-4.731424645669291
20
6.0975835039370079
11
-4.7315853937007875
21
6.0973665354330704
0
LINE
8
BLACK
6
CONTINUOUS
10
-4.7315853937007875
20
6.0973665354330704
11
-4.7333282283464566
21
6.0937747244094487
0
LINE
8
BLACK
6
CONTINUOUS
10
-4.7333282283464566
20
6.0937747244094487
11
-4.7334843307086611
21
6.093526692913386
0
LINE
8
BLACK
6
CONTINUOUS
10
-4.7334843307086611
20
6.093526692913386
11
-4.733514133858268
21
6.0934547637795271
0
LINE
8
BLACK
6
CONTINUOUS
10
-4.733514133858268
20
6.0934547637795271
11
-4.7335586614173231
21
6.0934086614173228
0
LINE
8
BLACK
6
CONTINUOUS
10
-4.7335586614173231
20
6.0934086614173228
11
-4.7336365748031497
21
6.0932848425196848
0
LINE
8
BLACK
6
CONTINUOUS
10
-4.7336365748031497
20
6.0932848425196848
11
-4.7338922834645665
21
6.0930630708661413
0
LINE
8
BLACK
6
CONTINUOUS
10
-4.7338922834645665
20
6.0930630708661413
11
-4.7357561023622043
21
6.0911325590551177
0
LINE
8
BLACK
6
CONTINUOUS
10
-4.7357561023622043
20
6.0911325590551177
11
-4.7359824409448814
21
6.0909468110236222
0
LINE
8
BLACK
6
CONTINUOUS
10
-4.7359824409448814
20
6.0909468110236222
11
-4.7360335826771651
21
6.0908878346456694
0
LINE
8
BLACK
6
CONTINUOUS
10
-4.7360335826771651
20
6.0908878346456694
11
-4.7360892125984249
21
6.0908591732283464
0
LINE
8
BLACK
6
CONTINUOUS
10
-4.7360892125984249
20
6.0908591732283464
11
-4.7362035433070862
21
6.0907653543307081
0
LINE
8
BLACK
6
CONTINUOUS
10
-4.7362035433070862
20
6.0907653543307081
11
-4.7365504724409444
21
6.0906216535433071
0
LINE
8
BLACK
6
CONTINUOUS
10
-4.7365504724409444
20
6.0906216535433071
11
-4.7402729921259841
21
6.0887046456692913
0
LINE
8
BLACK
6
CONTINUOUS
10
-4.7402729921259841
20
6.0887046456692913
11
-4.7408136220472441
21
6.0884977559055118
0
LINE
8
BLACK
6
CONTINUOUS
10
-4.7408136220472441
20
6.0884977559055118
11
-4.740919527559055
21
6.0884901968503939
0
LINE
8
BLACK
6
CONTINUOUS
10
-4.740919527559055
20
6.0884901968503939
11
-4.7410174803149605
21
6.0884496456692911
0
LINE
8
BLACK
6
CONTINUOUS
10
-4.7410174803149605
20
6.0884496456692911
11
-4.7415978740157483
21
6.0884420078740158
0
LINE
8
BLACK
6
CONTINUOUS
10
-4.7415978740157483
20
6.0884420078740158
11
-4.741962834645669
21
6.0884161023622045
0
LINE
8
BLACK
6
CONTINUOUS
10
-4.741962834645669
20
6.0884161023622045
11
-4.7420238976377949
21
6.0884364173228347
0
LINE
8
BLACK
6
CONTINUOUS
10
-4.7420238976377949
20
6.0884364173228347
11
-4.7453430708661415
21
6.0883929133858263
0
LINE
8
BLACK
6
CONTINUOUS
10
-4.7453430708661415
20
6.0883929133858263
11
-4.7459191338582674
21
6.0884496456692911
0
LINE
8
BLACK
6
CONTINUOUS
10
-4.7459191338582674
20
6.0884496456692911
11
-4.7460171259842516
21
6.0884901968503939
0
LINE
8
BLACK
6
CONTINUOUS
10
-4.7460171259842516
20
6.0884901968503939
11
-4.7461229921259838
21
6.0884977559055118
0
LINE
8
BLACK
6
CONTINUOUS
10
-4.7461229921259838
20
6.0884977559055118
11
-4.7466347637795279
21
6.088746023622047
0
LINE
8
BLACK
6
CONTINUOUS
10
-4.7466347637795279
20
6.088746023622047
11
-4.7469835433070866
21
6.0888905511811018
0
LINE
8
BLACK
6
CONTINUOUS
10
-4.7469835433070866
20
6.0888905511811018
11
-4.7470316535433073
21
6.0889386220472437
0
LINE
8
BLACK
6
CONTINUOUS
10
-4.7470316535433073
20
6.0889386220472437
11
-4.7504131496062989
21
6.0905794488188976
0
LINE
8
BLACK
6
CONTINUOUS
10
-4.7504131496062989
20
6.0905794488188976
11
-4.750661102362205
21
6.0907355118110234
0
LINE
8
BLACK
6
CONTINUOUS
10
-4.750661102362205
20
6.0907355118110234
11
-4.7507330708661417
21
6.0907653543307081
0
LINE
8
BLACK
6
CONTINUOUS
10
-4.7507330708661417
20
6.0907653543307081
11
-4.7507792519685035
21
6.090809881889764
0
LINE
8
BLACK
6
CONTINUOUS
10
-4.7507792519685035
20
6.090809881889764
11
-4.750902992125984
21
6.0908878346456694
0
LINE
8
BLACK
6
CONTINUOUS
10
-4.750902992125984
20
6.0908878346456694
11
-4.7511246456692913
21
6.0911433464566924
0
LINE
8
BLACK
6
CONTINUOUS
10
-4.7511246456692913
20
6.0911433464566924
11
-4.7530552755905511
21
6.0930073228346453
0
LINE
8
BLACK
6
CONTINUOUS
10
-4.7530552755905511
20
6.0930073228346453
11
-4.7532410629921262
21
6.0932336614173224
0
LINE
8
BLACK
6
CONTINUOUS
10
-4.7532410629921262
20
6.0932336614173224
11
-4.7533000393700791
21
6.0932848425196848
0
LINE
8
BLACK
6
CONTINUOUS
10
-4.7533000393700791
20
6.0932848425196848
11
-4.7533287007874012
21
6.0933404724409446
0
LINE
8
BLACK
6
CONTINUOUS
10
-4.7533287007874012
20
6.0933404724409446
11
-4.7534224803149607
21
6.0934547637795271
0
LINE
8
BLACK
6
CONTINUOUS
10
-4.7534224803149607
20
6.0934547637795271
11
-4.753566141732283
21
6.0938015354330703
0
LINE
8
BLACK
6
CONTINUOUS
10
-4.753566141732283
20
6.0938015354330703
11
-4.7554831496062988
21
6.0975242519685038
0
LINE
8
BLACK
6
CONTINUOUS
10
-4.7554831496062988
20
6.0975242519685038
11
-4.755499291338583
21
6.097566338582677
0
LINE
8
BLACK
6
CONTINUOUS
10
-4.755499291338583
20
6.097566338582677
11
-4.7555119685039369
21
6.0975835039370079
0
LINE
8
BLACK
6
CONTINUOUS
10
-4.7555119685039369
20
6.0975835039370079
11
-4.7555246062992129
21
6.0976324803149602
0
LINE
8
BLACK
6
CONTINUOUS
10
-4.7555246062992129
20
6.0976324803149602
11
-4.7556900393700783
21
6.0980648818897638
0
LINE
8
BLACK
6
CONTINUOUS
10
-4.7556900393700783
20
6.0980648818897638
11
-4.755710748031496
21
6.0983560629921261
0
LINE
8
BLACK
6
CONTINUOUS
10
-4.755710748031496
20
6.0983560629921261
11
-4.7575814960629916
21
6.1056276771653542
0
LINE
8
BLACK
6
CONTINUOUS
10
-4.7575814960629916
20
6.1056276771653542
11
-4.7575962992125982
21
6.1057275196850389
0
LINE
8
BLACK
6
CONTINUOUS
10
-4.7575962992125982
20
6.1057275196850389
11
-4.7576129133858265
21
6.1057677559055117
0
LINE
8
BLACK
6
CONTINUOUS
10
-4.7576129133858265
20
6.1057677559055117
11
-4.7576133464566928
21
6.1058431102362203
0
LINE
8
BLACK
6
CONTINUOUS
10
-4.7576133464566928
20
6.1058431102362203
11
-4.7576661417322832
21
6.1062002755905507
0
LINE
8
BLACK
6
CONTINUOUS
10
-4.7576661417322832
20
6.1062002755905507
11
-4.7576172834645671
21
6.1065288188976377
0
LINE
8
BLACK
6
CONTINUOUS
10
-4.7576172834645671
20
6.1065288188976377
11
-4.7576696456692913
21
6.1157176377952753
0
LINE
8
BLACK
6
CONTINUOUS
10
-4.7576696456692913
20
6.1157176377952753
11
-4.757659763779527
21
6.1158181496062989
0
LINE
8
BLACK
6
CONTINUOUS
10
-4.757659763779527
20
6.1158181496062989
11
-4.7576661417322832
21
6.1158611811023622
0
LINE
8
BLACK
6
CONTINUOUS
10
-4.7576661417322832
20
6.1158611811023622
11
-4.7576482677165357
21
6.1159348425196853
0
LINE
8
BLACK
6
CONTINUOUS
10
-4.7576482677165357
20
6.1159348425196853
11
-4.7576129133858265
21
6.1162937007874012
0
LINE
8
BLACK
6
CONTINUOUS
10
-4.7576129133858265
20
6.1162937007874012
11
-4.757487874015748
21
6.1165955905511806
0
LINE
8
BLACK
6
CONTINUOUS
10
-4.757487874015748
20
6.1165955905511806
11
-4.7557067322834641
21
6.123932834645669
0
LINE
8
BLACK
6
CONTINUOUS
10
-4.7557067322834641
20
6.123932834645669
11
-4.7556915748031496
21
6.1239753149606297
0
LINE
8
BLACK
6
CONTINUOUS
10
-4.7556915748031496
20
6.1239753149606297
11
-4.7556900393700783
21
6.1239965748031491
0
LINE
8
BLACK
6
CONTINUOUS
10
-4.7556900393700783
20
6.1239965748031491
11
-4.755667007874016
21
6.1240440944881884
0
LINE
8
BLACK
6
CONTINUOUS
10
-4.755667007874016
20
6.1240440944881884
11
-4.7555119685039369
21
6.124477952755905
0
LINE
8
BLACK
6
CONTINUOUS
10
-4.7555119685039369
20
6.124477952755905
11
-4.7553511811023617
21
6.1246949212598425
0
LINE
8
BLACK
6
CONTINUOUS
10
-4.7553511811023617
20
6.1246949212598425
11
-4.7536083858267713
21
6.1282867322834642
0
LINE
8
BLACK
6
CONTINUOUS
10
-4.7536083858267713
20
6.1282867322834642
11
-4.7534523228346455
21
6.128534724409449
0
LINE
8
BLACK
6
CONTINUOUS
10
-4.7534523228346455
20
6.128534724409449
11
-4.7534224803149607
21
6.1286066929133858
0
LINE
8
BLACK
6
CONTINUOUS
10
-4.7534224803149607
20
6.1286066929133858
11
-4.7533779921259844
21
6.1286527559055113
0
LINE
8
BLACK
6
CONTINUOUS
10
-4.7533779921259844
20
6.1286527559055113
11
-4.7533000393700791
21
6.1287766141732281
0
LINE
8
BLACK
6
CONTINUOUS
10
-4.7533000393700791
20
6.1287766141732281
11
-4.7530443700787401
21
6.1289983464566928
0
LINE
8
BLACK
6
CONTINUOUS
10
-4.7530443700787401
20
6.1289983464566928
11
-4.7511805118110235
21
6.1309288976377951
0
LINE
8
BLACK
6
CONTINUOUS
10
-4.7511805118110235
20
6.1309288976377951
11
-4.7509541732283465
21
6.1311146456692915
0
LINE
8
BLACK
6
CONTINUOUS
10
-4.7509541732283465
20
6.1311146456692915
11
-4.750902992125984
21
6.1311736614173231
0
LINE
8
BLACK
6
CONTINUOUS
10
-4.750902992125984
20
6.1311736614173231
11
-4.7508473622047243
21
6.1312022834645665
0
LINE
8
BLACK
6
CONTINUOUS
10
-4.7508473622047243
20
6.1312022834645665
11
-4.7507330708661417
21
6.1312961023622048
0
LINE
8
BLACK
6
CONTINUOUS
10
-4.7507330708661417
20
6.1312961023622048
11
-4.750386220472441
21
6.131439763779527
0
LINE
8
BLACK
6
CONTINUOUS
10
-4.750386220472441
20
6.131439763779527
11
-4.746663582677165
21
6.1333567716535429
0
LINE
8
BLACK
6
CONTINUOUS
10
-4.746663582677165
20
6.1333567716535429
11
-4.7461229921259838
21
6.1335636614173223
0
LINE
8
BLACK
6
CONTINUOUS
10
-4.7461229921259838
20
6.1335636614173223
11
-4.7460171259842516
21
6.1335711811023623
0
LINE
8
BLACK
6
CONTINUOUS
10
-4.7460171259842516
20
6.1335711811023623
11
-4.7459191338582674
21
6.133611771653543
0
LINE
8
BLACK
6
CONTINUOUS
10
-4.7459191338582674
20
6.133611771653543
11
-4.7453387795275592
21
6.1336193700787396
0
LINE
8
BLACK
6
CONTINUOUS
10
-4.7453387795275592
20
6.1336193700787396
11
-4.7449737795275588
21
6.1336453149606296
0
LINE
8
BLACK
6
CONTINUOUS
10
-4.7449737795275588
20
6.1336453149606296
11
-4.7449127559055118
21
6.1336249606299207
0
LINE
8
BLACK
6
CONTINUOUS
10
-4.7449127559055118
20
6.1336249606299207
11
-4.7415935433070864
21
6.1336685039370078
0
LINE
8
BLACK
6
CONTINUOUS
10
-4.7415935433070864
20
6.1336685039370078
11
-4.7410174803149605
21
6.133611771653543
0
LINE
8
BLACK
6
CONTINUOUS
10
-4.744720984251968
20
6.1277711417322838
11
-4.7474367716535433
21
6.1263726377952752
0
LINE
8
BLACK
6
CONTINUOUS
10
-4.7474367716535433
20
6.1263726377952752
11
-4.7486274803149602
21
6.1251392913385825
0
LINE
8
BLACK
6
CONTINUOUS
10
-4.7486274803149602
20
6.1251392913385825
11
-4.7501560629921258
21
6.1219890157480314
0
LINE
8
BLACK
6
CONTINUOUS
10
-4.7501560629921258
20
6.1219890157480314
11
-4.7518144094488184
21
6.1151575984251965
0
LINE
8
BLACK
6
CONTINUOUS
10
-4.7518144094488184
20
6.1151575984251965
11
-4.7517650787401573
21
6.10650905511811
0
LINE
8
BLACK
6
CONTINUOUS
10
-4.7517650787401573
20
6.10650905511811
11
-4.7500090551181104
21
6.0996833858267712
0
LINE
8
BLACK
6
CONTINUOUS
10
-4.7500090551181104
20
6.0996833858267712
11
-4.7484990551181099
21
6.0967510629921255
0
LINE
8
BLACK
6
CONTINUOUS
10
-4.7484990551181099
20
6.0967510629921255
11
-4.7472656692913384
21
6.0955603149606299
0
LINE
8
BLACK
6
CONTINUOUS
10
-4.7472656692913384
20
6.0955603149606299
11
-4.7445841338582673
21
6.0942591732283464
0
LINE
8
BLACK
6
CONTINUOUS
10
-4.7445841338582673
20
6.0942591732283464
11
-4.7422156299212599
21
6.0942902362204725
0
LINE
8
BLACK
6
CONTINUOUS
10
-4.7422156299212599
20
6.0942902362204725
11
-4.7394999212598421
21
6.0956887795275589
0
LINE
8
BLACK
6
CONTINUOUS
10
-4.7394999212598421
20
6.0956887795275589
11
-4.7383091338582677
21
6.0969221653543304
0
LINE
8
BLACK
6
CONTINUOUS
10
-4.7383091338582677
20
6.0969221653543304
11
-4.7367805905511808
21
6.1000724015748027
0
LINE
8
BLACK
6
CONTINUOUS
10
-4.7367805905511808
20
6.1000724015748027
11
-4.7351222440944882
21
6.1069038188976377
0
LINE
8
BLACK
6
CONTINUOUS
10
-4.7351222440944882
20
6.1069038188976377
11
-4.7351715748031493
21
6.1155523622047241
0
LINE
8
BLACK
6
CONTINUOUS
10
-4.7351715748031493
20
6.1155523622047241
11
-4.7369275984251971
21
6.122378031496063
0
LINE
8
BLACK
6
CONTINUOUS
10
-4.7369275984251971
20
6.122378031496063
11
-4.7384375984251967
21
6.1253103543307086
0
LINE
8
BLACK
6
CONTINUOUS
10
-4.7384375984251967
20
6.1253103543307086
11
-4.7396709448818894
21
6.1265010629921255
0
LINE
8
BLACK
6
CONTINUOUS
10
-4.7396709448818894
20
6.1265010629921255
11
-4.7423524409448818
21
6.127802204724409
0
LINE
8
BLACK
6
CONTINUOUS
10
-4.7423524409448818
20
6.127802204724409
11
-4.744720984251968
21
6.1277711417322838
0
LINE
8
BLACK
6
CONTINUOUS
10
-4.3869791732283465
20
6.133611771653543
11
-4.3866867716535429
21
6.133611771653543
0
LINE
8
BLACK
6
CONTINUOUS
10
-4.3866867716535429
20
6.133611771653543
11
-4.3864195275590552
21
6.1335010236220473
0
LINE
8
BLACK
6
CONTINUOUS
10
-4.3864195275590552
20
6.1335010236220473
11
-4.386135708661417
21
6.1334449212598425
0
LINE
8
BLACK
6
CONTINUOUS
10
-4.386135708661417
20
6.1334449212598425
11
-4.3858924409448816
21
6.1332827165354331
0
LINE
8
BLACK
6
CONTINUOUS
10
-4.3858924409448816
20
6.1332827165354331
11
-4.3856223622047246
21
6.1331708661417323
0
LINE
8
BLACK
6
CONTINUOUS
10
-4.3856223622047246
20
6.1331708661417323
11
-4.3854179133858269
21
6.1329663779527559
0
LINE
8
BLACK
6
CONTINUOUS
10
-4.3854179133858269
20
6.1329663779527559
11
-4.3851770866141733
21
6.132805866141732
0
LINE
8
BLACK
6
CONTINUOUS
10
-4.3851770866141733
20
6.132805866141732
11
-4.3850143700787401
21
6.1325628346456691
0
LINE
8
BLACK
6
CONTINUOUS
10
-4.3850143700787401
20
6.1325628346456691
11
-4.3848077165354331
21
6.1323562204724409
0
LINE
8
BLACK
6
CONTINUOUS
10
-4.3848077165354331
20
6.1323562204724409
11
-4.384697047244094
21
6.1320889763779522
0
LINE
8
BLACK
6
CONTINUOUS
10
-4.384697047244094
20
6.1320889763779522
11
-4.3845360236220472
21
6.1318485826771649
0
LINE
8
BLACK
6
CONTINUOUS
10
-4.3845360236220472
20
6.1318485826771649
11
-4.3844787007874011
21
6.1315618897637796
0
LINE
8
BLACK
6
CONTINUOUS
10
-4.3844787007874011
20
6.1315618897637796
11
-4.3843668110236216
21
6.1312918110236216
0
LINE
8
BLACK
6
CONTINUOUS
10
-4.3843668110236216
20
6.1312918110236216
11
-4.3843664173228349
21
6.1310004330708656
0
LINE
8
BLACK
6
CONTINUOUS
10
-4.3843664173228349
20
6.1310004330708656
11
-4.3843100787401577
21
6.1307188582677163
0
LINE
8
BLACK
6
CONTINUOUS
10
-4.3843100787401577
20
6.1307188582677163
11
-4.3843656299212599
21
6.1304381889763775
0
LINE
8
BLACK
6
CONTINUOUS
10
-4.3843656299212599
20
6.1304381889763775
11
-4.3843142519685037
21
6.094277992125984
0
LINE
8
BLACK
6
CONTINUOUS
10
-4.3843142519685037
20
6.094277992125984
11
-4.3760142519685035
21
6.0942984251968504
0
LINE
8
BLACK
6
CONTINUOUS
10
-4.3760142519685035
20
6.0942984251968504
11
-4.3754381889763776
21
6.0942416929133856
0
LINE
8
BLACK
6
CONTINUOUS
10
-4.3754381889763776
20
6.0942416929133856
11
-4.3743737795275592
21
6.0938007874015749
0
LINE
8
BLACK
6
CONTINUOUS
10
-4.3743737795275592
20
6.0938007874015749
11
-4.3735591338582678
21
6.0929861417322835
0
LINE
8
BLACK
6
CONTINUOUS
10
-4.3735591338582678
20
6.0929861417322835
11
-4.3731182283464562
21
6.0919217322834642
0
LINE
8
BLACK
6
CONTINUOUS
10
-4.3731182283464562
20
6.0919217322834642
11
-4.3731182283464562
21
6.0907696062992125
0
LINE
8
BLACK
6
CONTINUOUS
10
-4.3731182283464562
20
6.0907696062992125
11
-4.3735591338582678
21
6.0897051968503932
0
LINE
8
BLACK
6
CONTINUOUS
10
-4.3735591338582678
20
6.0897051968503932
11
-4.3743737795275592
21
6.0888905511811018
0
LINE
8
BLACK
6
CONTINUOUS
10
-4.3743737795275592
20
6.0888905511811018
11
-4.3754381889763776
21
6.0884496456692911
0
LINE
8
BLACK
6
CONTINUOUS
10
-4.3754381889763776
20
6.0884496456692911
11
-4.3985114173228341
21
6.0883929133858263
0
LINE
8
BLACK
6
CONTINUOUS
10
-4.3985114173228341
20
6.0883929133858263
11
-4.3990874803149609
21
6.0884496456692911
0
LINE
8
BLACK
6
CONTINUOUS
10
-4.3990874803149609
20
6.0884496456692911
11
-4.4001518897637792
21
6.0888905511811018
0
LINE
8
BLACK
6
CONTINUOUS
10
-4.4001518897637792
20
6.0888905511811018
11
-4.4009665354330707
21
6.0897051968503932
0
LINE
8
BLACK
6
CONTINUOUS
10
-4.4009665354330707
20
6.0897051968503932
11
-4.4014074409448822
21
6.0907696062992125
0
LINE
8
BLACK
6
CONTINUOUS
10
-4.4014074409448822
20
6.0907696062992125
11
-4.4014074409448822
21
6.0919217322834642
0
LINE
8
BLACK
6
CONTINUOUS
10
-4.4014074409448822
20
6.0919217322834642
11
-4.4009665354330707
21
6.0929861417322835
0
LINE
8
BLACK
6
CONTINUOUS
10
-4.4009665354330707
20
6.0929861417322835
11
-4.4001518897637792
21
6.0938007874015749
0
LINE
8
BLACK
6
CONTINUOUS
10
-4.4001518897637792
20
6.0938007874015749
11
-4.3990874803149609
21
6.0942416929133856
0
LINE
8
BLACK
6
CONTINUOUS
10
-4.3990874803149609
20
6.0942416929133856
11
-4.3901638582677167
21
6.0942636220472437
0
LINE
8
BLACK
6
CONTINUOUS
10
-4.3901638582677167
20
6.0942636220472437
11
-4.3902029133858269
21
6.1217732283464565
0
LINE
8
BLACK
6
CONTINUOUS
10
-4.3902029133858269
20
6.1217732283464565
11
-4.392673976377953
21
6.1192540157480311
0
LINE
8
BLACK
6
CONTINUOUS
10
-4.392673976377953
20
6.1192540157480311
11
-4.3929003543307088
21
6.1190682283464568
0
LINE
8
BLACK
6
CONTINUOUS
10
-4.3929003543307088
20
6.1190682283464568
11
-4.3929514960629916
21
6.119009251968504
0
LINE
8
BLACK
6
CONTINUOUS
10
-4.3929514960629916
20
6.119009251968504
11
-4.393007165354331
21
6.1189805905511809
0
LINE
8
BLACK
6
CONTINUOUS
10
-4.393007165354331
20
6.1189805905511809
11
-4.3931214173228348
21
6.1188868110236223
0
LINE
8
BLACK
6
CONTINUOUS
10
-4.3931214173228348
20
6.1188868110236223
11
-4.3934682283464568
21
6.1187431496062992
0
LINE
8
BLACK
6
CONTINUOUS
10
-4.3934682283464568
20
6.1187431496062992
11
-4.3971909055118106
21
6.1168261417322833
0
LINE
8
BLACK
6
CONTINUOUS
10
-4.3971909055118106
20
6.1168261417322833
11
-4.3977315354330706
21
6.1166192519685039
0
LINE
8
BLACK
6
CONTINUOUS
10
-4.3977315354330706
20
6.1166192519685039
11
-4.3988807480314955
21
6.1165375984251966
0
LINE
8
BLACK
6
CONTINUOUS
10
-4.3988807480314955
20
6.1165375984251966
11
-4.3999737007874016
21
6.1169019291338582
0
LINE
8
BLACK
6
CONTINUOUS
10
-4.3999737007874016
20
6.1169019291338582
11
-4.400844094488189
21
6.117656771653543
0
LINE
8
BLACK
6
CONTINUOUS
10
-4.400844094488189
20
6.117656771653543
11
-4.4013593307086616
21
6.1186872834645669
0
LINE
8
BLACK
6
CONTINUOUS
10
-4.4013593307086616
20
6.1186872834645669
11
-4.4014409842519688
21
6.1198364960629918
0
LINE
8
BLACK
6
CONTINUOUS
10
-4.4014409842519688
20
6.1198364960629918
11
-4.4010766535433072
21
6.1209294488188979
0
LINE
8
BLACK
6
CONTINUOUS
10
-4.4010766535433072
20
6.1209294488188979
11
-4.4003218110236215
21
6.1217998425196853
0
LINE
8
BLACK
6
CONTINUOUS
10
-4.4003218110236215
20
6.1217998425196853
11
-4.396391968503937
21
6.1238235433070862
0
LINE
8
BLACK
6
CONTINUOUS
10
-4.396391968503937
20
6.1238235433070862
11
-4.3931347244094487
21
6.1271442519685042
0
LINE
8
BLACK
6
CONTINUOUS
10
-4.3931347244094487
20
6.1271442519685042
11
-4.3897196850393696
21
6.1323536614173229
0
LINE
8
BLACK
6
CONTINUOUS
10
-4.3897196850393696
20
6.1323536614173229
11
-4.3897183464566929
21
6.1323553149606296
0
LINE
8
BLACK
6
CONTINUOUS
10
-4.3897183464566929
20
6.1323553149606296
11
-4.3897179527559054
21
6.1323562204724409
0
LINE
8
BLACK
6
CONTINUOUS
10
-4.3897179527559054
20
6.1323562204724409
11
-4.3897159448818899
21
6.1323582283464564
0
LINE
8
BLACK
6
CONTINUOUS
10
-4.3897159448818899
20
6.1323582283464564
11
-4.3893529133858271
21
6.1328014960629922
0
LINE
8
BLACK
6
CONTINUOUS
10
-4.3893529133858271
20
6.1328014960629922
11
-4.3891100393700784
21
6.1329641338582679
0
LINE
8
BLACK
6
CONTINUOUS
10
-4.3891100393700784
20
6.1329641338582679
11
-4.3889033070866139
21
6.1331708661417323
0
LINE
8
BLACK
6
CONTINUOUS
10
-4.3889033070866139
20
6.1331708661417323
11
-4.3886360236220474
21
6.1332815748031493
0
LINE
8
BLACK
6
CONTINUOUS
10
-4.3886360236220474
20
6.1332815748031493
11
-4.3883956299212601
21
6.1334425590551183
0
LINE
8
BLACK
6
CONTINUOUS
10
-4.3883956299212601
20
6.1334425590551183
11
-4.3881090157480314
21
6.1334998818897635
0
LINE
8
BLACK
6
CONTINUOUS
10
-4.3881090157480314
20
6.1334998818897635
11
-4.3878388976377956
21
6.133611771653543
0
LINE
8
BLACK
6
CONTINUOUS
10
-4.3878388976377956
20
6.133611771653543
11
-4.3875496062992125
21
6.133611771653543
0
LINE
8
BLACK
6
CONTINUOUS
10
-4.3875496062992125
20
6.133611771653543
11
-4.3872659448818894
21
6.1336685039370078
0
LINE
8
BLACK
6
CONTINUOUS
10
-4.3872659448818894
20
6.1336685039370078
11
-4.3869791732283465
21
6.133611771653543
0
LINE
8
BLACK
6
CONTINUOUS
10
-4.3473166929133855
20
6.133611771653543
11
-4.3472187007874012
21
6.1335711417322836
0
LINE
8
BLACK
6
CONTINUOUS
10
-4.3472187007874012
20
6.1335711417322836
11
-4.3471128740157479
21
6.1335636614173223
0
LINE
8
BLACK
6
CONTINUOUS
10
-4.3471128740157479
20
6.1335636614173223
11
-4.3466013385826772
21
6.1333154330708659
0
LINE
8
BLACK
6
CONTINUOUS
10
-4.3466013385826772
20
6.1333154330708659
11
-4.3462522834645672
21
6.1331708661417323
0
LINE
8
BLACK
6
CONTINUOUS
10
-4.3462522834645672
20
6.1331708661417323
11
-4.3462041732283465
21
6.133122716535433
0
LINE
8
BLACK
6
CONTINUOUS
10
-4.3462041732283465
20
6.133122716535433
11
-4.3428227165354327
21
6.1314820078740153
0
LINE
8
BLACK
6
CONTINUOUS
10
-4.3428227165354327
20
6.1314820078740153
11
-4.3425747244094488
21
6.1313259055118108
0
LINE
8
BLACK
6
CONTINUOUS
10
-4.3425747244094488
20
6.1313259055118108
11
-4.342502755905512
21
6.1312961023622048
0
LINE
8
BLACK
6
CONTINUOUS
10
-4.342502755905512
20
6.1312961023622048
11
-4.3424566929133857
21
6.1312515748031498
0
LINE
8
BLACK
6
CONTINUOUS
10
-4.3424566929133857
20
6.1312515748031498
11
-4.3423328346456689
21
6.1311736614173231
0
LINE
8
BLACK
6
CONTINUOUS
10
-4.3423328346456689
20
6.1311736614173231
11
-4.342111102362205
21
6.1309179527559055
0
LINE
8
BLACK
6
CONTINUOUS
10
-4.342111102362205
20
6.1309179527559055
11
-4.3401805511811027
21
6.1290541338582676
0
LINE
8
BLACK
6
CONTINUOUS
10
-4.3401805511811027
20
6.1290541338582676
11
-4.3399948031496063
21
6.1288277559055118
0
LINE
8
BLACK
6
CONTINUOUS
10
-4.3399948031496063
20
6.1288277559055118
11
-4.3399357874015747
21
6.1287766141732281
0
LINE
8
BLACK
6
CONTINUOUS
10
-4.3399357874015747
20
6.1287766141732281
11
-4.3399071653543304
21
6.1287209448818896
0
LINE
8
BLACK
6
CONTINUOUS
10
-4.3399071653543304
20
6.1287209448818896
11
-4.339813346456693
21
6.1286066929133858
0
LINE
8
BLACK
6
CONTINUOUS
10
-4.339813346456693
20
6.1286066929133858
11
-4.3396696850393699
21
6.1282598031496063
0
LINE
8
BLACK
6
CONTINUOUS
10
-4.3396696850393699
20
6.1282598031496063
11
-4.3377526771653541
21
6.1245372047244091
0
LINE
8
BLACK
6
CONTINUOUS
10
-4.3377526771653541
20
6.1245372047244091
11
-4.3377365748031496
21
6.1244950787401571
0
LINE
8
BLACK
6
CONTINUOUS
10
-4.3377365748031496
20
6.1244950787401571
11
-4.337723858267716
21
6.124477952755905
0
LINE
8
BLACK
6
CONTINUOUS
10
-4.337723858267716
20
6.124477952755905
11
-4.3377112992125983
21
6.1244289763779527
0
LINE
8
BLACK
6
CONTINUOUS
10
-4.3377112992125983
20
6.1244289763779527
11
-4.3375457874015746
21
6.1239966141732278
0
LINE
8
BLACK
6
CONTINUOUS
10
-4.3375457874015746
20
6.1239966141732278
11
-4.3375251181102366
21
6.1237053543307089
0
LINE
8
BLACK
6
CONTINUOUS
10
-4.3375251181102366
20
6.1237053543307089
11
-4.3356543307086612
21
6.1164337795275587
0
LINE
8
BLACK
6
CONTINUOUS
10
-4.3356543307086612
20
6.1164337795275587
11
-4.3356395669291334
21
6.1163338976377952
0
LINE
8
BLACK
6
CONTINUOUS
10
-4.3356395669291334
20
6.1163338976377952
11
-4.3356229133858264
21
6.1162937007874012
0
LINE
8
BLACK
6
CONTINUOUS
10
-4.3356229133858264
20
6.1162937007874012
11
-4.3356225196850389
21
6.1162183070866138
0
LINE
8
BLACK
6
CONTINUOUS
10
-4.3356225196850389
20
6.1162183070866138
11
-4.3355696850393697
21
6.1158611811023622
0
LINE
8
BLACK
6
CONTINUOUS
10
-4.3355696850393697
20
6.1158611811023622
11
-4.3356185826771654
21
6.1155325984251965
0
LINE
8
BLACK
6
CONTINUOUS
10
-4.3356185826771654
20
6.1155325984251965
11
-4.3355661811023625
21
6.1063438188976376
0
LINE
8
BLACK
6
CONTINUOUS
10
-4.3355661811023625
20
6.1063438188976376
11
-4.3355761023622046
21
6.1062432677165353
0
LINE
8
BLACK
6
CONTINUOUS
10
-4.3355761023622046
20
6.1062432677165353
11
-4.3355696850393697
21
6.1062002755905507
0
LINE
8
BLACK
6
CONTINUOUS
10
-4.3355696850393697
20
6.1062002755905507
11
-4.3355875984251968
21
6.1061265748031497
0
LINE
8
BLACK
6
CONTINUOUS
10
-4.3355875984251968
20
6.1061265748031497
11
-4.3356229133858264
21
6.1057677559055117
0
LINE
8
BLACK
6
CONTINUOUS
10
-4.3356229133858264
20
6.1057677559055117
11
-4.3357479921259845
21
6.1054658267716535
0
LINE
8
BLACK
6
CONTINUOUS
10
-4.3357479921259845
20
6.1054658267716535
11
-4.3375290944881888
21
6.0981286220472439
0
LINE
8
BLACK
6
CONTINUOUS
10
-4.3375290944881888
20
6.0981286220472439
11
-4.3375442913385829
21
6.0980861023622044
0
LINE
8
BLACK
6
CONTINUOUS
10
-4.3375442913385829
20
6.0980861023622044
11
-4.3375457874015746
21
6.0980648425196851
0
LINE
8
BLACK
6
CONTINUOUS
10
-4.3375457874015746
20
6.0980648425196851
11
-4.337568937007874
21
6.0980171653543307
0
LINE
8
BLACK
6
CONTINUOUS
10
-4.337568937007874
20
6.0980171653543307
11
-4.337723858267716
21
6.0975835039370079
0
LINE
8
BLACK
6
CONTINUOUS
10
-4.337723858267716
20
6.0975835039370079
11
-4.3378846062992125
21
6.0973665354330704
0
LINE
8
BLACK
6
CONTINUOUS
10
-4.3378846062992125
20
6.0973665354330704
11
-4.3396274409448816
21
6.0937747244094487
0
LINE
8
BLACK
6
CONTINUOUS
10
-4.3396274409448816
20
6.0937747244094487
11
-4.3397835433070862
21
6.093526692913386
0
LINE
8
BLACK
6
CONTINUOUS
10
-4.3397835433070862
20
6.093526692913386
11
-4.339813346456693
21
6.0934547637795271
0
LINE
8
BLACK
6
CONTINUOUS
10
-4.339813346456693
20
6.0934547637795271
11
-4.3398578740157481
21
6.0934086614173228
0
LINE
8
BLACK
6
CONTINUOUS
10
-4.3398578740157481
20
6.0934086614173228
11
-4.3399357874015747
21
6.0932848425196848
0
LINE
8
BLACK
6
CONTINUOUS
10
-4.3399357874015747
20
6.0932848425196848
11
-4.3401914960629924
21
6.0930630708661413
0
LINE
8
BLACK
6
CONTINUOUS
10
-4.3401914960629924
20
6.0930630708661413
11
-4.3420553149606302
21
6.0911325590551177
0
LINE
8
BLACK
6
CONTINUOUS
10
-4.3420553149606302
20
6.0911325590551177
11
-4.3422816535433073
21
6.0909468110236222
0
LINE
8
BLACK
6
CONTINUOUS
10
-4.3422816535433073
20
6.0909468110236222
11
-4.3423327952755901
21
6.0908878346456694
0
LINE
8
BLACK
6
CONTINUOUS
10
-4.3423327952755901
20
6.0908878346456694
11
-4.3423884251968499
21
6.0908591732283464
0
LINE
8
BLACK
6
CONTINUOUS
10
-4.3423884251968499
20
6.0908591732283464
11
-4.342502755905512
21
6.0907653543307081
0
LINE
8
BLACK
6
CONTINUOUS
10
-4.342502755905512
20
6.0907653543307081
11
-4.3428496850393703
21
6.0906216535433071
0
LINE
8
BLACK
6
CONTINUOUS
10
-4.3428496850393703
20
6.0906216535433071
11
-4.3465722047244091
21
6.0887046456692913
0
LINE
8
BLACK
6
CONTINUOUS
10
-4.3465722047244091
20
6.0887046456692913
11
-4.3471128346456691
21
6.0884977559055118
0
LINE
8
BLACK
6
CONTINUOUS
10
-4.3471128346456691
20
6.0884977559055118
11
-4.34721874015748
21
6.0884901968503939
0
LINE
8
BLACK
6
CONTINUOUS
10
-4.34721874015748
20
6.0884901968503939
11
-4.3473166929133855
21
6.0884496456692911
0
LINE
8
BLACK
6
CONTINUOUS
10
-4.3473166929133855
20
6.0884496456692911
11
-4.3478970866141733
21
6.0884420078740158
0
LINE
8
BLACK
6
CONTINUOUS
10
-4.3478970866141733
20
6.0884420078740158
11
-4.348262047244094
21
6.0884161023622045
0
LINE
8
BLACK
6
CONTINUOUS
10
-4.348262047244094
20
6.0884161023622045
11
-4.3483231102362208
21
6.0884364173228347
0
LINE
8
BLACK
6
CONTINUOUS
10
-4.3483231102362208
20
6.0884364173228347
11
-4.3516422834645665
21
6.0883929133858263
0
LINE
8
BLACK
6
CONTINUOUS
10
-4.3516422834645665
20
6.0883929133858263
11
-4.3522183464566933
21
6.0884496456692911
0
LINE
8
BLACK
6
CONTINUOUS
10
-4.3522183464566933
20
6.0884496456692911
11
-4.3523163385826766
21
6.0884901968503939
0
LINE
8
BLACK
6
CONTINUOUS
10
-4.3523163385826766
20
6.0884901968503939
11
-4.3524222047244097
21
6.0884977559055118
0
LINE
8
BLACK
6
CONTINUOUS
10
-4.3524222047244097
20
6.0884977559055118
11
-4.3529339763779529
21
6.088746023622047
0
LINE
8
BLACK
6
CONTINUOUS
10
-4.3529339763779529
20
6.088746023622047
11
-4.3532827559055116
21
6.0888905511811018
0
LINE
8
BLACK
6
CONTINUOUS
10
-4.3532827559055116
20
6.0888905511811018
11
-4.3533308661417323
21
6.0889386220472437
0
LINE
8
BLACK
6
CONTINUOUS
10
-4.3533308661417323
20
6.0889386220472437
11
-4.3567123622047239
21
6.0905794488188976
0
LINE
8
BLACK
6
CONTINUOUS
10
-4.3567123622047239
20
6.0905794488188976
11
-4.35696031496063
21
6.0907355118110234
0
LINE
8
BLACK
6
CONTINUOUS
10
-4.35696031496063
20
6.0907355118110234
11
-4.3570322834645667
21
6.0907653543307081
0
LINE
8
BLACK
6
CONTINUOUS
10
-4.3570322834645667
20
6.0907653543307081
11
-4.3570784645669294
21
6.090809881889764
0
LINE
8
BLACK
6
CONTINUOUS
10
-4.3570784645669294
20
6.090809881889764
11
-4.357202204724409
21
6.0908878346456694
0
LINE
8
BLACK
6
CONTINUOUS
10
-4.357202204724409
20
6.0908878346456694
11
-4.3574238582677163
21
6.0911433464566924
0
LINE
8
BLACK
6
CONTINUOUS
10
-4.3574238582677163
20
6.0911433464566924
11
-4.3593544881889761
21
6.0930073228346453
0
LINE
8
BLACK
6
CONTINUOUS
10
-4.3593544881889761
20
6.0930073228346453
11
-4.3595402755905512
21
6.0932336614173224
0
LINE
8
BLACK
6
CONTINUOUS
10
-4.3595402755905512
20
6.0932336614173224
11
-4.3595992519685041
21
6.0932848425196848
0
LINE
8
BLACK
6
CONTINUOUS
10
-4.3595992519685041
20
6.0932848425196848
11
-4.3596279133858271
21
6.0933404724409446
0
LINE
8
BLACK
6
CONTINUOUS
10
-4.3596279133858271
20
6.0933404724409446
11
-4.3597216929133857
21
6.0934547637795271
0
LINE
8
BLACK
6
CONTINUOUS
10
-4.3597216929133857
20
6.0934547637795271
11
-4.3598653543307089
21
6.0938015354330703
0
LINE
8
BLACK
6
CONTINUOUS
10
-4.3598653543307089
20
6.0938015354330703
11
-4.3617823622047247
21
6.0975242519685038
0
LINE
8
BLACK
6
CONTINUOUS
10
-4.3617823622047247
20
6.0975242519685038
11
-4.361798503937008
21
6.097566338582677
0
LINE
8
BLACK
6
CONTINUOUS
10
-4.361798503937008
20
6.097566338582677
11
-4.3618111811023619
21
6.0975835039370079
0
LINE
8
BLACK
6
CONTINUOUS
10
-4.3618111811023619
20
6.0975835039370079
11
-4.3618238188976379
21
6.0976324803149602
0
LINE
8
BLACK
6
CONTINUOUS
10
-4.3618238188976379
20
6.0976324803149602
11
-4.3619892519685042
21
6.0980648818897638
0
LINE
8
BLACK
6
CONTINUOUS
10
-4.3619892519685042
20
6.0980648818897638
11
-4.362009960629921
21
6.0983560629921261
0
LINE
8
BLACK
6
CONTINUOUS
10
-4.362009960629921
20
6.0983560629921261
11
-4.3638807086614175
21
6.1056276771653542
0
LINE
8
BLACK
6
CONTINUOUS
10
-4.3638807086614175
20
6.1056276771653542
11
-4.3638955118110232
21
6.1057275196850389
0
LINE
8
BLACK
6
CONTINUOUS
10
-4.3638955118110232
20
6.1057275196850389
11
-4.3639121259842515
21
6.1057677559055117
0
LINE
8
BLACK
6
CONTINUOUS
10
-4.3639121259842515
20
6.1057677559055117
11
-4.3639125590551178
21
6.1058431102362203
0
LINE
8
BLACK
6
CONTINUOUS
10
-4.3639125590551178
20
6.1058431102362203
11
-4.3639653543307082
21
6.1062002755905507
0
LINE
8
BLACK
6
CONTINUOUS
10
-4.3639653543307082
20
6.1062002755905507
11
-4.3639164960629921
21
6.1065288188976377
0
LINE
8
BLACK
6
CONTINUOUS
10
-4.3639164960629921
20
6.1065288188976377
11
-4.3639688582677163
21
6.1157176377952753
0
LINE
8
BLACK
6
CONTINUOUS
10
-4.3639688582677163
20
6.1157176377952753
11
-4.3639589763779529
21
6.1158181496062989
0
LINE
8
BLACK
6
CONTINUOUS
10
-4.3639589763779529
20
6.1158181496062989
11
-4.3639653543307082
21
6.1158611811023622
0
LINE
8
BLACK
6
CONTINUOUS
10
-4.3639653543307082
20
6.1158611811023622
11
-4.3639474803149607
21
6.1159348425196853
0
LINE
8
BLACK
6
CONTINUOUS
10
-4.3639474803149607
20
6.1159348425196853
11
-4.3639121259842515
21
6.1162937007874012
0
LINE
8
BLACK
6
CONTINUOUS
10
-4.3639121259842515
20
6.1162937007874012
11
-4.363787086614173
21
6.1165955905511806
0
LINE
8
BLACK
6
CONTINUOUS
10
-4.363787086614173
20
6.1165955905511806
11
-4.36200594488189
21
6.123932834645669
0
LINE
8
BLACK
6
CONTINUOUS
10
-4.36200594488189
20
6.123932834645669
11
-4.3619907874015746
21
6.1239753149606297
0
LINE
8
BLACK
6
CONTINUOUS
10
-4.3619907874015746
20
6.1239753149606297
11
-4.3619892519685042
21
6.1239965748031491
0
LINE
8
BLACK
6
CONTINUOUS
10
-4.3619892519685042
20
6.1239965748031491
11
-4.361966220472441
21
6.1240440944881884
0
LINE
8
BLACK
6
CONTINUOUS
10
-4.361966220472441
20
6.1240440944881884
11
-4.3618111811023619
21
6.124477952755905
0
LINE
8
BLACK
6
CONTINUOUS
10
-4.3618111811023619
20
6.124477952755905
11
-4.3616503937007876
21
6.1246949212598425
0
LINE
8
BLACK
6
CONTINUOUS
10
-4.3616503937007876
20
6.1246949212598425
11
-4.3599075984251972
21
6.1282867322834642
0
LINE
8
BLACK
6
CONTINUOUS
10
-4.3599075984251972
20
6.1282867322834642
11
-4.3597515354330705
21
6.128534724409449
0
LINE
8
BLACK
6
CONTINUOUS
10
-4.3597515354330705
20
6.128534724409449
11
-4.3597216929133857
21
6.1286066929133858
0
LINE
8
BLACK
6
CONTINUOUS
10
-4.3597216929133857
20
6.1286066929133858
11
-4.3596772047244094
21
6.1286527559055113
0
LINE
8
BLACK
6
CONTINUOUS
10
-4.3596772047244094
20
6.1286527559055113
11
-4.3595992519685041
21
6.1287766141732281
0
LINE
8
BLACK
6
CONTINUOUS
10
-4.3595992519685041
20
6.1287766141732281
11
-4.3593435826771652
21
6.1289983464566928
0
LINE
8
BLACK
6
CONTINUOUS
10
-4.3593435826771652
20
6.1289983464566928
11
-4.3574797244094485
21
6.1309288976377951
0
LINE
8
BLACK
6
CONTINUOUS
10
-4.3574797244094485
20
6.1309288976377951
11
-4.3572533858267715
21
6.1311146456692915
0
LINE
8
BLACK
6
CONTINUOUS
10
-4.3572533858267715
20
6.1311146456692915
11
-4.357202204724409
21
6.1311736614173231
0
LINE
8
BLACK
6
CONTINUOUS
10
-4.357202204724409
20
6.1311736614173231
11
-4.3571465748031493
21
6.1312022834645665
0
LINE
8
BLACK
6
CONTINUOUS
10
-4.3571465748031493
20
6.1312022834645665
11
-4.3570322834645667
21
6.1312961023622048
0
LINE
8
BLACK
6
CONTINUOUS
10
-4.3570322834645667
20
6.1312961023622048
11
-4.356685433070866
21
6.131439763779527
0
LINE
8
BLACK
6
CONTINUOUS
10
-4.356685433070866
20
6.131439763779527
11
-4.35296279527559
21
6.1333567716535429
0
LINE
8
BLACK
6
CONTINUOUS
10
-4.35296279527559
20
6.1333567716535429
11
-4.3524222047244097
21
6.1335636614173223
0
LINE
8
BLACK
6
CONTINUOUS
10
-4.3524222047244097
20
6.1335636614173223
11
-4.3523163385826766
21
6.1335711811023623
0
LINE
8
BLACK
6
CONTINUOUS
10
-4.3523163385826766
20
6.1335711811023623
11
-4.3522183464566933
21
6.133611771653543
0
LINE
8
BLACK
6
CONTINUOUS
10
-4.3522183464566933
20
6.133611771653543
11
-4.3516379921259842
21
6.1336193700787396
0
LINE
8
BLACK
6
CONTINUOUS
10
-4.3516379921259842
20
6.1336193700787396
11
-4.3512729921259838
21
6.1336453149606296
0
LINE
8
BLACK
6
CONTINUOUS
10
-4.3512729921259838
20
6.1336453149606296
11
-4.3512119685039368
21
6.1336249606299207
0
LINE
8
BLACK
6
CONTINUOUS
10
-4.3512119685039368
20
6.1336249606299207
11
-4.3478927559055114
21
6.1336685039370078
0
LINE
8
BLACK
6
CONTINUOUS
10
-4.3478927559055114
20
6.1336685039370078
11
-4.3473166929133855
21
6.133611771653543
0
LINE
8
BLACK
6
CONTINUOUS
10
-4.3510201968503939
20
6.1277711417322838
11
-4.3537359842519683
21
6.1263726377952752
0
LINE
8
BLACK
6
CONTINUOUS
10
-4.3537359842519683
20
6.1263726377952752
11
-4.3549266929133861
21
6.1251392913385825
0
LINE
8
BLACK
6
CONTINUOUS
10
-4.3549266929133861
20
6.1251392913385825
11
-4.3564552755905508
21
6.1219890157480314
0
LINE
8
BLACK
6
CONTINUOUS
10
-4.3564552755905508
20
6.1219890157480314
11
-4.3581136220472443
21
6.1151575984251965
0
LINE
8
BLACK
6
CONTINUOUS
10
-4.3581136220472443
20
6.1151575984251965
11
-4.3580642913385823
21
6.10650905511811
0
LINE
8
BLACK
6
CONTINUOUS
10
-4.3580642913385823
20
6.10650905511811
11
-4.3563082677165355
21
6.0996833858267712
0
LINE
8
BLACK
6
CONTINUOUS
10
-4.3563082677165355
20
6.0996833858267712
11
-4.3547982677165358
21
6.0967510629921255
0
LINE
8
BLACK
6
CONTINUOUS
10
-4.3547982677165358
20
6.0967510629921255
11
-4.3535648818897634
21
6.0955603149606299
0
LINE
8
BLACK
6
CONTINUOUS
10
-4.3535648818897634
20
6.0955603149606299
11
-4.3508833464566932
21
6.0942591732283464
0
LINE
8
BLACK
6
CONTINUOUS
10
-4.3508833464566932
20
6.0942591732283464
11
-4.3485148425196849
21
6.0942902362204725
0
LINE
8
BLACK
6
CONTINUOUS
10
-4.3485148425196849
20
6.0942902362204725
11
-4.345799133858268
21
6.0956887795275589
0
LINE
8
BLACK
6
CONTINUOUS
10
-4.345799133858268
20
6.0956887795275589
11
-4.3446083464566927
21
6.0969221653543304
0
LINE
8
BLACK
6
CONTINUOUS
10
-4.3446083464566927
20
6.0969221653543304
11
-4.3430798031496058
21
6.1000724015748027
0
LINE
8
BLACK
6
CONTINUOUS
10
-4.3430798031496058
20
6.1000724015748027
11
-4.3414214566929132
21
6.1069038188976377
0
LINE
8
BLACK
6
CONTINUOUS
10
-4.3414214566929132
20
6.1069038188976377
11
-4.3414707874015743
21
6.1155523622047241
0
LINE
8
BLACK
6
CONTINUOUS
10
-4.3414707874015743
20
6.1155523622047241
11
-4.3432268110236221
21
6.122378031496063
0
LINE
8
BLACK
6
CONTINUOUS
10
-4.3432268110236221
20
6.122378031496063
11
-4.3447368110236217
21
6.1253103543307086
0
LINE
8
BLACK
6
CONTINUOUS
10
-4.3447368110236217
20
6.1253103543307086
11
-4.3459701574803145
21
6.1265010629921255
0
LINE
8
BLACK
6
CONTINUOUS
10
-4.3459701574803145
20
6.1265010629921255
11
-4.3486516535433068
21
6.127802204724409
0
LINE
8
BLACK
6
CONTINUOUS
10
-4.3486516535433068
20
6.127802204724409
11
-4.3510201968503939
21
6.1277711417322838
0
LINE
8
BLACK
6
CONTINUOUS
10
-5.0066385039370074
20
6.0975503937007876
11
-5.0066384251968499
21
6.0975503543307088
0
LINE
8
BLACK
6
CONTINUOUS
10
-5.0066384251968499
20
6.0975503543307088
11
-5.0043162204724405
21
6.0953083858267716
0
LINE
8
BLACK
6
CONTINUOUS
10
-5.0043162204724405
20
6.0953083858267716
11
-5.0039490157480317
21
6.0948609448818898
0
LINE
8
BLACK
6
CONTINUOUS
10
-5.0039490157480317
20
6.0948609448818898
11
-5.0035081102362202
21
6.0937965354330705
0
LINE
8
BLACK
6
CONTINUOUS
10
-5.0035081102362202
20
6.0937965354330705
11
-5.0035081102362202
21
6.0926444488188976
0
LINE
8
BLACK
6
CONTINUOUS
10
-5.0035081102362202
20
6.0926444488188976
11
-5.003948976377953
21
6.0915800393700783
0
LINE
8
BLACK
6
CONTINUOUS
10
-5.003948976377953
20
6.0915800393700783
11
-5.0061909448818893
21
6.0892577952755902
0
LINE
8
BLACK
6
CONTINUOUS
10
-5.0061909448818893
20
6.0892577952755902
11
-5.0066384251968499
21
6.0888905511811018
0
LINE
8
BLACK
6
CONTINUOUS
10
-5.0066384251968499
20
6.0888905511811018
11
-5.0066384645669286
21
6.0888905118110239
0
LINE
8
BLACK
6
CONTINUOUS
10
-5.0066384645669286
20
6.0888905118110239
11
-5.0072619685039372
21
6.0886322440944882
0
LINE
8
BLACK
6
CONTINUOUS
10
-5.0072619685039372
20
6.0886322440944882
11
-5.0077028346456691
21
6.0884496456692911
0
LINE
8
BLACK
6
CONTINUOUS
10
-5.0077028346456691
20
6.0884496456692911
11
-5.0088549212598421
21
6.0884496456692911
0
LINE
8
BLACK
6
CONTINUOUS
10
-5.0088549212598421
20
6.0884496456692911
11
-5.0088549606299209
21
6.0884496456692911
0
LINE
8
BLACK
6
CONTINUOUS
10
-5.0088549606299209
20
6.0884496456692911
11
-5.0092958267716536
21
6.0886322440944882
0
LINE
8
BLACK
6
CONTINUOUS
10
-5.0092958267716536
20
6.0886322440944882
11
-5.0099193307086614
21
6.0888905118110239
0
LINE
8
BLACK
6
CONTINUOUS
10
-5.0099193307086614
20
6.0888905118110239
11
-5.0099193700787401
21
6.0888905511811018
0
LINE
8
BLACK
6
CONTINUOUS
10
-5.0099193700787401
20
6.0888905511811018
11
-5.0122416141732282
21
6.0911325984251965
0
LINE
8
BLACK
6
CONTINUOUS
10
-5.0122416141732282
20
6.0911325984251965
11
-5.0126088188976379
21
6.0915800393700783
0
LINE
8
BLACK
6
CONTINUOUS
10
-5.0126088188976379
20
6.0915800393700783
11
-5.0130496850393698
21
6.0926444488188976
0
LINE
8
BLACK
6
CONTINUOUS
10
-5.0130496850393698
20
6.0926444488188976
11
-5.0130496850393698
21
6.0937965354330705
0
LINE
8
BLACK
6
CONTINUOUS
10
-5.0130496850393698
20
6.0937965354330705
11
-5.0126087795275591
21
6.0948609448818898
0
LINE
8
BLACK
6
CONTINUOUS
10
-5.0126087795275591
20
6.0948609448818898
11
-5.0103668110236219
21
6.0971831496062991
0
LINE
8
BLACK
6
CONTINUOUS
10
-5.0103668110236219
20
6.0971831496062991
11
-5.0099193700787401
21
6.0975503543307088
0
LINE
8
BLACK
6
CONTINUOUS
10
-5.0099193700787401
20
6.0975503543307088
11
-5.0088549606299209
21
6.0979912598425194
0
LINE
8
BLACK
6
CONTINUOUS
10
-5.0088549606299209
20
6.0979912598425194
11
-5.0077028740157479
21
6.0979912598425194
0
LINE
8
BLACK
6
CONTINUOUS
10
-5.0077028740157479
20
6.0979912598425194
11
-5.0077028346456691
21
6.0979912598425194
0
LINE
8
BLACK
6
CONTINUOUS
10
-5.0077028346456691
20
6.0979912598425194
11
-5.0066385039370074
21
6.0975503937007876
0
LINE
8
BLACK
6
CONTINUOUS
10
-4.8933422047244095
20
6.1204884251968501
11
-4.8932442125984252
21
6.1204477952755907
0
LINE
8
BLACK
6
CONTINUOUS
10
-4.8932442125984252
20
6.1204477952755907
11
-4.8931383858267719
21
6.1204403149606295
0
LINE
8
BLACK
6
CONTINUOUS
10
-4.8931383858267719
20
6.1204403149606295
11
-4.8926268110236215
21
6.1201920472440943
0
LINE
8
BLACK
6
CONTINUOUS
10
-4.8926268110236215
20
6.1201920472440943
11
-4.8922777952755903
21
6.1200475196850395
0
LINE
8
BLACK
6
CONTINUOUS
10
-4.8922777952755903
20
6.1200475196850395
11
-4.8922296850393696
21
6.1199993700787401
0
LINE
8
BLACK
6
CONTINUOUS
10
-4.8922296850393696
20
6.1199993700787401
11
-4.888848188976378
21
6.1183586614173224
0
LINE
8
BLACK
6
CONTINUOUS
10
-4.888848188976378
20
6.1183586614173224
11
-4.8887518897637792
21
6.1182979921259841
0
LINE
8
BLACK
6
CONTINUOUS
10
-4.8887518897637792
20
6.1182979921259841
11
-4.888706417322835
21
6.1182828740157476
0
LINE
8
BLACK
6
CONTINUOUS
10
-4.888706417322835
20
6.1182828740157476
11
-4.8886498425196852
21
6.118233779527559
0
LINE
8
BLACK
6
CONTINUOUS
10
-4.8886498425196852
20
6.118233779527559
11
-4.8883583464566929
21
6.1180503149606293
0
LINE
8
BLACK
6
CONTINUOUS
10
-4.8883583464566929
20
6.1180503149606293
11
-4.8881158661417325
21
6.1177706692913381
0
LINE
8
BLACK
6
CONTINUOUS
10
-4.8881158661417325
20
6.1177706692913381
11
-4.8878360236220475
21
6.1175280314960627
0
LINE
8
BLACK
6
CONTINUOUS
10
-4.8878360236220475
20
6.1175280314960627
11
-4.8877346850393701
21
6.1173311811023616
0
LINE
8
BLACK
6
CONTINUOUS
10
-4.8877346850393701
20
6.1173311811023616
11
-4.8876034645669293
21
6.1171799212598428
0
LINE
8
BLACK
6
CONTINUOUS
10
-4.8876034645669293
20
6.1171799212598428
11
-4.8875056692913388
21
6.1168864173228341
0
LINE
8
BLACK
6
CONTINUOUS
10
-4.8875056692913388
20
6.1168864173228341
11
-4.8856529133858269
21
6.1132886220472438
0
LINE
8
BLACK
6
CONTINUOUS
10
-4.8856529133858269
20
6.1132886220472438
11
-4.8854460236220474
21
6.1127480314960625
0
LINE
8
BLACK
6
CONTINUOUS
10
-4.8854460236220474
20
6.1127480314960625
11
-4.8854385039370074
21
6.1126421259842516
0
LINE
8
BLACK
6
CONTINUOUS
10
-4.8854385039370074
20
6.1126421259842516
11
-4.8853979133858267
21
6.1125441732283461
0
LINE
8
BLACK
6
CONTINUOUS
10
-4.8853979133858267
20
6.1125441732283461
11
-4.8853966141732279
21
6.1120523622047243
0
LINE
8
BLACK
6
CONTINUOUS
10
-4.8853966141732279
20
6.1120523622047243
11
-4.8853643700787401
21
6.1115988188976376
0
LINE
8
BLACK
6
CONTINUOUS
10
-4.8853643700787401
20
6.1115988188976376
11
-4.8853951574803149
21
6.1115064960629919
0
LINE
8
BLACK
6
CONTINUOUS
10
-4.8853951574803149
20
6.1115064960629919
11
-4.8853411811023619
21
6.0913456692913384
0
LINE
8
BLACK
6
CONTINUOUS
10
-4.8853411811023619
20
6.0913456692913384
11
-4.8853979133858267
21
6.0907696062992125
0
LINE
8
BLACK
6
CONTINUOUS
10
-4.8853979133858267
20
6.0907696062992125
11
-4.8858388188976374
21
6.0897051968503932
0
LINE
8
BLACK
6
CONTINUOUS
10
-4.8858388188976374
20
6.0897051968503932
11
-4.8866534645669288
21
6.0888905511811018
0
LINE
8
BLACK
6
CONTINUOUS
10
-4.8866534645669288
20
6.0888905511811018
11
-4.8877178740157481
21
6.0884496456692911
0
LINE
8
BLACK
6
CONTINUOUS
10
-4.8877178740157481
20
6.0884496456692911
11
-4.8888699999999998
21
6.0884496456692911
0
LINE
8
BLACK
6
CONTINUOUS
10
-4.8888699999999998
20
6.0884496456692911
11
-4.8899344094488191
21
6.0888905511811018
0
LINE
8
BLACK
6
CONTINUOUS
10
-4.8899344094488191
20
6.0888905511811018
11
-4.8907490551181105
21
6.0897051968503932
0
LINE
8
BLACK
6
CONTINUOUS
10
-4.8907490551181105
20
6.0897051968503932
11
-4.8911899606299212
21
6.0907696062992125
0
LINE
8
BLACK
6
CONTINUOUS
10
-4.8911899606299212
20
6.0907696062992125
11
-4.8912450787401571
21
6.1113586614173228
0
LINE
8
BLACK
6
CONTINUOUS
10
-4.8912450787401571
20
6.1113586614173228
11
-4.8923811417322831
21
6.1135648031496066
0
LINE
8
BLACK
6
CONTINUOUS
10
-4.8923811417322831
20
6.1135648031496066
11
-4.894687874015748
21
6.1146840551181105
0
LINE
8
BLACK
6
CONTINUOUS
10
-4.894687874015748
20
6.1146840551181105
11
-4.898925354330709
21
6.1146452755905507
0
LINE
8
BLACK
6
CONTINUOUS
10
-4.898925354330709
20
6.1146452755905507
11
-4.9011392519685035
21
6.1135051968503937
0
LINE
8
BLACK
6
CONTINUOUS
10
-4.9011392519685035
20
6.1135051968503937
11
-4.9022672047244091
21
6.1111806299212601
0
LINE
8
BLACK
6
CONTINUOUS
10
-4.9022672047244091
20
6.1111806299212601
11
-4.9022140944881887
21
6.0913456692913384
0
LINE
8
BLACK
6
CONTINUOUS
10
-4.9022140944881887
20
6.0913456692913384
11
-4.9022708267716535
21
6.0907696062992125
0
LINE
8
BLACK
6
CONTINUOUS
10
-4.9022708267716535
20
6.0907696062992125
11
-4.9027117322834641
21
6.0897051968503932
0
LINE
8
BLACK
6
CONTINUOUS
10
-4.9027117322834641
20
6.0897051968503932
11
-4.9035263779527556
21
6.0888905511811018
0
LINE
8
BLACK
6
CONTINUOUS
10
-4.9035263779527556
20
6.0888905511811018
11
-4.9045907874015748
21
6.0884496456692911
0
LINE
8
BLACK
6
CONTINUOUS
10
-4.9045907874015748
20
6.0884496456692911
11
-4.9057429133858266
21
6.0884496456692911
0
LINE
8
BLACK
6
CONTINUOUS
10
-4.9057429133858266
20
6.0884496456692911
11
-4.9068073228346458
21
6.0888905511811018
0
LINE
8
BLACK
6
CONTINUOUS
10
-4.9068073228346458
20
6.0888905511811018
11
-4.9076219685039373
21
6.0897051968503932
0
LINE
8
BLACK
6
CONTINUOUS
10
-4.9076219685039373
20
6.0897051968503932
11
-4.9080628740157479
21
6.0907696062992125
0
LINE
8
BLACK
6
CONTINUOUS
10
-4.9080628740157479
20
6.0907696062992125
11
-4.9081179921259839
21
6.1113586614173228
0
LINE
8
BLACK
6
CONTINUOUS
10
-4.9081179921259839
20
6.1113586614173228
11
-4.9092540551181099
21
6.1135647637795278
0
LINE
8
BLACK
6
CONTINUOUS
10
-4.9092540551181099
20
6.1135647637795278
11
-4.911560748031496
21
6.1146840551181105
0
LINE
8
BLACK
6
CONTINUOUS
10
-4.911560748031496
20
6.1146840551181105
11
-4.915798228346457
21
6.1146452755905507
0
LINE
8
BLACK
6
CONTINUOUS
10
-4.915798228346457
20
6.1146452755905507
11
-4.9185091338582678
21
6.1132492913385823
0
LINE
8
BLACK
6
CONTINUOUS
10
-4.9185091338582678
20
6.1132492913385823
11
-4.9191319685039367
21
6.1126041732283465
0
LINE
8
BLACK
6
CONTINUOUS
10
-4.9191319685039367
20
6.1126041732283465
11
-4.9190869685039367
21
6.0913456692913384
0
LINE
8
BLACK
6
CONTINUOUS
10
-4.9190869685039367
20
6.0913456692913384
11
-4.9191437007874015
21
6.0907696062992125
0
LINE
8
BLACK
6
CONTINUOUS
10
-4.9191437007874015
20
6.0907696062992125
11
-4.9195846062992121
21
6.0897051968503932
0
LINE
8
BLACK
6
CONTINUOUS
10
-4.9195846062992121
20
6.0897051968503932
11
-4.9203992519685036
21
6.0888905511811018
0
LINE
8
BLACK
6
CONTINUOUS
10
-4.9203992519685036
20
6.0888905511811018
11
-4.9214636614173228
21
6.0884496456692911
0
LINE
8
BLACK
6
CONTINUOUS
10
-4.9214636614173228
20
6.0884496456692911
11
-4.9226157874015746
21
6.0884496456692911
0
LINE
8
BLACK
6
CONTINUOUS
10
-4.9226157874015746
20
6.0884496456692911
11
-4.9236801968503938
21
6.0888905511811018
0
LINE
8
BLACK
6
CONTINUOUS
10
-4.9236801968503938
20
6.0888905511811018
11
-4.9244948425196853
21
6.0897051968503932
0
LINE
8
BLACK
6
CONTINUOUS
10
-4.9244948425196853
20
6.0897051968503932
11
-4.9249357480314959
21
6.0907696062992125
0
LINE
8
BLACK
6
CONTINUOUS
10
-4.9249357480314959
20
6.0907696062992125
11
-4.9249924803149607
21
6.1175924015748029
0
LINE
8
BLACK
6
CONTINUOUS
10
-4.9249924803149607
20
6.1175924015748029
11
-4.9249357480314959
21
6.1181684645669288
0
LINE
8
BLACK
6
CONTINUOUS
10
-4.9249357480314959
20
6.1181684645669288
11
-4.9244948425196853
21
6.119232874015748
0
LINE
8
BLACK
6
CONTINUOUS
10
-4.9244948425196853
20
6.119232874015748
11
-4.9236801968503938
21
6.1200475196850395
0
LINE
8
BLACK
6
CONTINUOUS
10
-4.9236801968503938
20
6.1200475196850395
11
-4.9226157874015746
21
6.1204884251968501
0
LINE
8
BLACK
6
CONTINUOUS
10
-4.9226157874015746
20
6.1204884251968501
11
-4.9214636614173228
21
6.1204884251968501
0
LINE
8
BLACK
6
CONTINUOUS
10
-4.9214636614173228
20
6.1204884251968501
11
-4.9203992519685036
21
6.1200475196850395
0
LINE
8
BLACK
6
CONTINUOUS
10
-4.9203992519685036
20
6.1200475196850395
11
-4.9196166929133858
21
6.119264921259842
0
LINE
8
BLACK
6
CONTINUOUS
10
-4.9196166929133858
20
6.119264921259842
11
-4.9177359448818896
21
6.12023342519685
0
LINE
8
BLACK
6
CONTINUOUS
10
-4.9177359448818896
20
6.12023342519685
11
-4.9171953543307083
21
6.1204403149606295
0
LINE
8
BLACK
6
CONTINUOUS
10
-4.9171953543307083
20
6.1204403149606295
11
-4.9170894881889762
21
6.1204478346456694
0
LINE
8
BLACK
6
CONTINUOUS
10
-4.9170894881889762
20
6.1204478346456694
11
-4.9169914960629919
21
6.1204884251968501
0
LINE
8
BLACK
6
CONTINUOUS
10
-4.9169914960629919
20
6.1204884251968501
11
-4.9164483070866138
21
6.1204933858267712
0
LINE
8
BLACK
6
CONTINUOUS
10
-4.9164483070866138
20
6.1204933858267712
11
-4.9160461417322834
21
6.1205219685039367
0
LINE
8
BLACK
6
CONTINUOUS
10
-4.9160461417322834
20
6.1205219685039367
11
-4.9159734645669291
21
6.1204977165354331
0
LINE
8
BLACK
6
CONTINUOUS
10
-4.9159734645669291
20
6.1204977165354331
11
-4.9107911417322834
21
6.1205451574803149
0
LINE
8
BLACK
6
CONTINUOUS
10
-4.9107911417322834
20
6.1205451574803149
11
-4.9102150787401575
21
6.1204884251968501
0
LINE
8
BLACK
6
CONTINUOUS
10
-4.9102150787401575
20
6.1204884251968501
11
-4.9101170866141732
21
6.1204477952755907
0
LINE
8
BLACK
6
CONTINUOUS
10
-4.9101170866141732
20
6.1204477952755907
11
-4.9100112598425198
21
6.1204403149606295
0
LINE
8
BLACK
6
CONTINUOUS
10
-4.9100112598425198
20
6.1204403149606295
11
-4.9094997244094492
21
6.120192086614173
0
LINE
8
BLACK
6
CONTINUOUS
10
-4.9094997244094492
20
6.120192086614173
11
-4.9091506692913383
21
6.1200475196850395
0
LINE
8
BLACK
6
CONTINUOUS
10
-4.9091506692913383
20
6.1200475196850395
11
-4.9091025590551176
21
6.1199993700787401
0
LINE
8
BLACK
6
CONTINUOUS
10
-4.9091025590551176
20
6.1199993700787401
11
-4.9057211023622047
21
6.1183586614173224
0
LINE
8
BLACK
6
CONTINUOUS
10
-4.9057211023622047
20
6.1183586614173224
11
-4.9056247637795272
21
6.1182979921259841
0
LINE
8
BLACK
6
CONTINUOUS
10
-4.9056247637795272
20
6.1182979921259841
11
-4.9055793307086617
21
6.1182828740157476
0
LINE
8
BLACK
6
CONTINUOUS
10
-4.9055793307086617
20
6.1182828740157476
11
-4.9055227952755907
21
6.1182338188976377
0
LINE
8
BLACK
6
CONTINUOUS
10
-4.9055227952755907
20
6.1182338188976377
11
-4.9052312204724409
21
6.1180503149606293
0
LINE
8
BLACK
6
CONTINUOUS
10
-4.9052312204724409
20
6.1180503149606293
11
-4.9051668503937007
21
6.1179760629921258
0
LINE
8
BLACK
6
CONTINUOUS
10
-4.9051668503937007
20
6.1179760629921258
11
-4.9051024803149605
21
6.1180503149606293
0
LINE
8
BLACK
6
CONTINUOUS
10
-4.9051024803149605
20
6.1180503149606293
11
-4.9049056692913382
21
6.1181516535433067
0
LINE
8
BLACK
6
CONTINUOUS
10
-4.9049056692913382
20
6.1181516535433067
11
-4.9047543700787397
21
6.1182828740157476
0
LINE
8
BLACK
6
CONTINUOUS
10
-4.9047543700787397
20
6.1182828740157476
11
-4.9044609055118107
21
6.1183806692913381
0
LINE
8
BLACK
6
CONTINUOUS
10
-4.9044609055118107
20
6.1183806692913381
11
-4.9008630708661416
21
6.12023342519685
0
LINE
8
BLACK
6
CONTINUOUS
10
-4.9008630708661416
20
6.12023342519685
11
-4.9003224803149603
21
6.1204403149606295
0
LINE
8
BLACK
6
CONTINUOUS
10
-4.9003224803149603
20
6.1204403149606295
11
-4.9002166141732282
21
6.1204478346456694
0
LINE
8
BLACK
6
CONTINUOUS
10
-4.9002166141732282
20
6.1204478346456694
11
-4.9001186220472439
21
6.1204884251968501
0
LINE
8
BLACK
6
CONTINUOUS
10
-4.9001186220472439
20
6.1204884251968501
11
-4.8995754330708658
21
6.1204933858267712
0
LINE
8
BLACK
6
CONTINUOUS
10
-4.8995754330708658
20
6.1204933858267712
11
-4.8991732677165354
21
6.1205219685039367
0
LINE
8
BLACK
6
CONTINUOUS
10
-4.8991732677165354
20
6.1205219685039367
11
-4.8991005905511811
21
6.1204977165354331
0
LINE
8
BLACK
6
CONTINUOUS
10
-4.8991005905511811
20
6.1204977165354331
11
-4.8939182677165354
21
6.1205451574803149
0
LINE
8
BLACK
6
CONTINUOUS
10
-4.8939182677165354
20
6.1205451574803149
11
-4.8933422047244095
21
6.1204884251968501
0
LINE
8
BLACK
6
CONTINUOUS
10
-4.8408487795275592
20
6.1204884251968501
11
-4.8407507874015749
21
6.1204477952755907
0
LINE
8
BLACK
6
CONTINUOUS
10
-4.8407507874015749
20
6.1204477952755907
11
-4.8406449606299216
21
6.1204403149606295
0
LINE
8
BLACK
6
CONTINUOUS
10
-4.8406449606299216
20
6.1204403149606295
11
-4.8401333858267712
21
6.1201920472440943
0
LINE
8
BLACK
6
CONTINUOUS
10
-4.8401333858267712
20
6.1201920472440943
11
-4.83978437007874
21
6.1200475196850395
0
LINE
8
BLACK
6
CONTINUOUS
10
-4.83978437007874
20
6.1200475196850395
11
-4.8397362598425193
21
6.1199993700787401
0
LINE
8
BLACK
6
CONTINUOUS
10
-4.8397362598425193
20
6.1199993700787401
11
-4.8363547637795277
21
6.1183586614173224
0
LINE
8
BLACK
6
CONTINUOUS
10
-4.8363547637795277
20
6.1183586614173224
11
-4.8362584645669289
21
6.1182979921259841
0
LINE
8
BLACK
6
CONTINUOUS
10
-4.8362584645669289
20
6.1182979921259841
11
-4.8362129921259838
21
6.1182828740157476
0
LINE
8
BLACK
6
CONTINUOUS
10
-4.8362129921259838
20
6.1182828740157476
11
-4.8361564173228349
21
6.118233779527559
0
LINE
8
BLACK
6
CONTINUOUS
10
-4.8361564173228349
20
6.118233779527559
11
-4.8358649212598426
21
6.1180503149606293
0
LINE
8
BLACK
6
CONTINUOUS
10
-4.8358649212598426
20
6.1180503149606293
11
-4.8356224409448814
21
6.1177706692913381
0
LINE
8
BLACK
6
CONTINUOUS
10
-4.8356224409448814
20
6.1177706692913381
11
-4.8353425984251963
21
6.1175280314960627
0
LINE
8
BLACK
6
CONTINUOUS
10
-4.8353425984251963
20
6.1175280314960627
11
-4.8352412598425198
21
6.1173311811023616
0
LINE
8
BLACK
6
CONTINUOUS
10
-4.8352412598425198
20
6.1173311811023616
11
-4.835110039370079
21
6.1171799212598428
0
LINE
8
BLACK
6
CONTINUOUS
10
-4.835110039370079
20
6.1171799212598428
11
-4.8350122440944885
21
6.1168864173228341
0
LINE
8
BLACK
6
CONTINUOUS
10
-4.8350122440944885
20
6.1168864173228341
11
-4.8331594881889766
21
6.1132886220472438
0
LINE
8
BLACK
6
CONTINUOUS
10
-4.8331594881889766
20
6.1132886220472438
11
-4.8329525984251971
21
6.1127480314960625
0
LINE
8
BLACK
6
CONTINUOUS
10
-4.8329525984251971
20
6.1127480314960625
11
-4.8329450787401571
21
6.1126421259842516
0
LINE
8
BLACK
6
CONTINUOUS
10
-4.8329450787401571
20
6.1126421259842516
11
-4.8329044881889764
21
6.1125441732283461
0
LINE
8
BLACK
6
CONTINUOUS
10
-4.8329044881889764
20
6.1125441732283461
11
-4.8329031889763776
21
6.1120523622047243
0
LINE
8
BLACK
6
CONTINUOUS
10
-4.8329031889763776
20
6.1120523622047243
11
-4.8328709448818898
21
6.1115988188976376
0
LINE
8
BLACK
6
CONTINUOUS
10
-4.8328709448818898
20
6.1115988188976376
11
-4.8329017322834646
21
6.1115064960629919
0
LINE
8
BLACK
6
CONTINUOUS
10
-4.8329017322834646
20
6.1115064960629919
11
-4.8328477559055116
21
6.0913456692913384
0
LINE
8
BLACK
6
CONTINUOUS
10
-4.8328477559055116
20
6.0913456692913384
11
-4.8329044881889764
21
6.0907696062992125
0
LINE
8
BLACK
6
CONTINUOUS
10
-4.8329044881889764
20
6.0907696062992125
11
-4.8333453937007871
21
6.0897051968503932
0
LINE
8
BLACK
6
CONTINUOUS
10
-4.8333453937007871
20
6.0897051968503932
11
-4.8341600393700785
21
6.0888905511811018
0
LINE
8
BLACK
6
CONTINUOUS
10
-4.8341600393700785
20
6.0888905511811018
11
-4.8352244488188978
21
6.0884496456692911
0
LINE
8
BLACK
6
CONTINUOUS
10
-4.8352244488188978
20
6.0884496456692911
11
-4.8363765748031495
21
6.0884496456692911
0
LINE
8
BLACK
6
CONTINUOUS
10
-4.8363765748031495
20
6.0884496456692911
11
-4.8374409842519688
21
6.0888905511811018
0
LINE
8
BLACK
6
CONTINUOUS
10
-4.8374409842519688
20
6.0888905511811018
11
-4.8382556299212593
21
6.0897051968503932
0
LINE
8
BLACK
6
CONTINUOUS
10
-4.8382556299212593
20
6.0897051968503932
11
-4.8386965354330709
21
6.0907696062992125
0
LINE
8
BLACK
6
CONTINUOUS
10
-4.8386965354330709
20
6.0907696062992125
11
-4.8387516535433068
21
6.1113586614173228
0
LINE
8
BLACK
6
CONTINUOUS
10
-4.8387516535433068
20
6.1113586614173228
11
-4.8398877165354328
21
6.1135648031496066
0
LINE
8
BLACK
6
CONTINUOUS
10
-4.8398877165354328
20
6.1135648031496066
11
-4.8421944488188977
21
6.1146840551181105
0
LINE
8
BLACK
6
CONTINUOUS
10
-4.8421944488188977
20
6.1146840551181105
11
-4.8464319291338578
21
6.1146452755905507
0
LINE
8
BLACK
6
CONTINUOUS
10
-4.8464319291338578
20
6.1146452755905507
11
-4.8486458267716532
21
6.1135051968503937
0
LINE
8
BLACK
6
CONTINUOUS
10
-4.8486458267716532
20
6.1135051968503937
11
-4.8497737795275588
21
6.1111806299212601
0
LINE
8
BLACK
6
CONTINUOUS
10
-4.8497737795275588
20
6.1111806299212601
11
-4.8497206692913384
21
6.0913456692913384
0
LINE
8
BLACK
6
CONTINUOUS
10
-4.8497206692913384
20
6.0913456692913384
11
-4.8497774015748032
21
6.0907696062992125
0
LINE
8
BLACK
6
CONTINUOUS
10
-4.8497774015748032
20
6.0907696062992125
11
-4.8502183070866138
21
6.0897051968503932
0
LINE
8
BLACK
6
CONTINUOUS
10
-4.8502183070866138
20
6.0897051968503932
11
-4.8510329527559053
21
6.0888905511811018
0
LINE
8
BLACK
6
CONTINUOUS
10
-4.8510329527559053
20
6.0888905511811018
11
-4.8520973622047245
21
6.0884496456692911
0
LINE
8
BLACK
6
CONTINUOUS
10
-4.8520973622047245
20
6.0884496456692911
11
-4.8532494881889763
21
6.0884496456692911
0
LINE
8
BLACK
6
CONTINUOUS
10
-4.8532494881889763
20
6.0884496456692911
11
-4.8543138976377955
21
6.0888905511811018
0
LINE
8
BLACK
6
CONTINUOUS
10
-4.8543138976377955
20
6.0888905511811018
11
-4.8551285433070861
21
6.0897051968503932
0
LINE
8
BLACK
6
CONTINUOUS
10
-4.8551285433070861
20
6.0897051968503932
11
-4.8555694488188976
21
6.0907696062992125
0
LINE
8
BLACK
6
CONTINUOUS
10
-4.8555694488188976
20
6.0907696062992125
11
-4.8556245669291336
21
6.1113586614173228
0
LINE
8
BLACK
6
CONTINUOUS
10
-4.8556245669291336
20
6.1113586614173228
11
-4.8567606299212596
21
6.1135647637795278
0
LINE
8
BLACK
6
CONTINUOUS
10
-4.8567606299212596
20
6.1135647637795278
11
-4.8590673228346457
21
6.1146840551181105
0
LINE
8
BLACK
6
CONTINUOUS
10
-4.8590673228346457
20
6.1146840551181105
11
-4.8633048031496058
21
6.1146452755905507
0
LINE
8
BLACK
6
CONTINUOUS
10
-4.8633048031496058
20
6.1146452755905507
11
-4.8660157086614175
21
6.1132492913385823
0
LINE
8
BLACK
6
CONTINUOUS
10
-4.8660157086614175
20
6.1132492913385823
11
-4.8666385433070865
21
6.1126041732283465
0
LINE
8
BLACK
6
CONTINUOUS
10
-4.8666385433070865
20
6.1126041732283465
11
-4.8665935433070864
21
6.0913456692913384
0
LINE
8
BLACK
6
CONTINUOUS
10
-4.8665935433070864
20
6.0913456692913384
11
-4.8666502755905512
21
6.0907696062992125
0
LINE
8
BLACK
6
CONTINUOUS
10
-4.8666502755905512
20
6.0907696062992125
11
-4.8670911811023618
21
6.0897051968503932
0
LINE
8
BLACK
6
CONTINUOUS
10
-4.8670911811023618
20
6.0897051968503932
11
-4.8679058267716533
21
6.0888905511811018
0
LINE
8
BLACK
6
CONTINUOUS
10
-4.8679058267716533
20
6.0888905511811018
11
-4.8689702362204725
21
6.0884496456692911
0
LINE
8
BLACK
6
CONTINUOUS
10
-4.8689702362204725
20
6.0884496456692911
11
-4.8701223622047243
21
6.0884496456692911
0
LINE
8
BLACK
6
CONTINUOUS
10
-4.8701223622047243
20
6.0884496456692911
11
-4.8711867716535435
21
6.0888905511811018
0
LINE
8
BLACK
6
CONTINUOUS
10
-4.8711867716535435
20
6.0888905511811018
11
-4.8720014173228341
21
6.0897051968503932
0
LINE
8
BLACK
6
CONTINUOUS
10
-4.8720014173228341
20
6.0897051968503932
11
-4.8724423228346456
21
6.0907696062992125
0
LINE
8
BLACK
6
CONTINUOUS
10
-4.8724423228346456
20
6.0907696062992125
11
-4.8724990551181104
21
6.1175924015748029
0
LINE
8
BLACK
6
CONTINUOUS
10
-4.8724990551181104
20
6.1175924015748029
11
-4.8724423228346456
21
6.1181684645669288
0
LINE
8
BLACK
6
CONTINUOUS
10
-4.8724423228346456
20
6.1181684645669288
11
-4.8720014173228341
21
6.119232874015748
0
LINE
8
BLACK
6
CONTINUOUS
10
-4.8720014173228341
20
6.119232874015748
11
-4.8711867716535435
21
6.1200475196850395
0
LINE
8
BLACK
6
CONTINUOUS
10
-4.8711867716535435
20
6.1200475196850395
11
-4.8701223622047243
21
6.1204884251968501
0
LINE
8
BLACK
6
CONTINUOUS
10
-4.8701223622047243
20
6.1204884251968501
11
-4.8689702362204725
21
6.1204884251968501
0
LINE
8
BLACK
6
CONTINUOUS
10
-4.8689702362204725
20
6.1204884251968501
11
-4.8679058267716533
21
6.1200475196850395
0
LINE
8
BLACK
6
CONTINUOUS
10
-4.8679058267716533
20
6.1200475196850395
11
-4.8671232677165355
21
6.119264921259842
0
LINE
8
BLACK
6
CONTINUOUS
10
-4.8671232677165355
20
6.119264921259842
11
-4.8652425196850393
21
6.12023342519685
0
LINE
8
BLACK
6
CONTINUOUS
10
-4.8652425196850393
20
6.12023342519685
11
-4.864701929133858
21
6.1204403149606295
0
LINE
8
BLACK
6
CONTINUOUS
10
-4.864701929133858
20
6.1204403149606295
11
-4.8645960629921259
21
6.1204478346456694
0
LINE
8
BLACK
6
CONTINUOUS
10
-4.8645960629921259
20
6.1204478346456694
11
-4.8644980708661416
21
6.1204884251968501
0
LINE
8
BLACK
6
CONTINUOUS
10
-4.8644980708661416
20
6.1204884251968501
11
-4.8639548818897635
21
6.1204933858267712
0
LINE
8
BLACK
6
CONTINUOUS
10
-4.8639548818897635
20
6.1204933858267712
11
-4.8635527165354331
21
6.1205219685039367
0
LINE
8
BLACK
6
CONTINUOUS
10
-4.8635527165354331
20
6.1205219685039367
11
-4.8634800393700788
21
6.1204977165354331
0
LINE
8
BLACK
6
CONTINUOUS
10
-4.8634800393700788
20
6.1204977165354331
11
-4.8582977165354331
21
6.1205451574803149
0
LINE
8
BLACK
6
CONTINUOUS
10
-4.8582977165354331
20
6.1205451574803149
11
-4.8577216535433072
21
6.1204884251968501
0
LINE
8
BLACK
6
CONTINUOUS
10
-4.8577216535433072
20
6.1204884251968501
11
-4.8576236614173229
21
6.1204477952755907
0
LINE
8
BLACK
6
CONTINUOUS
10
-4.8576236614173229
20
6.1204477952755907
11
-4.8575178346456696
21
6.1204403149606295
0
LINE
8
BLACK
6
CONTINUOUS
10
-4.8575178346456696
20
6.1204403149606295
11
-4.857006299212598
21
6.120192086614173
0
LINE
8
BLACK
6
CONTINUOUS
10
-4.857006299212598
20
6.120192086614173
11
-4.856657244094488
21
6.1200475196850395
0
LINE
8
BLACK
6
CONTINUOUS
10
-4.856657244094488
20
6.1200475196850395
11
-4.8566091338582673
21
6.1199993700787401
0
LINE
8
BLACK
6
CONTINUOUS
10
-4.8566091338582673
20
6.1199993700787401
11
-4.8532276771653544
21
6.1183586614173224
0
LINE
8
BLACK
6
CONTINUOUS
10
-4.8532276771653544
20
6.1183586614173224
11
-4.8531313385826769
21
6.1182979921259841
0
LINE
8
BLACK
6
CONTINUOUS
10
-4.8531313385826769
20
6.1182979921259841
11
-4.8530859055118105
21
6.1182828740157476
0
LINE
8
BLACK
6
CONTINUOUS
10
-4.8530859055118105
20
6.1182828740157476
11
-4.8530293700787404
21
6.1182338188976377
0
LINE
8
BLACK
6
CONTINUOUS
10
-4.8530293700787404
20
6.1182338188976377
11
-4.8527377952755906
21
6.1180503149606293
0
LINE
8
BLACK
6
CONTINUOUS
10
-4.8527377952755906
20
6.1180503149606293
11
-4.8526734251968504
21
6.1179760629921258
0
LINE
8
BLACK
6
CONTINUOUS
10
-4.8526734251968504
20
6.1179760629921258
11
-4.8526090551181102
21
6.1180503149606293
0
LINE
8
BLACK
6
CONTINUOUS
10
-4.8526090551181102
20
6.1180503149606293
11
-4.8524122440944879
21
6.1181516535433067
0
LINE
8
BLACK
6
CONTINUOUS
10
-4.8524122440944879
20
6.1181516535433067
11
-4.8522609448818894
21
6.1182828740157476
0
LINE
8
BLACK
6
CONTINUOUS
10
-4.8522609448818894
20
6.1182828740157476
11
-4.8519674803149604
21
6.1183806692913381
0
LINE
8
BLACK
6
CONTINUOUS
10
-4.8519674803149604
20
6.1183806692913381
11
-4.8483696456692913
21
6.12023342519685
0
LINE
8
BLACK
6
CONTINUOUS
10
-4.8483696456692913
20
6.12023342519685
11
-4.84782905511811
21
6.1204403149606295
0
LINE
8
BLACK
6
CONTINUOUS
10
-4.84782905511811
20
6.1204403149606295
11
-4.8477231889763779
21
6.1204478346456694
0
LINE
8
BLACK
6
CONTINUOUS
10
-4.8477231889763779
20
6.1204478346456694
11
-4.8476251968503936
21
6.1204884251968501
0
LINE
8
BLACK
6
CONTINUOUS
10
-4.8476251968503936
20
6.1204884251968501
11
-4.8470820078740156
21
6.1204933858267712
0
LINE
8
BLACK
6
CONTINUOUS
10
-4.8470820078740156
20
6.1204933858267712
11
-4.8466798425196851
21
6.1205219685039367
0
LINE
8
BLACK
6
CONTINUOUS
10
-4.8466798425196851
20
6.1205219685039367
11
-4.8466071653543308
21
6.1204977165354331
0
LINE
8
BLACK
6
CONTINUOUS
10
-4.8466071653543308
20
6.1204977165354331
11
-4.8414248425196851
21
6.1205451574803149
0
LINE
8
BLACK
6
CONTINUOUS
10
-4.8414248425196851
20
6.1205451574803149
11
-4.8408487795275592
21
6.1204884251968501
0
LINE
8
BLACK
6
CONTINUOUS
10
-4.656653031496063
20
6.1204884251968501
11
-4.6565550393700788
21
6.1204477952755907
0
LINE
8
BLACK
6
CONTINUOUS
10
-4.6565550393700788
20
6.1204477952755907
11
-4.6564492125984254
21
6.1204403149606295
0
LINE
8
BLACK
6
CONTINUOUS
10
-4.6564492125984254
20
6.1204403149606295
11
-4.6559376377952759
21
6.1201920472440943
0
LINE
8
BLACK
6
CONTINUOUS
10
-4.6559376377952759
20
6.1201920472440943
11
-4.6555886220472438
21
6.1200475196850395
0
LINE
8
BLACK
6
CONTINUOUS
10
-4.6555886220472438
20
6.1200475196850395
11
-4.6555405118110231
21
6.1199993700787401
0
LINE
8
BLACK
6
CONTINUOUS
10
-4.6555405118110231
20
6.1199993700787401
11
-4.6521590157480315
21
6.1183586614173224
0
LINE
8
BLACK
6
CONTINUOUS
10
-4.6521590157480315
20
6.1183586614173224
11
-4.6520627165354327
21
6.1182979921259841
0
LINE
8
BLACK
6
CONTINUOUS
10
-4.6520627165354327
20
6.1182979921259841
11
-4.6520172440944885
21
6.1182828740157476
0
LINE
8
BLACK
6
CONTINUOUS
10
-4.6520172440944885
20
6.1182828740157476
11
-4.6519606692913387
21
6.118233779527559
0
LINE
8
BLACK
6
CONTINUOUS
10
-4.6519606692913387
20
6.118233779527559
11
-4.6516691732283464
21
6.1180503149606293
0
LINE
8
BLACK
6
CONTINUOUS
10
-4.6516691732283464
20
6.1180503149606293
11
-4.6514266929133861
21
6.1177706692913381
0
LINE
8
BLACK
6
CONTINUOUS
10
-4.6514266929133861
20
6.1177706692913381
11
-4.651146850393701
21
6.1175280314960627
0
LINE
8
BLACK
6
CONTINUOUS
10
-4.651146850393701
20
6.1175280314960627
11
-4.6510455118110237
21
6.1173311811023616
0
LINE
8
BLACK
6
CONTINUOUS
10
-4.6510455118110237
20
6.1173311811023616
11
-4.6509142913385828
21
6.1171799212598428
0
LINE
8
BLACK
6
CONTINUOUS
10
-4.6509142913385828
20
6.1171799212598428
11
-4.6508164960629923
21
6.1168864173228341
0
LINE
8
BLACK
6
CONTINUOUS
10
-4.6508164960629923
20
6.1168864173228341
11
-4.6489637401574804
21
6.1132886220472438
0
LINE
8
BLACK
6
CONTINUOUS
10
-4.6489637401574804
20
6.1132886220472438
11
-4.6487568503937009
21
6.1127480314960625
0
LINE
8
BLACK
6
CONTINUOUS
10
-4.6487568503937009
20
6.1127480314960625
11
-4.6487493307086609
21
6.1126421259842516
0
LINE
8
BLACK
6
CONTINUOUS
10
-4.6487493307086609
20
6.1126421259842516
11
-4.6487087401574803
21
6.1125441732283461
0
LINE
8
BLACK
6
CONTINUOUS
10
-4.6487087401574803
20
6.1125441732283461
11
-4.6487074409448814
21
6.1120523622047243
0
LINE
8
BLACK
6
CONTINUOUS
10
-4.6487074409448814
20
6.1120523622047243
11
-4.6486751968503937
21
6.1115988188976376
0
LINE
8
BLACK
6
CONTINUOUS
10
-4.6486751968503937
20
6.1115988188976376
11
-4.6487059842519685
21
6.1115064960629919
0
LINE
8
BLACK
6
CONTINUOUS
10
-4.6487059842519685
20
6.1115064960629919
11
-4.6486520078740154
21
6.0913456692913384
0
LINE
8
BLACK
6
CONTINUOUS
10
-4.6486520078740154
20
6.0913456692913384
11
-4.6487087401574803
21
6.0907696062992125
0
LINE
8
BLACK
6
CONTINUOUS
10
-4.6487087401574803
20
6.0907696062992125
11
-4.6491496456692909
21
6.0897051968503932
0
LINE
8
BLACK
6
CONTINUOUS
10
-4.6491496456692909
20
6.0897051968503932
11
-4.6499642913385824
21
6.0888905511811018
0
LINE
8
BLACK
6
CONTINUOUS
10
-4.6499642913385824
20
6.0888905511811018
11
-4.6510287007874016
21
6.0884496456692911
0
LINE
8
BLACK
6
CONTINUOUS
10
-4.6510287007874016
20
6.0884496456692911
11
-4.6521808267716533
21
6.0884496456692911
0
LINE
8
BLACK
6
CONTINUOUS
10
-4.6521808267716533
20
6.0884496456692911
11
-4.6532452362204726
21
6.0888905511811018
0
LINE
8
BLACK
6
CONTINUOUS
10
-4.6532452362204726
20
6.0888905511811018
11
-4.654059881889764
21
6.0897051968503932
0
LINE
8
BLACK
6
CONTINUOUS
10
-4.654059881889764
20
6.0897051968503932
11
-4.6545007874015747
21
6.0907696062992125
0
LINE
8
BLACK
6
CONTINUOUS
10
-4.6545007874015747
20
6.0907696062992125
11
-4.6545559055118106
21
6.1113586614173228
0
LINE
8
BLACK
6
CONTINUOUS
10
-4.6545559055118106
20
6.1113586614173228
11
-4.6556919685039366
21
6.1135648031496066
0
LINE
8
BLACK
6
CONTINUOUS
10
-4.6556919685039366
20
6.1135648031496066
11
-4.6579987007874015
21
6.1146840551181105
0
LINE
8
BLACK
6
CONTINUOUS
10
-4.6579987007874015
20
6.1146840551181105
11
-4.6622361811023625
21
6.1146452755905507
0
LINE
8
BLACK
6
CONTINUOUS
10
-4.6622361811023625
20
6.1146452755905507
11
-4.664450078740157
21
6.1135051968503937
0
LINE
8
BLACK
6
CONTINUOUS
10
-4.664450078740157
20
6.1135051968503937
11
-4.6655780314960626
21
6.1111806299212601
0
LINE
8
BLACK
6
CONTINUOUS
10
-4.6655780314960626
20
6.1111806299212601
11
-4.6655249212598422
21
6.0913456692913384
0
LINE
8
BLACK
6
CONTINUOUS
10
-4.6655249212598422
20
6.0913456692913384
11
-4.665581653543307
21
6.0907696062992125
0
LINE
8
BLACK
6
CONTINUOUS
10
-4.665581653543307
20
6.0907696062992125
11
-4.6660225590551176
21
6.0897051968503932
0
LINE
8
BLACK
6
CONTINUOUS
10
-4.6660225590551176
20
6.0897051968503932
11
-4.6668372047244091
21
6.0888905511811018
0
LINE
8
BLACK
6
CONTINUOUS
10
-4.6668372047244091
20
6.0888905511811018
11
-4.6679016141732284
21
6.0884496456692911
0
LINE
8
BLACK
6
CONTINUOUS
10
-4.6679016141732284
20
6.0884496456692911
11
-4.6690537401574801
21
6.0884496456692911
0
LINE
8
BLACK
6
CONTINUOUS
10
-4.6690537401574801
20
6.0884496456692911
11
-4.6701181496062993
21
6.0888905511811018
0
LINE
8
BLACK
6
CONTINUOUS
10
-4.6701181496062993
20
6.0888905511811018
11
-4.6709327952755908
21
6.0897051968503932
0
LINE
8
BLACK
6
CONTINUOUS
10
-4.6709327952755908
20
6.0897051968503932
11
-4.6713737007874014
21
6.0907696062992125
0
LINE
8
BLACK
6
CONTINUOUS
10
-4.6713737007874014
20
6.0907696062992125
11
-4.6714288188976374
21
6.1113586614173228
0
LINE
8
BLACK
6
CONTINUOUS
10
-4.6714288188976374
20
6.1113586614173228
11
-4.6725648818897634
21
6.1135647637795278
0
LINE
8
BLACK
6
CONTINUOUS
10
-4.6725648818897634
20
6.1135647637795278
11
-4.6748715748031495
21
6.1146840551181105
0
LINE
8
BLACK
6
CONTINUOUS
10
-4.6748715748031495
20
6.1146840551181105
11
-4.6791090551181105
21
6.1146452755905507
0
LINE
8
BLACK
6
CONTINUOUS
10
-4.6791090551181105
20
6.1146452755905507
11
-4.6818199606299213
21
6.1132492913385823
0
LINE
8
BLACK
6
CONTINUOUS
10
-4.6818199606299213
20
6.1132492913385823
11
-4.6824427952755903
21
6.1126041732283465
0
LINE
8
BLACK
6
CONTINUOUS
10
-4.6824427952755903
20
6.1126041732283465
11
-4.6823977952755902
21
6.0913456692913384
0
LINE
8
BLACK
6
CONTINUOUS
10
-4.6823977952755902
20
6.0913456692913384
11
-4.682454527559055
21
6.0907696062992125
0
LINE
8
BLACK
6
CONTINUOUS
10
-4.682454527559055
20
6.0907696062992125
11
-4.6828954330708656
21
6.0897051968503932
0
LINE
8
BLACK
6
CONTINUOUS
10
-4.6828954330708656
20
6.0897051968503932
11
-4.6837100787401571
21
6.0888905511811018
0
LINE
8
BLACK
6
CONTINUOUS
10
-4.6837100787401571
20
6.0888905511811018
11
-4.6847744881889763
21
6.0884496456692911
0
LINE
8
BLACK
6
CONTINUOUS
10
-4.6847744881889763
20
6.0884496456692911
11
-4.6859266141732281
21
6.0884496456692911
0
LINE
8
BLACK
6
CONTINUOUS
10
-4.6859266141732281
20
6.0884496456692911
11
-4.6869910236220473
21
6.0888905511811018
0
LINE
8
BLACK
6
CONTINUOUS
10
-4.6869910236220473
20
6.0888905511811018
11
-4.6878056692913388
21
6.0897051968503932
0
LINE
8
BLACK
6
CONTINUOUS
10
-4.6878056692913388
20
6.0897051968503932
11
-4.6882465748031494
21
6.0907696062992125
0
LINE
8
BLACK
6
CONTINUOUS
10
-4.6882465748031494
20
6.0907696062992125
11
-4.6883033070866142
21
6.1175924015748029
0
LINE
8
BLACK
6
CONTINUOUS
10
-4.6883033070866142
20
6.1175924015748029
11
-4.6882465748031494
21
6.1181684645669288
0
LINE
8
BLACK
6
CONTINUOUS
10
-4.6882465748031494
20
6.1181684645669288
11
-4.6878056692913388
21
6.119232874015748
0
LINE
8
BLACK
6
CONTINUOUS
10
-4.6878056692913388
20
6.119232874015748
11
-4.6869910236220473
21
6.1200475196850395
0
LINE
8
BLACK
6
CONTINUOUS
10
-4.6869910236220473
20
6.1200475196850395
11
-4.6859266141732281
21
6.1204884251968501
0
LINE
8
BLACK
6
CONTINUOUS
10
-4.6859266141732281
20
6.1204884251968501
11
-4.6847744881889763
21
6.1204884251968501
0
LINE
8
BLACK
6
CONTINUOUS
10
-4.6847744881889763
20
6.1204884251968501
11
-4.6837100787401571
21
6.1200475196850395
0
LINE
8
BLACK
6
CONTINUOUS
10
-4.6837100787401571
20
6.1200475196850395
11
-4.6829275196850393
21
6.119264921259842
0
LINE
8
BLACK
6
CONTINUOUS
10
-4.6829275196850393
20
6.119264921259842
11
-4.6810467716535431
21
6.12023342519685
0
LINE
8
BLACK
6
CONTINUOUS
10
-4.6810467716535431
20
6.12023342519685
11
-4.6805061811023618
21
6.1204403149606295
0
LINE
8
BLACK
6
CONTINUOUS
10
-4.6805061811023618
20
6.1204403149606295
11
-4.6804003149606297
21
6.1204478346456694
0
LINE
8
BLACK
6
CONTINUOUS
10
-4.6804003149606297
20
6.1204478346456694
11
-4.6803023228346454
21
6.1204884251968501
0
LINE
8
BLACK
6
CONTINUOUS
10
-4.6803023228346454
20
6.1204884251968501
11
-4.6797591338582674
21
6.1204933858267712
0
LINE
8
BLACK
6
CONTINUOUS
10
-4.6797591338582674
20
6.1204933858267712
11
-4.6793569685039369
21
6.1205219685039367
0
LINE
8
BLACK
6
CONTINUOUS
10
-4.6793569685039369
20
6.1205219685039367
11
-4.6792842913385826
21
6.1204977165354331
0
LINE
8
BLACK
6
CONTINUOUS
10
-4.6792842913385826
20
6.1204977165354331
11
-4.6741019685039369
21
6.1205451574803149
0
LINE
8
BLACK
6
CONTINUOUS
10
-4.6741019685039369
20
6.1205451574803149
11
-4.673525905511811
21
6.1204884251968501
0
LINE
8
BLACK
6
CONTINUOUS
10
-4.673525905511811
20
6.1204884251968501
11
-4.6734279133858267
21
6.1204477952755907
0
LINE
8
BLACK
6
CONTINUOUS
10
-4.6734279133858267
20
6.1204477952755907
11
-4.6733220866141734
21
6.1204403149606295
0
LINE
8
BLACK
6
CONTINUOUS
10
-4.6733220866141734
20
6.1204403149606295
11
-4.6728105511811027
21
6.120192086614173
0
LINE
8
BLACK
6
CONTINUOUS
10
-4.6728105511811027
20
6.120192086614173
11
-4.6724614960629918
21
6.1200475196850395
0
LINE
8
BLACK
6
CONTINUOUS
10
-4.6724614960629918
20
6.1200475196850395
11
-4.6724133858267711
21
6.1199993700787401
0
LINE
8
BLACK
6
CONTINUOUS
10
-4.6724133858267711
20
6.1199993700787401
11
-4.6690319291338582
21
6.1183586614173224
0
LINE
8
BLACK
6
CONTINUOUS
10
-4.6690319291338582
20
6.1183586614173224
11
-4.6689355905511807
21
6.1182979921259841
0
LINE
8
BLACK
6
CONTINUOUS
10
-4.6689355905511807
20
6.1182979921259841
11
-4.6688901574803152
21
6.1182828740157476
0
LINE
8
BLACK
6
CONTINUOUS
10
-4.6688901574803152
20
6.1182828740157476
11
-4.6688336220472442
21
6.1182338188976377
0
LINE
8
BLACK
6
CONTINUOUS
10
-4.6688336220472442
20
6.1182338188976377
11
-4.6685420472440944
21
6.1180503149606293
0
LINE
8
BLACK
6
CONTINUOUS
10
-4.6685420472440944
20
6.1180503149606293
11
-4.6684776771653542
21
6.1179760629921258
0
LINE
8
BLACK
6
CONTINUOUS
10
-4.6684776771653542
20
6.1179760629921258
11
-4.6684133070866141
21
6.1180503149606293
0
LINE
8
BLACK
6
CONTINUOUS
10
-4.6684133070866141
20
6.1180503149606293
11
-4.6682164960629917
21
6.1181516535433067
0
LINE
8
BLACK
6
CONTINUOUS
10
-4.6682164960629917
20
6.1181516535433067
11
-4.6680651968503932
21
6.1182828740157476
0
LINE
8
BLACK
6
CONTINUOUS
10
-4.6680651968503932
20
6.1182828740157476
11
-4.6677717322834642
21
6.1183806692913381
0
LINE
8
BLACK
6
CONTINUOUS
10
-4.6677717322834642
20
6.1183806692913381
11
-4.6641738976377951
21
6.12023342519685
0
LINE
8
BLACK
6
CONTINUOUS
10
-4.6641738976377951
20
6.12023342519685
11
-4.6636333070866138
21
6.1204403149606295
0
LINE
8
BLACK
6
CONTINUOUS
10
-4.6636333070866138
20
6.1204403149606295
11
-4.6635274409448817
21
6.1204478346456694
0
LINE
8
BLACK
6
CONTINUOUS
10
-4.6635274409448817
20
6.1204478346456694
11
-4.6634294488188974
21
6.1204884251968501
0
LINE
8
BLACK
6
CONTINUOUS
10
-4.6634294488188974
20
6.1204884251968501
11
-4.6628862598425194
21
6.1204933858267712
0
LINE
8
BLACK
6
CONTINUOUS
10
-4.6628862598425194
20
6.1204933858267712
11
-4.6624840944881889
21
6.1205219685039367
0
LINE
8
BLACK
6
CONTINUOUS
10
-4.6624840944881889
20
6.1205219685039367
11
-4.6624114173228346
21
6.1204977165354331
0
LINE
8
BLACK
6
CONTINUOUS
10
-4.6624114173228346
20
6.1204977165354331
11
-4.6572290944881889
21
6.1205451574803149
0
LINE
8
BLACK
6
CONTINUOUS
10
-4.6572290944881889
20
6.1205451574803149
11
-4.656653031496063
21
6.1204884251968501
0
LINE
8
BLACK
6
CONTINUOUS
10
-4.6041596062992127
20
6.1204884251968501
11
-4.6040616141732285
21
6.1204477952755907
0
LINE
8
BLACK
6
CONTINUOUS
10
-4.6040616141732285
20
6.1204477952755907
11
-4.6039557874015751
21
6.1204403149606295
0
LINE
8
BLACK
6
CONTINUOUS
10
-4.6039557874015751
20
6.1204403149606295
11
-4.6034442125984247
21
6.1201920472440943
0
LINE
8
BLACK
6
CONTINUOUS
10
-4.6034442125984247
20
6.1201920472440943
11
-4.6030951968503935
21
6.1200475196850395
0
LINE
8
BLACK
6
CONTINUOUS
10
-4.6030951968503935
20
6.1200475196850395
11
-4.6030470866141728
21
6.1199993700787401
0
LINE
8
BLACK
6
CONTINUOUS
10
-4.6030470866141728
20
6.1199993700787401
11
-4.5996655905511812
21
6.1183586614173224
0
LINE
8
BLACK
6
CONTINUOUS
10
-4.5996655905511812
20
6.1183586614173224
11
-4.5995692913385824
21
6.1182979921259841
0
LINE
8
BLACK
6
CONTINUOUS
10
-4.5995692913385824
20
6.1182979921259841
11
-4.5995238188976373
21
6.1182828740157476
0
LINE
8
BLACK
6
CONTINUOUS
10
-4.5995238188976373
20
6.1182828740157476
11
-4.5994672440944884
21
6.118233779527559
0
LINE
8
BLACK
6
CONTINUOUS
10
-4.5994672440944884
20
6.118233779527559
11
-4.5991757480314961
21
6.1180503149606293
0
LINE
8
BLACK
6
CONTINUOUS
10
-4.5991757480314961
20
6.1180503149606293
11
-4.5989332677165358
21
6.1177706692913381
0
LINE
8
BLACK
6
CONTINUOUS
10
-4.5989332677165358
20
6.1177706692913381
11
-4.5986534251968507
21
6.1175280314960627
0
LINE
8
BLACK
6
CONTINUOUS
10
-4.5986534251968507
20
6.1175280314960627
11
-4.5985520866141734
21
6.1173311811023616
0
LINE
8
BLACK
6
CONTINUOUS
10
-4.5985520866141734
20
6.1173311811023616
11
-4.5984208661417325
21
6.1171799212598428
0
LINE
8
BLACK
6
CONTINUOUS
10
-4.5984208661417325
20
6.1171799212598428
11
-4.598323070866142
21
6.1168864173228341
0
LINE
8
BLACK
6
CONTINUOUS
10
-4.598323070866142
20
6.1168864173228341
11
-4.5964703149606301
21
6.1132886220472438
0
LINE
8
BLACK
6
CONTINUOUS
10
-4.5964703149606301
20
6.1132886220472438
11
-4.5962634251968506
21
6.1127480314960625
0
LINE
8
BLACK
6
CONTINUOUS
10
-4.5962634251968506
20
6.1127480314960625
11
-4.5962559055118106
21
6.1126421259842516
0
LINE
8
BLACK
6
CONTINUOUS
10
-4.5962559055118106
20
6.1126421259842516
11
-4.59621531496063
21
6.1125441732283461
0
LINE
8
BLACK
6
CONTINUOUS
10
-4.59621531496063
20
6.1125441732283461
11
-4.5962140157480311
21
6.1120523622047243
0
LINE
8
BLACK
6
CONTINUOUS
10
-4.5962140157480311
20
6.1120523622047243
11
-4.5961817716535434
21
6.1115988188976376
0
LINE
8
BLACK
6
CONTINUOUS
10
-4.5961817716535434
20
6.1115988188976376
11
-4.5962125590551182
21
6.1115064960629919
0
LINE
8
BLACK
6
CONTINUOUS
10
-4.5962125590551182
20
6.1115064960629919
11
-4.5961585826771651
21
6.0913456692913384
0
LINE
8
BLACK
6
CONTINUOUS
10
-4.5961585826771651
20
6.0913456692913384
11
-4.59621531496063
21
6.0907696062992125
0
LINE
8
BLACK
6
CONTINUOUS
10
-4.59621531496063
20
6.0907696062992125
11
-4.5966562204724406
21
6.0897051968503932
0
LINE
8
BLACK
6
CONTINUOUS
10
-4.5966562204724406
20
6.0897051968503932
11
-4.5974708661417321
21
6.0888905511811018
0
LINE
8
BLACK
6
CONTINUOUS
10
-4.5974708661417321
20
6.0888905511811018
11
-4.5985352755905513
21
6.0884496456692911
0
LINE
8
BLACK
6
CONTINUOUS
10
-4.5985352755905513
20
6.0884496456692911
11
-4.599687401574803
21
6.0884496456692911
0
LINE
8
BLACK
6
CONTINUOUS
10
-4.599687401574803
20
6.0884496456692911
11
-4.6007518110236223
21
6.0888905511811018
0
LINE
8
BLACK
6
CONTINUOUS
10
-4.6007518110236223
20
6.0888905511811018
11
-4.6015664566929129
21
6.0897051968503932
0
LINE
8
BLACK
6
CONTINUOUS
10
-4.6015664566929129
20
6.0897051968503932
11
-4.6020073622047244
21
6.0907696062992125
0
LINE
8
BLACK
6
CONTINUOUS
10
-4.6020073622047244
20
6.0907696062992125
11
-4.6020624803149603
21
6.1113586614173228
0
LINE
8
BLACK
6
CONTINUOUS
10
-4.6020624803149603
20
6.1113586614173228
11
-4.6031985433070863
21
6.1135648031496066
0
LINE
8
BLACK
6
CONTINUOUS
10
-4.6031985433070863
20
6.1135648031496066
11
-4.6055052755905512
21
6.1146840551181105
0
LINE
8
BLACK
6
CONTINUOUS
10
-4.6055052755905512
20
6.1146840551181105
11
-4.6097427559055113
21
6.1146452755905507
0
LINE
8
BLACK
6
CONTINUOUS
10
-4.6097427559055113
20
6.1146452755905507
11
-4.6119566535433068
21
6.1135051968503937
0
LINE
8
BLACK
6
CONTINUOUS
10
-4.6119566535433068
20
6.1135051968503937
11
-4.6130846062992124
21
6.1111806299212601
0
LINE
8
BLACK
6
CONTINUOUS
10
-4.6130846062992124
20
6.1111806299212601
11
-4.6130314960629919
21
6.0913456692913384
0
LINE
8
BLACK
6
CONTINUOUS
10
-4.6130314960629919
20
6.0913456692913384
11
-4.6130882283464567
21
6.0907696062992125
0
LINE
8
BLACK
6
CONTINUOUS
10
-4.6130882283464567
20
6.0907696062992125
11
-4.6135291338582674
21
6.0897051968503932
0
LINE
8
BLACK
6
CONTINUOUS
10
-4.6135291338582674
20
6.0897051968503932
11
-4.6143437795275588
21
6.0888905511811018
0
LINE
8
BLACK
6
CONTINUOUS
10
-4.6143437795275588
20
6.0888905511811018
11
-4.6154081889763781
21
6.0884496456692911
0
LINE
8
BLACK
6
CONTINUOUS
10
-4.6154081889763781
20
6.0884496456692911
11
-4.6165603149606298
21
6.0884496456692911
0
LINE
8
BLACK
6
CONTINUOUS
10
-4.6165603149606298
20
6.0884496456692911
11
-4.617624724409449
21
6.0888905511811018
0
LINE
8
BLACK
6
CONTINUOUS
10
-4.617624724409449
20
6.0888905511811018
11
-4.6184393700787396
21
6.0897051968503932
0
LINE
8
BLACK
6
CONTINUOUS
10
-4.6184393700787396
20
6.0897051968503932
11
-4.6188802755905511
21
6.0907696062992125
0
LINE
8
BLACK
6
CONTINUOUS
10
-4.6188802755905511
20
6.0907696062992125
11
-4.6189353937007871
21
6.1113586614173228
0
LINE
8
BLACK
6
CONTINUOUS
10
-4.6189353937007871
20
6.1113586614173228
11
-4.6200714566929131
21
6.1135647637795278
0
LINE
8
BLACK
6
CONTINUOUS
10
-4.6200714566929131
20
6.1135647637795278
11
-4.6223781496062992
21
6.1146840551181105
0
LINE
8
BLACK
6
CONTINUOUS
10
-4.6223781496062992
20
6.1146840551181105
11
-4.6266156299212593
21
6.1146452755905507
0
LINE
8
BLACK
6
CONTINUOUS
10
-4.6266156299212593
20
6.1146452755905507
11
-4.629326535433071
21
6.1132492913385823
0
LINE
8
BLACK
6
CONTINUOUS
10
-4.629326535433071
20
6.1132492913385823
11
-4.62994937007874
21
6.1126041732283465
0
LINE
8
BLACK
6
CONTINUOUS
10
-4.62994937007874
20
6.1126041732283465
11
-4.6299043700787399
21
6.0913456692913384
0
LINE
8
BLACK
6
CONTINUOUS
10
-4.6299043700787399
20
6.0913456692913384
11
-4.6299611023622047
21
6.0907696062992125
0
LINE
8
BLACK
6
CONTINUOUS
10
-4.6299611023622047
20
6.0907696062992125
11
-4.6304020078740153
21
6.0897051968503932
0
LINE
8
BLACK
6
CONTINUOUS
10
-4.6304020078740153
20
6.0897051968503932
11
-4.6312166535433068
21
6.0888905511811018
0
LINE
8
BLACK
6
CONTINUOUS
10
-4.6312166535433068
20
6.0888905511811018
11
-4.6322810629921261
21
6.0884496456692911
0
LINE
8
BLACK
6
CONTINUOUS
10
-4.6322810629921261
20
6.0884496456692911
11
-4.6334331889763778
21
6.0884496456692911
0
LINE
8
BLACK
6
CONTINUOUS
10
-4.6334331889763778
20
6.0884496456692911
11
-4.634497598425197
21
6.0888905511811018
0
LINE
8
BLACK
6
CONTINUOUS
10
-4.634497598425197
20
6.0888905511811018
11
-4.6353122440944885
21
6.0897051968503932
0
LINE
8
BLACK
6
CONTINUOUS
10
-4.6353122440944885
20
6.0897051968503932
11
-4.6357531496062991
21
6.0907696062992125
0
LINE
8
BLACK
6
CONTINUOUS
10
-4.6357531496062991
20
6.0907696062992125
11
-4.635809881889764
21
6.1175924015748029
0
LINE
8
BLACK
6
CONTINUOUS
10
-4.635809881889764
20
6.1175924015748029
11
-4.6357531496062991
21
6.1181684645669288
0
LINE
8
BLACK
6
CONTINUOUS
10
-4.6357531496062991
20
6.1181684645669288
11
-4.6353122440944885
21
6.119232874015748
0
LINE
8
BLACK
6
CONTINUOUS
10
-4.6353122440944885
20
6.119232874015748
11
-4.634497598425197
21
6.1200475196850395
0
LINE
8
BLACK
6
CONTINUOUS
10
-4.634497598425197
20
6.1200475196850395
11
-4.6334331889763778
21
6.1204884251968501
0
LINE
8
BLACK
6
CONTINUOUS
10
-4.6334331889763778
20
6.1204884251968501
11
-4.6322810629921261
21
6.1204884251968501
0
LINE
8
BLACK
6
CONTINUOUS
10
-4.6322810629921261
20
6.1204884251968501
11
-4.6312166535433068
21
6.1200475196850395
0
LINE
8
BLACK
6
CONTINUOUS
10
-4.6312166535433068
20
6.1200475196850395
11
-4.630434094488189
21
6.119264921259842
0
LINE
8
BLACK
6
CONTINUOUS
10
-4.630434094488189
20
6.119264921259842
11
-4.6285533464566928
21
6.12023342519685
0
LINE
8
BLACK
6
CONTINUOUS
10
-4.6285533464566928
20
6.12023342519685
11
-4.6280127559055115
21
6.1204403149606295
0
LINE
8
BLACK
6
CONTINUOUS
10
-4.6280127559055115
20
6.1204403149606295
11
-4.6279068897637794
21
6.1204478346456694
0
LINE
8
BLACK
6
CONTINUOUS
10
-4.6279068897637794
20
6.1204478346456694
11
-4.6278088976377951
21
6.1204884251968501
0
LINE
8
BLACK
6
CONTINUOUS
10
-4.6278088976377951
20
6.1204884251968501
11
-4.6272657086614171
21
6.1204933858267712
0
LINE
8
BLACK
6
CONTINUOUS
10
-4.6272657086614171
20
6.1204933858267712
11
-4.6268635433070866
21
6.1205219685039367
0
LINE
8
BLACK
6
CONTINUOUS
10
-4.6268635433070866
20
6.1205219685039367
11
-4.6267908661417323
21
6.1204977165354331
0
LINE
8
BLACK
6
CONTINUOUS
10
-4.6267908661417323
20
6.1204977165354331
11
-4.6216085433070866
21
6.1205451574803149
0
LINE
8
BLACK
6
CONTINUOUS
10
-4.6216085433070866
20
6.1205451574803149
11
-4.6210324803149607
21
6.1204884251968501
0
LINE
8
BLACK
6
CONTINUOUS
10
-4.6210324803149607
20
6.1204884251968501
11
-4.6209344881889765
21
6.1204477952755907
0
LINE
8
BLACK
6
CONTINUOUS
10
-4.6209344881889765
20
6.1204477952755907
11
-4.6208286614173231
21
6.1204403149606295
0
LINE
8
BLACK
6
CONTINUOUS
10
-4.6208286614173231
20
6.1204403149606295
11
-4.6203171259842515
21
6.120192086614173
0
LINE
8
BLACK
6
CONTINUOUS
10
-4.6203171259842515
20
6.120192086614173
11
-4.6199680708661415
21
6.1200475196850395
0
LINE
8
BLACK
6
CONTINUOUS
10
-4.6199680708661415
20
6.1200475196850395
11
-4.6199199606299208
21
6.1199993700787401
0
LINE
8
BLACK
6
CONTINUOUS
10
-4.6199199606299208
20
6.1199993700787401
11
-4.6165385039370079
21
6.1183586614173224
0
LINE
8
BLACK
6
CONTINUOUS
10
-4.6165385039370079
20
6.1183586614173224
11
-4.6164421653543304
21
6.1182979921259841
0
LINE
8
BLACK
6
CONTINUOUS
10
-4.6164421653543304
20
6.1182979921259841
11
-4.616396732283464
21
6.1182828740157476
0
LINE
8
BLACK
6
CONTINUOUS
10
-4.616396732283464
20
6.1182828740157476
11
-4.6163401968503939
21
6.1182338188976377
0
LINE
8
BLACK
6
CONTINUOUS
10
-4.6163401968503939
20
6.1182338188976377
11
-4.6160486220472441
21
6.1180503149606293
0
LINE
8
BLACK
6
CONTINUOUS
10
-4.6160486220472441
20
6.1180503149606293
11
-4.6159842519685039
21
6.1179760629921258
0
LINE
8
BLACK
6
CONTINUOUS
10
-4.6159842519685039
20
6.1179760629921258
11
-4.6159198818897638
21
6.1180503149606293
0
LINE
8
BLACK
6
CONTINUOUS
10
-4.6159198818897638
20
6.1180503149606293
11
-4.6157230708661414
21
6.1181516535433067
0
LINE
8
BLACK
6
CONTINUOUS
10
-4.6157230708661414
20
6.1181516535433067
11
-4.6155717716535429
21
6.1182828740157476
0
LINE
8
BLACK
6
CONTINUOUS
10
-4.6155717716535429
20
6.1182828740157476
11
-4.6152783070866139
21
6.1183806692913381
0
LINE
8
BLACK
6
CONTINUOUS
10
-4.6152783070866139
20
6.1183806692913381
11
-4.6116804724409448
21
6.12023342519685
0
LINE
8
BLACK
6
CONTINUOUS
10
-4.6116804724409448
20
6.12023342519685
11
-4.6111398818897635
21
6.1204403149606295
0
LINE
8
BLACK
6
CONTINUOUS
10
-4.6111398818897635
20
6.1204403149606295
11
-4.6110340157480314
21
6.1204478346456694
0
LINE
8
BLACK
6
CONTINUOUS
10
-4.6110340157480314
20
6.1204478346456694
11
-4.6109360236220471
21
6.1204884251968501
0
LINE
8
BLACK
6
CONTINUOUS
10
-4.6109360236220471
20
6.1204884251968501
11
-4.6103928346456691
21
6.1204933858267712
0
LINE
8
BLACK
6
CONTINUOUS
10
-4.6103928346456691
20
6.1204933858267712
11
-4.6099906692913386
21
6.1205219685039367
0
LINE
8
BLACK
6
CONTINUOUS
10
-4.6099906692913386
20
6.1205219685039367
11
-4.6099179921259843
21
6.1204977165354331
0
LINE
8
BLACK
6
CONTINUOUS
10
-4.6099179921259843
20
6.1204977165354331
11
-4.6047356692913386
21
6.1205451574803149
0
LINE
8
BLACK
6
CONTINUOUS
10
-4.6047356692913386
20
6.1205451574803149
11
-4.6041596062992127
21
6.1204884251968501
0
LINE
8
BLACK
6
CONTINUOUS
10
-4.262952244094488
20
6.1204884251968501
11
-4.2628542519685038
21
6.1204477952755907
0
LINE
8
BLACK
6
CONTINUOUS
10
-4.2628542519685038
20
6.1204477952755907
11
-4.2627484251968504
21
6.1204403149606295
0
LINE
8
BLACK
6
CONTINUOUS
10
-4.2627484251968504
20
6.1204403149606295
11
-4.2622368503937009
21
6.1201920472440943
0
LINE
8
BLACK
6
CONTINUOUS
10
-4.2622368503937009
20
6.1201920472440943
11
-4.2618878346456688
21
6.1200475196850395
0
LINE
8
BLACK
6
CONTINUOUS
10
-4.2618878346456688
20
6.1200475196850395
11
-4.261839724409449
21
6.1199993700787401
0
LINE
8
BLACK
6
CONTINUOUS
10
-4.261839724409449
20
6.1199993700787401
11
-4.2584582283464565
21
6.1183586614173224
0
LINE
8
BLACK
6
CONTINUOUS
10
-4.2584582283464565
20
6.1183586614173224
11
-4.2583619291338586
21
6.1182979921259841
0
LINE
8
BLACK
6
CONTINUOUS
10
-4.2583619291338586
20
6.1182979921259841
11
-4.2583164566929135
21
6.1182828740157476
0
LINE
8
BLACK
6
CONTINUOUS
10
-4.2583164566929135
20
6.1182828740157476
11
-4.2582598818897637
21
6.118233779527559
0
LINE
8
BLACK
6
CONTINUOUS
10
-4.2582598818897637
20
6.118233779527559
11
-4.2579683858267714
21
6.1180503149606293
0
LINE
8
BLACK
6
CONTINUOUS
10
-4.2579683858267714
20
6.1180503149606293
11
-4.2577259055118111
21
6.1177706692913381
0
LINE
8
BLACK
6
CONTINUOUS
10
-4.2577259055118111
20
6.1177706692913381
11
-4.257446062992126
21
6.1175280314960627
0
LINE
8
BLACK
6
CONTINUOUS
10
-4.257446062992126
20
6.1175280314960627
11
-4.2573447244094487
21
6.1173311811023616
0
LINE
8
BLACK
6
CONTINUOUS
10
-4.2573447244094487
20
6.1173311811023616
11
-4.2572135039370078
21
6.1171799212598428
0
LINE
8
BLACK
6
CONTINUOUS
10
-4.2572135039370078
20
6.1171799212598428
11
-4.2571157086614173
21
6.1168864173228341
0
LINE
8
BLACK
6
CONTINUOUS
10
-4.2571157086614173
20
6.1168864173228341
11
-4.2552629527559054
21
6.1132886220472438
0
LINE
8
BLACK
6
CONTINUOUS
10
-4.2552629527559054
20
6.1132886220472438
11
-4.2550560629921259
21
6.1127480314960625
0
LINE
8
BLACK
6
CONTINUOUS
10
-4.2550560629921259
20
6.1127480314960625
11
-4.2550485433070868
21
6.1126421259842516
0
LINE
8
BLACK
6
CONTINUOUS
10
-4.2550485433070868
20
6.1126421259842516
11
-4.2550079527559053
21
6.1125441732283461
0
LINE
8
BLACK
6
CONTINUOUS
10
-4.2550079527559053
20
6.1125441732283461
11
-4.2550066535433073
21
6.1120523622047243
0
LINE
8
BLACK
6
CONTINUOUS
10
-4.2550066535433073
20
6.1120523622047243
11
-4.2549744094488187
21
6.1115988188976376
0
LINE
8
BLACK
6
CONTINUOUS
10
-4.2549744094488187
20
6.1115988188976376
11
-4.2550051968503935
21
6.1115064960629919
0
LINE
8
BLACK
6
CONTINUOUS
10
-4.2550051968503935
20
6.1115064960629919
11
-4.2549512204724405
21
6.0913456692913384
0
LINE
8
BLACK
6
CONTINUOUS
10
-4.2549512204724405
20
6.0913456692913384
11
-4.2550079527559053
21
6.0907696062992125
0
LINE
8
BLACK
6
CONTINUOUS
10
-4.2550079527559053
20
6.0907696062992125
11
-4.2554488582677168
21
6.0897051968503932
0
LINE
8
BLACK
6
CONTINUOUS
10
-4.2554488582677168
20
6.0897051968503932
11
-4.2562635039370074
21
6.0888905511811018
0
LINE
8
BLACK
6
CONTINUOUS
10
-4.2562635039370074
20
6.0888905511811018
11
-4.2573279133858266
21
6.0884496456692911
0
LINE
8
BLACK
6
CONTINUOUS
10
-4.2573279133858266
20
6.0884496456692911
11
-4.2584800393700784
21
6.0884496456692911
0
LINE
8
BLACK
6
CONTINUOUS
10
-4.2584800393700784
20
6.0884496456692911
11
-4.2595444488188976
21
6.0888905511811018
0
LINE
8
BLACK
6
CONTINUOUS
10
-4.2595444488188976
20
6.0888905511811018
11
-4.2603590944881891
21
6.0897051968503932
0
LINE
8
BLACK
6
CONTINUOUS
10
-4.2603590944881891
20
6.0897051968503932
11
-4.2607999999999997
21
6.0907696062992125
0
LINE
8
BLACK
6
CONTINUOUS
10
-4.2607999999999997
20
6.0907696062992125
11
-4.2608551181102365
21
6.1113586614173228
0
LINE
8
BLACK
6
CONTINUOUS
10
-4.2608551181102365
20
6.1113586614173228
11
-4.2619911811023625
21
6.1135648031496066
0
LINE
8
BLACK
6
CONTINUOUS
10
-4.2619911811023625
20
6.1135648031496066
11
-4.2642979133858265
21
6.1146840551181105
0
LINE
8
BLACK
6
CONTINUOUS
10
-4.2642979133858265
20
6.1146840551181105
11
-4.2685353937007875
21
6.1146452755905507
0
LINE
8
BLACK
6
CONTINUOUS
10
-4.2685353937007875
20
6.1146452755905507
11
-4.2707492913385829
21
6.1135051968503937
0
LINE
8
BLACK
6
CONTINUOUS
10
-4.2707492913385829
20
6.1135051968503937
11
-4.2718772440944877
21
6.1111806299212601
0
LINE
8
BLACK
6
CONTINUOUS
10
-4.2718772440944877
20
6.1111806299212601
11
-4.2718241338582672
21
6.0913456692913384
0
LINE
8
BLACK
6
CONTINUOUS
10
-4.2718241338582672
20
6.0913456692913384
11
-4.271880866141732
21
6.0907696062992125
0
LINE
8
BLACK
6
CONTINUOUS
10
-4.271880866141732
20
6.0907696062992125
11
-4.2723217716535435
21
6.0897051968503932
0
LINE
8
BLACK
6
CONTINUOUS
10
-4.2723217716535435
20
6.0897051968503932
11
-4.2731364173228341
21
6.0888905511811018
0
LINE
8
BLACK
6
CONTINUOUS
10
-4.2731364173228341
20
6.0888905511811018
11
-4.2742008267716534
21
6.0884496456692911
0
LINE
8
BLACK
6
CONTINUOUS
10
-4.2742008267716534
20
6.0884496456692911
11
-4.2753529527559051
21
6.0884496456692911
0
LINE
8
BLACK
6
CONTINUOUS
10
-4.2753529527559051
20
6.0884496456692911
11
-4.2764173622047243
21
6.0888905511811018
0
LINE
8
BLACK
6
CONTINUOUS
10
-4.2764173622047243
20
6.0888905511811018
11
-4.2772320078740158
21
6.0897051968503932
0
LINE
8
BLACK
6
CONTINUOUS
10
-4.2772320078740158
20
6.0897051968503932
11
-4.2776729133858264
21
6.0907696062992125
0
LINE
8
BLACK
6
CONTINUOUS
10
-4.2776729133858264
20
6.0907696062992125
11
-4.2777280314960633
21
6.1113586614173228
0
LINE
8
BLACK
6
CONTINUOUS
10
-4.2777280314960633
20
6.1113586614173228
11
-4.2788640944881893
21
6.1135647637795278
0
LINE
8
BLACK
6
CONTINUOUS
10
-4.2788640944881893
20
6.1135647637795278
11
-4.2811707874015745
21
6.1146840551181105
0
LINE
8
BLACK
6
CONTINUOUS
10
-4.2811707874015745
20
6.1146840551181105
11
-4.2854082677165355
21
6.1146452755905507
0
LINE
8
BLACK
6
CONTINUOUS
10
-4.2854082677165355
20
6.1146452755905507
11
-4.2881191732283463
21
6.1132492913385823
0
LINE
8
BLACK
6
CONTINUOUS
10
-4.2881191732283463
20
6.1132492913385823
11
-4.2887420078740153
21
6.1126041732283465
0
LINE
8
BLACK
6
CONTINUOUS
10
-4.2887420078740153
20
6.1126041732283465
11
-4.2886970078740161
21
6.0913456692913384
0
LINE
8
BLACK
6
CONTINUOUS
10
-4.2886970078740161
20
6.0913456692913384
11
-4.28875374015748
21
6.0907696062992125
0
LINE
8
BLACK
6
CONTINUOUS
10
-4.28875374015748
20
6.0907696062992125
11
-4.2891946456692915
21
6.0897051968503932
0
LINE
8
BLACK
6
CONTINUOUS
10
-4.2891946456692915
20
6.0897051968503932
11
-4.290009291338583
21
6.0888905511811018
0
LINE
8
BLACK
6
CONTINUOUS
10
-4.290009291338583
20
6.0888905511811018
11
-4.2910737007874014
21
6.0884496456692911
0
LINE
8
BLACK
6
CONTINUOUS
10
-4.2910737007874014
20
6.0884496456692911
11
-4.2922258267716531
21
6.0884496456692911
0
LINE
8
BLACK
6
CONTINUOUS
10
-4.2922258267716531
20
6.0884496456692911
11
-4.2932902362204723
21
6.0888905511811018
0
LINE
8
BLACK
6
CONTINUOUS
10
-4.2932902362204723
20
6.0888905511811018
11
-4.2941048818897638
21
6.0897051968503932
0
LINE
8
BLACK
6
CONTINUOUS
10
-4.2941048818897638
20
6.0897051968503932
11
-4.2945457874015744
21
6.0907696062992125
0
LINE
8
BLACK
6
CONTINUOUS
10
-4.2945457874015744
20
6.0907696062992125
11
-4.2946025196850393
21
6.1175924015748029
0
LINE
8
BLACK
6
CONTINUOUS
10
-4.2946025196850393
20
6.1175924015748029
11
-4.2945457874015744
21
6.1181684645669288
0
LINE
8
BLACK
6
CONTINUOUS
10
-4.2945457874015744
20
6.1181684645669288
11
-4.2941048818897638
21
6.119232874015748
0
LINE
8
BLACK
6
CONTINUOUS
10
-4.2941048818897638
20
6.119232874015748
11
-4.2932902362204723
21
6.1200475196850395
0
LINE
8
BLACK
6
CONTINUOUS
10
-4.2932902362204723
20
6.1200475196850395
11
-4.2922258267716531
21
6.1204884251968501
0
LINE
8
BLACK
6
CONTINUOUS
10
-4.2922258267716531
20
6.1204884251968501
11
-4.2910737007874014
21
6.1204884251968501
0
LINE
8
BLACK
6
CONTINUOUS
10
-4.2910737007874014
20
6.1204884251968501
11
-4.290009291338583
21
6.1200475196850395
0
LINE
8
BLACK
6
CONTINUOUS
10
-4.290009291338583
20
6.1200475196850395
11
-4.2892267322834643
21
6.119264921259842
0
LINE
8
BLACK
6
CONTINUOUS
10
-4.2892267322834643
20
6.119264921259842
11
-4.2873459842519681
21
6.12023342519685
0
LINE
8
BLACK
6
CONTINUOUS
10
-4.2873459842519681
20
6.12023342519685
11
-4.2868053937007877
21
6.1204403149606295
0
LINE
8
BLACK
6
CONTINUOUS
10
-4.2868053937007877
20
6.1204403149606295
11
-4.2866995275590547
21
6.1204478346456694
0
LINE
8
BLACK
6
CONTINUOUS
10
-4.2866995275590547
20
6.1204478346456694
11
-4.2866015354330704
21
6.1204884251968501
0
LINE
8
BLACK
6
CONTINUOUS
10
-4.2866015354330704
20
6.1204884251968501
11
-4.2860583464566933
21
6.1204933858267712
0
LINE
8
BLACK
6
CONTINUOUS
10
-4.2860583464566933
20
6.1204933858267712
11
-4.2856561811023619
21
6.1205219685039367
0
LINE
8
BLACK
6
CONTINUOUS
10
-4.2856561811023619
20
6.1205219685039367
11
-4.2855835039370076
21
6.1204977165354331
0
LINE
8
BLACK
6
CONTINUOUS
10
-4.2855835039370076
20
6.1204977165354331
11
-4.2804011811023619
21
6.1205451574803149
0
LINE
8
BLACK
6
CONTINUOUS
10
-4.2804011811023619
20
6.1205451574803149
11
-4.279825118110236
21
6.1204884251968501
0
LINE
8
BLACK
6
CONTINUOUS
10
-4.279825118110236
20
6.1204884251968501
11
-4.2797271259842518
21
6.1204477952755907
0
LINE
8
BLACK
6
CONTINUOUS
10
-4.2797271259842518
20
6.1204477952755907
11
-4.2796212992125984
21
6.1204403149606295
0
LINE
8
BLACK
6
CONTINUOUS
10
-4.2796212992125984
20
6.1204403149606295
11
-4.2791097637795277
21
6.120192086614173
0
LINE
8
BLACK
6
CONTINUOUS
10
-4.2791097637795277
20
6.120192086614173
11
-4.2787607086614177
21
6.1200475196850395
0
LINE
8
BLACK
6
CONTINUOUS
10
-4.2787607086614177
20
6.1200475196850395
11
-4.278712598425197
21
6.1199993700787401
0
LINE
8
BLACK
6
CONTINUOUS
10
-4.278712598425197
20
6.1199993700787401
11
-4.2753311417322832
21
6.1183586614173224
0
LINE
8
BLACK
6
CONTINUOUS
10
-4.2753311417322832
20
6.1183586614173224
11
-4.2752348031496066
21
6.1182979921259841
0
LINE
8
BLACK
6
CONTINUOUS
10
-4.2752348031496066
20
6.1182979921259841
11
-4.2751893700787402
21
6.1182828740157476
0
LINE
8
BLACK
6
CONTINUOUS
10
-4.2751893700787402
20
6.1182828740157476
11
-4.2751328346456692
21
6.1182338188976377
0
LINE
8
BLACK
6
CONTINUOUS
10
-4.2751328346456692
20
6.1182338188976377
11
-4.2748412598425194
21
6.1180503149606293
0
LINE
8
BLACK
6
CONTINUOUS
10
-4.2748412598425194
20
6.1180503149606293
11
-4.2747768897637792
21
6.1179760629921258
0
LINE
8
BLACK
6
CONTINUOUS
10
-4.2747768897637792
20
6.1179760629921258
11
-4.2747125196850391
21
6.1180503149606293
0
LINE
8
BLACK
6
CONTINUOUS
10
-4.2747125196850391
20
6.1180503149606293
11
-4.2745157086614176
21
6.1181516535433067
0
LINE
8
BLACK
6
CONTINUOUS
10
-4.2745157086614176
20
6.1181516535433067
11
-4.2743644094488191
21
6.1182828740157476
0
LINE
8
BLACK
6
CONTINUOUS
10
-4.2743644094488191
20
6.1182828740157476
11
-4.2740709448818901
21
6.1183806692913381
0
LINE
8
BLACK
6
CONTINUOUS
10
-4.2740709448818901
20
6.1183806692913381
11
-4.2704731102362201
21
6.12023342519685
0
LINE
8
BLACK
6
CONTINUOUS
10
-4.2704731102362201
20
6.12023342519685
11
-4.2699325196850388
21
6.1204403149606295
0
LINE
8
BLACK
6
CONTINUOUS
10
-4.2699325196850388
20
6.1204403149606295
11
-4.2698266535433067
21
6.1204478346456694
0
LINE
8
BLACK
6
CONTINUOUS
10
-4.2698266535433067
20
6.1204478346456694
11
-4.2697286614173224
21
6.1204884251968501
0
LINE
8
BLACK
6
CONTINUOUS
10
-4.2697286614173224
20
6.1204884251968501
11
-4.2691854724409444
21
6.1204933858267712
0
LINE
8
BLACK
6
CONTINUOUS
10
-4.2691854724409444
20
6.1204933858267712
11
-4.2687833070866139
21
6.1205219685039367
0
LINE
8
BLACK
6
CONTINUOUS
10
-4.2687833070866139
20
6.1205219685039367
11
-4.2687106299212596
21
6.1204977165354331
0
LINE
8
BLACK
6
CONTINUOUS
10
-4.2687106299212596
20
6.1204977165354331
11
-4.2635283070866139
21
6.1205451574803149
0
LINE
8
BLACK
6
CONTINUOUS
10
-4.2635283070866139
20
6.1205451574803149
11
-4.262952244094488
21
6.1204884251968501
0
LINE
8
BLACK
6
CONTINUOUS
10
-4.2104588188976377
20
6.1204884251968501
11
-4.2103608267716535
21
6.1204477952755907
0
LINE
8
BLACK
6
CONTINUOUS
10
-4.2103608267716535
20
6.1204477952755907
11
-4.2102550000000001
21
6.1204403149606295
0
LINE
8
BLACK
6
CONTINUOUS
10
-4.2102550000000001
20
6.1204403149606295
11
-4.2097434251968506
21
6.1201920472440943
0
LINE
8
BLACK
6
CONTINUOUS
10
-4.2097434251968506
20
6.1201920472440943
11
-4.2093944094488185
21
6.1200475196850395
0
LINE
8
BLACK
6
CONTINUOUS
10
-4.2093944094488185
20
6.1200475196850395
11
-4.2093462992125987
21
6.1199993700787401
0
LINE
8
BLACK
6
CONTINUOUS
10
-4.2093462992125987
20
6.1199993700787401
11
-4.2059648031496062
21
6.1183586614173224
0
LINE
8
BLACK
6
CONTINUOUS
10
-4.2059648031496062
20
6.1183586614173224
11
-4.2058685039370074
21
6.1182979921259841
0
LINE
8
BLACK
6
CONTINUOUS
10
-4.2058685039370074
20
6.1182979921259841
11
-4.2058230314960632
21
6.1182828740157476
0
LINE
8
BLACK
6
CONTINUOUS
10
-4.2058230314960632
20
6.1182828740157476
11
-4.2057664566929134
21
6.118233779527559
0
LINE
8
BLACK
6
CONTINUOUS
10
-4.2057664566929134
20
6.118233779527559
11
-4.2054749606299211
21
6.1180503149606293
0
LINE
8
BLACK
6
CONTINUOUS
10
-4.2054749606299211
20
6.1180503149606293
11
-4.2052324803149608
21
6.1177706692913381
0
LINE
8
BLACK
6
CONTINUOUS
10
-4.2052324803149608
20
6.1177706692913381
11
-4.2049526377952757
21
6.1175280314960627
0
LINE
8
BLACK
6
CONTINUOUS
10
-4.2049526377952757
20
6.1175280314960627
11
-4.2048512992125984
21
6.1173311811023616
0
LINE
8
BLACK
6
CONTINUOUS
10
-4.2048512992125984
20
6.1173311811023616
11
-4.2047200787401575
21
6.1171799212598428
0
LINE
8
BLACK
6
CONTINUOUS
10
-4.2047200787401575
20
6.1171799212598428
11
-4.204622283464567
21
6.1168864173228341
0
LINE
8
BLACK
6
CONTINUOUS
10
-4.204622283464567
20
6.1168864173228341
11
-4.2027695275590551
21
6.1132886220472438
0
LINE
8
BLACK
6
CONTINUOUS
10
-4.2027695275590551
20
6.1132886220472438
11
-4.2025626377952756
21
6.1127480314960625
0
LINE
8
BLACK
6
CONTINUOUS
10
-4.2025626377952756
20
6.1127480314960625
11
-4.2025551181102365
21
6.1126421259842516
0
LINE
8
BLACK
6
CONTINUOUS
10
-4.2025551181102365
20
6.1126421259842516
11
-4.202514527559055
21
6.1125441732283461
0
LINE
8
BLACK
6
CONTINUOUS
10
-4.202514527559055
20
6.1125441732283461
11
-4.202513228346457
21
6.1120523622047243
0
LINE
8
BLACK
6
CONTINUOUS
10
-4.202513228346457
20
6.1120523622047243
11
-4.2024809842519684
21
6.1115988188976376
0
LINE
8
BLACK
6
CONTINUOUS
10
-4.2024809842519684
20
6.1115988188976376
11
-4.2025117716535432
21
6.1115064960629919
0
LINE
8
BLACK
6
CONTINUOUS
10
-4.2025117716535432
20
6.1115064960629919
11
-4.2024577952755902
21
6.0913456692913384
0
LINE
8
BLACK
6
CONTINUOUS
10
-4.2024577952755902
20
6.0913456692913384
11
-4.202514527559055
21
6.0907696062992125
0
LINE
8
BLACK
6
CONTINUOUS
10
-4.202514527559055
20
6.0907696062992125
11
-4.2029554330708656
21
6.0897051968503932
0
LINE
8
BLACK
6
CONTINUOUS
10
-4.2029554330708656
20
6.0897051968503932
11
-4.2037700787401571
21
6.0888905511811018
0
LINE
8
BLACK
6
CONTINUOUS
10
-4.2037700787401571
20
6.0888905511811018
11
-4.2048344881889763
21
6.0884496456692911
0
LINE
8
BLACK
6
CONTINUOUS
10
-4.2048344881889763
20
6.0884496456692911
11
-4.2059866141732281
21
6.0884496456692911
0
LINE
8
BLACK
6
CONTINUOUS
10
-4.2059866141732281
20
6.0884496456692911
11
-4.2070510236220473
21
6.0888905511811018
0
LINE
8
BLACK
6
CONTINUOUS
10
-4.2070510236220473
20
6.0888905511811018
11
-4.2078656692913388
21
6.0897051968503932
0
LINE
8
BLACK
6
CONTINUOUS
10
-4.2078656692913388
20
6.0897051968503932
11
-4.2083065748031494
21
6.0907696062992125
0
LINE
8
BLACK
6
CONTINUOUS
10
-4.2083065748031494
20
6.0907696062992125
11
-4.2083616929133854
21
6.1113586614173228
0
LINE
8
BLACK
6
CONTINUOUS
10
-4.2083616929133854
20
6.1113586614173228
11
-4.2094977559055113
21
6.1135648031496066
0
LINE
8
BLACK
6
CONTINUOUS
10
-4.2094977559055113
20
6.1135648031496066
11
-4.2118044881889762
21
6.1146840551181105
0
LINE
8
BLACK
6
CONTINUOUS
10
-4.2118044881889762
20
6.1146840551181105
11
-4.2160419685039372
21
6.1146452755905507
0
LINE
8
BLACK
6
CONTINUOUS
10
-4.2160419685039372
20
6.1146452755905507
11
-4.2182558661417318
21
6.1135051968503937
0
LINE
8
BLACK
6
CONTINUOUS
10
-4.2182558661417318
20
6.1135051968503937
11
-4.2193838188976374
21
6.1111806299212601
0
LINE
8
BLACK
6
CONTINUOUS
10
-4.2193838188976374
20
6.1111806299212601
11
-4.2193307086614169
21
6.0913456692913384
0
LINE
8
BLACK
6
CONTINUOUS
10
-4.2193307086614169
20
6.0913456692913384
11
-4.2193874409448817
21
6.0907696062992125
0
LINE
8
BLACK
6
CONTINUOUS
10
-4.2193874409448817
20
6.0907696062992125
11
-4.2198283464566932
21
6.0897051968503932
0
LINE
8
BLACK
6
CONTINUOUS
10
-4.2198283464566932
20
6.0897051968503932
11
-4.2206429921259838
21
6.0888905511811018
0
LINE
8
BLACK
6
CONTINUOUS
10
-4.2206429921259838
20
6.0888905511811018
11
-4.2217074015748031
21
6.0884496456692911
0
LINE
8
BLACK
6
CONTINUOUS
10
-4.2217074015748031
20
6.0884496456692911
11
-4.2228595275590548
21
6.0884496456692911
0
LINE
8
BLACK
6
CONTINUOUS
10
-4.2228595275590548
20
6.0884496456692911
11
-4.2239239370078741
21
6.0888905511811018
0
LINE
8
BLACK
6
CONTINUOUS
10
-4.2239239370078741
20
6.0888905511811018
11
-4.2247385826771655
21
6.0897051968503932
0
LINE
8
BLACK
6
CONTINUOUS
10
-4.2247385826771655
20
6.0897051968503932
11
-4.2251794881889762
21
6.0907696062992125
0
LINE
8
BLACK
6
CONTINUOUS
10
-4.2251794881889762
20
6.0907696062992125
11
-4.2252346062992121
21
6.1113586614173228
0
LINE
8
BLACK
6
CONTINUOUS
10
-4.2252346062992121
20
6.1113586614173228
11
-4.2263706692913381
21
6.1135647637795278
0
LINE
8
BLACK
6
CONTINUOUS
10
-4.2263706692913381
20
6.1135647637795278
11
-4.2286773622047242
21
6.1146840551181105
0
LINE
8
BLACK
6
CONTINUOUS
10
-4.2286773622047242
20
6.1146840551181105
11
-4.2329148425196852
21
6.1146452755905507
0
LINE
8
BLACK
6
CONTINUOUS
10
-4.2329148425196852
20
6.1146452755905507
11
-4.2356257480314961
21
6.1132492913385823
0
LINE
8
BLACK
6
CONTINUOUS
10
-4.2356257480314961
20
6.1132492913385823
11
-4.236248582677165
21
6.1126041732283465
0
LINE
8
BLACK
6
CONTINUOUS
10
-4.236248582677165
20
6.1126041732283465
11
-4.2362035826771649
21
6.0913456692913384
0
LINE
8
BLACK
6
CONTINUOUS
10
-4.2362035826771649
20
6.0913456692913384
11
-4.2362603149606297
21
6.0907696062992125
0
LINE
8
BLACK
6
CONTINUOUS
10
-4.2362603149606297
20
6.0907696062992125
11
-4.2367012204724412
21
6.0897051968503932
0
LINE
8
BLACK
6
CONTINUOUS
10
-4.2367012204724412
20
6.0897051968503932
11
-4.2375158661417318
21
6.0888905511811018
0
LINE
8
BLACK
6
CONTINUOUS
10
-4.2375158661417318
20
6.0888905511811018
11
-4.2385802755905511
21
6.0884496456692911
0
LINE
8
BLACK
6
CONTINUOUS
10
-4.2385802755905511
20
6.0884496456692911
11
-4.2397324015748028
21
6.0884496456692911
0
LINE
8
BLACK
6
CONTINUOUS
10
-4.2397324015748028
20
6.0884496456692911
11
-4.240796811023622
21
6.0888905511811018
0
LINE
8
BLACK
6
CONTINUOUS
10
-4.240796811023622
20
6.0888905511811018
11
-4.2416114566929135
21
6.0897051968503932
0
LINE
8
BLACK
6
CONTINUOUS
10
-4.2416114566929135
20
6.0897051968503932
11
-4.2420523622047241
21
6.0907696062992125
0
LINE
8
BLACK
6
CONTINUOUS
10
-4.2420523622047241
20
6.0907696062992125
11
-4.242109094488189
21
6.1175924015748029
0
LINE
8
BLACK
6
CONTINUOUS
10
-4.242109094488189
20
6.1175924015748029
11
-4.2420523622047241
21
6.1181684645669288
0
LINE
8
BLACK
6
CONTINUOUS
10
-4.2420523622047241
20
6.1181684645669288
11
-4.2416114566929135
21
6.119232874015748
0
LINE
8
BLACK
6
CONTINUOUS
10
-4.2416114566929135
20
6.119232874015748
11
-4.240796811023622
21
6.1200475196850395
0
LINE
8
BLACK
6
CONTINUOUS
10
-4.240796811023622
20
6.1200475196850395
11
-4.2397324015748028
21
6.1204884251968501
0
LINE
8
BLACK
6
CONTINUOUS
10
-4.2397324015748028
20
6.1204884251968501
11
-4.2385802755905511
21
6.1204884251968501
0
LINE
8
BLACK
6
CONTINUOUS
10
-4.2385802755905511
20
6.1204884251968501
11
-4.2375158661417318
21
6.1200475196850395
0
LINE
8
BLACK
6
CONTINUOUS
10
-4.2375158661417318
20
6.1200475196850395
11
-4.236733307086614
21
6.119264921259842
0
LINE
8
BLACK
6
CONTINUOUS
10
-4.236733307086614
20
6.119264921259842
11
-4.2348525590551178
21
6.12023342519685
0
LINE
8
BLACK
6
CONTINUOUS
10
-4.2348525590551178
20
6.12023342519685
11
-4.2343119685039365
21
6.1204403149606295
0
LINE
8
BLACK
6
CONTINUOUS
10
-4.2343119685039365
20
6.1204403149606295
11
-4.2342061023622044
21
6.1204478346456694
0
LINE
8
BLACK
6
CONTINUOUS
10
-4.2342061023622044
20
6.1204478346456694
11
-4.2341081102362201
21
6.1204884251968501
0
LINE
8
BLACK
6
CONTINUOUS
10
-4.2341081102362201
20
6.1204884251968501
11
-4.2335649212598421
21
6.1204933858267712
0
LINE
8
BLACK
6
CONTINUOUS
10
-4.2335649212598421
20
6.1204933858267712
11
-4.2331627559055116
21
6.1205219685039367
0
LINE
8
BLACK
6
CONTINUOUS
10
-4.2331627559055116
20
6.1205219685039367
11
-4.2330900787401573
21
6.1204977165354331
0
LINE
8
BLACK
6
CONTINUOUS
10
-4.2330900787401573
20
6.1204977165354331
11
-4.2279077559055116
21
6.1205451574803149
0
LINE
8
BLACK
6
CONTINUOUS
10
-4.2279077559055116
20
6.1205451574803149
11
-4.2273316929133857
21
6.1204884251968501
0
LINE
8
BLACK
6
CONTINUOUS
10
-4.2273316929133857
20
6.1204884251968501
11
-4.2272337007874015
21
6.1204477952755907
0
LINE
8
BLACK
6
CONTINUOUS
10
-4.2272337007874015
20
6.1204477952755907
11
-4.2271278740157481
21
6.1204403149606295
0
LINE
8
BLACK
6
CONTINUOUS
10
-4.2271278740157481
20
6.1204403149606295
11
-4.2266163385826774
21
6.120192086614173
0
LINE
8
BLACK
6
CONTINUOUS
10
-4.2266163385826774
20
6.120192086614173
11
-4.2262672834645665
21
6.1200475196850395
0
LINE
8
BLACK
6
CONTINUOUS
10
-4.2262672834645665
20
6.1200475196850395
11
-4.2262191732283467
21
6.1199993700787401
0
LINE
8
BLACK
6
CONTINUOUS
10
-4.2262191732283467
20
6.1199993700787401
11
-4.2228377165354329
21
6.1183586614173224
0
LINE
8
BLACK
6
CONTINUOUS
10
-4.2228377165354329
20
6.1183586614173224
11
-4.2227413779527554
21
6.1182979921259841
0
LINE
8
BLACK
6
CONTINUOUS
10
-4.2227413779527554
20
6.1182979921259841
11
-4.2226959448818899
21
6.1182828740157476
0
LINE
8
BLACK
6
CONTINUOUS
10
-4.2226959448818899
20
6.1182828740157476
11
-4.2226394094488189
21
6.1182338188976377
0
LINE
8
BLACK
6
CONTINUOUS
10
-4.2226394094488189
20
6.1182338188976377
11
-4.2223478346456691
21
6.1180503149606293
0
LINE
8
BLACK
6
CONTINUOUS
10
-4.2223478346456691
20
6.1180503149606293
11
-4.2222834645669289
21
6.1179760629921258
0
LINE
8
BLACK
6
CONTINUOUS
10
-4.2222834645669289
20
6.1179760629921258
11
-4.2222190944881888
21
6.1180503149606293
0
LINE
8
BLACK
6
CONTINUOUS
10
-4.2222190944881888
20
6.1180503149606293
11
-4.2220222834645664
21
6.1181516535433067
0
LINE
8
BLACK
6
CONTINUOUS
10
-4.2220222834645664
20
6.1181516535433067
11
-4.2218709842519688
21
6.1182828740157476
0
LINE
8
BLACK
6
CONTINUOUS
10
-4.2218709842519688
20
6.1182828740157476
11
-4.2215775196850389
21
6.1183806692913381
0
LINE
8
BLACK
6
CONTINUOUS
10
-4.2215775196850389
20
6.1183806692913381
11
-4.2179796850393698
21
6.12023342519685
0
LINE
8
BLACK
6
CONTINUOUS
10
-4.2179796850393698
20
6.12023342519685
11
-4.2174390944881885
21
6.1204403149606295
0
LINE
8
BLACK
6
CONTINUOUS
10
-4.2174390944881885
20
6.1204403149606295
11
-4.2173332283464564
21
6.1204478346456694
0
LINE
8
BLACK
6
CONTINUOUS
10
-4.2173332283464564
20
6.1204478346456694
11
-4.2172352362204721
21
6.1204884251968501
0
LINE
8
BLACK
6
CONTINUOUS
10
-4.2172352362204721
20
6.1204884251968501
11
-4.2166920472440941
21
6.1204933858267712
0
LINE
8
BLACK
6
CONTINUOUS
10
-4.2166920472440941
20
6.1204933858267712
11
-4.2162898818897636
21
6.1205219685039367
0
LINE
8
BLACK
6
CONTINUOUS
10
-4.2162898818897636
20
6.1205219685039367
11
-4.2162172047244093
21
6.1204977165354331
0
LINE
8
BLACK
6
CONTINUOUS
10
-4.2162172047244093
20
6.1204977165354331
11
-4.2110348818897636
21
6.1205451574803149
0
LINE
8
BLACK
6
CONTINUOUS
10
-4.2110348818897636
20
6.1205451574803149
11
-4.2104588188976377
21
6.1204884251968501
  0
ENDSEC
  0
EOF
